station_id,station,latitude,longitude,timestamp,pm25,pm10,no2,so2,co,o3,anomaly_reason
5585,"Ashok Nagar, Udaipur - RSPCB",24.5886166,73.6321397,2026-03-25 07:30:00+00:00,35.2,5.0,2.79,8.18,0.46,133.0,pm25_greater_than_pm10
5585,"Ashok Nagar, Udaipur - RSPCB",24.5886166,73.6321397,2026-03-25 09:30:00+00:00,23.7,10.0,12.4,1.74,0.323,263.0,pm25_greater_than_pm10
5585,"Ashok Nagar, Udaipur - RSPCB",24.5886166,73.6321397,2026-03-25 10:30:00+00:00,25.0,18.8,40.3,5.13,0.418,127.0,pm25_greater_than_pm10
5585,"Ashok Nagar, Udaipur - RSPCB",24.5886166,73.6321397,2026-05-30 20:30:00+00:00,676.0,501.0,8.19,22.0,0.255,49.9,pm25_greater_than_pm10
5585,"Ashok Nagar, Udaipur - RSPCB",24.5886166,73.6321397,2026-05-30 21:30:00+00:00,536.0,288.0,10.9,22.3,0.263,54.5,pm25_greater_than_pm10
5585,"Ashok Nagar, Udaipur - RSPCB",24.5886166,73.6321397,2026-05-30 22:30:00+00:00,244.0,147.0,8.09,20.2,0.255,48.0,pm25_greater_than_pm10
5585,"Ashok Nagar, Udaipur - RSPCB",24.5886166,73.6321397,2026-05-30 23:30:00+00:00,131.0,108.0,15.3,18.6,0.203,42.3,pm25_greater_than_pm10
5585,"Ashok Nagar, Udaipur - RSPCB",24.5886166,73.6321397,2026-05-31 00:30:00+00:00,74.6,69.3,16.1,17.4,0.3,47.0,pm25_greater_than_pm10
5585,"Ashok Nagar, Udaipur - RSPCB",24.5886166,73.6321397,2026-06-03 19:30:00+00:00,336.0,252.0,19.7,2.88,0.4,15.3,pm25_greater_than_pm10
5585,"Ashok Nagar, Udaipur - RSPCB",24.5886166,73.6321397,2026-07-03 17:30:00+00:00,36.8,32.7,37.4,10.1,0.453,4.45,pm25_greater_than_pm10
5590,"Ardhali Bazar, Varanasi - UPPCB",25.3505986,82.9083074,2026-06-27 04:30:00+00:00,490.0,75.0,31.3,11.5,0.41,22.3,pm25_greater_than_pm10
5602,"Asansol Court Area, Asansol - WBPCB",23.685297,86.945968,2026-03-21 16:30:00+00:00,19.7,17.3,15.1,16.4,0.613,25.1,pm25_greater_than_pm10
5602,"Asansol Court Area, Asansol - WBPCB",23.685297,86.945968,2026-03-21 17:30:00+00:00,19.2,15.7,15.6,15.4,0.74,24.9,pm25_greater_than_pm10
5602,"Asansol Court Area, Asansol - WBPCB",23.685297,86.945968,2026-03-24 04:30:00+00:00,155.0,108.0,20.2,40.3,1.26,41.3,pm25_greater_than_pm10
5602,"Asansol Court Area, Asansol - WBPCB",23.685297,86.945968,2026-03-29 08:30:00+00:00,73.1,56.8,22.1,20.3,0.503,42.2,pm25_greater_than_pm10
5602,"Asansol Court Area, Asansol - WBPCB",23.685297,86.945968,2026-03-29 09:30:00+00:00,59.4,55.4,21.2,20.4,0.53,44.8,pm25_greater_than_pm10
5602,"Asansol Court Area, Asansol - WBPCB",23.685297,86.945968,2026-04-08 12:30:00+00:00,24.0,21.8,28.1,10.7,0.85,27.8,pm25_greater_than_pm10
5602,"Asansol Court Area, Asansol - WBPCB",23.685297,86.945968,2026-04-28 09:30:00+00:00,38.5,34.3,30.5,265.0,1.38,293.0,pm25_greater_than_pm10
5602,"Asansol Court Area, Asansol - WBPCB",23.685297,86.945968,2026-04-30 03:30:00+00:00,85.5,37.3,23.0,8.98,0.285,0.0,pm25_greater_than_pm10
5602,"Asansol Court Area, Asansol - WBPCB",23.685297,86.945968,2026-05-11 21:30:00+00:00,12.5,10.6,22.4,12.3,0.228,18.0,pm25_greater_than_pm10
5602,"Asansol Court Area, Asansol - WBPCB",23.685297,86.945968,2026-05-11 22:30:00+00:00,9.56,7.49,24.2,12.0,0.378,16.8,pm25_greater_than_pm10
5602,"Asansol Court Area, Asansol - WBPCB",23.685297,86.945968,2026-05-11 23:30:00+00:00,8.11,7.81,23.5,12.0,0.375,16.6,pm25_greater_than_pm10
5602,"Asansol Court Area, Asansol - WBPCB",23.685297,86.945968,2026-05-21 04:30:00+00:00,59.4,54.7,26.7,8.49,0.67,36.5,pm25_greater_than_pm10
5602,"Asansol Court Area, Asansol - WBPCB",23.685297,86.945968,2026-05-29 06:30:00+00:00,21.3,17.3,26.6,340.0,0.657,217.0,pm25_greater_than_pm10
5602,"Asansol Court Area, Asansol - WBPCB",23.685297,86.945968,2026-06-12 05:30:00+00:00,1.26,1.08,25.6,302.0,0.383,32.8,pm25_greater_than_pm10
5602,"Asansol Court Area, Asansol - WBPCB",23.685297,86.945968,2026-06-19 13:30:00+00:00,16.6,16.3,26.1,11.4,0.615,24.9,pm25_greater_than_pm10
5602,"Asansol Court Area, Asansol - WBPCB",23.685297,86.945968,2026-06-19 22:30:00+00:00,13.9,12.8,22.4,11.2,0.233,18.4,pm25_greater_than_pm10
5613,"ITO, New Delhi - CPCB",28.628624,77.24106,2026-03-25 12:30:00+00:00,274.0,238.0,30.8,14.9,1.0,57.9,pm25_greater_than_pm10
5628,"GVM Corporation, Visakhapatnam - APPCB",17.722682,83.308197,2026-05-01 07:30:00+00:00,34.0,25.0,2.8,6.45,0.233,21.7,pm25_greater_than_pm10
5628,"GVM Corporation, Visakhapatnam - APPCB",17.722682,83.308197,2026-05-12 08:30:00+00:00,39.0,34.5,4.25,2.33,0.25,22.1,pm25_greater_than_pm10
5628,"GVM Corporation, Visakhapatnam - APPCB",17.722682,83.308197,2026-05-16 15:30:00+00:00,35.0,34.3,7.3,4.83,0.22,15.3,pm25_greater_than_pm10
5628,"GVM Corporation, Visakhapatnam - APPCB",17.722682,83.308197,2026-09-11 09:30:00+00:00,50.0,38.5,69.3,11.8,0.105,18.1,pm25_greater_than_pm10
5648,"Ward-32 Bapupara, Siliguri - WBPCB",26.6883049,88.412668,2026-03-23 09:30:00+00:00,21.4,10.0,41.9,13.9,0.94,55.3,pm25_greater_than_pm10
5648,"Ward-32 Bapupara, Siliguri - WBPCB",26.6883049,88.412668,2026-04-29 18:30:00+00:00,17.7,16.8,41.0,9.92,0.24,65.6,pm25_greater_than_pm10
5648,"Ward-32 Bapupara, Siliguri - WBPCB",26.6883049,88.412668,2026-04-30 10:30:00+00:00,19.1,18.9,15.9,11.9,0.301,70.6,pm25_greater_than_pm10
5648,"Ward-32 Bapupara, Siliguri - WBPCB",26.6883049,88.412668,2026-05-02 00:30:00+00:00,13.3,12.5,54.8,9.57,0.18,47.7,pm25_greater_than_pm10
5648,"Ward-32 Bapupara, Siliguri - WBPCB",26.6883049,88.412668,2026-05-02 01:30:00+00:00,14.9,12.7,52.9,9.6,0.419,32.1,pm25_greater_than_pm10
5648,"Ward-32 Bapupara, Siliguri - WBPCB",26.6883049,88.412668,2026-05-02 02:30:00+00:00,15.6,15.2,56.9,10.3,0.603,37.0,pm25_greater_than_pm10
5648,"Ward-32 Bapupara, Siliguri - WBPCB",26.6883049,88.412668,2026-05-08 15:30:00+00:00,42.8,87.0,100.0,11.9,1.22,-0.32,o3_negative
5648,"Ward-32 Bapupara, Siliguri - WBPCB",26.6883049,88.412668,2026-05-18 13:30:00+00:00,20.8,20.4,39.8,10.1,0.468,25.0,pm25_greater_than_pm10
5648,"Ward-32 Bapupara, Siliguri - WBPCB",26.6883049,88.412668,2026-05-18 14:30:00+00:00,19.6,16.7,38.0,9.74,0.504,27.5,pm25_greater_than_pm10
5648,"Ward-32 Bapupara, Siliguri - WBPCB",26.6883049,88.412668,2026-05-18 15:30:00+00:00,19.1,16.5,40.9,10.2,0.561,19.6,pm25_greater_than_pm10
5648,"Ward-32 Bapupara, Siliguri - WBPCB",26.6883049,88.412668,2026-05-18 16:30:00+00:00,21.0,18.8,38.1,10.1,0.438,27.9,pm25_greater_than_pm10
5648,"Ward-32 Bapupara, Siliguri - WBPCB",26.6883049,88.412668,2026-05-18 17:30:00+00:00,21.1,19.6,38.4,10.2,0.306,32.3,pm25_greater_than_pm10
5648,"Ward-32 Bapupara, Siliguri - WBPCB",26.6883049,88.412668,2026-05-19 01:30:00+00:00,17.2,16.0,33.3,9.76,0.279,27.2,pm25_greater_than_pm10
5648,"Ward-32 Bapupara, Siliguri - WBPCB",26.6883049,88.412668,2026-05-19 02:30:00+00:00,17.3,14.1,31.8,9.64,0.494,34.6,pm25_greater_than_pm10
5648,"Ward-32 Bapupara, Siliguri - WBPCB",26.6883049,88.412668,2026-05-19 03:30:00+00:00,16.5,13.5,31.6,10.0,0.487,37.5,pm25_greater_than_pm10
5648,"Ward-32 Bapupara, Siliguri - WBPCB",26.6883049,88.412668,2026-05-19 04:30:00+00:00,15.4,14.7,32.3,9.75,0.336,41.2,pm25_greater_than_pm10
5648,"Ward-32 Bapupara, Siliguri - WBPCB",26.6883049,88.412668,2026-05-19 14:30:00+00:00,35.9,27.8,85.7,11.2,1.6,12.4,pm25_greater_than_pm10
5648,"Ward-32 Bapupara, Siliguri - WBPCB",26.6883049,88.412668,2026-05-19 15:30:00+00:00,38.2,27.0,83.2,11.5,1.33,11.5,pm25_greater_than_pm10
5648,"Ward-32 Bapupara, Siliguri - WBPCB",26.6883049,88.412668,2026-05-19 16:30:00+00:00,38.8,29.8,81.1,11.4,0.933,13.7,pm25_greater_than_pm10
5648,"Ward-32 Bapupara, Siliguri - WBPCB",26.6883049,88.412668,2026-05-19 17:30:00+00:00,39.7,29.4,83.0,11.2,0.833,14.9,pm25_greater_than_pm10
5648,"Ward-32 Bapupara, Siliguri - WBPCB",26.6883049,88.412668,2026-05-19 20:30:00+00:00,32.6,31.3,58.5,10.6,0.218,20.3,pm25_greater_than_pm10
5648,"Ward-32 Bapupara, Siliguri - WBPCB",26.6883049,88.412668,2026-05-19 21:30:00+00:00,26.8,24.8,61.4,9.92,0.247,22.7,pm25_greater_than_pm10
5648,"Ward-32 Bapupara, Siliguri - WBPCB",26.6883049,88.412668,2026-05-19 22:30:00+00:00,24.1,22.7,64.8,10.1,0.287,17.3,pm25_greater_than_pm10
5648,"Ward-32 Bapupara, Siliguri - WBPCB",26.6883049,88.412668,2026-05-19 23:30:00+00:00,23.4,20.0,61.0,10.3,0.31,15.9,pm25_greater_than_pm10
5648,"Ward-32 Bapupara, Siliguri - WBPCB",26.6883049,88.412668,2026-05-20 00:30:00+00:00,22.6,17.4,57.0,10.7,0.315,21.6,pm25_greater_than_pm10
5648,"Ward-32 Bapupara, Siliguri - WBPCB",26.6883049,88.412668,2026-05-20 01:30:00+00:00,22.3,15.7,58.2,10.2,0.438,28.3,pm25_greater_than_pm10
5648,"Ward-32 Bapupara, Siliguri - WBPCB",26.6883049,88.412668,2026-05-20 02:30:00+00:00,23.0,19.4,56.4,10.4,0.409,32.9,pm25_greater_than_pm10
5648,"Ward-32 Bapupara, Siliguri - WBPCB",26.6883049,88.412668,2026-05-20 03:30:00+00:00,22.0,20.4,48.6,10.4,0.347,35.5,pm25_greater_than_pm10
5648,"Ward-32 Bapupara, Siliguri - WBPCB",26.6883049,88.412668,2026-05-20 04:30:00+00:00,20.8,18.6,42.7,10.4,0.359,45.8,pm25_greater_than_pm10
5648,"Ward-32 Bapupara, Siliguri - WBPCB",26.6883049,88.412668,2026-05-20 05:30:00+00:00,21.5,18.9,40.5,9.56,0.27,54.1,pm25_greater_than_pm10
5648,"Ward-32 Bapupara, Siliguri - WBPCB",26.6883049,88.412668,2026-05-20 06:30:00+00:00,21.5,18.9,38.5,9.42,0.331,53.0,pm25_greater_than_pm10
5648,"Ward-32 Bapupara, Siliguri - WBPCB",26.6883049,88.412668,2026-05-20 07:30:00+00:00,21.5,18.9,41.1,8.97,0.304,52.2,pm25_greater_than_pm10
5648,"Ward-32 Bapupara, Siliguri - WBPCB",26.6883049,88.412668,2026-05-20 08:30:00+00:00,21.4,10.5,43.6,9.47,0.603,53.2,pm25_greater_than_pm10
5648,"Ward-32 Bapupara, Siliguri - WBPCB",26.6883049,88.412668,2026-05-20 09:30:00+00:00,21.3,8.83,54.7,10.1,0.738,48.6,pm25_greater_than_pm10
5648,"Ward-32 Bapupara, Siliguri - WBPCB",26.6883049,88.412668,2026-05-20 10:30:00+00:00,1.16,0.473,68.5,9.65,0.65,36.2,pm25_greater_than_pm10
5648,"Ward-32 Bapupara, Siliguri - WBPCB",26.6883049,88.412668,2026-05-20 12:30:00+00:00,32.9,14.0,68.1,9.81,0.87,24.0,pm25_greater_than_pm10
5648,"Ward-32 Bapupara, Siliguri - WBPCB",26.6883049,88.412668,2026-05-20 13:30:00+00:00,11.5,8.76,70.6,10.1,1.08,18.7,pm25_greater_than_pm10
5649,"Tirumala, Tirupati - APPCB",13.67,79.35,2026-05-01 18:30:00+00:00,76.5,60.0,22.1,2.4,0.47,56.3,pm25_greater_than_pm10
5649,"Tirumala, Tirupati - APPCB",13.67,79.35,2026-05-01 19:30:00+00:00,79.5,58.5,21.3,2.53,0.47,56.2,pm25_greater_than_pm10
5649,"Tirumala, Tirupati - APPCB",13.67,79.35,2026-05-01 20:30:00+00:00,83.5,58.0,20.3,1.98,0.48,67.9,pm25_greater_than_pm10
5649,"Tirumala, Tirupati - APPCB",13.67,79.35,2026-05-01 21:30:00+00:00,86.5,59.0,22.0,1.85,0.51,63.7,pm25_greater_than_pm10
5649,"Tirumala, Tirupati - APPCB",13.67,79.35,2026-05-02 05:30:00+00:00,79.3,66.0,60.0,2.27,0.6,54.9,pm25_greater_than_pm10
5649,"Tirumala, Tirupati - APPCB",13.67,79.35,2026-05-08 13:30:00+00:00,31.0,16.3,42.7,4.3,0.377,12.7,pm25_greater_than_pm10
5649,"Tirumala, Tirupati - APPCB",13.67,79.35,2026-05-08 14:30:00+00:00,47.3,18.0,47.2,4.25,0.488,9.13,pm25_greater_than_pm10
5649,"Tirumala, Tirupati - APPCB",13.67,79.35,2026-05-11 01:30:00+00:00,48.8,26.0,52.4,6.03,0.343,15.3,pm25_greater_than_pm10
5649,"Tirumala, Tirupati - APPCB",13.67,79.35,2026-05-11 02:30:00+00:00,43.3,20.0,56.0,6.23,0.398,15.7,pm25_greater_than_pm10
5649,"Tirumala, Tirupati - APPCB",13.67,79.35,2026-05-12 16:30:00+00:00,79.5,46.0,48.8,8.9,0.505,7.33,pm25_greater_than_pm10
5649,"Tirumala, Tirupati - APPCB",13.67,79.35,2026-05-12 17:30:00+00:00,83.0,38.3,55.0,9.23,0.56,4.9,pm25_greater_than_pm10
5649,"Tirumala, Tirupati - APPCB",13.67,79.35,2026-05-18 22:30:00+00:00,17.0,14.0,39.7,2.33,0.358,29.8,pm25_greater_than_pm10
5649,"Tirumala, Tirupati - APPCB",13.67,79.35,2026-05-18 23:30:00+00:00,51.3,24.5,47.7,1.85,0.44,20.4,pm25_greater_than_pm10
5649,"Tirumala, Tirupati - APPCB",13.67,79.35,2026-05-19 00:30:00+00:00,80.5,33.0,45.7,2.65,0.435,24.2,pm25_greater_than_pm10
5649,"Tirumala, Tirupati - APPCB",13.67,79.35,2026-05-19 01:30:00+00:00,84.5,37.5,55.0,3.08,0.51,21.1,pm25_greater_than_pm10
5649,"Tirumala, Tirupati - APPCB",13.67,79.35,2026-05-19 02:30:00+00:00,87.0,38.0,64.3,3.7,0.58,19.2,pm25_greater_than_pm10
5649,"Tirumala, Tirupati - APPCB",13.67,79.35,2026-05-20 22:30:00+00:00,38.0,35.5,40.9,3.7,0.398,31.1,pm25_greater_than_pm10
5649,"Tirumala, Tirupati - APPCB",13.67,79.35,2026-05-20 23:30:00+00:00,49.0,46.3,48.1,3.9,0.473,24.5,pm25_greater_than_pm10
5649,"Tirumala, Tirupati - APPCB",13.67,79.35,2026-05-31 00:30:00+00:00,27.0,25.0,74.5,6.85,0.43,27.8,pm25_greater_than_pm10
5649,"Tirumala, Tirupati - APPCB",13.67,79.35,2026-06-08 22:30:00+00:00,40.8,19.5,19.0,3.38,0.46,33.9,pm25_greater_than_pm10
5649,"Tirumala, Tirupati - APPCB",13.67,79.35,2026-06-08 23:30:00+00:00,45.8,23.0,22.8,3.95,1.36,33.5,pm25_greater_than_pm10
5649,"Tirumala, Tirupati - APPCB",13.67,79.35,2026-06-22 11:30:00+00:00,9.0,8.5,27.4,5.58,0.31,21.4,pm25_greater_than_pm10
6955,"Lal Bahadur Shastri Nagar, Kalaburagi - KSPCB",17.321993,76.822628,2026-04-16 06:30:00+00:00,333.0,55.3,9.76,62.2,1.01,20.5,pm25_greater_than_pm10
6955,"Lal Bahadur Shastri Nagar, Kalaburagi - KSPCB",17.321993,76.822628,2026-04-16 07:30:00+00:00,511.0,52.0,9.77,62.1,1.05,21.2,pm25_greater_than_pm10
6955,"Lal Bahadur Shastri Nagar, Kalaburagi - KSPCB",17.321993,76.822628,2026-04-16 16:30:00+00:00,512.0,54.7,9.78,61.8,0.693,20.1,pm25_greater_than_pm10
6955,"Lal Bahadur Shastri Nagar, Kalaburagi - KSPCB",17.321993,76.822628,2026-04-16 17:30:00+00:00,513.0,60.5,9.79,62.1,0.61,20.0,pm25_greater_than_pm10
6955,"Lal Bahadur Shastri Nagar, Kalaburagi - KSPCB",17.321993,76.822628,2026-04-17 02:30:00+00:00,508.0,39.8,9.74,61.4,1.08,19.9,pm25_greater_than_pm10
6955,"Lal Bahadur Shastri Nagar, Kalaburagi - KSPCB",17.321993,76.822628,2026-04-17 03:30:00+00:00,508.0,39.0,9.74,61.5,1.02,19.8,pm25_greater_than_pm10
6955,"Lal Bahadur Shastri Nagar, Kalaburagi - KSPCB",17.321993,76.822628,2026-04-17 04:30:00+00:00,511.0,51.5,9.74,62.0,0.993,19.9,pm25_greater_than_pm10
6955,"Lal Bahadur Shastri Nagar, Kalaburagi - KSPCB",17.321993,76.822628,2026-04-17 05:30:00+00:00,512.0,57.3,9.76,62.1,0.995,20.2,pm25_greater_than_pm10
6955,"Lal Bahadur Shastri Nagar, Kalaburagi - KSPCB",17.321993,76.822628,2026-04-17 06:30:00+00:00,512.0,55.8,9.76,62.2,1.01,20.8,pm25_greater_than_pm10
6955,"Lal Bahadur Shastri Nagar, Kalaburagi - KSPCB",17.321993,76.822628,2026-04-17 07:30:00+00:00,510.0,49.0,9.77,62.1,1.05,21.2,pm25_greater_than_pm10
6955,"Lal Bahadur Shastri Nagar, Kalaburagi - KSPCB",17.321993,76.822628,2026-04-17 08:30:00+00:00,508.0,40.0,9.76,62.1,1.05,21.3,pm25_greater_than_pm10
6955,"Lal Bahadur Shastri Nagar, Kalaburagi - KSPCB",17.321993,76.822628,2026-04-17 09:30:00+00:00,509.0,46.0,9.76,61.9,1.05,21.9,pm25_greater_than_pm10
6955,"Lal Bahadur Shastri Nagar, Kalaburagi - KSPCB",17.321993,76.822628,2026-04-17 12:30:00+00:00,508.0,39.5,9.76,70.8,0.77,20.2,pm25_greater_than_pm10
6955,"Lal Bahadur Shastri Nagar, Kalaburagi - KSPCB",17.321993,76.822628,2026-06-17 05:30:00+00:00,509.0,44.0,9.83,11.5,0.95,32.1,pm25_greater_than_pm10
6955,"Lal Bahadur Shastri Nagar, Kalaburagi - KSPCB",17.321993,76.822628,2026-06-17 06:30:00+00:00,508.0,43.5,9.81,11.6,0.95,33.2,pm25_greater_than_pm10
6955,"Lal Bahadur Shastri Nagar, Kalaburagi - KSPCB",17.321993,76.822628,2026-06-17 07:30:00+00:00,512.0,53.0,9.87,11.7,0.953,50.4,pm25_greater_than_pm10
6955,"Lal Bahadur Shastri Nagar, Kalaburagi - KSPCB",17.321993,76.822628,2026-06-17 08:30:00+00:00,513.0,60.3,9.88,11.7,0.947,50.4,pm25_greater_than_pm10
6955,"Lal Bahadur Shastri Nagar, Kalaburagi - KSPCB",17.321993,76.822628,2026-06-17 09:30:00+00:00,510.0,50.0,9.88,11.4,0.945,50.4,pm25_greater_than_pm10
6955,"Lal Bahadur Shastri Nagar, Kalaburagi - KSPCB",17.321993,76.822628,2026-06-17 10:30:00+00:00,509.0,47.7,9.88,11.4,0.94,50.4,pm25_greater_than_pm10
6955,"Lal Bahadur Shastri Nagar, Kalaburagi - KSPCB",17.321993,76.822628,2026-06-17 11:30:00+00:00,509.0,47.0,9.85,11.4,0.94,37.1,pm25_greater_than_pm10
6955,"Lal Bahadur Shastri Nagar, Kalaburagi - KSPCB",17.321993,76.822628,2026-06-17 12:30:00+00:00,506.0,34.3,9.84,15.5,0.94,28.8,pm25_greater_than_pm10
6955,"Lal Bahadur Shastri Nagar, Kalaburagi - KSPCB",17.321993,76.822628,2026-06-17 13:30:00+00:00,507.0,36.0,9.84,11.4,0.93,28.5,pm25_greater_than_pm10
6964,"Patti Mehar, Ambala - HSPCB",30.379589,76.778328,2026-04-22 20:30:00+00:00,515.0,148.0,7.56,11.9,0.443,29.8,pm25_greater_than_pm10
6964,"Patti Mehar, Ambala - HSPCB",30.379589,76.778328,2026-04-23 01:30:00+00:00,176.0,0.0,7.93,14.8,0.467,27.1,pm25_greater_than_pm10
6964,"Patti Mehar, Ambala - HSPCB",30.379589,76.778328,2026-05-12 03:30:00+00:00,28.4,90.4,7.15,2470.0,0.843,15.3,so2_extreme
6964,"Patti Mehar, Ambala - HSPCB",30.379589,76.778328,2026-05-12 04:30:00+00:00,19.0,106.0,10.3,19900.0,2.14,18.7,so2_extreme
6964,"Patti Mehar, Ambala - HSPCB",30.379589,76.778328,2026-05-12 07:30:00+00:00,6.29,84.3,8.65,1100.0,0.987,51.0,so2_extreme
6964,"Patti Mehar, Ambala - HSPCB",30.379589,76.778328,2026-06-19 07:30:00+00:00,31.6,20.0,24.4,110.0,3.05,19.3,pm25_greater_than_pm10
6964,"Patti Mehar, Ambala - HSPCB",30.379589,76.778328,2026-06-22 12:30:00+00:00,12.1,10.0,18.3,17.7,0.49,15.4,pm25_greater_than_pm10
6964,"Patti Mehar, Ambala - HSPCB",30.379589,76.778328,2026-06-22 13:30:00+00:00,13.4,10.0,17.9,17.8,0.493,15.2,pm25_greater_than_pm10
6964,"Patti Mehar, Ambala - HSPCB",30.379589,76.778328,2026-06-22 14:30:00+00:00,17.1,10.0,18.5,19.8,0.615,14.6,pm25_greater_than_pm10
6964,"Patti Mehar, Ambala - HSPCB",30.379589,76.778328,2026-06-22 15:30:00+00:00,22.9,10.0,19.1,25.0,0.95,15.1,pm25_greater_than_pm10
6964,"Patti Mehar, Ambala - HSPCB",30.379589,76.778328,2026-06-22 16:30:00+00:00,27.4,10.0,19.5,24.7,0.938,14.9,pm25_greater_than_pm10
6964,"Patti Mehar, Ambala - HSPCB",30.379589,76.778328,2026-06-22 17:30:00+00:00,25.3,10.0,15.8,24.9,0.947,15.2,pm25_greater_than_pm10
6964,"Patti Mehar, Ambala - HSPCB",30.379589,76.778328,2026-06-22 18:30:00+00:00,36.3,10.0,17.2,12.0,0.2,15.4,pm25_greater_than_pm10
6964,"Patti Mehar, Ambala - HSPCB",30.379589,76.778328,2026-06-22 19:30:00+00:00,35.4,10.0,18.1,12.1,0.215,16.1,pm25_greater_than_pm10
6964,"Patti Mehar, Ambala - HSPCB",30.379589,76.778328,2026-06-22 20:30:00+00:00,36.3,10.0,18.3,12.0,0.223,15.5,pm25_greater_than_pm10
6964,"Patti Mehar, Ambala - HSPCB",30.379589,76.778328,2026-06-22 21:30:00+00:00,37.9,10.0,17.1,12.0,0.19,15.6,pm25_greater_than_pm10
6964,"Patti Mehar, Ambala - HSPCB",30.379589,76.778328,2026-06-22 22:30:00+00:00,43.0,10.0,18.4,11.9,0.203,15.8,pm25_greater_than_pm10
6964,"Patti Mehar, Ambala - HSPCB",30.379589,76.778328,2026-06-22 23:30:00+00:00,40.3,10.0,18.2,12.9,0.195,16.0,pm25_greater_than_pm10
6964,"Patti Mehar, Ambala - HSPCB",30.379589,76.778328,2026-06-23 00:30:00+00:00,39.5,10.0,20.3,15.1,0.208,15.8,pm25_greater_than_pm10
6964,"Patti Mehar, Ambala - HSPCB",30.379589,76.778328,2026-06-23 01:30:00+00:00,33.8,10.0,27.0,15.1,0.205,15.8,pm25_greater_than_pm10
6964,"Patti Mehar, Ambala - HSPCB",30.379589,76.778328,2026-06-23 02:30:00+00:00,33.0,10.0,23.3,15.0,0.3,15.1,pm25_greater_than_pm10
6964,"Patti Mehar, Ambala - HSPCB",30.379589,76.778328,2026-06-23 03:30:00+00:00,28.0,10.0,23.9,14.9,0.59,15.4,pm25_greater_than_pm10
6969,"Huda Sector, Fatehabad - HSPCB",29.503664,75.467934,2026-05-08 06:30:00+00:00,26.1,58.0,15.0,-3.3,0.53,128.0,so2_negative
6969,"Huda Sector, Fatehabad - HSPCB",29.503664,75.467934,2026-06-15 02:30:00+00:00,7.77,7.76,15.4,3.96,0.705,63.5,pm25_greater_than_pm10
6982,"Deshpande Nagar, Hubballi - KSPCB",15.351773,75.140726,2025-07-25 19:30:00+00:00,9.0,6.8,22.7,13.4,0.838,16.7,pm25_greater_than_pm10
6982,"Deshpande Nagar, Hubballi - KSPCB",15.351773,75.140726,2025-10-23 02:30:00+00:00,40.0,37.3,23.2,6.64,0.39,7.77,pm25_greater_than_pm10
6984,"Hebbal, Bengaluru - KSPCB",13.029152,77.585901,2026-05-17 16:30:00+00:00,48.0,45.0,12.6,8.63,0.49,86.1,pm25_greater_than_pm10
6984,"Hebbal, Bengaluru - KSPCB",13.029152,77.585901,2026-05-17 22:30:00+00:00,18.5,14.0,8.38,3.68,0.345,63.5,pm25_greater_than_pm10
6984,"Hebbal, Bengaluru - KSPCB",13.029152,77.585901,2026-05-17 23:30:00+00:00,15.5,10.0,9.25,5.9,0.425,59.6,pm25_greater_than_pm10
6984,"Hebbal, Bengaluru - KSPCB",13.029152,77.585901,2026-05-21 20:30:00+00:00,10.5,7.0,9.8,7.98,0.265,69.6,pm25_greater_than_pm10
6984,"Hebbal, Bengaluru - KSPCB",13.029152,77.585901,2026-05-21 21:30:00+00:00,11.5,9.0,9.23,7.5,0.54,54.1,pm25_greater_than_pm10
6984,"Hebbal, Bengaluru - KSPCB",13.029152,77.585901,2026-06-17 21:30:00+00:00,7.0,5.0,13.0,3.88,0.533,34.3,pm25_greater_than_pm10
6984,"Hebbal, Bengaluru - KSPCB",13.029152,77.585901,2026-06-17 22:30:00+00:00,7.0,5.5,12.7,2.93,0.57,32.9,pm25_greater_than_pm10
6984,"Hebbal, Bengaluru - KSPCB",13.029152,77.585901,2026-06-18 19:30:00+00:00,26.0,9.0,15.0,8.6,0.36,28.9,pm25_greater_than_pm10
6984,"Hebbal, Bengaluru - KSPCB",13.029152,77.585901,2026-06-18 20:30:00+00:00,21.0,15.5,15.6,9.3,0.59,31.2,pm25_greater_than_pm10
6984,"Hebbal, Bengaluru - KSPCB",13.029152,77.585901,2026-07-07 12:30:00+00:00,83.5,62.0,14.5,13.1,0.593,31.9,pm25_greater_than_pm10
7495,"DRM Office Danapur, Patna - BSPCB",25.586562,85.043586,2026-03-22 05:30:00+00:00,60.9,43.3,41.5,4.86,0.708,28.7,pm25_greater_than_pm10
7495,"DRM Office Danapur, Patna - BSPCB",25.586562,85.043586,2026-03-22 06:30:00+00:00,70.6,43.6,42.0,4.21,0.689,28.9,pm25_greater_than_pm10
7495,"DRM Office Danapur, Patna - BSPCB",25.586562,85.043586,2026-03-22 07:30:00+00:00,72.3,43.4,40.4,4.04,0.698,29.6,pm25_greater_than_pm10
7495,"DRM Office Danapur, Patna - BSPCB",25.586562,85.043586,2026-03-22 08:30:00+00:00,76.7,45.1,39.8,4.61,0.678,29.2,pm25_greater_than_pm10
7495,"DRM Office Danapur, Patna - BSPCB",25.586562,85.043586,2026-03-22 09:30:00+00:00,99.2,46.6,42.8,4.54,0.686,27.7,pm25_greater_than_pm10
7495,"DRM Office Danapur, Patna - BSPCB",25.586562,85.043586,2026-03-22 10:30:00+00:00,103.0,51.0,41.2,5.58,0.758,29.1,pm25_greater_than_pm10
7495,"DRM Office Danapur, Patna - BSPCB",25.586562,85.043586,2026-03-22 11:30:00+00:00,87.9,51.6,41.6,5.55,0.74,31.0,pm25_greater_than_pm10
7495,"DRM Office Danapur, Patna - BSPCB",25.586562,85.043586,2026-03-22 12:30:00+00:00,67.0,45.5,37.0,4.78,0.855,28.9,pm25_greater_than_pm10
7495,"DRM Office Danapur, Patna - BSPCB",25.586562,85.043586,2026-03-23 08:30:00+00:00,63.3,54.8,40.6,5.47,0.55,27.0,pm25_greater_than_pm10
7495,"DRM Office Danapur, Patna - BSPCB",25.586562,85.043586,2026-03-27 19:30:00+00:00,37.8,35.1,37.5,4.72,0.773,27.8,pm25_greater_than_pm10
7495,"DRM Office Danapur, Patna - BSPCB",25.586562,85.043586,2026-03-27 20:30:00+00:00,46.3,24.8,39.0,4.87,0.643,28.0,pm25_greater_than_pm10
7495,"DRM Office Danapur, Patna - BSPCB",25.586562,85.043586,2026-03-27 21:30:00+00:00,47.0,28.6,40.2,5.04,0.559,26.7,pm25_greater_than_pm10
7495,"DRM Office Danapur, Patna - BSPCB",25.586562,85.043586,2026-03-27 22:30:00+00:00,43.2,28.8,39.5,4.86,0.808,28.3,pm25_greater_than_pm10
7495,"DRM Office Danapur, Patna - BSPCB",25.586562,85.043586,2026-03-27 23:30:00+00:00,48.0,26.3,39.4,5.96,0.755,27.9,pm25_greater_than_pm10
7495,"DRM Office Danapur, Patna - BSPCB",25.586562,85.043586,2026-03-28 00:30:00+00:00,52.8,35.4,41.4,4.61,0.726,31.6,pm25_greater_than_pm10
7495,"DRM Office Danapur, Patna - BSPCB",25.586562,85.043586,2026-03-28 01:30:00+00:00,56.5,31.1,39.0,4.63,0.699,30.6,pm25_greater_than_pm10
7495,"DRM Office Danapur, Patna - BSPCB",25.586562,85.043586,2026-03-28 02:30:00+00:00,39.0,35.0,41.0,4.41,0.671,31.4,pm25_greater_than_pm10
7495,"DRM Office Danapur, Patna - BSPCB",25.586562,85.043586,2026-03-28 03:30:00+00:00,48.1,36.0,37.0,4.5,0.661,30.8,pm25_greater_than_pm10
7495,"DRM Office Danapur, Patna - BSPCB",25.586562,85.043586,2026-03-28 04:30:00+00:00,45.9,39.5,40.1,4.89,0.681,27.1,pm25_greater_than_pm10
7495,"DRM Office Danapur, Patna - BSPCB",25.586562,85.043586,2026-04-01 09:30:00+00:00,134.0,129.0,40.4,4.93,0.556,32.3,pm25_greater_than_pm10
7495,"DRM Office Danapur, Patna - BSPCB",25.586562,85.043586,2026-04-02 04:30:00+00:00,116.0,97.3,40.6,3.81,0.674,35.3,pm25_greater_than_pm10
7495,"DRM Office Danapur, Patna - BSPCB",25.586562,85.043586,2026-04-02 05:30:00+00:00,240.0,98.4,40.2,3.36,0.579,33.2,pm25_greater_than_pm10
7495,"DRM Office Danapur, Patna - BSPCB",25.586562,85.043586,2026-04-02 09:30:00+00:00,207.0,98.4,40.9,5.6,0.634,29.7,pm25_greater_than_pm10
7495,"DRM Office Danapur, Patna - BSPCB",25.586562,85.043586,2026-04-03 07:30:00+00:00,46.0,22.0,28.0,5.97,0.774,29.7,pm25_greater_than_pm10
7495,"DRM Office Danapur, Patna - BSPCB",25.586562,85.043586,2026-04-03 08:30:00+00:00,106.0,92.8,28.0,6.18,0.974,29.1,pm25_greater_than_pm10
7495,"DRM Office Danapur, Patna - BSPCB",25.586562,85.043586,2026-04-04 04:30:00+00:00,137.0,126.0,31.2,4.38,0.877,29.6,pm25_greater_than_pm10
7495,"DRM Office Danapur, Patna - BSPCB",25.586562,85.043586,2026-04-04 08:30:00+00:00,153.0,102.0,31.3,5.42,0.474,31.9,pm25_greater_than_pm10
7495,"DRM Office Danapur, Patna - BSPCB",25.586562,85.043586,2026-04-05 04:30:00+00:00,98.9,97.0,30.8,2.22,0.599,30.8,pm25_greater_than_pm10
7495,"DRM Office Danapur, Patna - BSPCB",25.586562,85.043586,2026-04-06 08:30:00+00:00,163.0,144.0,28.9,5.28,0.764,2.51,pm25_greater_than_pm10
7495,"DRM Office Danapur, Patna - BSPCB",25.586562,85.043586,2026-04-09 04:30:00+00:00,128.0,74.0,29.7,4.77,0.86,12.3,pm25_greater_than_pm10
7495,"DRM Office Danapur, Patna - BSPCB",25.586562,85.043586,2026-04-09 08:30:00+00:00,144.0,134.0,29.5,4.95,0.73,13.4,pm25_greater_than_pm10
7495,"DRM Office Danapur, Patna - BSPCB",25.586562,85.043586,2026-04-10 03:30:00+00:00,142.0,126.0,31.3,5.52,0.77,13.8,pm25_greater_than_pm10
7495,"DRM Office Danapur, Patna - BSPCB",25.586562,85.043586,2026-04-10 04:30:00+00:00,248.0,107.0,32.1,4.52,0.697,14.9,pm25_greater_than_pm10
7495,"DRM Office Danapur, Patna - BSPCB",25.586562,85.043586,2026-04-13 07:30:00+00:00,98.0,75.1,30.9,5.46,0.772,16.3,pm25_greater_than_pm10
7495,"DRM Office Danapur, Patna - BSPCB",25.586562,85.043586,2026-04-13 08:30:00+00:00,96.7,82.0,31.1,4.62,0.651,15.7,pm25_greater_than_pm10
7495,"DRM Office Danapur, Patna - BSPCB",25.586562,85.043586,2026-04-15 08:30:00+00:00,138.0,83.7,29.3,5.62,0.725,16.5,pm25_greater_than_pm10
7495,"DRM Office Danapur, Patna - BSPCB",25.586562,85.043586,2026-04-19 08:30:00+00:00,145.0,94.9,30.9,4.47,0.976,14.7,pm25_greater_than_pm10
7495,"DRM Office Danapur, Patna - BSPCB",25.586562,85.043586,2026-04-21 08:30:00+00:00,190.0,125.0,29.0,4.47,0.477,28.6,pm25_greater_than_pm10
7495,"DRM Office Danapur, Patna - BSPCB",25.586562,85.043586,2026-04-21 12:30:00+00:00,118.0,113.0,34.5,6.55,0.957,28.9,pm25_greater_than_pm10
7495,"DRM Office Danapur, Patna - BSPCB",25.586562,85.043586,2026-04-22 04:30:00+00:00,146.0,132.0,30.3,5.84,0.711,27.4,pm25_greater_than_pm10
7495,"DRM Office Danapur, Patna - BSPCB",25.586562,85.043586,2026-04-22 08:30:00+00:00,182.0,137.0,28.8,4.55,0.596,31.8,pm25_greater_than_pm10
7495,"DRM Office Danapur, Patna - BSPCB",25.586562,85.043586,2026-04-23 08:30:00+00:00,171.0,122.0,30.1,4.94,0.72,28.2,pm25_greater_than_pm10
7495,"DRM Office Danapur, Patna - BSPCB",25.586562,85.043586,2026-05-06 09:30:00+00:00,89.3,50.9,33.8,4.73,0.636,12.6,pm25_greater_than_pm10
7495,"DRM Office Danapur, Patna - BSPCB",25.586562,85.043586,2026-05-06 10:30:00+00:00,63.2,48.7,28.0,5.19,0.648,12.9,pm25_greater_than_pm10
7495,"DRM Office Danapur, Patna - BSPCB",25.586562,85.043586,2026-05-10 06:30:00+00:00,78.4,64.4,29.7,5.04,0.706,16.5,pm25_greater_than_pm10
7495,"DRM Office Danapur, Patna - BSPCB",25.586562,85.043586,2026-05-10 07:30:00+00:00,91.6,64.8,28.3,5.69,0.693,17.3,pm25_greater_than_pm10
7495,"DRM Office Danapur, Patna - BSPCB",25.586562,85.043586,2026-05-10 08:30:00+00:00,138.0,66.0,32.0,4.62,0.664,18.2,pm25_greater_than_pm10
7495,"DRM Office Danapur, Patna - BSPCB",25.586562,85.043586,2026-05-10 09:30:00+00:00,83.5,65.1,30.0,4.34,0.635,17.4,pm25_greater_than_pm10
7495,"DRM Office Danapur, Patna - BSPCB",25.586562,85.043586,2026-05-10 12:30:00+00:00,100.0,67.4,31.5,5.61,0.744,16.7,pm25_greater_than_pm10
7495,"DRM Office Danapur, Patna - BSPCB",25.586562,85.043586,2026-05-10 13:30:00+00:00,83.7,68.4,30.8,6.37,0.77,16.4,pm25_greater_than_pm10
7495,"DRM Office Danapur, Patna - BSPCB",25.586562,85.043586,2026-05-10 14:30:00+00:00,72.5,71.1,32.1,4.49,0.779,14.4,pm25_greater_than_pm10
7495,"DRM Office Danapur, Patna - BSPCB",25.586562,85.043586,2026-05-10 21:30:00+00:00,114.0,71.5,29.1,5.82,0.718,13.7,pm25_greater_than_pm10
7495,"DRM Office Danapur, Patna - BSPCB",25.586562,85.043586,2026-05-10 22:30:00+00:00,154.0,71.0,29.8,3.73,0.797,13.6,pm25_greater_than_pm10
7495,"DRM Office Danapur, Patna - BSPCB",25.586562,85.043586,2026-05-11 02:30:00+00:00,95.6,80.7,30.6,4.39,0.838,14.6,pm25_greater_than_pm10
7495,"DRM Office Danapur, Patna - BSPCB",25.586562,85.043586,2026-05-11 03:30:00+00:00,110.0,83.0,30.1,3.84,0.862,15.9,pm25_greater_than_pm10
7495,"DRM Office Danapur, Patna - BSPCB",25.586562,85.043586,2026-05-11 04:30:00+00:00,189.0,84.9,32.0,5.19,0.887,17.6,pm25_greater_than_pm10
7495,"DRM Office Danapur, Patna - BSPCB",25.586562,85.043586,2026-05-11 05:30:00+00:00,125.0,84.5,32.9,5.6,0.797,17.5,pm25_greater_than_pm10
7495,"DRM Office Danapur, Patna - BSPCB",25.586562,85.043586,2026-05-11 08:30:00+00:00,342.0,78.8,31.1,5.52,0.553,21.0,pm25_greater_than_pm10
7495,"DRM Office Danapur, Patna - BSPCB",25.586562,85.043586,2026-05-11 11:30:00+00:00,90.0,73.6,30.7,4.03,0.663,19.7,pm25_greater_than_pm10
7495,"DRM Office Danapur, Patna - BSPCB",25.586562,85.043586,2026-05-15 09:30:00+00:00,178.0,101.0,31.0,4.5,0.691,18.0,pm25_greater_than_pm10
7495,"DRM Office Danapur, Patna - BSPCB",25.586562,85.043586,2026-05-16 07:30:00+00:00,168.0,134.0,31.3,4.03,0.903,21.0,pm25_greater_than_pm10
7495,"DRM Office Danapur, Patna - BSPCB",25.586562,85.043586,2026-05-16 08:30:00+00:00,333.0,137.0,29.1,5.79,0.828,21.6,pm25_greater_than_pm10
7495,"DRM Office Danapur, Patna - BSPCB",25.586562,85.043586,2026-05-17 05:30:00+00:00,134.0,129.0,31.3,6.04,0.992,24.6,pm25_greater_than_pm10
7495,"DRM Office Danapur, Patna - BSPCB",25.586562,85.043586,2026-05-17 08:30:00+00:00,220.0,150.0,31.0,4.66,0.786,20.7,pm25_greater_than_pm10
7495,"DRM Office Danapur, Patna - BSPCB",25.586562,85.043586,2026-05-17 12:30:00+00:00,129.0,0.0,29.2,6.46,1.01,19.5,pm25_greater_than_pm10
7495,"DRM Office Danapur, Patna - BSPCB",25.586562,85.043586,2026-05-17 13:30:00+00:00,58.8,0.0,32.4,6.3,1.18,16.6,pm25_greater_than_pm10
7495,"DRM Office Danapur, Patna - BSPCB",25.586562,85.043586,2026-05-17 14:30:00+00:00,39.3,30.8,28.8,4.52,1.3,15.9,pm25_greater_than_pm10
7495,"DRM Office Danapur, Patna - BSPCB",25.586562,85.043586,2026-05-18 08:30:00+00:00,221.0,140.0,31.1,5.69,0.892,22.7,pm25_greater_than_pm10
7495,"DRM Office Danapur, Patna - BSPCB",25.586562,85.043586,2026-05-21 06:30:00+00:00,113.0,111.0,31.8,4.71,0.885,19.8,pm25_greater_than_pm10
7495,"DRM Office Danapur, Patna - BSPCB",25.586562,85.043586,2026-05-23 07:30:00+00:00,228.0,156.0,29.9,3.63,0.747,22.4,pm25_greater_than_pm10
7495,"DRM Office Danapur, Patna - BSPCB",25.586562,85.043586,2026-05-23 08:30:00+00:00,195.0,156.0,29.5,2.46,0.736,17.5,pm25_greater_than_pm10
7495,"DRM Office Danapur, Patna - BSPCB",25.586562,85.043586,2026-05-23 11:30:00+00:00,307.0,177.0,29.8,5.22,0.964,15.3,pm25_greater_than_pm10
7495,"DRM Office Danapur, Patna - BSPCB",25.586562,85.043586,2026-05-24 07:30:00+00:00,266.0,177.0,29.9,4.15,0.86,23.2,pm25_greater_than_pm10
7495,"DRM Office Danapur, Patna - BSPCB",25.586562,85.043586,2026-05-24 11:30:00+00:00,196.0,169.0,30.1,5.57,0.88,16.5,pm25_greater_than_pm10
7495,"DRM Office Danapur, Patna - BSPCB",25.586562,85.043586,2026-05-26 07:30:00+00:00,228.0,144.0,30.0,5.93,0.777,19.3,pm25_greater_than_pm10
7495,"DRM Office Danapur, Patna - BSPCB",25.586562,85.043586,2026-05-26 08:30:00+00:00,130.0,121.0,30.5,3.82,0.756,19.7,pm25_greater_than_pm10
7495,"DRM Office Danapur, Patna - BSPCB",25.586562,85.043586,2026-05-26 10:30:00+00:00,149.0,126.0,29.8,3.69,0.767,17.3,pm25_greater_than_pm10
7495,"DRM Office Danapur, Patna - BSPCB",25.586562,85.043586,2026-05-26 11:30:00+00:00,206.0,133.0,31.3,4.0,0.797,18.4,pm25_greater_than_pm10
7495,"DRM Office Danapur, Patna - BSPCB",25.586562,85.043586,2026-05-28 09:30:00+00:00,89.0,75.7,24.8,3.06,0.701,28.6,pm25_greater_than_pm10
7495,"DRM Office Danapur, Patna - BSPCB",25.586562,85.043586,2026-06-15 21:30:00+00:00,350.0,78.6,26.0,7.12,0.821,27.8,pm25_greater_than_pm10
7495,"DRM Office Danapur, Patna - BSPCB",25.586562,85.043586,2026-06-15 22:30:00+00:00,748.0,69.2,26.3,4.71,0.77,28.4,pm25_greater_than_pm10
10633,"Victoria, Kolkata - WBPCB",22.5448082,88.3403691,2026-04-29 19:30:00+00:00,11.5,9440.0,21.0,9.41,0.674,52.3,pm10_extreme
10633,"Victoria, Kolkata - WBPCB",22.5448082,88.3403691,2026-04-29 23:30:00+00:00,11.7,5140.0,20.8,9.89,0.731,42.0,pm10_extreme
10633,"Victoria, Kolkata - WBPCB",22.5448082,88.3403691,2026-05-01 03:30:00+00:00,49.5,45.7,24.4,34.2,0.775,35.4,pm25_greater_than_pm10
10633,"Victoria, Kolkata - WBPCB",22.5448082,88.3403691,2026-05-05 05:30:00+00:00,40.1,29.8,22.9,6.79,0.659,6.37,pm25_greater_than_pm10
10633,"Victoria, Kolkata - WBPCB",22.5448082,88.3403691,2026-05-05 06:30:00+00:00,27.8,18.1,22.9,41.4,0.766,216.0,pm25_greater_than_pm10
10633,"Victoria, Kolkata - WBPCB",22.5448082,88.3403691,2026-05-06 05:30:00+00:00,43.7,38.1,21.2,12.7,0.493,42.5,pm25_greater_than_pm10
10633,"Victoria, Kolkata - WBPCB",22.5448082,88.3403691,2026-05-06 19:30:00+00:00,53.8,41.0,19.7,7.1,0.636,19.2,pm25_greater_than_pm10
10633,"Victoria, Kolkata - WBPCB",22.5448082,88.3403691,2026-05-06 20:30:00+00:00,49.7,40.1,19.3,6.82,0.604,17.2,pm25_greater_than_pm10
10633,"Victoria, Kolkata - WBPCB",22.5448082,88.3403691,2026-05-08 08:30:00+00:00,53.2,65.9,23.5,16.8,0.664,-1.91,o3_negative
10633,"Victoria, Kolkata - WBPCB",22.5448082,88.3403691,2026-05-09 07:30:00+00:00,74.1,71.2,21.1,10.5,0.709,51.6,pm25_greater_than_pm10
10633,"Victoria, Kolkata - WBPCB",22.5448082,88.3403691,2026-05-09 08:30:00+00:00,68.8,65.9,21.0,12.0,0.678,49.7,pm25_greater_than_pm10
10633,"Victoria, Kolkata - WBPCB",22.5448082,88.3403691,2026-05-11 02:30:00+00:00,65.9,64.4,20.9,14.6,0.508,26.4,pm25_greater_than_pm10
10633,"Victoria, Kolkata - WBPCB",22.5448082,88.3403691,2026-05-11 03:30:00+00:00,76.4,59.6,19.9,12.6,0.487,26.8,pm25_greater_than_pm10
10633,"Victoria, Kolkata - WBPCB",22.5448082,88.3403691,2026-05-11 04:30:00+00:00,66.3,55.5,19.8,13.9,0.536,32.4,pm25_greater_than_pm10
11582,"Stuart Hill, Madikeri - KSPCB",12.415911,75.73505,2026-09-16 11:30:00+00:00,16.0,14.0,1.93,5.45,0.21,1.64,pm25_greater_than_pm10
220265,"Rajbagh, Srinagar - JKSPCB",34.06621,74.81982,2026-05-12 07:30:00+00:00,3.9,0.5,0.0,2.82,0.3,0.15,pm25_greater_than_pm10
227534,"Gyaspur, Ahmedabad - IITM",22.977134,72.553024,2026-04-28 08:30:00+00:00,28.3,23.9,0.0,85.6,0.188,14.3,pm25_greater_than_pm10
227534,"Gyaspur, Ahmedabad - IITM",22.977134,72.553024,2026-04-28 09:30:00+00:00,29.3,12.0,8.96,174.0,0.0525,17.0,pm25_greater_than_pm10
227534,"Gyaspur, Ahmedabad - IITM",22.977134,72.553024,2026-04-28 10:30:00+00:00,22.3,3.2,13.9,172.0,0.015,15.6,pm25_greater_than_pm10
227534,"Gyaspur, Ahmedabad - IITM",22.977134,72.553024,2026-04-30 10:30:00+00:00,32.0,126.0,31.0,-1.43,0.0,31.9,so2_negative
227534,"Gyaspur, Ahmedabad - IITM",22.977134,72.553024,2026-04-30 11:30:00+00:00,30.8,149.0,26.8,-3.0,0.0,26.9,so2_negative
227534,"Gyaspur, Ahmedabad - IITM",22.977134,72.553024,2026-04-30 12:30:00+00:00,36.0,180.0,28.8,-2.38,0.0825,11.6,so2_negative
227534,"Gyaspur, Ahmedabad - IITM",22.977134,72.553024,2026-04-30 13:30:00+00:00,39.7,187.0,31.0,-0.488,0.178,8.05,so2_negative
227534,"Gyaspur, Ahmedabad - IITM",22.977134,72.553024,2026-05-02 06:30:00+00:00,30.3,123.0,14.9,-0.193,3.44,17.1,so2_negative
227534,"Gyaspur, Ahmedabad - IITM",22.977134,72.553024,2026-05-02 07:30:00+00:00,28.7,122.0,18.1,-5.62,3.16,25.0,so2_negative
227534,"Gyaspur, Ahmedabad - IITM",22.977134,72.553024,2026-05-02 08:30:00+00:00,27.1,117.0,22.6,-8.1,3.08,29.7,so2_negative
227534,"Gyaspur, Ahmedabad - IITM",22.977134,72.553024,2026-05-02 09:30:00+00:00,29.8,130.0,21.1,-8.54,3.31,22.1,so2_negative
227534,"Gyaspur, Ahmedabad - IITM",22.977134,72.553024,2026-05-02 10:30:00+00:00,37.5,189.0,41.8,-7.46,3.59,23.5,so2_negative
227534,"Gyaspur, Ahmedabad - IITM",22.977134,72.553024,2026-05-03 11:30:00+00:00,37.2,216.0,15.7,-1.55,3.64,10.5,so2_negative
227534,"Gyaspur, Ahmedabad - IITM",22.977134,72.553024,2026-05-03 12:30:00+00:00,34.5,229.0,16.5,-4.71,3.83,7.98,so2_negative
227534,"Gyaspur, Ahmedabad - IITM",22.977134,72.553024,2026-05-04 08:30:00+00:00,30.5,162.0,21.7,0.687,0.123,901.0,o3_extreme
227534,"Gyaspur, Ahmedabad - IITM",22.977134,72.553024,2026-05-04 10:30:00+00:00,34.9,0.538,23.1,4.67,0.158,32.0,pm25_greater_than_pm10
227534,"Gyaspur, Ahmedabad - IITM",22.977134,72.553024,2026-05-12 09:30:00+00:00,30.1,85.7,-22.3,38.9,0.63,64.8,no2_negative
227534,"Gyaspur, Ahmedabad - IITM",22.977134,72.553024,2026-05-14 06:30:00+00:00,38.3,99.3,69.9,24.3,-1.04,9.09,co_negative
227534,"Gyaspur, Ahmedabad - IITM",22.977134,72.553024,2026-06-01 18:30:00+00:00,1000.0,142.0,51.6,31.0,0.955,55.2,pm25_greater_than_pm10
227534,"Gyaspur, Ahmedabad - IITM",22.977134,72.553024,2026-06-01 19:30:00+00:00,1000.0,97.0,51.1,29.9,0.913,65.0,pm25_greater_than_pm10
227534,"Gyaspur, Ahmedabad - IITM",22.977134,72.553024,2026-06-01 20:30:00+00:00,1000.0,54.8,53.0,30.4,0.828,48.5,pm25_greater_than_pm10
227534,"Gyaspur, Ahmedabad - IITM",22.977134,72.553024,2026-06-01 21:30:00+00:00,1000.0,51.9,48.9,35.2,1.04,46.6,pm25_greater_than_pm10
227534,"Gyaspur, Ahmedabad - IITM",22.977134,72.553024,2026-06-01 22:30:00+00:00,1000.0,43.0,54.1,40.2,0.755,50.6,pm25_greater_than_pm10
227534,"Gyaspur, Ahmedabad - IITM",22.977134,72.553024,2026-06-01 23:30:00+00:00,1000.0,42.8,50.0,50.3,0.73,41.8,pm25_greater_than_pm10
227534,"Gyaspur, Ahmedabad - IITM",22.977134,72.553024,2026-06-02 00:30:00+00:00,1000.0,24.7,53.6,35.8,0.65,49.8,pm25_greater_than_pm10
227534,"Gyaspur, Ahmedabad - IITM",22.977134,72.553024,2026-06-02 02:30:00+00:00,29.4,26.9,66.6,29.0,0.488,138.0,pm25_greater_than_pm10
227534,"Gyaspur, Ahmedabad - IITM",22.977134,72.553024,2026-06-02 03:30:00+00:00,30.8,16.2,73.4,26.8,0.585,253.0,pm25_greater_than_pm10
227534,"Gyaspur, Ahmedabad - IITM",22.977134,72.553024,2026-06-04 07:30:00+00:00,14.8,0.0,0.0,0.0,1.87,0.0,pm25_greater_than_pm10
228352,"Shastripuram, Agra - UPPCB",27.19862,77.92066,2026-03-24 13:30:00+00:00,18.5,0.0,26.3,38.8,0.3,13.9,pm25_greater_than_pm10
228352,"Shastripuram, Agra - UPPCB",27.19862,77.92066,2026-03-24 14:30:00+00:00,34.2,0.0,26.2,33.1,0.3,13.4,pm25_greater_than_pm10
228352,"Shastripuram, Agra - UPPCB",27.19862,77.92066,2026-03-24 15:30:00+00:00,33.2,0.0,26.2,31.5,0.31,13.3,pm25_greater_than_pm10
228352,"Shastripuram, Agra - UPPCB",27.19862,77.92066,2026-03-24 16:30:00+00:00,36.4,0.0,26.2,29.1,0.3,13.3,pm25_greater_than_pm10
228352,"Shastripuram, Agra - UPPCB",27.19862,77.92066,2026-03-24 17:30:00+00:00,48.4,0.0,26.5,27.2,0.287,13.5,pm25_greater_than_pm10
228352,"Shastripuram, Agra - UPPCB",27.19862,77.92066,2026-03-24 18:30:00+00:00,43.9,0.0,26.5,25.0,0.27,13.6,pm25_greater_than_pm10
228352,"Shastripuram, Agra - UPPCB",27.19862,77.92066,2026-03-24 19:30:00+00:00,42.7,0.0,26.7,23.3,0.253,13.3,pm25_greater_than_pm10
228352,"Shastripuram, Agra - UPPCB",27.19862,77.92066,2026-03-24 20:30:00+00:00,41.8,0.0,26.8,22.0,0.25,13.1,pm25_greater_than_pm10
228352,"Shastripuram, Agra - UPPCB",27.19862,77.92066,2026-03-24 21:30:00+00:00,47.6,0.0,26.5,20.9,0.245,13.4,pm25_greater_than_pm10
228352,"Shastripuram, Agra - UPPCB",27.19862,77.92066,2026-03-24 22:30:00+00:00,54.1,0.0,26.7,19.5,0.25,13.6,pm25_greater_than_pm10
228352,"Shastripuram, Agra - UPPCB",27.19862,77.92066,2026-03-24 23:30:00+00:00,39.3,0.0,26.9,18.3,0.25,13.3,pm25_greater_than_pm10
228352,"Shastripuram, Agra - UPPCB",27.19862,77.92066,2026-03-25 00:30:00+00:00,47.8,0.0,26.9,17.7,0.275,12.9,pm25_greater_than_pm10
228352,"Shastripuram, Agra - UPPCB",27.19862,77.92066,2026-03-25 01:30:00+00:00,64.1,0.0,27.0,17.4,0.298,13.1,pm25_greater_than_pm10
228352,"Shastripuram, Agra - UPPCB",27.19862,77.92066,2026-03-25 02:30:00+00:00,53.2,0.0,26.8,17.8,0.308,13.3,pm25_greater_than_pm10
228352,"Shastripuram, Agra - UPPCB",27.19862,77.92066,2026-03-25 03:30:00+00:00,43.1,0.0,26.8,19.1,0.305,12.9,pm25_greater_than_pm10
228352,"Shastripuram, Agra - UPPCB",27.19862,77.92066,2026-03-25 04:30:00+00:00,27.3,0.0,26.7,21.5,0.29,12.5,pm25_greater_than_pm10
228352,"Shastripuram, Agra - UPPCB",27.19862,77.92066,2026-03-25 05:30:00+00:00,15.3,0.0,26.3,23.8,0.285,11.8,pm25_greater_than_pm10
228352,"Shastripuram, Agra - UPPCB",27.19862,77.92066,2026-03-26 02:30:00+00:00,75.3,0.0,20.2,35.2,0.525,13.5,pm25_greater_than_pm10
228352,"Shastripuram, Agra - UPPCB",27.19862,77.92066,2026-03-26 03:30:00+00:00,72.9,25.6,19.8,37.0,0.46,12.7,pm25_greater_than_pm10
228352,"Shastripuram, Agra - UPPCB",27.19862,77.92066,2026-03-27 01:30:00+00:00,32.1,0.0,19.4,43.6,0.298,14.1,pm25_greater_than_pm10
228352,"Shastripuram, Agra - UPPCB",27.19862,77.92066,2026-03-27 02:30:00+00:00,39.7,0.0,19.9,43.2,0.293,13.8,pm25_greater_than_pm10
228352,"Shastripuram, Agra - UPPCB",27.19862,77.92066,2026-03-28 02:30:00+00:00,44.0,0.0,19.8,38.7,0.24,14.1,pm25_greater_than_pm10
228352,"Shastripuram, Agra - UPPCB",27.19862,77.92066,2026-03-28 03:30:00+00:00,35.1,17.2,19.7,41.2,0.26,14.0,pm25_greater_than_pm10
228352,"Shastripuram, Agra - UPPCB",27.19862,77.92066,2026-03-29 01:30:00+00:00,41.9,0.0,19.5,45.1,0.315,13.9,pm25_greater_than_pm10
228352,"Shastripuram, Agra - UPPCB",27.19862,77.92066,2026-03-29 13:30:00+00:00,11.0,0.0,19.1,84.6,0.333,14.6,pm25_greater_than_pm10
228352,"Shastripuram, Agra - UPPCB",27.19862,77.92066,2026-03-29 14:30:00+00:00,23.4,0.0,19.1,78.8,0.36,14.8,pm25_greater_than_pm10
228352,"Shastripuram, Agra - UPPCB",27.19862,77.92066,2026-03-29 15:30:00+00:00,21.0,0.0,19.1,74.1,0.318,14.9,pm25_greater_than_pm10
228352,"Shastripuram, Agra - UPPCB",27.19862,77.92066,2026-03-29 16:30:00+00:00,17.6,0.0,19.1,70.1,0.333,14.5,pm25_greater_than_pm10
228352,"Shastripuram, Agra - UPPCB",27.19862,77.92066,2026-03-29 17:30:00+00:00,28.5,0.0,19.2,66.6,0.323,14.4,pm25_greater_than_pm10
228352,"Shastripuram, Agra - UPPCB",27.19862,77.92066,2026-03-29 18:30:00+00:00,24.5,0.0,19.4,62.0,0.295,14.4,pm25_greater_than_pm10
228352,"Shastripuram, Agra - UPPCB",27.19862,77.92066,2026-03-29 19:30:00+00:00,23.5,0.0,19.2,59.3,0.285,14.6,pm25_greater_than_pm10
228352,"Shastripuram, Agra - UPPCB",27.19862,77.92066,2026-03-29 20:30:00+00:00,23.3,0.0,19.5,55.9,0.288,14.4,pm25_greater_than_pm10
228352,"Shastripuram, Agra - UPPCB",27.19862,77.92066,2026-03-29 21:30:00+00:00,26.7,0.0,19.5,53.0,0.265,14.2,pm25_greater_than_pm10
228352,"Shastripuram, Agra - UPPCB",27.19862,77.92066,2026-03-29 22:30:00+00:00,24.8,0.0,19.5,50.5,0.22,14.1,pm25_greater_than_pm10
228352,"Shastripuram, Agra - UPPCB",27.19862,77.92066,2026-03-29 23:30:00+00:00,11.6,0.0,19.5,47.3,0.187,14.4,pm25_greater_than_pm10
228352,"Shastripuram, Agra - UPPCB",27.19862,77.92066,2026-03-30 00:30:00+00:00,13.7,0.0,19.5,45.8,0.183,14.3,pm25_greater_than_pm10
228352,"Shastripuram, Agra - UPPCB",27.19862,77.92066,2026-03-30 01:30:00+00:00,13.9,0.0,19.6,44.4,0.195,14.1,pm25_greater_than_pm10
228352,"Shastripuram, Agra - UPPCB",27.19862,77.92066,2026-03-30 03:30:00+00:00,36.2,0.0,19.5,47.3,0.28,14.2,pm25_greater_than_pm10
228352,"Shastripuram, Agra - UPPCB",27.19862,77.92066,2026-03-30 04:30:00+00:00,33.8,0.0,19.7,50.1,0.268,14.3,pm25_greater_than_pm10
228352,"Shastripuram, Agra - UPPCB",27.19862,77.92066,2026-03-30 05:30:00+00:00,21.4,0.0,19.3,53.0,0.253,14.2,pm25_greater_than_pm10
228352,"Shastripuram, Agra - UPPCB",27.19862,77.92066,2026-03-30 06:30:00+00:00,20.0,0.0,19.3,57.2,0.25,14.1,pm25_greater_than_pm10
228352,"Shastripuram, Agra - UPPCB",27.19862,77.92066,2026-03-30 07:30:00+00:00,11.6,0.0,19.2,61.5,0.243,14.3,pm25_greater_than_pm10
228352,"Shastripuram, Agra - UPPCB",27.19862,77.92066,2026-03-30 08:30:00+00:00,14.1,0.0,18.8,62.4,0.228,13.8,pm25_greater_than_pm10
228352,"Shastripuram, Agra - UPPCB",27.19862,77.92066,2026-03-30 09:30:00+00:00,18.4,0.0,15.9,22.9,0.117,11.9,pm25_greater_than_pm10
228352,"Shastripuram, Agra - UPPCB",27.19862,77.92066,2026-03-30 10:30:00+00:00,18.1,0.0,15.7,20.0,0.11,13.1,pm25_greater_than_pm10
228352,"Shastripuram, Agra - UPPCB",27.19862,77.92066,2026-03-30 11:30:00+00:00,15.2,0.0,16.1,21.5,0.103,13.6,pm25_greater_than_pm10
228352,"Shastripuram, Agra - UPPCB",27.19862,77.92066,2026-03-30 12:30:00+00:00,22.7,0.0,16.1,19.4,0.105,13.7,pm25_greater_than_pm10
228352,"Shastripuram, Agra - UPPCB",27.19862,77.92066,2026-03-30 13:30:00+00:00,17.5,0.0,16.1,16.9,0.128,13.8,pm25_greater_than_pm10
228352,"Shastripuram, Agra - UPPCB",27.19862,77.92066,2026-03-30 14:30:00+00:00,16.5,0.0,15.9,15.1,0.15,13.7,pm25_greater_than_pm10
228352,"Shastripuram, Agra - UPPCB",27.19862,77.92066,2026-03-30 15:30:00+00:00,21.3,0.0,16.4,13.7,0.13,13.2,pm25_greater_than_pm10
228352,"Shastripuram, Agra - UPPCB",27.19862,77.92066,2026-03-30 16:30:00+00:00,14.0,0.0,16.3,11.4,0.108,13.4,pm25_greater_than_pm10
228352,"Shastripuram, Agra - UPPCB",27.19862,77.92066,2026-03-30 17:30:00+00:00,7.7,0.0,16.1,9.72,0.103,13.9,pm25_greater_than_pm10
228352,"Shastripuram, Agra - UPPCB",27.19862,77.92066,2026-03-30 18:30:00+00:00,11.0,0.0,16.4,8.45,0.105,14.0,pm25_greater_than_pm10
228352,"Shastripuram, Agra - UPPCB",27.19862,77.92066,2026-03-30 19:30:00+00:00,11.8,0.0,16.3,7.89,0.1,13.5,pm25_greater_than_pm10
228352,"Shastripuram, Agra - UPPCB",27.19862,77.92066,2026-03-30 20:30:00+00:00,12.6,0.0,16.4,7.14,0.1,13.6,pm25_greater_than_pm10
228352,"Shastripuram, Agra - UPPCB",27.19862,77.92066,2026-03-30 21:30:00+00:00,12.0,0.0,16.4,6.41,0.108,13.7,pm25_greater_than_pm10
228352,"Shastripuram, Agra - UPPCB",27.19862,77.92066,2026-03-30 22:30:00+00:00,14.9,0.0,16.6,5.33,0.11,13.8,pm25_greater_than_pm10
228352,"Shastripuram, Agra - UPPCB",27.19862,77.92066,2026-03-30 23:30:00+00:00,13.8,0.0,16.5,4.07,0.11,13.6,pm25_greater_than_pm10
228352,"Shastripuram, Agra - UPPCB",27.19862,77.92066,2026-03-31 00:30:00+00:00,14.0,0.0,16.6,3.19,0.12,13.4,pm25_greater_than_pm10
228352,"Shastripuram, Agra - UPPCB",27.19862,77.92066,2026-03-31 01:30:00+00:00,30.5,0.0,16.5,3.06,0.167,13.5,pm25_greater_than_pm10
228352,"Shastripuram, Agra - UPPCB",27.19862,77.92066,2026-03-31 02:30:00+00:00,37.2,0.0,16.6,3.92,0.205,13.5,pm25_greater_than_pm10
228352,"Shastripuram, Agra - UPPCB",27.19862,77.92066,2026-03-31 03:30:00+00:00,35.9,0.0,16.4,6.1,0.238,13.4,pm25_greater_than_pm10
228352,"Shastripuram, Agra - UPPCB",27.19862,77.92066,2026-03-31 04:30:00+00:00,23.5,0.0,16.2,10.2,0.24,13.1,pm25_greater_than_pm10
228352,"Shastripuram, Agra - UPPCB",27.19862,77.92066,2026-03-31 05:30:00+00:00,11.7,0.0,16.4,11.8,0.22,11.6,pm25_greater_than_pm10
228352,"Shastripuram, Agra - UPPCB",27.19862,77.92066,2026-03-31 06:30:00+00:00,13.5,0.0,17.0,13.9,0.1,12.8,pm25_greater_than_pm10
228352,"Shastripuram, Agra - UPPCB",27.19862,77.92066,2026-03-31 07:30:00+00:00,10.6,0.0,45.3,7.89,0.08,13.6,pm25_greater_than_pm10
228352,"Shastripuram, Agra - UPPCB",27.19862,77.92066,2026-03-31 08:30:00+00:00,9.6,6.27,44.8,10.6,0.105,12.5,pm25_greater_than_pm10
228352,"Shastripuram, Agra - UPPCB",27.19862,77.92066,2026-03-31 12:30:00+00:00,18.1,0.0,45.2,8.18,0.16,12.3,pm25_greater_than_pm10
228352,"Shastripuram, Agra - UPPCB",27.19862,77.92066,2026-03-31 13:30:00+00:00,37.0,14.4,45.4,2.63,0.14,12.6,pm25_greater_than_pm10
228352,"Shastripuram, Agra - UPPCB",27.19862,77.92066,2026-03-31 20:30:00+00:00,9.45,8.43,45.6,1.83,0.11,12.5,pm25_greater_than_pm10
228352,"Shastripuram, Agra - UPPCB",27.19862,77.92066,2026-04-01 04:30:00+00:00,14.5,0.0,45.4,1.91,0.15,12.1,pm25_greater_than_pm10
228352,"Shastripuram, Agra - UPPCB",27.19862,77.92066,2026-04-01 05:30:00+00:00,16.1,0.0,45.4,1.99,0.147,11.7,pm25_greater_than_pm10
228352,"Shastripuram, Agra - UPPCB",27.19862,77.92066,2026-04-01 11:30:00+00:00,11.8,0.0,45.4,1.94,0.133,11.9,pm25_greater_than_pm10
228352,"Shastripuram, Agra - UPPCB",27.19862,77.92066,2026-04-01 12:30:00+00:00,17.5,0.0,45.3,2.23,0.165,10.6,pm25_greater_than_pm10
228352,"Shastripuram, Agra - UPPCB",27.19862,77.92066,2026-04-03 17:30:00+00:00,19.1,19.0,24.1,8.98,0.223,13.3,pm25_greater_than_pm10
228352,"Shastripuram, Agra - UPPCB",27.19862,77.92066,2026-04-04 06:30:00+00:00,14.9,0.0,24.2,3.76,0.2,11.8,pm25_greater_than_pm10
228352,"Shastripuram, Agra - UPPCB",27.19862,77.92066,2026-04-07 22:30:00+00:00,15.2,12.0,24.4,3.81,0.135,12.6,pm25_greater_than_pm10
228352,"Shastripuram, Agra - UPPCB",27.19862,77.92066,2026-04-07 23:30:00+00:00,16.8,11.7,24.2,3.98,0.138,13.1,pm25_greater_than_pm10
228352,"Shastripuram, Agra - UPPCB",27.19862,77.92066,2026-04-29 02:30:00+00:00,50.3,0.0,12.7,3.63,0.185,12.8,pm25_greater_than_pm10
228352,"Shastripuram, Agra - UPPCB",27.19862,77.92066,2026-04-30 00:30:00+00:00,11.7,0.0,12.6,3.27,0.127,12.9,pm25_greater_than_pm10
228352,"Shastripuram, Agra - UPPCB",27.19862,77.92066,2026-04-30 01:30:00+00:00,18.9,0.0,12.6,3.33,0.13,14.3,pm25_greater_than_pm10
228352,"Shastripuram, Agra - UPPCB",27.19862,77.92066,2026-04-30 02:30:00+00:00,21.0,0.0,12.5,3.3,0.158,13.2,pm25_greater_than_pm10
228352,"Shastripuram, Agra - UPPCB",27.19862,77.92066,2026-04-30 03:30:00+00:00,15.1,0.0,12.8,3.36,0.173,14.0,pm25_greater_than_pm10
228352,"Shastripuram, Agra - UPPCB",27.19862,77.92066,2026-04-30 04:30:00+00:00,14.2,0.0,12.5,3.35,0.165,40.4,pm25_greater_than_pm10
228352,"Shastripuram, Agra - UPPCB",27.19862,77.92066,2026-04-30 10:30:00+00:00,16.7,0.0,12.7,2.99,0.118,38.7,pm25_greater_than_pm10
228352,"Shastripuram, Agra - UPPCB",27.19862,77.92066,2026-04-30 11:30:00+00:00,18.4,8.54,12.5,3.43,0.115,29.9,pm25_greater_than_pm10
228352,"Shastripuram, Agra - UPPCB",27.19862,77.92066,2026-04-30 22:30:00+00:00,13.5,12.5,12.8,3.82,0.115,27.3,pm25_greater_than_pm10
228352,"Shastripuram, Agra - UPPCB",27.19862,77.92066,2026-05-04 00:30:00+00:00,5.76,4.37,12.6,4.09,0.103,18.0,pm25_greater_than_pm10
228352,"Shastripuram, Agra - UPPCB",27.19862,77.92066,2026-05-04 11:30:00+00:00,6.95,5410.0,12.7,3.25,0.11,34.5,pm10_extreme
228352,"Shastripuram, Agra - UPPCB",27.19862,77.92066,2026-05-07 19:30:00+00:00,22.6,20.9,12.5,3.73,0.148,23.9,pm25_greater_than_pm10
228352,"Shastripuram, Agra - UPPCB",27.19862,77.92066,2026-05-13 05:30:00+00:00,41.6,0.0,12.6,3.9,0.253,37.8,pm25_greater_than_pm10
228352,"Shastripuram, Agra - UPPCB",27.19862,77.92066,2026-05-13 06:30:00+00:00,36.5,0.0,12.6,3.81,0.223,16.9,pm25_greater_than_pm10
228352,"Shastripuram, Agra - UPPCB",27.19862,77.92066,2026-05-13 07:30:00+00:00,35.8,0.0,12.8,3.65,0.2,13.9,pm25_greater_than_pm10
228352,"Shastripuram, Agra - UPPCB",27.19862,77.92066,2026-05-13 08:30:00+00:00,28.8,0.0,12.7,3.65,0.198,24.6,pm25_greater_than_pm10
228352,"Shastripuram, Agra - UPPCB",27.19862,77.92066,2026-05-13 09:30:00+00:00,30.6,0.0,12.5,3.76,0.193,37.4,pm25_greater_than_pm10
228352,"Shastripuram, Agra - UPPCB",27.19862,77.92066,2026-05-13 10:30:00+00:00,32.4,0.0,12.6,3.75,0.19,54.1,pm25_greater_than_pm10
228352,"Shastripuram, Agra - UPPCB",27.19862,77.92066,2026-05-13 23:30:00+00:00,18.8,0.0,12.6,3.92,0.153,34.2,pm25_greater_than_pm10
228352,"Shastripuram, Agra - UPPCB",27.19862,77.92066,2026-05-14 05:30:00+00:00,32.7,0.0,12.6,3.86,0.195,19.3,pm25_greater_than_pm10
228352,"Shastripuram, Agra - UPPCB",27.19862,77.92066,2026-05-14 06:30:00+00:00,22.0,0.0,12.8,3.5,0.17,30.4,pm25_greater_than_pm10
228352,"Shastripuram, Agra - UPPCB",27.19862,77.92066,2026-05-14 10:30:00+00:00,23.6,0.0,12.6,3.43,0.17,18.7,pm25_greater_than_pm10
228352,"Shastripuram, Agra - UPPCB",27.19862,77.92066,2026-05-15 05:30:00+00:00,20.6,0.0,12.7,3.81,0.17,21.3,pm25_greater_than_pm10
228352,"Shastripuram, Agra - UPPCB",27.19862,77.92066,2026-05-15 06:30:00+00:00,16.8,0.0,12.6,3.68,0.153,25.6,pm25_greater_than_pm10
228352,"Shastripuram, Agra - UPPCB",27.19862,77.92066,2026-05-15 07:30:00+00:00,16.9,0.0,12.6,3.61,0.145,27.2,pm25_greater_than_pm10
228352,"Shastripuram, Agra - UPPCB",27.19862,77.92066,2026-05-15 08:30:00+00:00,12.7,0.0,12.6,3.64,0.123,27.6,pm25_greater_than_pm10
228352,"Shastripuram, Agra - UPPCB",27.19862,77.92066,2026-05-15 09:30:00+00:00,15.4,0.0,12.6,3.66,0.12,28.4,pm25_greater_than_pm10
228352,"Shastripuram, Agra - UPPCB",27.19862,77.92066,2026-05-15 10:30:00+00:00,13.0,0.0,12.6,3.46,0.123,32.8,pm25_greater_than_pm10
228352,"Shastripuram, Agra - UPPCB",27.19862,77.92066,2026-05-15 11:30:00+00:00,14.0,0.0,12.7,3.59,0.133,31.3,pm25_greater_than_pm10
228352,"Shastripuram, Agra - UPPCB",27.19862,77.92066,2026-05-15 12:30:00+00:00,25.2,0.0,12.6,3.59,0.167,22.6,pm25_greater_than_pm10
228352,"Shastripuram, Agra - UPPCB",27.19862,77.92066,2026-05-15 13:30:00+00:00,19.9,0.0,12.6,3.51,0.24,17.3,pm25_greater_than_pm10
228352,"Shastripuram, Agra - UPPCB",27.19862,77.92066,2026-05-15 14:30:00+00:00,21.5,0.0,12.7,3.61,0.335,22.0,pm25_greater_than_pm10
228352,"Shastripuram, Agra - UPPCB",27.19862,77.92066,2026-05-15 15:30:00+00:00,30.9,0.0,12.6,3.63,0.263,23.7,pm25_greater_than_pm10
228352,"Shastripuram, Agra - UPPCB",27.19862,77.92066,2026-05-15 16:30:00+00:00,26.9,0.0,12.5,3.7,0.245,25.1,pm25_greater_than_pm10
228352,"Shastripuram, Agra - UPPCB",27.19862,77.92066,2026-05-15 17:30:00+00:00,24.7,0.0,12.5,3.7,0.213,25.3,pm25_greater_than_pm10
228352,"Shastripuram, Agra - UPPCB",27.19862,77.92066,2026-05-15 19:30:00+00:00,24.0,0.0,12.6,3.97,0.18,17.6,pm25_greater_than_pm10
228352,"Shastripuram, Agra - UPPCB",27.19862,77.92066,2026-05-15 20:30:00+00:00,18.8,0.0,12.6,3.82,0.19,28.9,pm25_greater_than_pm10
228352,"Shastripuram, Agra - UPPCB",27.19862,77.92066,2026-05-15 21:30:00+00:00,19.2,0.0,12.5,4.09,0.19,101.0,pm25_greater_than_pm10
228352,"Shastripuram, Agra - UPPCB",27.19862,77.92066,2026-05-15 22:30:00+00:00,24.9,0.0,12.7,3.84,0.193,18.7,pm25_greater_than_pm10
228352,"Shastripuram, Agra - UPPCB",27.19862,77.92066,2026-05-15 23:30:00+00:00,32.3,0.0,12.8,3.97,0.213,23.0,pm25_greater_than_pm10
228352,"Shastripuram, Agra - UPPCB",27.19862,77.92066,2026-05-16 00:30:00+00:00,38.1,0.0,12.6,4.04,0.233,34.4,pm25_greater_than_pm10
228352,"Shastripuram, Agra - UPPCB",27.19862,77.92066,2026-05-16 01:30:00+00:00,36.8,0.0,12.7,3.93,0.27,49.4,pm25_greater_than_pm10
228352,"Shastripuram, Agra - UPPCB",27.19862,77.92066,2026-05-16 02:30:00+00:00,43.1,0.0,12.7,3.9,0.245,30.8,pm25_greater_than_pm10
228352,"Shastripuram, Agra - UPPCB",27.19862,77.92066,2026-05-16 03:30:00+00:00,35.1,0.0,12.6,3.99,0.218,19.5,pm25_greater_than_pm10
228352,"Shastripuram, Agra - UPPCB",27.19862,77.92066,2026-05-16 04:30:00+00:00,23.1,0.0,12.8,3.9,0.19,16.8,pm25_greater_than_pm10
228352,"Shastripuram, Agra - UPPCB",27.19862,77.92066,2026-05-16 05:30:00+00:00,19.2,0.0,12.6,3.99,0.178,26.4,pm25_greater_than_pm10
228352,"Shastripuram, Agra - UPPCB",27.19862,77.92066,2026-05-17 04:30:00+00:00,30.8,0.0,12.6,3.61,0.213,13.1,pm25_greater_than_pm10
228352,"Shastripuram, Agra - UPPCB",27.19862,77.92066,2026-05-18 03:30:00+00:00,32.3,0.0,12.5,3.36,0.208,13.0,pm25_greater_than_pm10
228352,"Shastripuram, Agra - UPPCB",27.19862,77.92066,2026-05-18 04:30:00+00:00,24.9,0.0,12.7,3.54,0.18,12.6,pm25_greater_than_pm10
228352,"Shastripuram, Agra - UPPCB",27.19862,77.92066,2026-05-19 05:30:00+00:00,21.0,0.0,12.5,4.84,0.157,12.6,pm25_greater_than_pm10
228352,"Shastripuram, Agra - UPPCB",27.19862,77.92066,2026-05-19 06:30:00+00:00,20.4,0.0,12.6,5.62,0.2,13.1,pm25_greater_than_pm10
228352,"Shastripuram, Agra - UPPCB",27.19862,77.92066,2026-05-19 07:30:00+00:00,16.9,0.0,12.7,7.14,0.213,13.9,pm25_greater_than_pm10
228352,"Shastripuram, Agra - UPPCB",27.19862,77.92066,2026-05-19 08:30:00+00:00,19.8,0.0,12.7,9.77,0.23,12.8,pm25_greater_than_pm10
228352,"Shastripuram, Agra - UPPCB",27.19862,77.92066,2026-05-19 09:30:00+00:00,18.2,0.0,12.7,11.4,0.238,13.5,pm25_greater_than_pm10
228352,"Shastripuram, Agra - UPPCB",27.19862,77.92066,2026-05-19 10:30:00+00:00,15.4,0.0,12.6,13.7,0.238,13.9,pm25_greater_than_pm10
228352,"Shastripuram, Agra - UPPCB",27.19862,77.92066,2026-05-19 11:30:00+00:00,17.2,0.0,12.4,15.3,0.243,13.8,pm25_greater_than_pm10
228352,"Shastripuram, Agra - UPPCB",27.19862,77.92066,2026-05-20 04:30:00+00:00,20.7,0.0,12.7,3.26,0.16,13.1,pm25_greater_than_pm10
228352,"Shastripuram, Agra - UPPCB",27.19862,77.92066,2026-05-20 05:30:00+00:00,16.1,0.0,12.8,6.1,0.19,12.8,pm25_greater_than_pm10
228352,"Shastripuram, Agra - UPPCB",27.19862,77.92066,2026-05-20 06:30:00+00:00,15.3,0.0,12.7,6.57,0.195,12.8,pm25_greater_than_pm10
228352,"Shastripuram, Agra - UPPCB",27.19862,77.92066,2026-05-20 07:30:00+00:00,14.1,0.0,12.7,8.18,0.203,12.7,pm25_greater_than_pm10
228352,"Shastripuram, Agra - UPPCB",27.19862,77.92066,2026-05-20 08:30:00+00:00,16.3,0.0,12.7,9.8,0.215,13.5,pm25_greater_than_pm10
228352,"Shastripuram, Agra - UPPCB",27.19862,77.92066,2026-05-20 09:30:00+00:00,9.95,0.0,12.6,12.7,0.245,13.5,pm25_greater_than_pm10
228352,"Shastripuram, Agra - UPPCB",27.19862,77.92066,2026-05-20 10:30:00+00:00,6.89,0.0,12.4,16.0,0.26,13.2,pm25_greater_than_pm10
228352,"Shastripuram, Agra - UPPCB",27.19862,77.92066,2026-05-20 11:30:00+00:00,6.2,0.0,12.2,18.1,0.26,13.3,pm25_greater_than_pm10
228352,"Shastripuram, Agra - UPPCB",27.19862,77.92066,2026-05-20 12:30:00+00:00,13.6,0.0,12.1,19.1,0.258,14.0,pm25_greater_than_pm10
228352,"Shastripuram, Agra - UPPCB",27.19862,77.92066,2026-05-20 13:30:00+00:00,14.6,0.0,12.3,17.5,0.26,13.8,pm25_greater_than_pm10
228352,"Shastripuram, Agra - UPPCB",27.19862,77.92066,2026-05-20 14:30:00+00:00,19.5,0.0,12.5,15.8,0.248,13.5,pm25_greater_than_pm10
228352,"Shastripuram, Agra - UPPCB",27.19862,77.92066,2026-05-20 15:30:00+00:00,16.1,0.0,12.5,12.6,0.2,13.5,pm25_greater_than_pm10
228352,"Shastripuram, Agra - UPPCB",27.19862,77.92066,2026-05-20 16:30:00+00:00,14.5,0.0,12.7,9.35,0.16,13.5,pm25_greater_than_pm10
228352,"Shastripuram, Agra - UPPCB",27.19862,77.92066,2026-05-20 17:30:00+00:00,17.2,0.0,12.6,3.72,0.14,13.3,pm25_greater_than_pm10
228352,"Shastripuram, Agra - UPPCB",27.19862,77.92066,2026-05-20 18:30:00+00:00,15.6,0.0,12.7,2.31,0.145,12.9,pm25_greater_than_pm10
228352,"Shastripuram, Agra - UPPCB",27.19862,77.92066,2026-05-20 19:30:00+00:00,15.6,0.0,12.6,2.18,0.138,13.1,pm25_greater_than_pm10
228352,"Shastripuram, Agra - UPPCB",27.19862,77.92066,2026-05-20 20:30:00+00:00,11.4,0.0,12.7,2.23,0.13,12.8,pm25_greater_than_pm10
228352,"Shastripuram, Agra - UPPCB",27.19862,77.92066,2026-05-20 21:30:00+00:00,10.6,0.0,12.6,2.33,0.135,12.7,pm25_greater_than_pm10
228352,"Shastripuram, Agra - UPPCB",27.19862,77.92066,2026-05-20 22:30:00+00:00,9.61,0.0,12.7,2.5,0.13,13.0,pm25_greater_than_pm10
228352,"Shastripuram, Agra - UPPCB",27.19862,77.92066,2026-05-20 23:30:00+00:00,8.3,0.0,12.6,2.45,0.137,12.7,pm25_greater_than_pm10
228352,"Shastripuram, Agra - UPPCB",27.19862,77.92066,2026-05-21 00:30:00+00:00,14.1,0.0,12.7,2.54,0.155,13.4,pm25_greater_than_pm10
228352,"Shastripuram, Agra - UPPCB",27.19862,77.92066,2026-05-21 01:30:00+00:00,16.1,0.0,12.9,2.6,0.16,13.1,pm25_greater_than_pm10
228352,"Shastripuram, Agra - UPPCB",27.19862,77.92066,2026-05-21 02:30:00+00:00,18.2,0.0,12.9,2.75,0.153,13.9,pm25_greater_than_pm10
228352,"Shastripuram, Agra - UPPCB",27.19862,77.92066,2026-05-21 03:30:00+00:00,22.4,0.0,22.6,2.84,0.143,13.2,pm25_greater_than_pm10
228352,"Shastripuram, Agra - UPPCB",27.19862,77.92066,2026-05-21 04:30:00+00:00,29.8,0.0,42.5,3.37,0.133,13.2,pm25_greater_than_pm10
228352,"Shastripuram, Agra - UPPCB",27.19862,77.92066,2026-05-21 05:30:00+00:00,37.0,0.0,42.5,4.99,0.158,12.6,pm25_greater_than_pm10
228352,"Shastripuram, Agra - UPPCB",27.19862,77.92066,2026-05-21 06:30:00+00:00,33.9,0.0,42.3,6.48,0.175,13.4,pm25_greater_than_pm10
228352,"Shastripuram, Agra - UPPCB",27.19862,77.92066,2026-05-21 07:30:00+00:00,35.6,0.0,42.3,8.41,0.195,13.4,pm25_greater_than_pm10
228352,"Shastripuram, Agra - UPPCB",27.19862,77.92066,2026-05-21 22:30:00+00:00,13.6,0.0,42.6,2.75,0.163,12.7,pm25_greater_than_pm10
228352,"Shastripuram, Agra - UPPCB",27.19862,77.92066,2026-05-21 23:30:00+00:00,11.8,0.0,42.6,2.59,0.163,13.1,pm25_greater_than_pm10
228352,"Shastripuram, Agra - UPPCB",27.19862,77.92066,2026-05-22 00:30:00+00:00,17.8,0.0,42.7,2.64,0.195,13.1,pm25_greater_than_pm10
228352,"Shastripuram, Agra - UPPCB",27.19862,77.92066,2026-05-22 01:30:00+00:00,27.7,0.0,42.6,2.94,0.205,13.1,pm25_greater_than_pm10
228352,"Shastripuram, Agra - UPPCB",27.19862,77.92066,2026-05-22 02:30:00+00:00,23.6,0.0,42.6,2.86,0.195,13.4,pm25_greater_than_pm10
228352,"Shastripuram, Agra - UPPCB",27.19862,77.92066,2026-05-22 03:30:00+00:00,25.6,0.0,42.4,3.07,0.187,13.8,pm25_greater_than_pm10
228352,"Shastripuram, Agra - UPPCB",27.19862,77.92066,2026-05-22 05:30:00+00:00,33.4,0.0,42.4,5.15,0.155,13.3,pm25_greater_than_pm10
228352,"Shastripuram, Agra - UPPCB",27.19862,77.92066,2026-05-22 06:30:00+00:00,32.7,0.0,42.5,6.23,0.188,13.0,pm25_greater_than_pm10
228352,"Shastripuram, Agra - UPPCB",27.19862,77.92066,2026-05-22 07:30:00+00:00,27.1,0.0,42.5,7.84,0.2,13.0,pm25_greater_than_pm10
228352,"Shastripuram, Agra - UPPCB",27.19862,77.92066,2026-05-22 08:30:00+00:00,26.6,0.0,46.8,10.6,0.205,13.6,pm25_greater_than_pm10
228352,"Shastripuram, Agra - UPPCB",27.19862,77.92066,2026-05-22 09:30:00+00:00,24.3,0.0,46.7,13.1,0.213,13.7,pm25_greater_than_pm10
228352,"Shastripuram, Agra - UPPCB",27.19862,77.92066,2026-05-22 10:30:00+00:00,30.3,0.0,46.4,15.8,0.208,13.5,pm25_greater_than_pm10
228352,"Shastripuram, Agra - UPPCB",27.19862,77.92066,2026-05-22 19:30:00+00:00,32.5,0.0,47.2,3.27,0.225,13.4,pm25_greater_than_pm10
228352,"Shastripuram, Agra - UPPCB",27.19862,77.92066,2026-05-22 20:30:00+00:00,29.6,0.0,47.0,3.12,0.215,13.0,pm25_greater_than_pm10
228352,"Shastripuram, Agra - UPPCB",27.19862,77.92066,2026-05-22 21:30:00+00:00,26.2,0.0,47.1,3.31,0.21,13.3,pm25_greater_than_pm10
228352,"Shastripuram, Agra - UPPCB",27.19862,77.92066,2026-05-22 22:30:00+00:00,26.3,0.0,47.1,3.49,0.213,13.4,pm25_greater_than_pm10
228352,"Shastripuram, Agra - UPPCB",27.19862,77.92066,2026-05-22 23:30:00+00:00,25.8,0.0,47.3,3.58,0.22,13.0,pm25_greater_than_pm10
228352,"Shastripuram, Agra - UPPCB",27.19862,77.92066,2026-05-23 00:30:00+00:00,28.3,0.0,47.0,3.61,0.255,13.6,pm25_greater_than_pm10
228352,"Shastripuram, Agra - UPPCB",27.19862,77.92066,2026-05-23 01:30:00+00:00,34.5,0.0,47.2,3.66,0.27,13.1,pm25_greater_than_pm10
228352,"Shastripuram, Agra - UPPCB",27.19862,77.92066,2026-05-23 02:30:00+00:00,43.4,0.0,47.2,3.66,0.273,13.1,pm25_greater_than_pm10
228352,"Shastripuram, Agra - UPPCB",27.19862,77.92066,2026-05-23 03:30:00+00:00,37.9,0.0,47.1,3.71,0.23,13.4,pm25_greater_than_pm10
228352,"Shastripuram, Agra - UPPCB",27.19862,77.92066,2026-05-23 04:30:00+00:00,26.9,0.0,47.2,5.85,0.205,12.8,pm25_greater_than_pm10
228352,"Shastripuram, Agra - UPPCB",27.19862,77.92066,2026-05-23 05:30:00+00:00,18.2,0.0,47.0,7.75,0.227,13.1,pm25_greater_than_pm10
228352,"Shastripuram, Agra - UPPCB",27.19862,77.92066,2026-05-23 06:30:00+00:00,19.1,0.0,47.1,8.54,0.238,13.3,pm25_greater_than_pm10
228352,"Shastripuram, Agra - UPPCB",27.19862,77.92066,2026-05-23 07:30:00+00:00,26.0,0.0,46.9,9.75,0.245,13.4,pm25_greater_than_pm10
228352,"Shastripuram, Agra - UPPCB",27.19862,77.92066,2026-05-23 08:30:00+00:00,42.8,0.0,46.9,11.6,0.23,13.5,pm25_greater_than_pm10
228352,"Shastripuram, Agra - UPPCB",27.19862,77.92066,2026-05-23 09:30:00+00:00,54.5,0.0,46.8,13.1,0.23,13.5,pm25_greater_than_pm10
228352,"Shastripuram, Agra - UPPCB",27.19862,77.92066,2026-05-23 10:30:00+00:00,29.2,0.0,47.0,12.3,0.21,13.9,pm25_greater_than_pm10
228352,"Shastripuram, Agra - UPPCB",27.19862,77.92066,2026-05-23 11:30:00+00:00,35.9,0.0,47.0,11.6,0.21,13.8,pm25_greater_than_pm10
228352,"Shastripuram, Agra - UPPCB",27.19862,77.92066,2026-05-23 12:30:00+00:00,36.4,0.0,46.9,11.0,0.223,13.4,pm25_greater_than_pm10
228352,"Shastripuram, Agra - UPPCB",27.19862,77.92066,2026-05-23 13:30:00+00:00,34.0,0.0,46.9,7.97,0.2,14.0,pm25_greater_than_pm10
228352,"Shastripuram, Agra - UPPCB",27.19862,77.92066,2026-05-23 14:30:00+00:00,32.8,0.0,47.1,3.59,0.213,14.4,pm25_greater_than_pm10
228352,"Shastripuram, Agra - UPPCB",27.19862,77.92066,2026-05-23 15:30:00+00:00,37.4,0.0,47.1,2.88,0.23,13.1,pm25_greater_than_pm10
228352,"Shastripuram, Agra - UPPCB",27.19862,77.92066,2026-05-23 16:30:00+00:00,41.5,0.0,47.0,2.9,0.195,13.6,pm25_greater_than_pm10
228352,"Shastripuram, Agra - UPPCB",27.19862,77.92066,2026-05-23 17:30:00+00:00,27.1,0.0,47.0,2.81,0.187,13.7,pm25_greater_than_pm10
228352,"Shastripuram, Agra - UPPCB",27.19862,77.92066,2026-05-23 19:30:00+00:00,31.1,0.0,47.2,2.97,0.155,13.3,pm25_greater_than_pm10
228352,"Shastripuram, Agra - UPPCB",27.19862,77.92066,2026-05-23 20:30:00+00:00,25.9,0.0,47.0,2.85,0.148,13.4,pm25_greater_than_pm10
228352,"Shastripuram, Agra - UPPCB",27.19862,77.92066,2026-05-23 21:30:00+00:00,23.2,0.0,47.1,2.81,0.143,13.1,pm25_greater_than_pm10
228352,"Shastripuram, Agra - UPPCB",27.19862,77.92066,2026-05-23 22:30:00+00:00,20.0,0.0,47.1,2.93,0.135,13.4,pm25_greater_than_pm10
228352,"Shastripuram, Agra - UPPCB",27.19862,77.92066,2026-05-23 23:30:00+00:00,19.6,0.0,47.1,3.03,0.155,13.2,pm25_greater_than_pm10
228352,"Shastripuram, Agra - UPPCB",27.19862,77.92066,2026-05-24 00:30:00+00:00,27.8,0.0,47.1,3.07,0.193,13.1,pm25_greater_than_pm10
228352,"Shastripuram, Agra - UPPCB",27.19862,77.92066,2026-05-24 01:30:00+00:00,40.6,0.0,47.2,3.24,0.188,13.5,pm25_greater_than_pm10
228352,"Shastripuram, Agra - UPPCB",27.19862,77.92066,2026-05-24 02:30:00+00:00,37.0,0.0,47.2,3.27,0.19,13.0,pm25_greater_than_pm10
228352,"Shastripuram, Agra - UPPCB",27.19862,77.92066,2026-05-24 03:30:00+00:00,32.3,0.0,47.2,3.32,0.17,13.4,pm25_greater_than_pm10
228352,"Shastripuram, Agra - UPPCB",27.19862,77.92066,2026-05-24 04:30:00+00:00,26.1,0.0,47.2,3.25,0.148,13.1,pm25_greater_than_pm10
228352,"Shastripuram, Agra - UPPCB",27.19862,77.92066,2026-05-24 05:30:00+00:00,19.9,0.0,47.2,4.04,0.125,13.0,pm25_greater_than_pm10
228352,"Shastripuram, Agra - UPPCB",27.19862,77.92066,2026-05-24 06:30:00+00:00,18.0,0.0,47.1,5.74,0.155,12.6,pm25_greater_than_pm10
228352,"Shastripuram, Agra - UPPCB",27.19862,77.92066,2026-05-24 07:30:00+00:00,7.31,0.0,47.0,6.85,0.2,13.1,pm25_greater_than_pm10
228352,"Shastripuram, Agra - UPPCB",27.19862,77.92066,2026-05-24 08:30:00+00:00,9.9,0.0,46.9,8.53,0.223,13.1,pm25_greater_than_pm10
228352,"Shastripuram, Agra - UPPCB",27.19862,77.92066,2026-05-24 09:30:00+00:00,15.7,0.0,46.9,10.5,0.243,13.1,pm25_greater_than_pm10
228352,"Shastripuram, Agra - UPPCB",27.19862,77.92066,2026-05-24 10:30:00+00:00,13.1,0.0,46.8,12.5,0.25,13.7,pm25_greater_than_pm10
228352,"Shastripuram, Agra - UPPCB",27.19862,77.92066,2026-05-24 11:30:00+00:00,17.4,0.0,46.6,14.3,0.257,13.7,pm25_greater_than_pm10
228352,"Shastripuram, Agra - UPPCB",27.19862,77.92066,2026-05-24 12:30:00+00:00,30.4,0.0,46.7,15.3,0.275,13.6,pm25_greater_than_pm10
228352,"Shastripuram, Agra - UPPCB",27.19862,77.92066,2026-05-24 13:30:00+00:00,37.4,0.0,46.8,14.8,0.338,13.5,pm25_greater_than_pm10
228352,"Shastripuram, Agra - UPPCB",27.19862,77.92066,2026-05-24 14:30:00+00:00,35.0,0.0,47.0,13.4,0.388,13.8,pm25_greater_than_pm10
228352,"Shastripuram, Agra - UPPCB",27.19862,77.92066,2026-05-24 15:30:00+00:00,37.1,0.0,47.0,11.9,0.338,13.8,pm25_greater_than_pm10
228352,"Shastripuram, Agra - UPPCB",27.19862,77.92066,2026-05-24 16:30:00+00:00,31.5,0.0,47.0,9.56,0.278,13.3,pm25_greater_than_pm10
228352,"Shastripuram, Agra - UPPCB",27.19862,77.92066,2026-05-24 17:30:00+00:00,29.0,0.0,47.0,7.32,0.24,13.0,pm25_greater_than_pm10
228352,"Shastripuram, Agra - UPPCB",27.19862,77.92066,2026-05-24 18:30:00+00:00,25.6,0.0,46.8,5.74,0.17,13.6,pm25_greater_than_pm10
228352,"Shastripuram, Agra - UPPCB",27.19862,77.92066,2026-05-24 19:30:00+00:00,23.0,0.0,47.1,5.2,0.13,13.2,pm25_greater_than_pm10
228352,"Shastripuram, Agra - UPPCB",27.19862,77.92066,2026-05-24 20:30:00+00:00,18.9,0.0,46.9,2.99,0.118,13.2,pm25_greater_than_pm10
228352,"Shastripuram, Agra - UPPCB",27.19862,77.92066,2026-05-24 21:30:00+00:00,18.1,0.0,47.0,2.63,0.11,13.5,pm25_greater_than_pm10
228352,"Shastripuram, Agra - UPPCB",27.19862,77.92066,2026-05-24 22:30:00+00:00,20.2,0.0,47.0,2.68,0.1,13.0,pm25_greater_than_pm10
228352,"Shastripuram, Agra - UPPCB",27.19862,77.92066,2026-05-24 23:30:00+00:00,15.0,0.0,47.0,2.67,0.1,13.2,pm25_greater_than_pm10
228352,"Shastripuram, Agra - UPPCB",27.19862,77.92066,2026-05-25 00:30:00+00:00,16.3,0.0,47.3,2.66,0.108,13.2,pm25_greater_than_pm10
228352,"Shastripuram, Agra - UPPCB",27.19862,77.92066,2026-05-25 01:30:00+00:00,12.2,0.0,47.0,2.75,0.11,13.1,pm25_greater_than_pm10
228352,"Shastripuram, Agra - UPPCB",27.19862,77.92066,2026-05-25 02:30:00+00:00,13.0,0.0,47.2,2.78,0.113,13.6,pm25_greater_than_pm10
228352,"Shastripuram, Agra - UPPCB",27.19862,77.92066,2026-05-25 03:30:00+00:00,23.7,0.0,47.1,3.1,0.113,13.2,pm25_greater_than_pm10
228352,"Shastripuram, Agra - UPPCB",27.19862,77.92066,2026-05-25 04:30:00+00:00,31.2,0.0,40.0,2.91,0.1,13.2,pm25_greater_than_pm10
228352,"Shastripuram, Agra - UPPCB",27.19862,77.92066,2026-05-25 05:30:00+00:00,26.6,0.0,40.3,4.22,0.11,12.3,pm25_greater_than_pm10
228352,"Shastripuram, Agra - UPPCB",27.19862,77.92066,2026-05-25 13:30:00+00:00,24.8,0.0,39.1,21.7,0.233,14.2,pm25_greater_than_pm10
228352,"Shastripuram, Agra - UPPCB",27.19862,77.92066,2026-05-25 14:30:00+00:00,30.1,0.0,39.5,18.6,0.235,13.9,pm25_greater_than_pm10
228352,"Shastripuram, Agra - UPPCB",27.19862,77.92066,2026-05-25 15:30:00+00:00,29.5,0.0,40.0,15.0,0.203,13.6,pm25_greater_than_pm10
228352,"Shastripuram, Agra - UPPCB",27.19862,77.92066,2026-05-25 16:30:00+00:00,24.4,0.0,40.2,12.7,0.163,13.7,pm25_greater_than_pm10
228352,"Shastripuram, Agra - UPPCB",27.19862,77.92066,2026-05-25 17:30:00+00:00,25.4,0.0,40.3,11.3,0.147,13.8,pm25_greater_than_pm10
228352,"Shastripuram, Agra - UPPCB",27.19862,77.92066,2026-05-25 19:30:00+00:00,22.2,0.0,40.2,2.96,0.138,13.3,pm25_greater_than_pm10
228352,"Shastripuram, Agra - UPPCB",27.19862,77.92066,2026-05-25 20:30:00+00:00,18.5,0.0,40.2,3.06,0.125,13.5,pm25_greater_than_pm10
228352,"Shastripuram, Agra - UPPCB",27.19862,77.92066,2026-05-26 14:30:00+00:00,27.4,0.0,39.6,16.8,0.263,13.6,pm25_greater_than_pm10
228352,"Shastripuram, Agra - UPPCB",27.19862,77.92066,2026-05-26 15:30:00+00:00,37.1,0.0,40.2,14.1,0.298,13.9,pm25_greater_than_pm10
228352,"Shastripuram, Agra - UPPCB",27.19862,77.92066,2026-05-26 16:30:00+00:00,34.7,0.0,40.2,7.58,0.19,14.0,pm25_greater_than_pm10
228352,"Shastripuram, Agra - UPPCB",27.19862,77.92066,2026-05-26 17:30:00+00:00,31.7,0.0,40.2,3.35,0.167,13.4,pm25_greater_than_pm10
228352,"Shastripuram, Agra - UPPCB",27.19862,77.92066,2026-05-26 18:30:00+00:00,27.8,0.0,40.1,2.93,0.18,13.9,pm25_greater_than_pm10
228352,"Shastripuram, Agra - UPPCB",27.19862,77.92066,2026-05-27 00:30:00+00:00,16.1,0.0,40.3,3.11,0.207,13.5,pm25_greater_than_pm10
228352,"Shastripuram, Agra - UPPCB",27.19862,77.92066,2026-05-27 01:30:00+00:00,24.9,0.0,40.2,3.25,0.203,13.3,pm25_greater_than_pm10
228352,"Shastripuram, Agra - UPPCB",27.19862,77.92066,2026-05-27 02:30:00+00:00,26.7,0.0,40.2,3.26,0.207,13.2,pm25_greater_than_pm10
228352,"Shastripuram, Agra - UPPCB",27.19862,77.92066,2026-05-27 03:30:00+00:00,22.4,0.0,40.1,3.35,0.2,13.1,pm25_greater_than_pm10
228352,"Shastripuram, Agra - UPPCB",27.19862,77.92066,2026-05-28 10:30:00+00:00,31.1,0.0,40.0,13.2,0.27,13.6,pm25_greater_than_pm10
228352,"Shastripuram, Agra - UPPCB",27.19862,77.92066,2026-05-28 11:30:00+00:00,23.7,0.0,40.1,13.2,0.273,12.8,pm25_greater_than_pm10
228352,"Shastripuram, Agra - UPPCB",27.19862,77.92066,2026-05-28 12:30:00+00:00,26.0,0.0,40.0,12.0,0.26,13.9,pm25_greater_than_pm10
228352,"Shastripuram, Agra - UPPCB",27.19862,77.92066,2026-05-28 13:30:00+00:00,27.9,0.0,40.3,9.22,0.253,13.0,pm25_greater_than_pm10
228352,"Shastripuram, Agra - UPPCB",27.19862,77.92066,2026-05-28 14:30:00+00:00,34.0,0.0,40.2,3.65,0.17,14.2,pm25_greater_than_pm10
228352,"Shastripuram, Agra - UPPCB",27.19862,77.92066,2026-05-28 19:30:00+00:00,6.3,0.0,40.3,3.46,0.08,13.3,pm25_greater_than_pm10
228352,"Shastripuram, Agra - UPPCB",27.19862,77.92066,2026-05-28 20:30:00+00:00,6.84,2.55,40.0,3.55,0.075,13.8,pm25_greater_than_pm10
228352,"Shastripuram, Agra - UPPCB",27.19862,77.92066,2026-05-28 22:30:00+00:00,3.54,0.0,40.2,3.25,0.08,13.0,pm25_greater_than_pm10
228352,"Shastripuram, Agra - UPPCB",27.19862,77.92066,2026-05-28 23:30:00+00:00,3.05,0.0,40.2,3.27,0.085,13.3,pm25_greater_than_pm10
228352,"Shastripuram, Agra - UPPCB",27.19862,77.92066,2026-05-29 00:30:00+00:00,4.56,0.0,40.3,3.39,0.09,14.1,pm25_greater_than_pm10
228352,"Shastripuram, Agra - UPPCB",27.19862,77.92066,2026-05-29 01:30:00+00:00,11.7,0.0,40.3,3.43,0.105,13.1,pm25_greater_than_pm10
228352,"Shastripuram, Agra - UPPCB",27.19862,77.92066,2026-05-29 02:30:00+00:00,18.7,0.0,40.3,3.47,0.123,13.6,pm25_greater_than_pm10
228352,"Shastripuram, Agra - UPPCB",27.19862,77.92066,2026-05-29 03:30:00+00:00,14.7,0.0,40.3,3.31,0.14,13.1,pm25_greater_than_pm10
228352,"Shastripuram, Agra - UPPCB",27.19862,77.92066,2026-05-29 04:30:00+00:00,17.1,0.0,40.3,3.1,0.143,13.0,pm25_greater_than_pm10
228352,"Shastripuram, Agra - UPPCB",27.19862,77.92066,2026-05-29 05:30:00+00:00,12.5,0.0,40.2,3.41,0.13,13.5,pm25_greater_than_pm10
228352,"Shastripuram, Agra - UPPCB",27.19862,77.92066,2026-05-29 06:30:00+00:00,15.1,0.0,40.1,3.37,0.12,13.5,pm25_greater_than_pm10
228352,"Shastripuram, Agra - UPPCB",27.19862,77.92066,2026-05-29 07:30:00+00:00,13.9,0.0,40.1,3.33,0.12,13.1,pm25_greater_than_pm10
228352,"Shastripuram, Agra - UPPCB",27.19862,77.92066,2026-05-29 08:30:00+00:00,8.55,0.0,40.2,2.93,0.12,13.1,pm25_greater_than_pm10
228352,"Shastripuram, Agra - UPPCB",27.19862,77.92066,2026-05-29 09:30:00+00:00,10.2,0.0,40.3,3.17,0.12,20.2,pm25_greater_than_pm10
228352,"Shastripuram, Agra - UPPCB",27.19862,77.92066,2026-05-29 10:30:00+00:00,9.03,0.0,43.5,3.4,0.12,13.6,pm25_greater_than_pm10
228352,"Shastripuram, Agra - UPPCB",27.19862,77.92066,2026-05-29 11:30:00+00:00,8.24,0.0,47.1,3.44,0.12,13.3,pm25_greater_than_pm10
228352,"Shastripuram, Agra - UPPCB",27.19862,77.92066,2026-05-29 17:30:00+00:00,6.35,5.88,47.3,4.07,0.107,13.3,pm25_greater_than_pm10
228352,"Shastripuram, Agra - UPPCB",27.19862,77.92066,2026-05-29 21:30:00+00:00,3.92,2.75,47.2,4.08,0.11,13.1,pm25_greater_than_pm10
228352,"Shastripuram, Agra - UPPCB",27.19862,77.92066,2026-05-29 22:30:00+00:00,7.41,2.96,47.1,4.26,0.11,13.2,pm25_greater_than_pm10
228352,"Shastripuram, Agra - UPPCB",27.19862,77.92066,2026-05-30 19:30:00+00:00,13.3,11.2,47.3,4.1,0.12,14.1,pm25_greater_than_pm10
228352,"Shastripuram, Agra - UPPCB",27.19862,77.92066,2026-06-01 10:30:00+00:00,6.18,0.0,30.8,4.15,0.123,13.4,pm25_greater_than_pm10
228352,"Shastripuram, Agra - UPPCB",27.19862,77.92066,2026-06-01 11:30:00+00:00,20.1,0.0,31.0,3.76,0.11,14.3,pm25_greater_than_pm10
228352,"Shastripuram, Agra - UPPCB",27.19862,77.92066,2026-06-01 12:30:00+00:00,21.1,0.0,30.9,3.96,0.143,17.0,pm25_greater_than_pm10
228352,"Shastripuram, Agra - UPPCB",27.19862,77.92066,2026-06-01 13:30:00+00:00,24.5,0.0,30.9,4.07,0.163,12.9,pm25_greater_than_pm10
228352,"Shastripuram, Agra - UPPCB",27.19862,77.92066,2026-06-01 14:30:00+00:00,22.3,0.0,31.2,4.14,0.188,13.6,pm25_greater_than_pm10
228352,"Shastripuram, Agra - UPPCB",27.19862,77.92066,2026-06-01 15:30:00+00:00,25.5,13.3,31.0,4.33,0.198,14.9,pm25_greater_than_pm10
228352,"Shastripuram, Agra - UPPCB",27.19862,77.92066,2026-06-01 19:30:00+00:00,21.3,17.9,31.1,4.44,0.12,14.5,pm25_greater_than_pm10
228352,"Shastripuram, Agra - UPPCB",27.19862,77.92066,2026-06-01 21:30:00+00:00,13.2,3.55,31.0,5.03,0.115,12.9,pm25_greater_than_pm10
228352,"Shastripuram, Agra - UPPCB",27.19862,77.92066,2026-06-01 22:30:00+00:00,9.5,1.61,31.3,4.83,0.12,14.0,pm25_greater_than_pm10
228352,"Shastripuram, Agra - UPPCB",27.19862,77.92066,2026-06-01 23:30:00+00:00,6.39,0.0,31.0,4.85,0.113,13.7,pm25_greater_than_pm10
228352,"Shastripuram, Agra - UPPCB",27.19862,77.92066,2026-06-02 00:30:00+00:00,6.27,0.775,31.0,5.04,0.118,13.3,pm25_greater_than_pm10
228352,"Shastripuram, Agra - UPPCB",27.19862,77.92066,2026-06-02 01:30:00+00:00,11.1,5.39,31.2,4.98,0.12,12.7,pm25_greater_than_pm10
228352,"Shastripuram, Agra - UPPCB",27.19862,77.92066,2026-06-05 09:30:00+00:00,24.2,0.0,24.1,10.5,0.17,29.1,pm25_greater_than_pm10
228352,"Shastripuram, Agra - UPPCB",27.19862,77.92066,2026-06-05 10:30:00+00:00,26.8,18.1,24.2,10.3,0.175,26.5,pm25_greater_than_pm10
228352,"Shastripuram, Agra - UPPCB",27.19862,77.92066,2026-06-05 14:30:00+00:00,27.3,0.0,24.1,10.4,0.255,10.6,pm25_greater_than_pm10
228352,"Shastripuram, Agra - UPPCB",27.19862,77.92066,2026-06-05 15:30:00+00:00,29.9,0.0,24.1,10.5,0.243,10.8,pm25_greater_than_pm10
228352,"Shastripuram, Agra - UPPCB",27.19862,77.92066,2026-06-05 16:30:00+00:00,32.7,0.0,24.1,10.6,0.238,16.9,pm25_greater_than_pm10
228352,"Shastripuram, Agra - UPPCB",27.19862,77.92066,2026-06-05 17:30:00+00:00,33.6,0.0,24.0,10.8,0.213,22.9,pm25_greater_than_pm10
228352,"Shastripuram, Agra - UPPCB",27.19862,77.92066,2026-06-08 04:30:00+00:00,6.47,0.0,24.2,9.72,0.173,17.4,pm25_greater_than_pm10
228352,"Shastripuram, Agra - UPPCB",27.19862,77.92066,2026-06-08 05:30:00+00:00,25.7,0.0,24.0,9.59,0.158,17.6,pm25_greater_than_pm10
228352,"Shastripuram, Agra - UPPCB",27.19862,77.92066,2026-06-08 06:30:00+00:00,19.7,0.0,24.2,9.53,0.153,18.7,pm25_greater_than_pm10
228352,"Shastripuram, Agra - UPPCB",27.19862,77.92066,2026-06-08 07:30:00+00:00,23.1,0.0,24.1,9.5,0.15,19.7,pm25_greater_than_pm10
228352,"Shastripuram, Agra - UPPCB",27.19862,77.92066,2026-06-08 08:30:00+00:00,25.5,0.0,24.1,9.65,0.143,15.2,pm25_greater_than_pm10
228352,"Shastripuram, Agra - UPPCB",27.19862,77.92066,2026-06-08 09:30:00+00:00,22.5,0.0,24.2,9.53,0.14,20.0,pm25_greater_than_pm10
228352,"Shastripuram, Agra - UPPCB",27.19862,77.92066,2026-06-08 10:30:00+00:00,22.4,0.0,20.6,7.49,0.13,15.6,pm25_greater_than_pm10
228352,"Shastripuram, Agra - UPPCB",27.19862,77.92066,2026-06-08 11:30:00+00:00,23.7,0.0,19.5,6.78,0.153,12.2,pm25_greater_than_pm10
228352,"Shastripuram, Agra - UPPCB",27.19862,77.92066,2026-06-10 20:30:00+00:00,23.4,0.0,19.5,6.56,0.16,4.36,pm25_greater_than_pm10
228352,"Shastripuram, Agra - UPPCB",27.19862,77.92066,2026-06-11 00:30:00+00:00,29.4,0.0,19.4,6.51,0.2,4.33,pm25_greater_than_pm10
228352,"Shastripuram, Agra - UPPCB",27.19862,77.92066,2026-06-11 01:30:00+00:00,28.6,0.0,19.5,6.47,0.21,7.12,pm25_greater_than_pm10
228352,"Shastripuram, Agra - UPPCB",27.19862,77.92066,2026-06-11 03:30:00+00:00,34.0,0.0,19.6,6.8,0.25,7.29,pm25_greater_than_pm10
228352,"Shastripuram, Agra - UPPCB",27.19862,77.92066,2026-06-11 04:30:00+00:00,29.1,0.0,19.6,6.99,0.25,7.7,pm25_greater_than_pm10
228352,"Shastripuram, Agra - UPPCB",27.19862,77.92066,2026-06-11 05:30:00+00:00,30.0,0.0,19.6,7.08,0.243,6.56,pm25_greater_than_pm10
228352,"Shastripuram, Agra - UPPCB",27.19862,77.92066,2026-06-11 06:30:00+00:00,31.4,0.0,19.5,6.88,0.213,5.52,pm25_greater_than_pm10
228352,"Shastripuram, Agra - UPPCB",27.19862,77.92066,2026-06-11 07:30:00+00:00,30.4,23.4,19.5,7.11,0.203,5.46,pm25_greater_than_pm10
228352,"Shastripuram, Agra - UPPCB",27.19862,77.92066,2026-06-12 16:30:00+00:00,34.0,0.0,19.6,7.44,0.25,9.15,pm25_greater_than_pm10
228352,"Shastripuram, Agra - UPPCB",27.19862,77.92066,2026-06-12 17:30:00+00:00,35.5,0.0,19.3,7.52,0.233,7.72,pm25_greater_than_pm10
228352,"Shastripuram, Agra - UPPCB",27.19862,77.92066,2026-06-12 18:30:00+00:00,40.2,0.0,19.4,7.45,0.21,12.5,pm25_greater_than_pm10
228352,"Shastripuram, Agra - UPPCB",27.19862,77.92066,2026-06-12 19:30:00+00:00,42.6,0.0,19.5,8.75,0.173,3.55,pm25_greater_than_pm10
228352,"Shastripuram, Agra - UPPCB",27.19862,77.92066,2026-06-12 20:30:00+00:00,24.9,0.0,19.7,9.53,0.195,3.5,pm25_greater_than_pm10
228352,"Shastripuram, Agra - UPPCB",27.19862,77.92066,2026-06-12 21:30:00+00:00,12.8,0.0,19.6,7.94,0.135,5.15,pm25_greater_than_pm10
228352,"Shastripuram, Agra - UPPCB",27.19862,77.92066,2026-06-12 22:30:00+00:00,13.3,0.0,19.6,8.11,0.11,4.32,pm25_greater_than_pm10
228352,"Shastripuram, Agra - UPPCB",27.19862,77.92066,2026-06-12 23:30:00+00:00,18.9,0.0,19.5,9.13,0.165,2.99,pm25_greater_than_pm10
228352,"Shastripuram, Agra - UPPCB",27.19862,77.92066,2026-06-13 00:30:00+00:00,18.9,0.0,19.5,9.05,0.217,3.64,pm25_greater_than_pm10
228352,"Shastripuram, Agra - UPPCB",27.19862,77.92066,2026-06-13 01:30:00+00:00,18.4,0.0,19.6,7.76,0.168,5.86,pm25_greater_than_pm10
228352,"Shastripuram, Agra - UPPCB",27.19862,77.92066,2026-06-13 02:30:00+00:00,20.5,0.0,19.5,7.68,0.148,5.27,pm25_greater_than_pm10
228352,"Shastripuram, Agra - UPPCB",27.19862,77.92066,2026-06-13 03:30:00+00:00,18.6,0.0,19.6,7.62,0.153,6.63,pm25_greater_than_pm10
228352,"Shastripuram, Agra - UPPCB",27.19862,77.92066,2026-06-13 04:30:00+00:00,17.3,0.0,19.7,7.46,0.148,5.67,pm25_greater_than_pm10
228352,"Shastripuram, Agra - UPPCB",27.19862,77.92066,2026-06-13 05:30:00+00:00,12.1,0.0,19.7,7.49,0.138,7.3,pm25_greater_than_pm10
228352,"Shastripuram, Agra - UPPCB",27.19862,77.92066,2026-06-13 06:30:00+00:00,15.7,0.0,19.6,7.42,0.14,6.87,pm25_greater_than_pm10
228352,"Shastripuram, Agra - UPPCB",27.19862,77.92066,2026-06-13 07:30:00+00:00,19.2,0.0,19.7,7.63,0.13,7.53,pm25_greater_than_pm10
228352,"Shastripuram, Agra - UPPCB",27.19862,77.92066,2026-06-13 08:30:00+00:00,16.7,0.0,19.5,7.58,0.12,8.11,pm25_greater_than_pm10
228352,"Shastripuram, Agra - UPPCB",27.19862,77.92066,2026-06-13 09:30:00+00:00,20.3,0.0,19.4,7.44,0.128,7.46,pm25_greater_than_pm10
228352,"Shastripuram, Agra - UPPCB",27.19862,77.92066,2026-06-13 10:30:00+00:00,21.1,0.0,19.4,7.55,0.128,8.02,pm25_greater_than_pm10
228352,"Shastripuram, Agra - UPPCB",27.19862,77.92066,2026-06-13 11:30:00+00:00,19.9,13.8,19.4,7.53,0.145,12.3,pm25_greater_than_pm10
228352,"Shastripuram, Agra - UPPCB",27.19862,77.92066,2026-06-15 11:30:00+00:00,28.0,0.0,19.6,7.34,0.145,13.7,pm25_greater_than_pm10
228352,"Shastripuram, Agra - UPPCB",27.19862,77.92066,2026-06-18 13:30:00+00:00,31.2,0.0,19.5,7.51,0.263,9.55,pm25_greater_than_pm10
228352,"Shastripuram, Agra - UPPCB",27.19862,77.92066,2026-06-19 15:30:00+00:00,25.5,0.0,19.5,7.43,0.283,22.7,pm25_greater_than_pm10
228352,"Shastripuram, Agra - UPPCB",27.19862,77.92066,2026-06-19 16:30:00+00:00,23.6,0.0,19.6,7.39,0.23,27.5,pm25_greater_than_pm10
228352,"Shastripuram, Agra - UPPCB",27.19862,77.92066,2026-06-19 17:30:00+00:00,30.8,0.0,19.5,7.42,0.193,16.3,pm25_greater_than_pm10
228352,"Shastripuram, Agra - UPPCB",27.19862,77.92066,2026-06-19 19:30:00+00:00,19.8,0.0,19.4,7.58,0.13,11.9,pm25_greater_than_pm10
228352,"Shastripuram, Agra - UPPCB",27.19862,77.92066,2026-06-19 20:30:00+00:00,19.4,0.0,19.6,7.61,0.12,12.6,pm25_greater_than_pm10
228352,"Shastripuram, Agra - UPPCB",27.19862,77.92066,2026-06-19 21:30:00+00:00,17.2,0.0,19.5,7.58,0.11,10.5,pm25_greater_than_pm10
228352,"Shastripuram, Agra - UPPCB",27.19862,77.92066,2026-06-19 22:30:00+00:00,16.5,0.0,19.6,7.6,0.12,13.3,pm25_greater_than_pm10
228352,"Shastripuram, Agra - UPPCB",27.19862,77.92066,2026-06-19 23:30:00+00:00,18.4,0.0,19.6,8.29,0.153,15.1,pm25_greater_than_pm10
228352,"Shastripuram, Agra - UPPCB",27.19862,77.92066,2026-06-20 00:30:00+00:00,29.3,0.0,19.6,10.3,0.243,4.78,pm25_greater_than_pm10
228352,"Shastripuram, Agra - UPPCB",27.19862,77.92066,2026-06-20 01:30:00+00:00,25.5,0.0,19.7,12.4,0.31,2.16,pm25_greater_than_pm10
228352,"Shastripuram, Agra - UPPCB",27.19862,77.92066,2026-06-20 03:30:00+00:00,20.0,0.0,20.5,11.9,0.375,8.21,pm25_greater_than_pm10
228352,"Shastripuram, Agra - UPPCB",27.19862,77.92066,2026-06-22 08:30:00+00:00,13.7,0.0,19.5,7.3,0.408,19.5,pm25_greater_than_pm10
228352,"Shastripuram, Agra - UPPCB",27.19862,77.92066,2026-06-22 09:30:00+00:00,14.8,0.0,19.5,7.85,0.34,9.41,pm25_greater_than_pm10
228352,"Shastripuram, Agra - UPPCB",27.19862,77.92066,2026-06-25 21:30:00+00:00,25.9,1.55,19.5,7.74,0.338,28.5,pm25_greater_than_pm10
228352,"Shastripuram, Agra - UPPCB",27.19862,77.92066,2026-06-25 22:30:00+00:00,18.0,0.0,19.7,7.65,0.328,31.7,pm25_greater_than_pm10
228352,"Shastripuram, Agra - UPPCB",27.19862,77.92066,2026-06-25 23:30:00+00:00,23.9,0.0,19.4,7.93,0.343,41.3,pm25_greater_than_pm10
270721,"Mayaganj, Bhagalpur - BSPCB",25.265194,87.012947,2026-03-22 03:30:00+00:00,3.0,1.5,6.4,46.9,1.79,27.4,pm25_greater_than_pm10
270721,"Mayaganj, Bhagalpur - BSPCB",25.265194,87.012947,2026-03-22 08:30:00+00:00,12.0,8.0,5.65,42.5,1.6,26.2,pm25_greater_than_pm10
270721,"Mayaganj, Bhagalpur - BSPCB",25.265194,87.012947,2026-03-22 09:30:00+00:00,9.67,5.0,5.97,42.8,1.61,14.9,pm25_greater_than_pm10
270721,"Mayaganj, Bhagalpur - BSPCB",25.265194,87.012947,2026-03-22 12:30:00+00:00,29.8,13.3,5.5,50.9,1.95,8.65,pm25_greater_than_pm10
270721,"Mayaganj, Bhagalpur - BSPCB",25.265194,87.012947,2026-03-22 19:30:00+00:00,41.3,1.0,5.7,48.4,1.85,8.48,pm25_greater_than_pm10
270721,"Mayaganj, Bhagalpur - BSPCB",25.265194,87.012947,2026-03-22 20:30:00+00:00,34.5,2.0,6.1,50.8,1.94,9.2,pm25_greater_than_pm10
270721,"Mayaganj, Bhagalpur - BSPCB",25.265194,87.012947,2026-03-23 11:30:00+00:00,110.0,47.0,5.8,50.1,1.91,9.3,pm25_greater_than_pm10
270721,"Mayaganj, Bhagalpur - BSPCB",25.265194,87.012947,2026-03-23 12:30:00+00:00,94.0,46.8,5.73,50.4,1.93,9.03,pm25_greater_than_pm10
270721,"Mayaganj, Bhagalpur - BSPCB",25.265194,87.012947,2026-03-23 13:30:00+00:00,83.8,46.8,5.8,50.4,1.93,9.28,pm25_greater_than_pm10
270721,"Mayaganj, Bhagalpur - BSPCB",25.265194,87.012947,2026-03-23 14:30:00+00:00,76.3,48.0,5.93,49.6,1.9,10.4,pm25_greater_than_pm10
270721,"Mayaganj, Bhagalpur - BSPCB",25.265194,87.012947,2026-03-23 15:30:00+00:00,52.5,48.3,5.65,43.2,1.63,6.43,pm25_greater_than_pm10
270721,"Mayaganj, Bhagalpur - BSPCB",25.265194,87.012947,2026-03-23 18:30:00+00:00,51.5,49.0,5.75,45.1,1.71,6.85,pm25_greater_than_pm10
270721,"Mayaganj, Bhagalpur - BSPCB",25.265194,87.012947,2026-03-24 01:30:00+00:00,49.8,48.5,5.68,43.3,1.64,7.9,pm25_greater_than_pm10
270721,"Mayaganj, Bhagalpur - BSPCB",25.265194,87.012947,2026-03-24 14:30:00+00:00,68.0,47.0,5.2,43.4,1.64,7.6,pm25_greater_than_pm10
270721,"Mayaganj, Bhagalpur - BSPCB",25.265194,87.012947,2026-03-24 15:30:00+00:00,63.3,47.8,5.45,43.3,1.64,7.05,pm25_greater_than_pm10
270721,"Mayaganj, Bhagalpur - BSPCB",25.265194,87.012947,2026-03-24 16:30:00+00:00,49.3,49.0,5.75,43.5,1.65,6.75,pm25_greater_than_pm10
270721,"Mayaganj, Bhagalpur - BSPCB",25.265194,87.012947,2026-03-24 18:30:00+00:00,57.0,49.0,5.9,47.6,1.82,8.35,pm25_greater_than_pm10
270721,"Mayaganj, Bhagalpur - BSPCB",25.265194,87.012947,2026-03-25 12:30:00+00:00,66.3,47.0,6.05,50.4,1.92,9.38,pm25_greater_than_pm10
270721,"Mayaganj, Bhagalpur - BSPCB",25.265194,87.012947,2026-03-25 13:30:00+00:00,51.0,47.5,5.98,50.4,1.93,9.25,pm25_greater_than_pm10
270721,"Mayaganj, Bhagalpur - BSPCB",25.265194,87.012947,2026-04-08 12:30:00+00:00,63.0,33.0,5.75,35.9,1.34,9.6,pm25_greater_than_pm10
270721,"Mayaganj, Bhagalpur - BSPCB",25.265194,87.012947,2026-04-20 00:30:00+00:00,124.0,116.0,5.7,44.0,1.66,13.9,pm25_greater_than_pm10
270721,"Mayaganj, Bhagalpur - BSPCB",25.265194,87.012947,2026-04-20 01:30:00+00:00,284.0,162.0,5.68,43.8,1.66,41.6,pm25_greater_than_pm10
270721,"Mayaganj, Bhagalpur - BSPCB",25.265194,87.012947,2026-04-20 02:30:00+00:00,388.0,156.0,5.7,43.7,1.66,15.6,pm25_greater_than_pm10
270721,"Mayaganj, Bhagalpur - BSPCB",25.265194,87.012947,2026-04-23 00:30:00+00:00,247.0,156.0,5.83,42.0,1.59,14.6,pm25_greater_than_pm10
270721,"Mayaganj, Bhagalpur - BSPCB",25.265194,87.012947,2026-04-23 01:30:00+00:00,269.0,216.0,5.97,41.8,1.58,29.0,pm25_greater_than_pm10
270721,"Mayaganj, Bhagalpur - BSPCB",25.265194,87.012947,2026-04-29 15:30:00+00:00,332.0,26.3,5.33,41.4,1.56,4.1,pm25_greater_than_pm10
270721,"Mayaganj, Bhagalpur - BSPCB",25.265194,87.012947,2026-04-29 16:30:00+00:00,356.0,26.0,5.68,47.9,1.83,9.58,pm25_greater_than_pm10
270721,"Mayaganj, Bhagalpur - BSPCB",25.265194,87.012947,2026-05-06 12:30:00+00:00,51.0,47.3,5.78,49.2,1.88,7.05,pm25_greater_than_pm10
270721,"Mayaganj, Bhagalpur - BSPCB",25.265194,87.012947,2026-05-06 13:30:00+00:00,51.0,49.0,6.4,49.5,1.89,7.0,pm25_greater_than_pm10
270721,"Mayaganj, Bhagalpur - BSPCB",25.265194,87.012947,2026-05-07 10:30:00+00:00,51.7,45.7,5.73,44.1,1.67,8.3,pm25_greater_than_pm10
270721,"Mayaganj, Bhagalpur - BSPCB",25.265194,87.012947,2026-05-07 11:30:00+00:00,51.0,47.0,5.95,48.9,1.87,9.9,pm25_greater_than_pm10
270721,"Mayaganj, Bhagalpur - BSPCB",25.265194,87.012947,2026-05-07 18:30:00+00:00,72.0,68.0,6.2,47.7,1.81,4.45,pm25_greater_than_pm10
270721,"Mayaganj, Bhagalpur - BSPCB",25.265194,87.012947,2026-05-09 00:30:00+00:00,99.0,90.5,5.5,43.0,1.63,9.7,pm25_greater_than_pm10
270721,"Mayaganj, Bhagalpur - BSPCB",25.265194,87.012947,2026-05-11 13:30:00+00:00,76.5,68.8,5.65,43.2,1.64,33.4,pm25_greater_than_pm10
270721,"Mayaganj, Bhagalpur - BSPCB",25.265194,87.012947,2026-05-11 14:30:00+00:00,76.8,69.3,5.08,37.2,1.4,40.3,pm25_greater_than_pm10
270721,"Mayaganj, Bhagalpur - BSPCB",25.265194,87.012947,2026-05-15 00:30:00+00:00,72.8,66.3,5.93,37.1,1.38,14.9,pm25_greater_than_pm10
270721,"Mayaganj, Bhagalpur - BSPCB",25.265194,87.012947,2026-05-15 14:30:00+00:00,116.0,93.7,6.3,32.3,1.19,23.9,pm25_greater_than_pm10
270721,"Mayaganj, Bhagalpur - BSPCB",25.265194,87.012947,2026-05-15 15:30:00+00:00,124.0,67.7,6.07,32.3,1.19,25.7,pm25_greater_than_pm10
270721,"Mayaganj, Bhagalpur - BSPCB",25.265194,87.012947,2026-05-15 16:30:00+00:00,86.5,68.0,5.78,38.0,1.42,19.9,pm25_greater_than_pm10
270721,"Mayaganj, Bhagalpur - BSPCB",25.265194,87.012947,2026-05-16 13:30:00+00:00,73.8,67.8,5.85,33.6,1.25,25.8,pm25_greater_than_pm10
270721,"Mayaganj, Bhagalpur - BSPCB",25.265194,87.012947,2026-05-16 14:30:00+00:00,77.5,68.7,5.85,33.6,1.25,21.8,pm25_greater_than_pm10
270721,"Mayaganj, Bhagalpur - BSPCB",25.265194,87.012947,2026-05-16 15:30:00+00:00,87.0,80.7,5.95,34.1,1.27,32.7,pm25_greater_than_pm10
270721,"Mayaganj, Bhagalpur - BSPCB",25.265194,87.012947,2026-05-16 16:30:00+00:00,94.8,89.8,6.0,43.1,1.63,18.4,pm25_greater_than_pm10
270721,"Mayaganj, Bhagalpur - BSPCB",25.265194,87.012947,2026-05-16 17:30:00+00:00,79.3,62.0,6.2,45.2,1.72,55.4,pm25_greater_than_pm10
270721,"Mayaganj, Bhagalpur - BSPCB",25.265194,87.012947,2026-05-17 13:30:00+00:00,78.8,63.8,5.85,31.4,1.16,25.4,pm25_greater_than_pm10
270721,"Mayaganj, Bhagalpur - BSPCB",25.265194,87.012947,2026-05-17 14:30:00+00:00,79.8,62.0,5.83,31.2,1.15,31.8,pm25_greater_than_pm10
270721,"Mayaganj, Bhagalpur - BSPCB",25.265194,87.012947,2026-05-17 23:30:00+00:00,87.7,66.7,5.87,34.3,1.27,15.1,pm25_greater_than_pm10
270721,"Mayaganj, Bhagalpur - BSPCB",25.265194,87.012947,2026-05-18 00:30:00+00:00,87.5,67.0,5.85,40.3,1.52,21.3,pm25_greater_than_pm10
270721,"Mayaganj, Bhagalpur - BSPCB",25.265194,87.012947,2026-05-19 21:30:00+00:00,66.5,62.0,5.85,33.0,1.22,20.3,pm25_greater_than_pm10
270721,"Mayaganj, Bhagalpur - BSPCB",25.265194,87.012947,2026-05-20 20:30:00+00:00,128.0,81.8,6.03,33.4,1.24,30.8,pm25_greater_than_pm10
270721,"Mayaganj, Bhagalpur - BSPCB",25.265194,87.012947,2026-05-20 21:30:00+00:00,194.0,158.0,5.53,33.2,1.22,17.3,pm25_greater_than_pm10
270721,"Mayaganj, Bhagalpur - BSPCB",25.265194,87.012947,2026-05-20 22:30:00+00:00,240.0,197.0,5.77,35.1,1.31,20.3,pm25_greater_than_pm10
270721,"Mayaganj, Bhagalpur - BSPCB",25.265194,87.012947,2026-05-20 23:30:00+00:00,243.0,62.0,6.3,42.0,1.58,11.1,pm25_greater_than_pm10
270721,"Mayaganj, Bhagalpur - BSPCB",25.265194,87.012947,2026-05-22 07:30:00+00:00,72.7,62.0,5.93,40.2,1.51,14.6,pm25_greater_than_pm10
270721,"Mayaganj, Bhagalpur - BSPCB",25.265194,87.012947,2026-05-22 19:30:00+00:00,103.0,62.0,6.15,31.5,1.16,24.7,pm25_greater_than_pm10
270721,"Mayaganj, Bhagalpur - BSPCB",25.265194,87.012947,2026-05-23 12:30:00+00:00,177.0,114.0,5.68,30.1,1.1,21.2,pm25_greater_than_pm10
270721,"Mayaganj, Bhagalpur - BSPCB",25.265194,87.012947,2026-05-23 13:30:00+00:00,185.0,87.8,5.63,30.7,1.12,24.1,pm25_greater_than_pm10
270721,"Mayaganj, Bhagalpur - BSPCB",25.265194,87.012947,2026-05-23 14:30:00+00:00,149.0,67.3,5.8,38.9,1.47,11.0,pm25_greater_than_pm10
270721,"Mayaganj, Bhagalpur - BSPCB",25.265194,87.012947,2026-05-23 15:30:00+00:00,151.0,64.5,5.8,52.5,2.01,11.7,pm25_greater_than_pm10
270721,"Mayaganj, Bhagalpur - BSPCB",25.265194,87.012947,2026-05-24 12:30:00+00:00,214.0,92.5,5.85,25.5,0.913,28.8,pm25_greater_than_pm10
270721,"Mayaganj, Bhagalpur - BSPCB",25.265194,87.012947,2026-05-24 13:30:00+00:00,223.0,75.3,5.67,26.5,0.96,22.5,pm25_greater_than_pm10
270721,"Mayaganj, Bhagalpur - BSPCB",25.265194,87.012947,2026-05-24 14:30:00+00:00,106.0,62.0,6.15,42.4,1.6,12.5,pm25_greater_than_pm10
270721,"Mayaganj, Bhagalpur - BSPCB",25.265194,87.012947,2026-05-25 10:30:00+00:00,131.0,105.0,5.53,30.3,1.11,22.5,pm25_greater_than_pm10
270721,"Mayaganj, Bhagalpur - BSPCB",25.265194,87.012947,2026-06-05 22:30:00+00:00,66.3,20.5,5.9,3.15,0.02,11.8,pm25_greater_than_pm10
270721,"Mayaganj, Bhagalpur - BSPCB",25.265194,87.012947,2026-06-06 01:30:00+00:00,36.3,16.5,6.6,16.0,0.53,39.9,pm25_greater_than_pm10
270721,"Mayaganj, Bhagalpur - BSPCB",25.265194,87.012947,2026-06-08 00:30:00+00:00,36.8,36.0,6.3,29.0,1.05,20.1,pm25_greater_than_pm10
270721,"Mayaganj, Bhagalpur - BSPCB",25.265194,87.012947,2026-06-11 05:30:00+00:00,130.0,23.5,6.1,3.35,0.0075,68.2,pm25_greater_than_pm10
270721,"Mayaganj, Bhagalpur - BSPCB",25.265194,87.012947,2026-06-11 06:30:00+00:00,16.5,14.0,6.3,12.5,0.385,35.0,pm25_greater_than_pm10
270721,"Mayaganj, Bhagalpur - BSPCB",25.265194,87.012947,2026-06-12 21:30:00+00:00,42.3,32.3,6.03,2.77,0.11,24.0,pm25_greater_than_pm10
270721,"Mayaganj, Bhagalpur - BSPCB",25.265194,87.012947,2026-06-12 22:30:00+00:00,45.8,44.0,5.78,21.2,0.738,28.3,pm25_greater_than_pm10
270721,"Mayaganj, Bhagalpur - BSPCB",25.265194,87.012947,2026-06-14 22:30:00+00:00,35.0,30.8,5.63,26.2,0.943,29.6,pm25_greater_than_pm10
270721,"Mayaganj, Bhagalpur - BSPCB",25.265194,87.012947,2026-06-15 20:30:00+00:00,38.5,34.3,5.78,32.4,1.19,53.7,pm25_greater_than_pm10
270721,"Mayaganj, Bhagalpur - BSPCB",25.265194,87.012947,2026-06-16 18:30:00+00:00,45.5,35.5,5.6,19.1,0.65,30.0,pm25_greater_than_pm10
270721,"Mayaganj, Bhagalpur - BSPCB",25.265194,87.012947,2026-06-16 22:30:00+00:00,88.3,54.8,5.8,37.1,1.39,26.3,pm25_greater_than_pm10
270721,"Mayaganj, Bhagalpur - BSPCB",25.265194,87.012947,2026-06-16 23:30:00+00:00,105.0,57.5,6.15,35.1,1.3,25.1,pm25_greater_than_pm10
270721,"Mayaganj, Bhagalpur - BSPCB",25.265194,87.012947,2026-06-18 04:30:00+00:00,81.8,48.5,6.25,38.8,1.46,24.0,pm25_greater_than_pm10
270721,"Mayaganj, Bhagalpur - BSPCB",25.265194,87.012947,2026-06-19 19:30:00+00:00,65.5,33.0,5.3,23.7,0.84,30.1,pm25_greater_than_pm10
270721,"Mayaganj, Bhagalpur - BSPCB",25.265194,87.012947,2026-06-20 19:30:00+00:00,40.5,20.8,6.15,30.0,1.09,45.2,pm25_greater_than_pm10
270721,"Mayaganj, Bhagalpur - BSPCB",25.265194,87.012947,2026-06-21 11:30:00+00:00,96.0,46.7,6.1,22.6,0.798,27.3,pm25_greater_than_pm10
270721,"Mayaganj, Bhagalpur - BSPCB",25.265194,87.012947,2026-06-21 17:30:00+00:00,41.3,14.3,5.87,32.5,1.2,35.7,pm25_greater_than_pm10
270721,"Mayaganj, Bhagalpur - BSPCB",25.265194,87.012947,2026-06-21 23:30:00+00:00,78.8,32.7,5.33,17.4,0.585,31.2,pm25_greater_than_pm10
270721,"Mayaganj, Bhagalpur - BSPCB",25.265194,87.012947,2026-06-22 12:30:00+00:00,60.8,28.5,5.78,14.3,0.46,63.9,pm25_greater_than_pm10
270721,"Mayaganj, Bhagalpur - BSPCB",25.265194,87.012947,2026-06-22 18:30:00+00:00,21.5,17.5,5.65,18.0,0.605,33.7,pm25_greater_than_pm10
270721,"Mayaganj, Bhagalpur - BSPCB",25.265194,87.012947,2026-06-22 19:30:00+00:00,31.8,20.0,6.38,36.0,1.34,48.6,pm25_greater_than_pm10
270721,"Mayaganj, Bhagalpur - BSPCB",25.265194,87.012947,2026-06-22 20:30:00+00:00,28.0,26.0,5.6,23.2,0.82,29.4,pm25_greater_than_pm10
270721,"Mayaganj, Bhagalpur - BSPCB",25.265194,87.012947,2026-06-25 19:30:00+00:00,41.5,35.8,6.15,38.1,1.43,42.8,pm25_greater_than_pm10
270721,"Mayaganj, Bhagalpur - BSPCB",25.265194,87.012947,2026-06-26 04:30:00+00:00,60.8,48.3,5.83,29.3,1.07,15.0,pm25_greater_than_pm10
270721,"Mayaganj, Bhagalpur - BSPCB",25.265194,87.012947,2026-06-26 05:30:00+00:00,200.0,83.0,5.83,16.3,0.535,23.6,pm25_greater_than_pm10
270721,"Mayaganj, Bhagalpur - BSPCB",25.265194,87.012947,2026-06-28 01:30:00+00:00,37.3,30.0,6.05,9.28,0.25,21.0,pm25_greater_than_pm10
270721,"Mayaganj, Bhagalpur - BSPCB",25.265194,87.012947,2026-06-28 09:30:00+00:00,50.5,50.0,6.1,9.15,0.25,21.6,pm25_greater_than_pm10
270721,"Mayaganj, Bhagalpur - BSPCB",25.265194,87.012947,2026-07-12 13:30:00+00:00,258.0,44.0,5.98,26.2,0.943,14.5,pm25_greater_than_pm10
270721,"Mayaganj, Bhagalpur - BSPCB",25.265194,87.012947,2026-08-27 06:30:00+00:00,392.0,21.0,13.8,47.5,1.83,17.3,pm25_greater_than_pm10
270777,"Jigar Colony, Moradabad - UPPCB",28.856664,78.772638,2026-05-02 10:30:00+00:00,23.1,0.0,20.0,33.2,0.79,32.4,pm25_greater_than_pm10
270777,"Jigar Colony, Moradabad - UPPCB",28.856664,78.772638,2026-05-04 00:30:00+00:00,16.8,14.8,19.8,40.9,0.79,17.5,pm25_greater_than_pm10
270777,"Jigar Colony, Moradabad - UPPCB",28.856664,78.772638,2026-05-06 21:30:00+00:00,24.6,19.6,19.7,26.1,0.798,23.0,pm25_greater_than_pm10
270777,"Jigar Colony, Moradabad - UPPCB",28.856664,78.772638,2026-05-08 11:30:00+00:00,29.7,28.4,19.9,24.2,0.795,39.9,pm25_greater_than_pm10
270777,"Jigar Colony, Moradabad - UPPCB",28.856664,78.772638,2026-06-13 06:30:00+00:00,64.4,60.8,20.0,21.5,0.78,19.3,pm25_greater_than_pm10
346258,"Kokapet, Hyderabad - TSPCB",17.393559,78.33919399999999,2026-05-08 04:30:00+00:00,784.0,68.3,7.59,8.81,0.66,29.1,pm25_greater_than_pm10
346258,"Kokapet, Hyderabad - TSPCB",17.393559,78.33919399999999,2026-05-16 10:30:00+00:00,38.1,0.0,10.0,9.23,0.498,18.1,pm25_greater_than_pm10
346258,"Kokapet, Hyderabad - TSPCB",17.393559,78.33919399999999,2026-06-04 11:30:00+00:00,48.3,33.1,11.0,14.6,0.77,32.4,pm25_greater_than_pm10
346258,"Kokapet, Hyderabad - TSPCB",17.393559,78.33919399999999,2026-06-04 12:30:00+00:00,49.7,33.1,10.9,15.0,0.79,33.2,pm25_greater_than_pm10
346258,"Kokapet, Hyderabad - TSPCB",17.393559,78.33919399999999,2026-06-04 13:30:00+00:00,46.5,44.6,10.9,14.2,0.783,29.2,pm25_greater_than_pm10
346258,"Kokapet, Hyderabad - TSPCB",17.393559,78.33919399999999,2026-06-23 10:30:00+00:00,27.3,0.0,7.88,7.48,0.51,27.7,pm25_greater_than_pm10
358448,"Kumaran College, Tirupur - TNPCB",11.0973603,77.3228673,2025-10-11 09:30:00+00:00,405.0,52.6,10.5,33.4,0.383,3.93,pm25_greater_than_pm10
358448,"Kumaran College, Tirupur - TNPCB",11.0973603,77.3228673,2025-10-11 22:30:00+00:00,11.8,10.9,6.29,6.22,0.373,3.75,pm25_greater_than_pm10
358448,"Kumaran College, Tirupur - TNPCB",11.0973603,77.3228673,2025-10-12 01:30:00+00:00,878.0,56.0,7.24,16.0,0.495,3.65,pm25_greater_than_pm10
358448,"Kumaran College, Tirupur - TNPCB",11.0973603,77.3228673,2025-10-12 08:30:00+00:00,412.0,91.0,9.76,21.9,0.463,3.84,pm25_greater_than_pm10
358448,"Kumaran College, Tirupur - TNPCB",11.0973603,77.3228673,2025-10-17 10:30:00+00:00,75.4,63.8,10.7,8.23,0.42,3.78,pm25_greater_than_pm10
358448,"Kumaran College, Tirupur - TNPCB",11.0973603,77.3228673,2025-10-17 13:30:00+00:00,31.5,25.0,13.0,7.58,0.42,3.76,pm25_greater_than_pm10
358448,"Kumaran College, Tirupur - TNPCB",11.0973603,77.3228673,2025-10-17 22:30:00+00:00,272.0,28.0,6.4,18.1,0.5,3.7,pm25_greater_than_pm10
358448,"Kumaran College, Tirupur - TNPCB",11.0973603,77.3228673,2025-10-18 04:30:00+00:00,207.0,37.0,6.63,35.3,0.478,3.62,pm25_greater_than_pm10
358448,"Kumaran College, Tirupur - TNPCB",11.0973603,77.3228673,2025-10-19 03:30:00+00:00,7.58,7.0,7.78,6.94,0.34,3.73,pm25_greater_than_pm10
358448,"Kumaran College, Tirupur - TNPCB",11.0973603,77.3228673,2025-10-20 17:30:00+00:00,182.0,153.0,8.36,7.1,0.38,3.8,pm25_greater_than_pm10
358448,"Kumaran College, Tirupur - TNPCB",11.0973603,77.3228673,2025-10-21 03:30:00+00:00,18.2,14.6,7.1,7.03,0.333,3.76,pm25_greater_than_pm10
358448,"Kumaran College, Tirupur - TNPCB",11.0973603,77.3228673,2025-10-21 14:30:00+00:00,197.0,182.0,7.78,7.08,0.43,3.66,pm25_greater_than_pm10
358448,"Kumaran College, Tirupur - TNPCB",11.0973603,77.3228673,2025-10-22 04:30:00+00:00,87.1,11.0,7.8,41.9,0.5,3.63,pm25_greater_than_pm10
358448,"Kumaran College, Tirupur - TNPCB",11.0973603,77.3228673,2025-10-23 16:30:00+00:00,58.5,33.7,7.04,6.12,0.385,3.66,pm25_greater_than_pm10
358448,"Kumaran College, Tirupur - TNPCB",11.0973603,77.3228673,2025-10-23 17:30:00+00:00,80.5,27.0,6.63,5.94,0.38,3.74,pm25_greater_than_pm10
358448,"Kumaran College, Tirupur - TNPCB",11.0973603,77.3228673,2025-10-28 02:30:00+00:00,211.0,53.0,8.77,9.34,0.408,3.63,pm25_greater_than_pm10
358448,"Kumaran College, Tirupur - TNPCB",11.0973603,77.3228673,2025-11-01 08:30:00+00:00,180.0,64.0,9.33,38.4,0.48,3.88,pm25_greater_than_pm10
358448,"Kumaran College, Tirupur - TNPCB",11.0973603,77.3228673,2025-11-02 17:30:00+00:00,193.0,39.0,7.3,7.3,0.397,3.91,pm25_greater_than_pm10
358448,"Kumaran College, Tirupur - TNPCB",11.0973603,77.3228673,2025-11-06 08:30:00+00:00,176.0,47.0,8.07,11.8,0.378,3.05,pm25_greater_than_pm10
358448,"Kumaran College, Tirupur - TNPCB",11.0973603,77.3228673,2025-11-09 08:30:00+00:00,342.0,67.0,5.82,16.7,0.625,2.97,pm25_greater_than_pm10
358448,"Kumaran College, Tirupur - TNPCB",11.0973603,77.3228673,2025-11-10 00:30:00+00:00,71.5,0.0,6.53,2.72,0.473,2.75,pm25_greater_than_pm10
358448,"Kumaran College, Tirupur - TNPCB",11.0973603,77.3228673,2025-11-22 12:30:00+00:00,388.0,28.8,5.8,2.22,0.503,2.96,pm25_greater_than_pm10
363601,"Girls College, Sivasagar - PCBA",26.987634000000003,94.636574,2026-03-31 21:30:00+00:00,18.1,17.0,26.9,6.24,0.623,38.8,pm25_greater_than_pm10
363601,"Girls College, Sivasagar - PCBA",26.987634000000003,94.636574,2026-03-31 22:30:00+00:00,15.8,11.1,24.2,6.2,0.617,29.8,pm25_greater_than_pm10
363601,"Girls College, Sivasagar - PCBA",26.987634000000003,94.636574,2026-03-31 23:30:00+00:00,17.2,13.9,25.9,6.28,0.605,27.8,pm25_greater_than_pm10
363601,"Girls College, Sivasagar - PCBA",26.987634000000003,94.636574,2026-04-11 17:30:00+00:00,239.0,30.5,22.8,5.38,0.58,43.0,pm25_greater_than_pm10
363601,"Girls College, Sivasagar - PCBA",26.987634000000003,94.636574,2026-04-24 19:30:00+00:00,34.6,30.2,21.4,6.0,0.825,17.7,pm25_greater_than_pm10
363601,"Girls College, Sivasagar - PCBA",26.987634000000003,94.636574,2026-05-28 20:30:00+00:00,44.8,44.5,9.5,5.87,1.82,5.52,pm25_greater_than_pm10
363601,"Girls College, Sivasagar - PCBA",26.987634000000003,94.636574,2026-05-28 22:30:00+00:00,46.9,43.9,7.67,5.7,1.34,5.38,pm25_greater_than_pm10
363601,"Girls College, Sivasagar - PCBA",26.987634000000003,94.636574,2026-06-08 07:30:00+00:00,29.5,22.1,6.65,6.74,0.275,66.7,pm25_greater_than_pm10
3409345,"Parisutham Nagar, Thanjavur - TNPCB",10.7654824,79.1389968,2025-10-15 04:30:00+00:00,36.0,17.7,2.51,13.0,0.18,14.8,pm25_greater_than_pm10
3409345,"Parisutham Nagar, Thanjavur - TNPCB",10.7654824,79.1389968,2025-10-15 14:30:00+00:00,46.0,29.8,2.43,13.0,0.18,4.96,pm25_greater_than_pm10
3409345,"Parisutham Nagar, Thanjavur - TNPCB",10.7654824,79.1389968,2025-10-16 03:30:00+00:00,21.5,15.0,2.46,13.2,0.21,15.1,pm25_greater_than_pm10
3409345,"Parisutham Nagar, Thanjavur - TNPCB",10.7654824,79.1389968,2025-10-16 05:30:00+00:00,18.3,18.0,2.46,13.2,0.19,13.4,pm25_greater_than_pm10
3409345,"Parisutham Nagar, Thanjavur - TNPCB",10.7654824,79.1389968,2025-10-17 02:30:00+00:00,17.0,13.5,2.45,13.0,0.19,16.3,pm25_greater_than_pm10
3409361,"AIIMS, Raipur - CECB",21.258815,81.578979,2026-05-30 18:30:00+00:00,12.9,11.0,12.8,3.77,0.41,12.6,pm25_greater_than_pm10
3409361,"AIIMS, Raipur - CECB",21.258815,81.578979,2026-06-08 21:30:00+00:00,18.3,5.41,6.93,3.54,0.345,12.8,pm25_greater_than_pm10
3409361,"AIIMS, Raipur - CECB",21.258815,81.578979,2026-06-08 22:30:00+00:00,15.1,15.0,6.18,3.52,0.298,15.5,pm25_greater_than_pm10
3409361,"AIIMS, Raipur - CECB",21.258815,81.578979,2026-06-10 15:30:00+00:00,11.6,9.85,6.26,4.14,0.34,13.8,pm25_greater_than_pm10
3409361,"AIIMS, Raipur - CECB",21.258815,81.578979,2026-06-10 17:30:00+00:00,12.0,5.3,4.48,3.18,0.383,12.4,pm25_greater_than_pm10
3409361,"AIIMS, Raipur - CECB",21.258815,81.578979,2026-06-22 21:30:00+00:00,8.19,8.11,2.53,2.83,0.21,15.4,pm25_greater_than_pm10
3409380,"Tata Township, Bileipada - OSPCB",22.06156703,85.47409613,2026-03-19 09:30:00+00:00,172.0,33.2,7.11,8.88,0.3,17.0,pm25_greater_than_pm10
3409380,"Tata Township, Bileipada - OSPCB",22.06156703,85.47409613,2026-03-19 10:30:00+00:00,125.0,31.8,6.97,8.86,0.298,16.3,pm25_greater_than_pm10
3409380,"Tata Township, Bileipada - OSPCB",22.06156703,85.47409613,2026-03-23 07:30:00+00:00,131.0,51.9,7.15,9.41,0.42,17.0,pm25_greater_than_pm10
3409380,"Tata Township, Bileipada - OSPCB",22.06156703,85.47409613,2026-03-23 09:30:00+00:00,153.0,53.5,7.46,9.37,0.33,14.3,pm25_greater_than_pm10
3409380,"Tata Township, Bileipada - OSPCB",22.06156703,85.47409613,2026-03-23 11:30:00+00:00,142.0,67.9,7.23,9.25,0.34,14.7,pm25_greater_than_pm10
3409380,"Tata Township, Bileipada - OSPCB",22.06156703,85.47409613,2026-03-23 12:30:00+00:00,141.0,78.8,7.19,9.27,0.35,15.5,pm25_greater_than_pm10
3409380,"Tata Township, Bileipada - OSPCB",22.06156703,85.47409613,2026-03-23 13:30:00+00:00,143.0,99.7,7.66,9.21,0.397,15.5,pm25_greater_than_pm10
3409380,"Tata Township, Bileipada - OSPCB",22.06156703,85.47409613,2026-03-26 09:30:00+00:00,127.0,110.0,7.43,9.17,0.47,16.2,pm25_greater_than_pm10
3409380,"Tata Township, Bileipada - OSPCB",22.06156703,85.47409613,2026-03-26 10:30:00+00:00,126.0,105.0,7.38,9.1,0.46,16.3,pm25_greater_than_pm10
3409380,"Tata Township, Bileipada - OSPCB",22.06156703,85.47409613,2026-03-26 11:30:00+00:00,128.0,104.0,7.26,9.04,0.445,15.7,pm25_greater_than_pm10
3409380,"Tata Township, Bileipada - OSPCB",22.06156703,85.47409613,2026-03-27 04:30:00+00:00,124.0,64.2,7.06,9.33,0.878,15.9,pm25_greater_than_pm10
3409380,"Tata Township, Bileipada - OSPCB",22.06156703,85.47409613,2026-03-27 05:30:00+00:00,122.0,79.1,7.0,9.35,0.663,18.6,pm25_greater_than_pm10
3409380,"Tata Township, Bileipada - OSPCB",22.06156703,85.47409613,2026-03-27 06:30:00+00:00,118.0,74.0,7.14,9.28,0.535,20.1,pm25_greater_than_pm10
3409380,"Tata Township, Bileipada - OSPCB",22.06156703,85.47409613,2026-03-27 08:30:00+00:00,104.0,83.3,7.17,9.1,0.433,19.0,pm25_greater_than_pm10
3409380,"Tata Township, Bileipada - OSPCB",22.06156703,85.47409613,2026-03-27 09:30:00+00:00,108.0,83.9,7.17,9.0,0.43,16.6,pm25_greater_than_pm10
3409380,"Tata Township, Bileipada - OSPCB",22.06156703,85.47409613,2026-03-27 10:30:00+00:00,107.0,104.0,7.46,8.92,0.425,17.6,pm25_greater_than_pm10
3409380,"Tata Township, Bileipada - OSPCB",22.06156703,85.47409613,2026-03-27 16:30:00+00:00,92.6,72.6,6.82,8.96,0.438,15.3,pm25_greater_than_pm10
3409380,"Tata Township, Bileipada - OSPCB",22.06156703,85.47409613,2026-03-27 17:30:00+00:00,67.7,49.4,6.96,9.04,0.423,15.0,pm25_greater_than_pm10
3409380,"Tata Township, Bileipada - OSPCB",22.06156703,85.47409613,2026-03-29 06:30:00+00:00,66.5,41.6,7.19,9.19,0.39,19.9,pm25_greater_than_pm10
3409380,"Tata Township, Bileipada - OSPCB",22.06156703,85.47409613,2026-03-29 08:30:00+00:00,82.2,74.9,7.57,9.04,0.375,17.3,pm25_greater_than_pm10
3409380,"Tata Township, Bileipada - OSPCB",22.06156703,85.47409613,2026-03-29 09:30:00+00:00,80.3,64.2,7.6,8.92,0.385,16.3,pm25_greater_than_pm10
3409380,"Tata Township, Bileipada - OSPCB",22.06156703,85.47409613,2026-03-29 10:30:00+00:00,79.8,61.0,7.45,8.82,0.383,16.2,pm25_greater_than_pm10
3409380,"Tata Township, Bileipada - OSPCB",22.06156703,85.47409613,2026-03-30 11:30:00+00:00,94.9,73.0,6.92,8.94,0.36,16.0,pm25_greater_than_pm10
3409380,"Tata Township, Bileipada - OSPCB",22.06156703,85.47409613,2026-04-02 07:30:00+00:00,107.0,105.0,6.88,8.85,0.508,19.2,pm25_greater_than_pm10
3409380,"Tata Township, Bileipada - OSPCB",22.06156703,85.47409613,2026-04-02 09:30:00+00:00,112.0,106.0,7.06,8.69,0.48,17.4,pm25_greater_than_pm10
3409380,"Tata Township, Bileipada - OSPCB",22.06156703,85.47409613,2026-04-03 04:30:00+00:00,128.0,121.0,7.1,8.75,0.703,16.9,pm25_greater_than_pm10
3409380,"Tata Township, Bileipada - OSPCB",22.06156703,85.47409613,2026-04-03 05:30:00+00:00,128.0,126.0,7.06,8.75,0.603,19.5,pm25_greater_than_pm10
3409380,"Tata Township, Bileipada - OSPCB",22.06156703,85.47409613,2026-04-03 06:30:00+00:00,113.0,109.0,7.16,8.7,0.545,20.4,pm25_greater_than_pm10
3409380,"Tata Township, Bileipada - OSPCB",22.06156703,85.47409613,2026-04-03 07:30:00+00:00,118.0,98.8,7.44,8.63,0.535,19.9,pm25_greater_than_pm10
3409380,"Tata Township, Bileipada - OSPCB",22.06156703,85.47409613,2026-04-03 10:30:00+00:00,135.0,125.0,7.21,8.28,0.603,18.1,pm25_greater_than_pm10
3409380,"Tata Township, Bileipada - OSPCB",22.06156703,85.47409613,2026-04-05 05:30:00+00:00,60.4,47.9,6.62,8.75,0.437,16.0,pm25_greater_than_pm10
3409380,"Tata Township, Bileipada - OSPCB",22.06156703,85.47409613,2026-04-05 08:30:00+00:00,80.6,68.9,6.58,8.81,0.297,14.9,pm25_greater_than_pm10
3409380,"Tata Township, Bileipada - OSPCB",22.06156703,85.47409613,2026-04-14 04:30:00+00:00,126.0,109.0,12.3,11.6,0.765,17.2,pm25_greater_than_pm10
3409380,"Tata Township, Bileipada - OSPCB",22.06156703,85.47409613,2026-04-16 05:30:00+00:00,87.8,74.3,12.1,10.8,0.507,20.8,pm25_greater_than_pm10
3409380,"Tata Township, Bileipada - OSPCB",22.06156703,85.47409613,2026-04-16 06:30:00+00:00,113.0,70.7,12.3,10.7,0.513,19.6,pm25_greater_than_pm10
3409380,"Tata Township, Bileipada - OSPCB",22.06156703,85.47409613,2026-04-16 07:30:00+00:00,129.0,112.0,12.7,10.4,0.53,17.2,pm25_greater_than_pm10
3409380,"Tata Township, Bileipada - OSPCB",22.06156703,85.47409613,2026-04-17 08:30:00+00:00,109.0,93.0,11.7,10.5,0.41,17.3,pm25_greater_than_pm10
3409380,"Tata Township, Bileipada - OSPCB",22.06156703,85.47409613,2026-04-17 09:30:00+00:00,125.0,93.1,11.9,10.2,0.44,16.8,pm25_greater_than_pm10
3409380,"Tata Township, Bileipada - OSPCB",22.06156703,85.47409613,2026-04-26 10:30:00+00:00,42.0,41.8,13.6,11.1,0.6,14.4,pm25_greater_than_pm10
3409380,"Tata Township, Bileipada - OSPCB",22.06156703,85.47409613,2026-04-28 03:30:00+00:00,35.0,26.4,11.5,12.6,0.463,17.7,pm25_greater_than_pm10
3409380,"Tata Township, Bileipada - OSPCB",22.06156703,85.47409613,2026-05-03 05:30:00+00:00,372.0,54.5,12.4,15.4,0.505,16.0,pm25_greater_than_pm10
3409380,"Tata Township, Bileipada - OSPCB",22.06156703,85.47409613,2026-05-03 06:30:00+00:00,1790.0,57.1,12.4,15.4,0.483,15.2,pm25_extreme;pm25_greater_than_pm10
3409380,"Tata Township, Bileipada - OSPCB",22.06156703,85.47409613,2026-05-03 07:30:00+00:00,498.0,44.5,12.7,15.3,0.458,15.8,pm25_greater_than_pm10
3409380,"Tata Township, Bileipada - OSPCB",22.06156703,85.47409613,2026-05-03 12:30:00+00:00,1870.0,28.3,12.8,13.7,0.383,13.2,pm25_extreme;pm25_greater_than_pm10
3409380,"Tata Township, Bileipada - OSPCB",22.06156703,85.47409613,2026-05-03 13:30:00+00:00,3490.0,44.7,12.9,13.7,0.418,13.3,pm25_extreme;pm25_greater_than_pm10
3409380,"Tata Township, Bileipada - OSPCB",22.06156703,85.47409613,2026-05-03 14:30:00+00:00,867.0,57.3,12.7,13.6,0.448,14.3,pm25_greater_than_pm10
3409380,"Tata Township, Bileipada - OSPCB",22.06156703,85.47409613,2026-05-03 16:30:00+00:00,334.0,74.1,12.7,13.7,0.45,14.9,pm25_greater_than_pm10
3409380,"Tata Township, Bileipada - OSPCB",22.06156703,85.47409613,2026-05-03 17:30:00+00:00,132.0,63.9,12.7,13.7,0.423,15.4,pm25_greater_than_pm10
3409380,"Tata Township, Bileipada - OSPCB",22.06156703,85.47409613,2026-05-03 18:30:00+00:00,222.0,66.0,12.1,14.0,0.29,15.6,pm25_greater_than_pm10
3409380,"Tata Township, Bileipada - OSPCB",22.06156703,85.47409613,2026-05-03 19:30:00+00:00,162.0,57.9,12.4,14.1,0.297,14.5,pm25_greater_than_pm10
3409380,"Tata Township, Bileipada - OSPCB",22.06156703,85.47409613,2026-05-04 08:30:00+00:00,35.5,26.7,12.9,14.0,0.273,13.0,pm25_greater_than_pm10
3409380,"Tata Township, Bileipada - OSPCB",22.06156703,85.47409613,2026-05-06 05:30:00+00:00,22.0,17.4,13.9,14.2,0.525,15.2,pm25_greater_than_pm10
3409380,"Tata Township, Bileipada - OSPCB",22.06156703,85.47409613,2026-05-06 06:30:00+00:00,18.8,13.0,14.3,14.1,0.52,15.1,pm25_greater_than_pm10
3409380,"Tata Township, Bileipada - OSPCB",22.06156703,85.47409613,2026-05-06 07:30:00+00:00,21.5,17.2,14.3,13.9,0.51,15.9,pm25_greater_than_pm10
3409380,"Tata Township, Bileipada - OSPCB",22.06156703,85.47409613,2026-05-06 10:30:00+00:00,45.9,26.9,12.6,11.1,0.468,57.2,pm25_greater_than_pm10
3409380,"Tata Township, Bileipada - OSPCB",22.06156703,85.47409613,2026-05-06 11:30:00+00:00,42.1,26.4,12.4,11.3,0.38,47.1,pm25_greater_than_pm10
3409380,"Tata Township, Bileipada - OSPCB",22.06156703,85.47409613,2026-05-06 12:30:00+00:00,579.0,32.6,14.4,12.8,0.363,15.6,pm25_greater_than_pm10
3409380,"Tata Township, Bileipada - OSPCB",22.06156703,85.47409613,2026-05-06 13:30:00+00:00,348.0,43.9,14.8,12.8,0.475,15.2,pm25_greater_than_pm10
3409380,"Tata Township, Bileipada - OSPCB",22.06156703,85.47409613,2026-05-06 21:30:00+00:00,243.0,152.0,13.1,13.4,0.643,14.5,pm25_greater_than_pm10
3409380,"Tata Township, Bileipada - OSPCB",22.06156703,85.47409613,2026-05-07 08:30:00+00:00,451.0,31.5,13.7,13.7,0.538,15.7,pm25_greater_than_pm10
3409380,"Tata Township, Bileipada - OSPCB",22.06156703,85.47409613,2026-05-07 09:30:00+00:00,162.0,24.6,13.3,13.4,0.503,15.2,pm25_greater_than_pm10
3409380,"Tata Township, Bileipada - OSPCB",22.06156703,85.47409613,2026-05-07 10:30:00+00:00,643.0,25.1,13.4,13.1,0.483,14.7,pm25_greater_than_pm10
3409380,"Tata Township, Bileipada - OSPCB",22.06156703,85.47409613,2026-05-07 11:30:00+00:00,251.0,28.4,13.4,12.9,0.483,15.1,pm25_greater_than_pm10
3409380,"Tata Township, Bileipada - OSPCB",22.06156703,85.47409613,2026-05-08 09:30:00+00:00,28.8,26.5,11.6,13.9,0.515,29.3,pm25_greater_than_pm10
3409380,"Tata Township, Bileipada - OSPCB",22.06156703,85.47409613,2026-05-08 14:30:00+00:00,60.9,46.8,12.1,14.0,0.548,15.5,pm25_greater_than_pm10
3409380,"Tata Township, Bileipada - OSPCB",22.06156703,85.47409613,2026-05-08 15:30:00+00:00,59.0,44.8,12.0,14.3,0.55,14.4,pm25_greater_than_pm10
3409380,"Tata Township, Bileipada - OSPCB",22.06156703,85.47409613,2026-05-08 16:30:00+00:00,63.1,54.9,11.9,14.5,0.555,14.8,pm25_greater_than_pm10
3409380,"Tata Township, Bileipada - OSPCB",22.06156703,85.47409613,2026-05-08 17:30:00+00:00,78.1,51.1,11.8,14.5,0.567,14.3,pm25_greater_than_pm10
3409380,"Tata Township, Bileipada - OSPCB",22.06156703,85.47409613,2026-05-09 04:30:00+00:00,53.3,42.9,12.3,15.0,0.498,15.9,pm25_greater_than_pm10
3409380,"Tata Township, Bileipada - OSPCB",22.06156703,85.47409613,2026-05-09 05:30:00+00:00,41.9,32.3,12.3,14.9,0.503,15.5,pm25_greater_than_pm10
3409380,"Tata Township, Bileipada - OSPCB",22.06156703,85.47409613,2026-05-09 09:30:00+00:00,69.2,42.1,12.6,14.4,0.423,16.2,pm25_greater_than_pm10
3409380,"Tata Township, Bileipada - OSPCB",22.06156703,85.47409613,2026-05-09 10:30:00+00:00,112.0,34.9,12.6,14.2,0.4,15.0,pm25_greater_than_pm10
3409380,"Tata Township, Bileipada - OSPCB",22.06156703,85.47409613,2026-05-09 11:30:00+00:00,140.0,30.6,12.6,14.0,0.398,14.6,pm25_greater_than_pm10
3409380,"Tata Township, Bileipada - OSPCB",22.06156703,85.47409613,2026-05-09 12:30:00+00:00,122.0,23.0,12.3,13.8,0.41,15.0,pm25_greater_than_pm10
3409380,"Tata Township, Bileipada - OSPCB",22.06156703,85.47409613,2026-05-09 13:30:00+00:00,95.3,25.8,12.2,13.8,0.43,14.8,pm25_greater_than_pm10
3409380,"Tata Township, Bileipada - OSPCB",22.06156703,85.47409613,2026-05-09 14:30:00+00:00,63.8,27.9,12.2,13.7,0.443,14.9,pm25_greater_than_pm10
3409380,"Tata Township, Bileipada - OSPCB",22.06156703,85.47409613,2026-05-09 15:30:00+00:00,45.8,26.8,12.1,13.8,0.45,16.2,pm25_greater_than_pm10
3409380,"Tata Township, Bileipada - OSPCB",22.06156703,85.47409613,2026-05-09 19:30:00+00:00,46.1,40.1,11.7,14.1,0.373,15.8,pm25_greater_than_pm10
3409380,"Tata Township, Bileipada - OSPCB",22.06156703,85.47409613,2026-05-09 20:30:00+00:00,51.2,37.9,11.5,14.2,0.373,15.2,pm25_greater_than_pm10
3409380,"Tata Township, Bileipada - OSPCB",22.06156703,85.47409613,2026-05-09 21:30:00+00:00,48.9,28.6,11.5,14.4,0.373,14.5,pm25_greater_than_pm10
3409380,"Tata Township, Bileipada - OSPCB",22.06156703,85.47409613,2026-05-09 22:30:00+00:00,45.8,29.9,11.5,14.6,0.38,14.4,pm25_greater_than_pm10
3409380,"Tata Township, Bileipada - OSPCB",22.06156703,85.47409613,2026-05-09 23:30:00+00:00,49.1,39.8,11.5,14.8,0.383,15.0,pm25_greater_than_pm10
3409380,"Tata Township, Bileipada - OSPCB",22.06156703,85.47409613,2026-05-10 12:30:00+00:00,45.1,41.5,11.8,14.2,0.42,14.6,pm25_greater_than_pm10
3409380,"Tata Township, Bileipada - OSPCB",22.06156703,85.47409613,2026-05-10 13:30:00+00:00,40.1,34.7,11.9,14.1,0.425,14.6,pm25_greater_than_pm10
3409380,"Tata Township, Bileipada - OSPCB",22.06156703,85.47409613,2026-05-10 14:30:00+00:00,32.1,26.1,11.7,14.0,0.42,14.9,pm25_greater_than_pm10
3409380,"Tata Township, Bileipada - OSPCB",22.06156703,85.47409613,2026-05-10 17:30:00+00:00,52.4,40.7,11.6,14.4,0.407,14.8,pm25_greater_than_pm10
3409380,"Tata Township, Bileipada - OSPCB",22.06156703,85.47409613,2026-05-10 18:30:00+00:00,69.5,54.7,11.2,14.6,0.375,14.8,pm25_greater_than_pm10
3409380,"Tata Township, Bileipada - OSPCB",22.06156703,85.47409613,2026-05-10 19:30:00+00:00,59.0,41.4,11.3,14.5,0.383,14.8,pm25_greater_than_pm10
3409380,"Tata Township, Bileipada - OSPCB",22.06156703,85.47409613,2026-05-10 20:30:00+00:00,56.6,28.2,11.3,14.6,0.405,15.0,pm25_greater_than_pm10
3409380,"Tata Township, Bileipada - OSPCB",22.06156703,85.47409613,2026-05-10 21:30:00+00:00,59.8,39.9,11.1,14.7,0.428,14.6,pm25_greater_than_pm10
3409380,"Tata Township, Bileipada - OSPCB",22.06156703,85.47409613,2026-05-10 22:30:00+00:00,63.7,59.9,11.3,14.8,0.448,14.4,pm25_greater_than_pm10
3409380,"Tata Township, Bileipada - OSPCB",22.06156703,85.47409613,2026-05-11 00:30:00+00:00,213.0,112.0,11.4,14.9,0.495,14.2,pm25_greater_than_pm10
3409380,"Tata Township, Bileipada - OSPCB",22.06156703,85.47409613,2026-05-11 01:30:00+00:00,92.9,83.7,11.2,15.0,0.47,14.1,pm25_greater_than_pm10
3409380,"Tata Township, Bileipada - OSPCB",22.06156703,85.47409613,2026-05-11 07:30:00+00:00,33.9,26.1,11.8,15.3,0.398,16.0,pm25_greater_than_pm10
3409380,"Tata Township, Bileipada - OSPCB",22.06156703,85.47409613,2026-05-11 18:30:00+00:00,49.7,48.3,11.5,15.2,0.335,14.8,pm25_greater_than_pm10
3409380,"Tata Township, Bileipada - OSPCB",22.06156703,85.47409613,2026-05-11 22:30:00+00:00,303.0,37.2,11.4,15.3,0.408,14.3,pm25_greater_than_pm10
3409380,"Tata Township, Bileipada - OSPCB",22.06156703,85.47409613,2026-05-11 23:30:00+00:00,244.0,54.0,11.3,15.6,0.433,14.3,pm25_greater_than_pm10
3409380,"Tata Township, Bileipada - OSPCB",22.06156703,85.47409613,2026-05-12 00:30:00+00:00,90.0,73.1,11.2,15.7,0.455,14.5,pm25_greater_than_pm10
3409380,"Tata Township, Bileipada - OSPCB",22.06156703,85.47409613,2026-05-12 07:30:00+00:00,25.7,16.3,12.0,15.6,0.37,16.8,pm25_greater_than_pm10
3409380,"Tata Township, Bileipada - OSPCB",22.06156703,85.47409613,2026-05-12 15:30:00+00:00,66.4,47.9,11.9,14.7,0.535,14.8,pm25_greater_than_pm10
3409380,"Tata Township, Bileipada - OSPCB",22.06156703,85.47409613,2026-05-12 16:30:00+00:00,62.6,52.9,12.0,14.9,0.645,14.2,pm25_greater_than_pm10
3409380,"Tata Township, Bileipada - OSPCB",22.06156703,85.47409613,2026-05-12 17:30:00+00:00,89.9,52.1,11.9,15.0,0.657,14.2,pm25_greater_than_pm10
3409380,"Tata Township, Bileipada - OSPCB",22.06156703,85.47409613,2026-05-15 11:30:00+00:00,36.9,35.5,13.5,13.8,0.473,15.6,pm25_greater_than_pm10
3409380,"Tata Township, Bileipada - OSPCB",22.06156703,85.47409613,2026-05-15 14:30:00+00:00,207.0,97.8,13.2,13.7,0.573,14.7,pm25_greater_than_pm10
3409380,"Tata Township, Bileipada - OSPCB",22.06156703,85.47409613,2026-05-15 15:30:00+00:00,273.0,202.0,12.9,13.8,0.6,14.5,pm25_greater_than_pm10
3409380,"Tata Township, Bileipada - OSPCB",22.06156703,85.47409613,2026-05-15 22:30:00+00:00,255.0,217.0,12.3,14.6,0.745,14.6,pm25_greater_than_pm10
3409380,"Tata Township, Bileipada - OSPCB",22.06156703,85.47409613,2026-05-15 23:30:00+00:00,202.0,168.0,12.2,14.7,0.735,16.4,pm25_greater_than_pm10
3409380,"Tata Township, Bileipada - OSPCB",22.06156703,85.47409613,2026-05-16 00:30:00+00:00,64.1,59.7,12.4,14.7,0.743,14.4,pm25_greater_than_pm10
3409380,"Tata Township, Bileipada - OSPCB",22.06156703,85.47409613,2026-05-16 18:30:00+00:00,317.0,117.0,12.8,12.6,0.53,15.4,pm25_greater_than_pm10
3409380,"Tata Township, Bileipada - OSPCB",22.06156703,85.47409613,2026-05-16 19:30:00+00:00,149.0,99.3,12.4,12.8,0.61,15.9,pm25_greater_than_pm10
3409380,"Tata Township, Bileipada - OSPCB",22.06156703,85.47409613,2026-05-17 00:30:00+00:00,78.2,46.3,12.0,13.8,0.785,14.8,pm25_greater_than_pm10
3409380,"Tata Township, Bileipada - OSPCB",22.06156703,85.47409613,2026-05-17 01:30:00+00:00,60.2,50.7,12.0,13.9,0.718,14.9,pm25_greater_than_pm10
3409380,"Tata Township, Bileipada - OSPCB",22.06156703,85.47409613,2026-05-17 18:30:00+00:00,161.0,104.0,13.0,12.5,0.78,14.5,pm25_greater_than_pm10
3409380,"Tata Township, Bileipada - OSPCB",22.06156703,85.47409613,2026-05-18 00:30:00+00:00,132.0,117.0,13.0,13.5,0.88,14.5,pm25_greater_than_pm10
3409380,"Tata Township, Bileipada - OSPCB",22.06156703,85.47409613,2026-05-18 01:30:00+00:00,81.9,75.9,12.5,13.7,0.943,14.8,pm25_greater_than_pm10
3409380,"Tata Township, Bileipada - OSPCB",22.06156703,85.47409613,2026-05-18 04:30:00+00:00,17.0,16.7,12.9,13.8,0.665,16.9,pm25_greater_than_pm10
3409380,"Tata Township, Bileipada - OSPCB",22.06156703,85.47409613,2026-05-18 08:30:00+00:00,55.2,30.9,14.0,12.7,0.613,16.0,pm25_greater_than_pm10
3409380,"Tata Township, Bileipada - OSPCB",22.06156703,85.47409613,2026-05-18 09:30:00+00:00,73.0,36.8,14.2,12.2,0.625,15.2,pm25_greater_than_pm10
3409380,"Tata Township, Bileipada - OSPCB",22.06156703,85.47409613,2026-05-18 10:30:00+00:00,83.7,49.6,14.0,11.9,0.62,15.4,pm25_greater_than_pm10
3409380,"Tata Township, Bileipada - OSPCB",22.06156703,85.47409613,2026-05-18 11:30:00+00:00,87.8,41.0,14.4,11.6,0.61,15.3,pm25_greater_than_pm10
3409380,"Tata Township, Bileipada - OSPCB",22.06156703,85.47409613,2026-05-18 12:30:00+00:00,125.0,55.2,14.2,11.2,0.643,15.4,pm25_greater_than_pm10
3409380,"Tata Township, Bileipada - OSPCB",22.06156703,85.47409613,2026-05-18 13:30:00+00:00,118.0,58.2,14.2,11.0,0.638,14.9,pm25_greater_than_pm10
3409380,"Tata Township, Bileipada - OSPCB",22.06156703,85.47409613,2026-05-18 14:30:00+00:00,85.3,57.7,14.1,11.0,0.653,14.9,pm25_greater_than_pm10
3409380,"Tata Township, Bileipada - OSPCB",22.06156703,85.47409613,2026-05-18 17:30:00+00:00,166.0,125.0,13.6,11.4,0.813,14.3,pm25_greater_than_pm10
3409380,"Tata Township, Bileipada - OSPCB",22.06156703,85.47409613,2026-05-18 18:30:00+00:00,256.0,140.0,13.4,11.7,0.85,14.5,pm25_greater_than_pm10
3409380,"Tata Township, Bileipada - OSPCB",22.06156703,85.47409613,2026-05-18 19:30:00+00:00,194.0,124.0,13.2,11.8,0.848,14.7,pm25_greater_than_pm10
3409380,"Tata Township, Bileipada - OSPCB",22.06156703,85.47409613,2026-05-18 21:30:00+00:00,113.0,110.0,12.7,12.2,0.798,14.5,pm25_greater_than_pm10
3409380,"Tata Township, Bileipada - OSPCB",22.06156703,85.47409613,2026-05-18 22:30:00+00:00,143.0,102.0,12.7,12.4,0.765,14.4,pm25_greater_than_pm10
3409380,"Tata Township, Bileipada - OSPCB",22.06156703,85.47409613,2026-05-18 23:30:00+00:00,152.0,92.3,12.5,12.6,0.745,14.6,pm25_greater_than_pm10
3409380,"Tata Township, Bileipada - OSPCB",22.06156703,85.47409613,2026-05-19 00:30:00+00:00,179.0,88.9,12.7,12.8,0.74,14.1,pm25_greater_than_pm10
3409380,"Tata Township, Bileipada - OSPCB",22.06156703,85.47409613,2026-05-22 17:30:00+00:00,83.9,73.5,10.9,5.85,0.693,15.3,pm25_greater_than_pm10
3409380,"Tata Township, Bileipada - OSPCB",22.06156703,85.47409613,2026-05-22 20:30:00+00:00,193.0,120.0,11.4,6.41,0.718,14.9,pm25_greater_than_pm10
3409380,"Tata Township, Bileipada - OSPCB",22.06156703,85.47409613,2026-05-22 21:30:00+00:00,275.0,158.0,11.4,6.6,0.703,15.2,pm25_greater_than_pm10
3409380,"Tata Township, Bileipada - OSPCB",22.06156703,85.47409613,2026-05-22 22:30:00+00:00,192.0,162.0,10.9,6.75,0.703,14.6,pm25_greater_than_pm10
3409380,"Tata Township, Bileipada - OSPCB",22.06156703,85.47409613,2026-05-24 22:30:00+00:00,184.0,133.0,10.8,7.1,0.548,14.7,pm25_greater_than_pm10
3409380,"Tata Township, Bileipada - OSPCB",22.06156703,85.47409613,2026-05-24 23:30:00+00:00,187.0,113.0,10.8,7.31,0.528,14.5,pm25_greater_than_pm10
3409380,"Tata Township, Bileipada - OSPCB",22.06156703,85.47409613,2026-05-26 04:30:00+00:00,106.0,86.1,10.7,13.3,0.55,19.1,pm25_greater_than_pm10
3409380,"Tata Township, Bileipada - OSPCB",22.06156703,85.47409613,2026-05-26 05:30:00+00:00,87.4,78.8,10.8,13.4,0.565,18.2,pm25_greater_than_pm10
3409380,"Tata Township, Bileipada - OSPCB",22.06156703,85.47409613,2026-05-26 19:30:00+00:00,130.0,104.0,11.0,11.5,0.748,14.7,pm25_greater_than_pm10
3409380,"Tata Township, Bileipada - OSPCB",22.06156703,85.47409613,2026-05-26 20:30:00+00:00,130.0,65.3,10.6,11.8,0.705,15.3,pm25_greater_than_pm10
3409380,"Tata Township, Bileipada - OSPCB",22.06156703,85.47409613,2026-05-26 21:30:00+00:00,131.0,73.8,10.4,11.9,0.68,15.5,pm25_greater_than_pm10
3409380,"Tata Township, Bileipada - OSPCB",22.06156703,85.47409613,2026-05-26 22:30:00+00:00,135.0,74.3,10.6,12.0,0.665,15.2,pm25_greater_than_pm10
3409380,"Tata Township, Bileipada - OSPCB",22.06156703,85.47409613,2026-05-26 23:30:00+00:00,171.0,66.2,10.8,12.1,0.678,15.8,pm25_greater_than_pm10
3409380,"Tata Township, Bileipada - OSPCB",22.06156703,85.47409613,2026-05-27 00:30:00+00:00,150.0,73.9,10.6,12.2,0.688,15.7,pm25_greater_than_pm10
3409380,"Tata Township, Bileipada - OSPCB",22.06156703,85.47409613,2026-05-27 01:30:00+00:00,44.8,26.1,10.6,12.3,0.69,15.7,pm25_greater_than_pm10
3409380,"Tata Township, Bileipada - OSPCB",22.06156703,85.47409613,2026-05-28 20:30:00+00:00,82.5,70.2,11.5,12.3,0.465,15.3,pm25_greater_than_pm10
3409380,"Tata Township, Bileipada - OSPCB",22.06156703,85.47409613,2026-05-28 21:30:00+00:00,91.3,68.6,11.4,12.4,0.443,14.3,pm25_greater_than_pm10
3409380,"Tata Township, Bileipada - OSPCB",22.06156703,85.47409613,2026-05-28 22:30:00+00:00,96.5,70.9,11.1,12.6,0.42,14.8,pm25_greater_than_pm10
3409380,"Tata Township, Bileipada - OSPCB",22.06156703,85.47409613,2026-05-28 23:30:00+00:00,71.8,68.4,11.2,12.7,0.41,14.8,pm25_greater_than_pm10
3409380,"Tata Township, Bileipada - OSPCB",22.06156703,85.47409613,2026-05-29 14:30:00+00:00,70.5,70.0,11.1,12.6,0.46,14.6,pm25_greater_than_pm10
3409380,"Tata Township, Bileipada - OSPCB",22.06156703,85.47409613,2026-05-29 17:30:00+00:00,100.0,76.7,11.2,13.2,0.473,14.3,pm25_greater_than_pm10
3409380,"Tata Township, Bileipada - OSPCB",22.06156703,85.47409613,2026-05-29 18:30:00+00:00,157.0,91.0,11.5,13.5,0.53,14.7,pm25_greater_than_pm10
3409380,"Tata Township, Bileipada - OSPCB",22.06156703,85.47409613,2026-05-29 19:30:00+00:00,119.0,98.1,11.5,13.6,0.513,14.7,pm25_greater_than_pm10
3409380,"Tata Township, Bileipada - OSPCB",22.06156703,85.47409613,2026-05-29 20:30:00+00:00,115.0,113.0,11.3,13.7,0.505,14.9,pm25_greater_than_pm10
3409380,"Tata Township, Bileipada - OSPCB",22.06156703,85.47409613,2026-05-30 21:30:00+00:00,168.0,82.7,10.9,15.3,0.568,14.6,pm25_greater_than_pm10
3409380,"Tata Township, Bileipada - OSPCB",22.06156703,85.47409613,2026-05-30 22:30:00+00:00,568.0,69.7,11.1,15.3,0.538,14.5,pm25_greater_than_pm10
3409380,"Tata Township, Bileipada - OSPCB",22.06156703,85.47409613,2026-05-30 23:30:00+00:00,806.0,57.2,11.2,15.3,0.523,14.8,pm25_greater_than_pm10
3409380,"Tata Township, Bileipada - OSPCB",22.06156703,85.47409613,2026-05-31 00:30:00+00:00,806.0,51.4,11.1,15.3,0.518,14.9,pm25_greater_than_pm10
3409380,"Tata Township, Bileipada - OSPCB",22.06156703,85.47409613,2026-06-01 03:30:00+00:00,335.0,90.1,11.6,14.4,0.795,16.4,pm25_greater_than_pm10
3409380,"Tata Township, Bileipada - OSPCB",22.06156703,85.47409613,2026-06-02 20:30:00+00:00,139.0,126.0,11.0,12.8,0.55,14.4,pm25_greater_than_pm10
3409380,"Tata Township, Bileipada - OSPCB",22.06156703,85.47409613,2026-06-02 21:30:00+00:00,155.0,135.0,11.0,13.0,0.553,14.6,pm25_greater_than_pm10
3409380,"Tata Township, Bileipada - OSPCB",22.06156703,85.47409613,2026-06-05 17:30:00+00:00,80.7,57.9,11.7,10.4,0.59,15.8,pm25_greater_than_pm10
3409380,"Tata Township, Bileipada - OSPCB",22.06156703,85.47409613,2026-06-09 20:30:00+00:00,201.0,173.0,11.1,15.4,0.893,14.5,pm25_greater_than_pm10
3409380,"Tata Township, Bileipada - OSPCB",22.06156703,85.47409613,2026-06-09 21:30:00+00:00,272.0,155.0,10.9,15.6,0.878,13.9,pm25_greater_than_pm10
3409380,"Tata Township, Bileipada - OSPCB",22.06156703,85.47409613,2026-06-09 22:30:00+00:00,316.0,154.0,10.9,15.8,0.863,13.8,pm25_greater_than_pm10
3409380,"Tata Township, Bileipada - OSPCB",22.06156703,85.47409613,2026-06-09 23:30:00+00:00,308.0,147.0,11.1,15.9,1.06,15.0,pm25_greater_than_pm10
3409380,"Tata Township, Bileipada - OSPCB",22.06156703,85.47409613,2026-06-11 17:30:00+00:00,48.6,48.4,11.4,9.33,0.413,15.3,pm25_greater_than_pm10
3409380,"Tata Township, Bileipada - OSPCB",22.06156703,85.47409613,2026-06-13 13:30:00+00:00,97.3,95.7,11.6,9.34,0.618,15.1,pm25_greater_than_pm10
3409380,"Tata Township, Bileipada - OSPCB",22.06156703,85.47409613,2026-06-13 14:30:00+00:00,138.0,88.7,11.6,9.33,0.755,15.0,pm25_greater_than_pm10
3409380,"Tata Township, Bileipada - OSPCB",22.06156703,85.47409613,2026-06-13 15:30:00+00:00,107.0,81.5,11.6,9.37,0.853,15.0,pm25_greater_than_pm10
3409380,"Tata Township, Bileipada - OSPCB",22.06156703,85.47409613,2026-06-13 16:30:00+00:00,133.0,75.9,11.7,9.41,0.945,14.6,pm25_greater_than_pm10
3409380,"Tata Township, Bileipada - OSPCB",22.06156703,85.47409613,2026-06-13 17:30:00+00:00,106.0,72.2,11.9,9.53,0.95,14.5,pm25_greater_than_pm10
3409380,"Tata Township, Bileipada - OSPCB",22.06156703,85.47409613,2026-06-13 23:30:00+00:00,130.0,108.0,11.6,10.4,0.88,14.7,pm25_greater_than_pm10
3409380,"Tata Township, Bileipada - OSPCB",22.06156703,85.47409613,2026-06-14 00:30:00+00:00,185.0,117.0,11.6,10.5,0.905,14.8,pm25_greater_than_pm10
3409380,"Tata Township, Bileipada - OSPCB",22.06156703,85.47409613,2026-06-14 12:30:00+00:00,109.0,70.2,12.9,8.9,0.61,14.8,pm25_greater_than_pm10
3409380,"Tata Township, Bileipada - OSPCB",22.06156703,85.47409613,2026-06-14 13:30:00+00:00,132.0,70.0,12.4,8.85,0.65,14.8,pm25_greater_than_pm10
3409380,"Tata Township, Bileipada - OSPCB",22.06156703,85.47409613,2026-06-14 19:30:00+00:00,151.0,125.0,12.1,9.84,0.775,14.8,pm25_greater_than_pm10
3409380,"Tata Township, Bileipada - OSPCB",22.06156703,85.47409613,2026-06-14 22:30:00+00:00,124.0,113.0,12.2,10.2,0.775,14.6,pm25_greater_than_pm10
3409380,"Tata Township, Bileipada - OSPCB",22.06156703,85.47409613,2026-06-17 13:30:00+00:00,116.0,84.8,12.1,10.4,0.573,15.0,pm25_greater_than_pm10
3409380,"Tata Township, Bileipada - OSPCB",22.06156703,85.47409613,2026-06-17 14:30:00+00:00,137.0,90.1,11.9,10.4,0.58,14.8,pm25_greater_than_pm10
3409380,"Tata Township, Bileipada - OSPCB",22.06156703,85.47409613,2026-06-17 15:30:00+00:00,445.0,99.0,12.2,10.5,0.635,14.9,pm25_greater_than_pm10
3409380,"Tata Township, Bileipada - OSPCB",22.06156703,85.47409613,2026-06-17 16:30:00+00:00,349.0,105.0,12.0,10.6,0.678,14.7,pm25_greater_than_pm10
3409380,"Tata Township, Bileipada - OSPCB",22.06156703,85.47409613,2026-06-17 17:30:00+00:00,283.0,112.0,11.9,10.7,0.72,14.4,pm25_greater_than_pm10
3409380,"Tata Township, Bileipada - OSPCB",22.06156703,85.47409613,2026-06-17 18:30:00+00:00,171.0,122.0,11.7,11.0,0.725,15.0,pm25_greater_than_pm10
3409380,"Tata Township, Bileipada - OSPCB",22.06156703,85.47409613,2026-06-17 19:30:00+00:00,160.0,118.0,12.0,11.1,0.735,14.4,pm25_greater_than_pm10
3409380,"Tata Township, Bileipada - OSPCB",22.06156703,85.47409613,2026-06-17 20:30:00+00:00,153.0,133.0,11.9,11.2,0.76,14.6,pm25_greater_than_pm10
3409380,"Tata Township, Bileipada - OSPCB",22.06156703,85.47409613,2026-06-17 21:30:00+00:00,164.0,113.0,11.7,11.3,0.8,14.7,pm25_greater_than_pm10
3409380,"Tata Township, Bileipada - OSPCB",22.06156703,85.47409613,2026-06-17 22:30:00+00:00,17.8,12.7,11.7,11.4,0.88,14.6,pm25_greater_than_pm10
3409380,"Tata Township, Bileipada - OSPCB",22.06156703,85.47409613,2026-06-17 23:30:00+00:00,72.8,57.6,11.7,11.4,0.958,14.9,pm25_greater_than_pm10
3409380,"Tata Township, Bileipada - OSPCB",22.06156703,85.47409613,2026-06-18 00:30:00+00:00,87.5,65.3,11.7,11.4,0.985,14.5,pm25_greater_than_pm10
3409380,"Tata Township, Bileipada - OSPCB",22.06156703,85.47409613,2026-06-18 01:30:00+00:00,221.0,70.3,11.6,11.4,1.1,15.1,pm25_greater_than_pm10
3409380,"Tata Township, Bileipada - OSPCB",22.06156703,85.47409613,2026-06-18 02:30:00+00:00,416.0,65.6,11.7,11.5,1.04,15.6,pm25_greater_than_pm10
3409380,"Tata Township, Bileipada - OSPCB",22.06156703,85.47409613,2026-06-18 03:30:00+00:00,760.0,63.3,11.8,11.6,1.04,16.0,pm25_greater_than_pm10
3409380,"Tata Township, Bileipada - OSPCB",22.06156703,85.47409613,2026-06-18 07:30:00+00:00,78.1,64.5,12.2,11.5,0.778,17.4,pm25_greater_than_pm10
3409380,"Tata Township, Bileipada - OSPCB",22.06156703,85.47409613,2026-06-18 09:30:00+00:00,83.5,59.1,12.7,11.4,0.65,15.5,pm25_greater_than_pm10
3409380,"Tata Township, Bileipada - OSPCB",22.06156703,85.47409613,2026-06-18 13:30:00+00:00,85.8,55.0,12.0,11.2,0.877,14.7,pm25_greater_than_pm10
3409380,"Tata Township, Bileipada - OSPCB",22.06156703,85.47409613,2026-06-18 14:30:00+00:00,128.0,62.7,12.7,11.3,0.893,14.7,pm25_greater_than_pm10
3409380,"Tata Township, Bileipada - OSPCB",22.06156703,85.47409613,2026-06-18 15:30:00+00:00,202.0,86.2,12.7,11.3,0.895,14.1,pm25_greater_than_pm10
3409380,"Tata Township, Bileipada - OSPCB",22.06156703,85.47409613,2026-06-18 16:30:00+00:00,164.0,114.0,12.5,11.4,0.888,14.1,pm25_greater_than_pm10
3409380,"Tata Township, Bileipada - OSPCB",22.06156703,85.47409613,2026-06-18 19:30:00+00:00,193.0,157.0,11.9,11.6,0.885,14.8,pm25_greater_than_pm10
3409380,"Tata Township, Bileipada - OSPCB",22.06156703,85.47409613,2026-06-18 20:30:00+00:00,175.0,160.0,11.7,11.6,0.94,14.6,pm25_greater_than_pm10
3409380,"Tata Township, Bileipada - OSPCB",22.06156703,85.47409613,2026-06-18 22:30:00+00:00,153.0,133.0,11.7,11.7,0.908,14.8,pm25_greater_than_pm10
3409380,"Tata Township, Bileipada - OSPCB",22.06156703,85.47409613,2026-06-19 07:30:00+00:00,63.1,32.8,11.9,12.0,0.535,14.5,pm25_greater_than_pm10
3409380,"Tata Township, Bileipada - OSPCB",22.06156703,85.47409613,2026-06-19 08:30:00+00:00,46.4,29.9,11.8,12.0,0.52,15.2,pm25_greater_than_pm10
3409380,"Tata Township, Bileipada - OSPCB",22.06156703,85.47409613,2026-06-19 09:30:00+00:00,36.4,25.7,11.6,12.0,0.497,15.0,pm25_greater_than_pm10
3409380,"Tata Township, Bileipada - OSPCB",22.06156703,85.47409613,2026-06-19 11:30:00+00:00,99.7,17.7,11.7,12.1,0.52,14.9,pm25_greater_than_pm10
3409380,"Tata Township, Bileipada - OSPCB",22.06156703,85.47409613,2026-06-19 12:30:00+00:00,102.0,19.1,11.6,12.2,0.54,15.0,pm25_greater_than_pm10
3409380,"Tata Township, Bileipada - OSPCB",22.06156703,85.47409613,2026-06-19 13:30:00+00:00,286.0,18.4,11.5,12.1,0.55,14.9,pm25_greater_than_pm10
3409380,"Tata Township, Bileipada - OSPCB",22.06156703,85.47409613,2026-06-19 14:30:00+00:00,44.3,21.8,12.0,12.2,0.595,15.0,pm25_greater_than_pm10
3409380,"Tata Township, Bileipada - OSPCB",22.06156703,85.47409613,2026-06-19 20:30:00+00:00,87.0,36.1,11.4,12.1,0.575,15.1,pm25_greater_than_pm10
3409380,"Tata Township, Bileipada - OSPCB",22.06156703,85.47409613,2026-06-20 02:30:00+00:00,64.9,52.3,11.5,12.3,0.593,14.9,pm25_greater_than_pm10
3409380,"Tata Township, Bileipada - OSPCB",22.06156703,85.47409613,2026-06-20 04:30:00+00:00,308.0,45.3,12.1,11.9,0.607,17.4,pm25_greater_than_pm10
3409380,"Tata Township, Bileipada - OSPCB",22.06156703,85.47409613,2026-06-21 15:30:00+00:00,94.1,29.9,11.7,11.9,0.517,15.5,pm25_greater_than_pm10
3409380,"Tata Township, Bileipada - OSPCB",22.06156703,85.47409613,2026-06-21 16:30:00+00:00,38.0,30.9,11.7,12.0,0.52,14.6,pm25_greater_than_pm10
3409380,"Tata Township, Bileipada - OSPCB",22.06156703,85.47409613,2026-06-22 07:30:00+00:00,28.0,17.9,12.1,12.5,0.643,13.9,pm25_greater_than_pm10
3409380,"Tata Township, Bileipada - OSPCB",22.06156703,85.47409613,2026-07-25 08:30:00+00:00,19.9,17.8,12.3,5.36,1.99,15.5,pm25_greater_than_pm10
3409396,"Nawapara SECL Colony, Chhal - CECB",22.118125,83.140608,2026-03-21 14:30:00+00:00,28.9,0.0,11.5,15.9,0.573,0.0,pm25_greater_than_pm10
3409396,"Nawapara SECL Colony, Chhal - CECB",22.118125,83.140608,2026-03-21 15:30:00+00:00,28.8,0.0,10.8,11.3,0.513,0.0,pm25_greater_than_pm10
3409396,"Nawapara SECL Colony, Chhal - CECB",22.118125,83.140608,2026-03-21 16:30:00+00:00,19.3,0.0,9.19,7.66,0.59,0.0,pm25_greater_than_pm10
3409396,"Nawapara SECL Colony, Chhal - CECB",22.118125,83.140608,2026-03-21 17:30:00+00:00,19.0,0.0,11.7,5.06,0.555,0.0,pm25_greater_than_pm10
3409396,"Nawapara SECL Colony, Chhal - CECB",22.118125,83.140608,2026-03-21 18:30:00+00:00,21.0,0.0,9.02,3.3,0.465,0.0,pm25_greater_than_pm10
3409396,"Nawapara SECL Colony, Chhal - CECB",22.118125,83.140608,2026-03-21 19:30:00+00:00,18.9,0.0,9.33,3.64,0.49,0.0,pm25_greater_than_pm10
3409396,"Nawapara SECL Colony, Chhal - CECB",22.118125,83.140608,2026-03-21 20:30:00+00:00,15.5,0.0,9.33,2.21,0.448,0.0,pm25_greater_than_pm10
3409396,"Nawapara SECL Colony, Chhal - CECB",22.118125,83.140608,2026-03-21 21:30:00+00:00,12.6,0.0,10.8,1.16,0.39,0.0,pm25_greater_than_pm10
3409396,"Nawapara SECL Colony, Chhal - CECB",22.118125,83.140608,2026-03-21 22:30:00+00:00,14.8,0.0,12.2,1.6,0.413,0.0,pm25_greater_than_pm10
3409396,"Nawapara SECL Colony, Chhal - CECB",22.118125,83.140608,2026-03-21 23:30:00+00:00,15.2,0.0,12.8,1.08,0.445,0.0,pm25_greater_than_pm10
3409396,"Nawapara SECL Colony, Chhal - CECB",22.118125,83.140608,2026-03-22 00:30:00+00:00,16.5,0.0,12.9,0.69,0.555,0.0,pm25_greater_than_pm10
3409396,"Nawapara SECL Colony, Chhal - CECB",22.118125,83.140608,2026-03-22 01:30:00+00:00,20.4,0.0,10.2,8.33,0.543,0.0,pm25_greater_than_pm10
3409396,"Nawapara SECL Colony, Chhal - CECB",22.118125,83.140608,2026-03-22 02:30:00+00:00,20.2,0.0,7.58,19.5,0.403,0.0,pm25_greater_than_pm10
3409396,"Nawapara SECL Colony, Chhal - CECB",22.118125,83.140608,2026-03-22 03:30:00+00:00,20.0,0.0,6.04,9.94,0.348,0.0,pm25_greater_than_pm10
3409396,"Nawapara SECL Colony, Chhal - CECB",22.118125,83.140608,2026-03-22 04:30:00+00:00,14.2,0.0,6.49,7.13,0.375,0.0,pm25_greater_than_pm10
3409396,"Nawapara SECL Colony, Chhal - CECB",22.118125,83.140608,2026-03-22 05:30:00+00:00,12.7,0.0,7.21,6.4,0.385,0.0,pm25_greater_than_pm10
3409396,"Nawapara SECL Colony, Chhal - CECB",22.118125,83.140608,2026-03-22 06:30:00+00:00,14.4,0.0,8.1,9.98,0.433,0.0,pm25_greater_than_pm10
3409396,"Nawapara SECL Colony, Chhal - CECB",22.118125,83.140608,2026-03-22 07:30:00+00:00,12.9,0.0,8.38,7.34,0.438,0.0,pm25_greater_than_pm10
3409396,"Nawapara SECL Colony, Chhal - CECB",22.118125,83.140608,2026-03-22 08:30:00+00:00,9.91,0.0,9.89,10.3,0.425,0.0,pm25_greater_than_pm10
3409396,"Nawapara SECL Colony, Chhal - CECB",22.118125,83.140608,2026-03-22 09:30:00+00:00,14.8,0.0,10.4,19.4,0.437,0.0,pm25_greater_than_pm10
3409396,"Nawapara SECL Colony, Chhal - CECB",22.118125,83.140608,2026-03-22 10:30:00+00:00,17.7,0.0,12.7,31.4,0.533,0.0,pm25_greater_than_pm10
3409396,"Nawapara SECL Colony, Chhal - CECB",22.118125,83.140608,2026-03-22 11:30:00+00:00,19.7,0.0,11.6,19.0,0.515,0.0,pm25_greater_than_pm10
3409396,"Nawapara SECL Colony, Chhal - CECB",22.118125,83.140608,2026-03-22 12:30:00+00:00,14.2,0.0,12.5,7.23,0.645,0.0,pm25_greater_than_pm10
3409396,"Nawapara SECL Colony, Chhal - CECB",22.118125,83.140608,2026-03-22 13:30:00+00:00,19.7,0.0,16.6,8.68,0.903,0.0,pm25_greater_than_pm10
3409396,"Nawapara SECL Colony, Chhal - CECB",22.118125,83.140608,2026-03-22 14:30:00+00:00,27.2,0.0,12.8,5.56,0.585,0.0,pm25_greater_than_pm10
3409396,"Nawapara SECL Colony, Chhal - CECB",22.118125,83.140608,2026-03-22 15:30:00+00:00,28.8,0.0,14.8,5.47,0.82,0.0,pm25_greater_than_pm10
3409396,"Nawapara SECL Colony, Chhal - CECB",22.118125,83.140608,2026-03-22 16:30:00+00:00,28.0,0.0,13.7,4.41,0.6,0.0,pm25_greater_than_pm10
3409396,"Nawapara SECL Colony, Chhal - CECB",22.118125,83.140608,2026-03-22 17:30:00+00:00,30.2,0.0,17.5,3.45,0.62,0.0,pm25_greater_than_pm10
3409396,"Nawapara SECL Colony, Chhal - CECB",22.118125,83.140608,2026-03-22 18:30:00+00:00,34.4,0.0,10.9,4.15,0.59,0.0,pm25_greater_than_pm10
3409396,"Nawapara SECL Colony, Chhal - CECB",22.118125,83.140608,2026-03-22 19:30:00+00:00,33.0,0.0,10.6,4.47,0.7,0.0,pm25_greater_than_pm10
3409396,"Nawapara SECL Colony, Chhal - CECB",22.118125,83.140608,2026-03-22 20:30:00+00:00,30.8,0.0,11.2,4.19,0.613,0.0,pm25_greater_than_pm10
3409396,"Nawapara SECL Colony, Chhal - CECB",22.118125,83.140608,2026-03-22 21:30:00+00:00,32.0,0.0,11.7,4.76,0.623,0.0,pm25_greater_than_pm10
3409396,"Nawapara SECL Colony, Chhal - CECB",22.118125,83.140608,2026-03-22 22:30:00+00:00,31.6,0.0,11.7,5.38,0.623,0.0,pm25_greater_than_pm10
3409396,"Nawapara SECL Colony, Chhal - CECB",22.118125,83.140608,2026-03-22 23:30:00+00:00,32.6,0.0,18.5,3.72,0.725,0.0,pm25_greater_than_pm10
3409396,"Nawapara SECL Colony, Chhal - CECB",22.118125,83.140608,2026-03-23 00:30:00+00:00,37.0,0.0,16.5,4.73,0.898,0.0,pm25_greater_than_pm10
3409396,"Nawapara SECL Colony, Chhal - CECB",22.118125,83.140608,2026-03-23 01:30:00+00:00,45.6,0.0,19.5,30.7,1.04,0.0,pm25_greater_than_pm10
3409396,"Nawapara SECL Colony, Chhal - CECB",22.118125,83.140608,2026-03-23 02:30:00+00:00,48.1,0.0,13.0,37.2,0.673,0.0,pm25_greater_than_pm10
3409396,"Nawapara SECL Colony, Chhal - CECB",22.118125,83.140608,2026-03-23 03:30:00+00:00,41.1,35.7,15.1,97.9,0.61,40.0,pm25_greater_than_pm10
3409396,"Nawapara SECL Colony, Chhal - CECB",22.118125,83.140608,2026-04-15 01:30:00+00:00,50.8,49.4,24.3,35.6,1.44,11.0,pm25_greater_than_pm10
3409396,"Nawapara SECL Colony, Chhal - CECB",22.118125,83.140608,2026-04-15 02:30:00+00:00,58.5,49.5,21.6,51.5,1.4,11.6,pm25_greater_than_pm10
3409396,"Nawapara SECL Colony, Chhal - CECB",22.118125,83.140608,2026-04-15 03:30:00+00:00,71.5,53.6,21.8,46.5,1.25,11.6,pm25_greater_than_pm10
3409396,"Nawapara SECL Colony, Chhal - CECB",22.118125,83.140608,2026-04-15 04:30:00+00:00,83.2,50.1,16.9,26.9,1.19,11.8,pm25_greater_than_pm10
3409396,"Nawapara SECL Colony, Chhal - CECB",22.118125,83.140608,2026-04-15 05:30:00+00:00,86.3,37.0,8.86,24.2,0.853,12.6,pm25_greater_than_pm10
3409396,"Nawapara SECL Colony, Chhal - CECB",22.118125,83.140608,2026-04-15 06:30:00+00:00,79.8,27.0,9.12,19.0,0.768,12.8,pm25_greater_than_pm10
3409396,"Nawapara SECL Colony, Chhal - CECB",22.118125,83.140608,2026-04-15 07:30:00+00:00,71.9,20.9,6.73,16.2,0.63,13.6,pm25_greater_than_pm10
3409396,"Nawapara SECL Colony, Chhal - CECB",22.118125,83.140608,2026-04-23 07:30:00+00:00,41.8,34.9,8.08,2.83,0.3,11.2,pm25_greater_than_pm10
3409396,"Nawapara SECL Colony, Chhal - CECB",22.118125,83.140608,2026-04-23 08:30:00+00:00,42.0,27.5,15.5,2.15,0.29,4.87,pm25_greater_than_pm10
3409396,"Nawapara SECL Colony, Chhal - CECB",22.118125,83.140608,2026-04-23 09:30:00+00:00,35.6,27.5,15.0,4.46,0.338,3.08,pm25_greater_than_pm10
3409396,"Nawapara SECL Colony, Chhal - CECB",22.118125,83.140608,2026-05-02 02:30:00+00:00,36.4,0.0,13.8,13.5,0.77,3.15,pm25_greater_than_pm10
3409396,"Nawapara SECL Colony, Chhal - CECB",22.118125,83.140608,2026-05-02 03:30:00+00:00,37.4,0.0,8.95,10.3,0.52,6.96,pm25_greater_than_pm10
3409396,"Nawapara SECL Colony, Chhal - CECB",22.118125,83.140608,2026-05-02 04:30:00+00:00,37.5,0.0,8.51,3.58,0.558,7.67,pm25_greater_than_pm10
3409396,"Nawapara SECL Colony, Chhal - CECB",22.118125,83.140608,2026-05-02 05:30:00+00:00,38.6,0.0,9.14,12.9,0.42,10.3,pm25_greater_than_pm10
3409396,"Nawapara SECL Colony, Chhal - CECB",22.118125,83.140608,2026-05-02 06:30:00+00:00,31.8,0.0,6.56,2.26,0.255,6.73,pm25_greater_than_pm10
3409396,"Nawapara SECL Colony, Chhal - CECB",22.118125,83.140608,2026-05-02 07:30:00+00:00,29.4,0.0,7.46,3.79,0.333,8.14,pm25_greater_than_pm10
3409396,"Nawapara SECL Colony, Chhal - CECB",22.118125,83.140608,2026-05-02 08:30:00+00:00,29.6,0.0,6.6,7.3,0.378,8.59,pm25_greater_than_pm10
3409396,"Nawapara SECL Colony, Chhal - CECB",22.118125,83.140608,2026-05-02 09:30:00+00:00,28.0,0.0,7.86,12.0,0.363,9.71,pm25_greater_than_pm10
3409396,"Nawapara SECL Colony, Chhal - CECB",22.118125,83.140608,2026-05-03 16:30:00+00:00,18.0,0.0,8.1,-27.6,0.37,36.9,so2_negative;pm25_greater_than_pm10
3409396,"Nawapara SECL Colony, Chhal - CECB",22.118125,83.140608,2026-05-03 17:30:00+00:00,16.2,0.0,7.88,5.6,0.403,33.9,pm25_greater_than_pm10
3409396,"Nawapara SECL Colony, Chhal - CECB",22.118125,83.140608,2026-05-03 18:30:00+00:00,12.9,0.0,7.87,3.91,0.38,36.0,pm25_greater_than_pm10
3409396,"Nawapara SECL Colony, Chhal - CECB",22.118125,83.140608,2026-05-03 19:30:00+00:00,14.9,0.0,7.85,4.64,0.378,34.4,pm25_greater_than_pm10
3409396,"Nawapara SECL Colony, Chhal - CECB",22.118125,83.140608,2026-05-03 20:30:00+00:00,16.8,0.0,8.56,2.14,0.405,35.0,pm25_greater_than_pm10
3409396,"Nawapara SECL Colony, Chhal - CECB",22.118125,83.140608,2026-05-03 21:30:00+00:00,14.0,0.0,6.73,2.95,0.408,36.2,pm25_greater_than_pm10
3409396,"Nawapara SECL Colony, Chhal - CECB",22.118125,83.140608,2026-05-03 22:30:00+00:00,12.2,0.0,6.12,4.98,0.403,35.7,pm25_greater_than_pm10
3409396,"Nawapara SECL Colony, Chhal - CECB",22.118125,83.140608,2026-05-05 04:30:00+00:00,13.7,11.8,16.5,3.66,0.183,27.5,pm25_greater_than_pm10
3409396,"Nawapara SECL Colony, Chhal - CECB",22.118125,83.140608,2026-05-13 17:30:00+00:00,70.7,136.0,12.5,-1.54,0.207,36.5,so2_negative
3409396,"Nawapara SECL Colony, Chhal - CECB",22.118125,83.140608,2026-05-13 19:30:00+00:00,16.5,49.8,10.0,-40.9,0.2,35.7,so2_negative
3409396,"Nawapara SECL Colony, Chhal - CECB",22.118125,83.140608,2026-05-13 20:30:00+00:00,11.4,29.0,10.9,-40.7,0.2,35.8,so2_negative
3409396,"Nawapara SECL Colony, Chhal - CECB",22.118125,83.140608,2026-05-13 21:30:00+00:00,10.4,29.4,12.4,-36.1,0.2,34.2,so2_negative
3409396,"Nawapara SECL Colony, Chhal - CECB",22.118125,83.140608,2026-05-14 06:30:00+00:00,36.7,0.0,0.0,0.0,0.0,0.0,pm25_greater_than_pm10
3409396,"Nawapara SECL Colony, Chhal - CECB",22.118125,83.140608,2026-05-14 07:30:00+00:00,27.9,0.0,0.0,0.0,0.0,0.0,pm25_greater_than_pm10
3409396,"Nawapara SECL Colony, Chhal - CECB",22.118125,83.140608,2026-05-14 08:30:00+00:00,16.8,0.0,0.0,0.0,0.0,0.0,pm25_greater_than_pm10
3409396,"Nawapara SECL Colony, Chhal - CECB",22.118125,83.140608,2026-05-14 09:30:00+00:00,18.6,0.0,0.0,0.0,0.0,0.0,pm25_greater_than_pm10
3409396,"Nawapara SECL Colony, Chhal - CECB",22.118125,83.140608,2026-05-14 10:30:00+00:00,18.8,0.0,0.0,0.0,0.0,0.0,pm25_greater_than_pm10
3409396,"Nawapara SECL Colony, Chhal - CECB",22.118125,83.140608,2026-05-14 11:30:00+00:00,30.7,0.0,0.0,0.0,0.0,0.0,pm25_greater_than_pm10
3409396,"Nawapara SECL Colony, Chhal - CECB",22.118125,83.140608,2026-05-14 12:30:00+00:00,25.8,0.0,0.0,0.0,0.0,0.0,pm25_greater_than_pm10
3409396,"Nawapara SECL Colony, Chhal - CECB",22.118125,83.140608,2026-05-14 13:30:00+00:00,30.2,0.0,0.0,0.0,0.0,0.0,pm25_greater_than_pm10
3409396,"Nawapara SECL Colony, Chhal - CECB",22.118125,83.140608,2026-05-14 14:30:00+00:00,35.1,0.0,0.0,0.0,0.0,0.0,pm25_greater_than_pm10
3409396,"Nawapara SECL Colony, Chhal - CECB",22.118125,83.140608,2026-05-14 15:30:00+00:00,30.8,0.0,0.0,0.0,0.0,0.0,pm25_greater_than_pm10
3409396,"Nawapara SECL Colony, Chhal - CECB",22.118125,83.140608,2026-05-14 16:30:00+00:00,25.0,0.0,0.0,0.0,0.0,0.0,pm25_greater_than_pm10
3409396,"Nawapara SECL Colony, Chhal - CECB",22.118125,83.140608,2026-05-14 17:30:00+00:00,22.5,0.0,0.0,0.0,0.0,0.0,pm25_greater_than_pm10
3409396,"Nawapara SECL Colony, Chhal - CECB",22.118125,83.140608,2026-05-14 18:30:00+00:00,25.1,0.0,0.0,0.0,0.0,0.0,pm25_greater_than_pm10
3409396,"Nawapara SECL Colony, Chhal - CECB",22.118125,83.140608,2026-05-14 19:30:00+00:00,25.3,0.0,0.0,0.0,0.0,0.0,pm25_greater_than_pm10
3409396,"Nawapara SECL Colony, Chhal - CECB",22.118125,83.140608,2026-05-14 20:30:00+00:00,27.8,0.0,0.0,0.0,0.0,0.0,pm25_greater_than_pm10
3409396,"Nawapara SECL Colony, Chhal - CECB",22.118125,83.140608,2026-05-14 21:30:00+00:00,21.5,0.0,0.0,0.0,0.0,0.0,pm25_greater_than_pm10
3409396,"Nawapara SECL Colony, Chhal - CECB",22.118125,83.140608,2026-05-14 22:30:00+00:00,16.4,0.0,0.0,0.0,0.0,0.0,pm25_greater_than_pm10
3409396,"Nawapara SECL Colony, Chhal - CECB",22.118125,83.140608,2026-05-14 23:30:00+00:00,11.6,0.0,0.0,0.0,0.0,0.0,pm25_greater_than_pm10
3409396,"Nawapara SECL Colony, Chhal - CECB",22.118125,83.140608,2026-05-15 00:30:00+00:00,7.51,0.0,0.0,0.0,0.0,0.0,pm25_greater_than_pm10
3409396,"Nawapara SECL Colony, Chhal - CECB",22.118125,83.140608,2026-05-15 01:30:00+00:00,8.03,0.0,0.0,0.0,0.0,0.0,pm25_greater_than_pm10
3409396,"Nawapara SECL Colony, Chhal - CECB",22.118125,83.140608,2026-05-15 02:30:00+00:00,11.4,0.0,0.0,0.0,0.0,0.0,pm25_greater_than_pm10
3409396,"Nawapara SECL Colony, Chhal - CECB",22.118125,83.140608,2026-05-15 10:30:00+00:00,11.3,39.4,8.0,-0.303,0.54,46.2,so2_negative
3409396,"Nawapara SECL Colony, Chhal - CECB",22.118125,83.140608,2026-05-15 12:30:00+00:00,19.4,42.4,9.97,-0.843,0.565,41.0,so2_negative
3409396,"Nawapara SECL Colony, Chhal - CECB",22.118125,83.140608,2026-05-15 13:30:00+00:00,18.7,53.7,10.6,-1.63,0.603,43.2,so2_negative
3409396,"Nawapara SECL Colony, Chhal - CECB",22.118125,83.140608,2026-05-18 07:30:00+00:00,24.7,76.4,5.02,-1.26,0.2,-2.11,so2_negative;o3_negative
3409396,"Nawapara SECL Colony, Chhal - CECB",22.118125,83.140608,2026-05-18 08:30:00+00:00,27.9,73.8,5.6,-9.33,0.235,-5.41,so2_negative;o3_negative
3409396,"Nawapara SECL Colony, Chhal - CECB",22.118125,83.140608,2026-05-18 09:30:00+00:00,26.8,61.4,6.67,-10.2,0.373,-5.24,so2_negative;o3_negative
3409396,"Nawapara SECL Colony, Chhal - CECB",22.118125,83.140608,2026-05-18 10:30:00+00:00,25.4,54.6,9.84,-8.76,0.403,-5.37,so2_negative;o3_negative
3409396,"Nawapara SECL Colony, Chhal - CECB",22.118125,83.140608,2026-05-18 11:30:00+00:00,24.4,53.1,11.1,-8.58,0.593,-1.76,so2_negative;o3_negative
3409396,"Nawapara SECL Colony, Chhal - CECB",22.118125,83.140608,2026-05-18 12:30:00+00:00,27.3,63.6,12.6,-4.45,0.615,5.46,so2_negative
3409396,"Nawapara SECL Colony, Chhal - CECB",22.118125,83.140608,2026-05-18 13:30:00+00:00,26.5,69.4,14.7,-0.518,0.568,4.95,so2_negative
3409396,"Nawapara SECL Colony, Chhal - CECB",22.118125,83.140608,2026-06-15 02:30:00+00:00,18.8,0.0,0.0,5.03,0.61,53.7,pm25_greater_than_pm10
3409396,"Nawapara SECL Colony, Chhal - CECB",22.118125,83.140608,2026-06-15 03:30:00+00:00,9.84,0.685,4.43,8.3,0.578,51.7,pm25_greater_than_pm10
3409418,"Khatikan Mohalla, Dausa - RSPCB",26.895552,76.334753,2026-05-04 19:30:00+00:00,15.5,13.5,3.18,0.3,0.0825,89.7,pm25_greater_than_pm10
3409418,"Khatikan Mohalla, Dausa - RSPCB",26.895552,76.334753,2026-05-04 20:30:00+00:00,15.0,14.0,5.2,0.225,0.0675,84.1,pm25_greater_than_pm10
3409418,"Khatikan Mohalla, Dausa - RSPCB",26.895552,76.334753,2026-05-04 21:30:00+00:00,13.0,11.5,4.65,0.2,0.0625,80.2,pm25_greater_than_pm10
3409422,"Indra Nagar, Jhunjhunu - RSPCB",28.108988,75.386577,2026-05-27 15:30:00+00:00,405.0,209.0,24.4,2.08,0.488,26.4,pm25_greater_than_pm10
3409422,"Indra Nagar, Jhunjhunu - RSPCB",28.108988,75.386577,2026-05-27 16:30:00+00:00,411.0,156.0,11.6,1.98,0.345,36.3,pm25_greater_than_pm10
3409422,"Indra Nagar, Jhunjhunu - RSPCB",28.108988,75.386577,2026-05-27 17:30:00+00:00,121.0,118.0,5.37,2.27,0.23,26.5,pm25_greater_than_pm10
3409422,"Indra Nagar, Jhunjhunu - RSPCB",28.108988,75.386577,2026-05-27 21:30:00+00:00,175.0,92.5,5.2,2.4,0.27,25.6,pm25_greater_than_pm10
3409422,"Indra Nagar, Jhunjhunu - RSPCB",28.108988,75.386577,2026-05-27 22:30:00+00:00,127.0,88.0,4.95,2.13,0.258,30.3,pm25_greater_than_pm10
3409422,"Indra Nagar, Jhunjhunu - RSPCB",28.108988,75.386577,2026-05-28 09:30:00+00:00,147.0,124.0,4.8,4.33,0.293,66.4,pm25_greater_than_pm10
3409422,"Indra Nagar, Jhunjhunu - RSPCB",28.108988,75.386577,2026-05-30 04:30:00+00:00,78.5,56.3,11.1,2.7,0.413,136.0,pm25_greater_than_pm10
3409422,"Indra Nagar, Jhunjhunu - RSPCB",28.108988,75.386577,2026-05-30 05:30:00+00:00,60.5,54.3,13.3,2.9,0.44,137.0,pm25_greater_than_pm10
3409422,"Indra Nagar, Jhunjhunu - RSPCB",28.108988,75.386577,2026-05-30 07:30:00+00:00,72.0,59.3,15.6,2.4,0.38,137.0,pm25_greater_than_pm10
3409422,"Indra Nagar, Jhunjhunu - RSPCB",28.108988,75.386577,2026-06-10 12:30:00+00:00,129.0,111.0,5.83,2.97,0.35,60.1,pm25_greater_than_pm10
3409422,"Indra Nagar, Jhunjhunu - RSPCB",28.108988,75.386577,2026-06-14 19:30:00+00:00,63.0,36.0,4.2,2.0,0.11,65.6,pm25_greater_than_pm10
3409422,"Indra Nagar, Jhunjhunu - RSPCB",28.108988,75.386577,2026-06-14 20:30:00+00:00,39.7,24.7,3.53,2.3,0.107,60.4,pm25_greater_than_pm10
3409422,"Indra Nagar, Jhunjhunu - RSPCB",28.108988,75.386577,2026-06-14 21:30:00+00:00,22.8,20.3,4.03,2.25,0.1,57.1,pm25_greater_than_pm10
3409422,"Indra Nagar, Jhunjhunu - RSPCB",28.108988,75.386577,2026-06-15 02:30:00+00:00,332.0,272.0,9.95,3.6,0.595,58.7,pm25_greater_than_pm10
3409422,"Indra Nagar, Jhunjhunu - RSPCB",28.108988,75.386577,2026-06-15 03:30:00+00:00,202.0,193.0,9.55,3.0,0.655,64.1,pm25_greater_than_pm10
3409422,"Indra Nagar, Jhunjhunu - RSPCB",28.108988,75.386577,2026-06-15 11:30:00+00:00,51.0,48.0,11.3,2.8,0.19,71.6,pm25_greater_than_pm10
3409431,"Digari Kalan, Jodhpur - RSPCB",26.295809999999996,73.08228299999999,2026-04-06 21:30:00+00:00,9.75,7.0,7.3,1.55,0.273,47.9,pm25_greater_than_pm10
3409461,"Rachnakar Colony, Aurangabad - MPCB",19.863756,75.321188,2026-04-09 15:30:00+00:00,291.0,166.0,56.2,29.0,1.59,15.5,pm25_greater_than_pm10
3409461,"Rachnakar Colony, Aurangabad - MPCB",19.863756,75.321188,2026-04-09 16:30:00+00:00,195.0,172.0,29.3,30.8,0.94,16.2,pm25_greater_than_pm10
3409461,"Rachnakar Colony, Aurangabad - MPCB",19.863756,75.321188,2026-04-11 13:30:00+00:00,30.7,27.9,7.76,22.7,0.51,101.0,pm25_greater_than_pm10
3409461,"Rachnakar Colony, Aurangabad - MPCB",19.863756,75.321188,2026-05-17 17:30:00+00:00,46.9,110.0,42.3,14.2,0.91,-11.6,o3_negative
3409461,"Rachnakar Colony, Aurangabad - MPCB",19.863756,75.321188,2026-06-02 05:30:00+00:00,15.5,14.9,7.87,8.67,0.413,13.0,pm25_greater_than_pm10
3409461,"Rachnakar Colony, Aurangabad - MPCB",19.863756,75.321188,2026-06-02 06:30:00+00:00,16.1,15.8,8.99,6.24,0.42,12.0,pm25_greater_than_pm10
3409461,"Rachnakar Colony, Aurangabad - MPCB",19.863756,75.321188,2026-06-07 05:30:00+00:00,17.0,14.9,0.0,17.8,0.3,12.6,pm25_greater_than_pm10
3409461,"Rachnakar Colony, Aurangabad - MPCB",19.863756,75.321188,2026-06-07 06:30:00+00:00,18.6,10.5,0.0,21.3,0.3,14.1,pm25_greater_than_pm10
3409461,"Rachnakar Colony, Aurangabad - MPCB",19.863756,75.321188,2026-06-07 08:30:00+00:00,22.2,20.7,0.0,21.5,0.3,14.4,pm25_greater_than_pm10
3409461,"Rachnakar Colony, Aurangabad - MPCB",19.863756,75.321188,2026-06-07 09:30:00+00:00,22.1,20.2,0.0,15.4,0.3,13.1,pm25_greater_than_pm10
3409461,"Rachnakar Colony, Aurangabad - MPCB",19.863756,75.321188,2026-06-07 10:30:00+00:00,23.9,18.5,0.0,22.2,0.3,14.1,pm25_greater_than_pm10
3409461,"Rachnakar Colony, Aurangabad - MPCB",19.863756,75.321188,2026-06-07 11:30:00+00:00,22.4,16.2,0.25,20.7,0.3,14.5,pm25_greater_than_pm10
3409461,"Rachnakar Colony, Aurangabad - MPCB",19.863756,75.321188,2026-06-07 12:30:00+00:00,22.5,17.8,0.155,22.5,0.3,11.9,pm25_greater_than_pm10
3409461,"Rachnakar Colony, Aurangabad - MPCB",19.863756,75.321188,2026-06-07 13:30:00+00:00,13.4,5.56,8.28,19.2,0.42,12.3,pm25_greater_than_pm10
3409461,"Rachnakar Colony, Aurangabad - MPCB",19.863756,75.321188,2026-06-07 14:30:00+00:00,24.2,10.3,9.64,17.8,0.455,14.9,pm25_greater_than_pm10
3409461,"Rachnakar Colony, Aurangabad - MPCB",19.863756,75.321188,2026-06-07 15:30:00+00:00,18.3,9.72,8.02,20.6,0.423,12.6,pm25_greater_than_pm10
3409461,"Rachnakar Colony, Aurangabad - MPCB",19.863756,75.321188,2026-06-07 16:30:00+00:00,18.4,15.8,7.52,19.7,0.405,12.5,pm25_greater_than_pm10
3409461,"Rachnakar Colony, Aurangabad - MPCB",19.863756,75.321188,2026-06-08 02:30:00+00:00,22.4,0.0,7.1,5.0,0.267,46.2,pm25_greater_than_pm10
3409461,"Rachnakar Colony, Aurangabad - MPCB",19.863756,75.321188,2026-06-21 06:30:00+00:00,33.7,27.7,8.93,14.4,0.373,85.3,pm25_greater_than_pm10
3409461,"Rachnakar Colony, Aurangabad - MPCB",19.863756,75.321188,2026-06-21 07:30:00+00:00,34.6,23.3,9.17,15.9,0.367,77.4,pm25_greater_than_pm10
3409461,"Rachnakar Colony, Aurangabad - MPCB",19.863756,75.321188,2026-06-21 08:30:00+00:00,38.5,23.1,8.52,7.99,0.365,75.6,pm25_greater_than_pm10
3409461,"Rachnakar Colony, Aurangabad - MPCB",19.863756,75.321188,2026-06-21 09:30:00+00:00,41.7,24.9,8.59,9.93,0.363,70.9,pm25_greater_than_pm10
3409461,"Rachnakar Colony, Aurangabad - MPCB",19.863756,75.321188,2026-06-21 10:30:00+00:00,41.4,24.7,10.5,9.55,0.368,70.4,pm25_greater_than_pm10
3409461,"Rachnakar Colony, Aurangabad - MPCB",19.863756,75.321188,2026-06-21 11:30:00+00:00,35.7,25.6,14.9,7.5,0.395,81.7,pm25_greater_than_pm10
3409461,"Rachnakar Colony, Aurangabad - MPCB",19.863756,75.321188,2026-06-22 08:30:00+00:00,34.2,29.8,10.0,22.4,0.4,101.0,pm25_greater_than_pm10
3409461,"Rachnakar Colony, Aurangabad - MPCB",19.863756,75.321188,2026-06-22 09:30:00+00:00,36.5,34.9,10.4,22.4,0.4,111.0,pm25_greater_than_pm10
3409464,"Ambazari, Nagpur - MPCB",21.121801,79.04952,2026-04-01 17:30:00+00:00,160.0,116.0,14.2,11.6,0.4,29.9,pm25_greater_than_pm10
3409464,"Ambazari, Nagpur - MPCB",21.121801,79.04952,2026-04-27 20:30:00+00:00,52.5,46.6,12.0,27.1,0.57,27.1,pm25_greater_than_pm10
3409464,"Ambazari, Nagpur - MPCB",21.121801,79.04952,2026-04-27 21:30:00+00:00,47.0,35.7,12.0,38.1,0.665,25.2,pm25_greater_than_pm10
3409464,"Ambazari, Nagpur - MPCB",21.121801,79.04952,2026-04-27 22:30:00+00:00,53.4,28.1,12.0,24.7,0.538,27.2,pm25_greater_than_pm10
3409464,"Ambazari, Nagpur - MPCB",21.121801,79.04952,2026-04-27 23:30:00+00:00,47.7,22.6,12.0,24.8,0.445,23.5,pm25_greater_than_pm10
3409464,"Ambazari, Nagpur - MPCB",21.121801,79.04952,2026-04-28 00:30:00+00:00,43.9,26.8,12.0,16.9,0.575,25.6,pm25_greater_than_pm10
3409464,"Ambazari, Nagpur - MPCB",21.121801,79.04952,2026-04-28 01:30:00+00:00,42.9,35.0,12.0,23.3,0.698,34.9,pm25_greater_than_pm10
3409464,"Ambazari, Nagpur - MPCB",21.121801,79.04952,2026-04-28 02:30:00+00:00,45.3,26.9,12.0,23.5,0.87,50.5,pm25_greater_than_pm10
3409464,"Ambazari, Nagpur - MPCB",21.121801,79.04952,2026-04-28 03:30:00+00:00,47.4,31.3,12.0,42.4,0.743,73.6,pm25_greater_than_pm10
3409469,"Kasarvadavali, Thane - MPCB",19.26777,72.97182,2026-05-06 20:30:00+00:00,353.0,68.0,18.3,7.62,0.205,32.1,pm25_greater_than_pm10
3409469,"Kasarvadavali, Thane - MPCB",19.26777,72.97182,2026-05-06 21:30:00+00:00,153.0,66.5,13.7,7.56,0.243,27.1,pm25_greater_than_pm10
3409469,"Kasarvadavali, Thane - MPCB",19.26777,72.97182,2026-05-08 10:30:00+00:00,32.5,31.2,11.4,7.22,0.22,46.9,pm25_greater_than_pm10
3409469,"Kasarvadavali, Thane - MPCB",19.26777,72.97182,2026-05-08 11:30:00+00:00,32.1,19.2,10.6,6.99,0.273,46.5,pm25_greater_than_pm10
3409469,"Kasarvadavali, Thane - MPCB",19.26777,72.97182,2026-05-09 04:30:00+00:00,39.6,25.4,0.04,4.7,0.185,19.0,pm25_greater_than_pm10
3409469,"Kasarvadavali, Thane - MPCB",19.26777,72.97182,2026-05-13 01:30:00+00:00,196.0,73.2,12.2,1.15,0.243,35.7,pm25_greater_than_pm10
3409469,"Kasarvadavali, Thane - MPCB",19.26777,72.97182,2026-05-13 02:30:00+00:00,1850.0,70.9,11.1,1.08,0.22,51.5,pm25_extreme;pm25_greater_than_pm10
3409469,"Kasarvadavali, Thane - MPCB",19.26777,72.97182,2026-05-13 16:30:00+00:00,42.5,38.4,7.92,4.89,0.293,18.6,pm25_greater_than_pm10
3409469,"Kasarvadavali, Thane - MPCB",19.26777,72.97182,2026-05-13 17:30:00+00:00,47.8,37.2,8.18,5.07,0.26,17.6,pm25_greater_than_pm10
3409469,"Kasarvadavali, Thane - MPCB",19.26777,72.97182,2026-05-13 19:30:00+00:00,217.0,84.9,7.57,5.0,0.175,19.4,pm25_greater_than_pm10
3409469,"Kasarvadavali, Thane - MPCB",19.26777,72.97182,2026-05-13 20:30:00+00:00,162.0,93.0,8.64,4.83,0.178,19.9,pm25_greater_than_pm10
3409469,"Kasarvadavali, Thane - MPCB",19.26777,72.97182,2026-05-14 02:30:00+00:00,128.0,94.7,7.37,4.77,0.135,16.3,pm25_greater_than_pm10
3409469,"Kasarvadavali, Thane - MPCB",19.26777,72.97182,2026-05-17 06:30:00+00:00,76.8,74.6,12.7,0.967,0.197,35.9,pm25_greater_than_pm10
3409469,"Kasarvadavali, Thane - MPCB",19.26777,72.97182,2026-06-16 12:30:00+00:00,70.9,68.2,15.5,0.32,0.13,50.1,pm25_greater_than_pm10
3409469,"Kasarvadavali, Thane - MPCB",19.26777,72.97182,2026-08-01 17:30:00+00:00,36.1,25.6,5.15,3.5,0.357,14.2,pm25_greater_than_pm10
3409469,"Kasarvadavali, Thane - MPCB",19.26777,72.97182,2026-08-03 00:30:00+00:00,32.5,31.6,6.28,3.16,0.42,13.1,pm25_greater_than_pm10
3409506,"CDA Area, Cuttack - OSPCB",20.48891,85.84768,2026-04-12 21:30:00+00:00,429.0,50.0,4.38,4.5,1.47,15.7,pm25_greater_than_pm10
3409506,"CDA Area, Cuttack - OSPCB",20.48891,85.84768,2026-04-12 22:30:00+00:00,496.0,393.0,4.43,4.55,1.45,16.6,pm25_greater_than_pm10
3410003,"Police Line, Sri Vijaya Puram - ANPCC",11.654054,92.734055,2025-10-13 03:30:00+00:00,1.94,0.0,10.2,2.72,0.273,8.06,pm25_greater_than_pm10
3410003,"Police Line, Sri Vijaya Puram - ANPCC",11.654054,92.734055,2025-10-13 04:30:00+00:00,1.88,0.0,6.5,0.03,0.253,11.4,pm25_greater_than_pm10
3410003,"Police Line, Sri Vijaya Puram - ANPCC",11.654054,92.734055,2025-10-13 05:30:00+00:00,1.83,0.0,8.71,0.0,0.227,13.2,pm25_greater_than_pm10
3410003,"Police Line, Sri Vijaya Puram - ANPCC",11.654054,92.734055,2025-10-13 06:30:00+00:00,1.79,0.0,12.7,0.0,0.23,16.1,pm25_greater_than_pm10
3410003,"Police Line, Sri Vijaya Puram - ANPCC",11.654054,92.734055,2025-10-13 07:30:00+00:00,1.73,0.0,11.2,0.0,0.22,36.5,pm25_greater_than_pm10
3410003,"Police Line, Sri Vijaya Puram - ANPCC",11.654054,92.734055,2025-10-13 08:30:00+00:00,1.68,0.0,10.7,0.0275,0.208,21.9,pm25_greater_than_pm10
3410003,"Police Line, Sri Vijaya Puram - ANPCC",11.654054,92.734055,2025-10-13 09:30:00+00:00,1.63,0.0,10.8,1.45,0.238,20.4,pm25_greater_than_pm10
3410003,"Police Line, Sri Vijaya Puram - ANPCC",11.654054,92.734055,2025-10-14 06:30:00+00:00,1.9,0.0,10.9,0.0,0.21,13.1,pm25_greater_than_pm10
3410003,"Police Line, Sri Vijaya Puram - ANPCC",11.654054,92.734055,2025-10-14 07:30:00+00:00,1.86,0.0,9.87,0.0,0.205,11.1,pm25_greater_than_pm10
3410003,"Police Line, Sri Vijaya Puram - ANPCC",11.654054,92.734055,2025-10-14 08:30:00+00:00,1.81,0.0,10.9,0.0,0.205,9.42,pm25_greater_than_pm10
3410003,"Police Line, Sri Vijaya Puram - ANPCC",11.654054,92.734055,2025-10-14 09:30:00+00:00,1.75,0.0,10.7,0.0,0.195,5.84,pm25_greater_than_pm10
3410003,"Police Line, Sri Vijaya Puram - ANPCC",11.654054,92.734055,2025-10-15 03:30:00+00:00,1.57,0.0,7.31,0.0,0.19,20.3,pm25_greater_than_pm10
3410003,"Police Line, Sri Vijaya Puram - ANPCC",11.654054,92.734055,2025-10-15 04:30:00+00:00,1.58,0.0,6.5,0.0,0.19,8.17,pm25_greater_than_pm10
3410003,"Police Line, Sri Vijaya Puram - ANPCC",11.654054,92.734055,2025-10-15 05:30:00+00:00,1.71,0.0,7.59,0.0,0.223,15.8,pm25_greater_than_pm10
3410003,"Police Line, Sri Vijaya Puram - ANPCC",11.654054,92.734055,2025-10-15 06:30:00+00:00,1.66,0.0,11.3,0.0,0.335,11.5,pm25_greater_than_pm10
3410003,"Police Line, Sri Vijaya Puram - ANPCC",11.654054,92.734055,2025-10-15 07:30:00+00:00,1.61,0.0,11.0,0.0,0.328,14.0,pm25_greater_than_pm10
3410003,"Police Line, Sri Vijaya Puram - ANPCC",11.654054,92.734055,2025-10-15 08:30:00+00:00,1.64,0.0,10.3,0.0,0.35,15.5,pm25_greater_than_pm10
3410003,"Police Line, Sri Vijaya Puram - ANPCC",11.654054,92.734055,2025-10-15 09:30:00+00:00,1.71,0.0,10.6,0.0,0.34,16.8,pm25_greater_than_pm10
3410003,"Police Line, Sri Vijaya Puram - ANPCC",11.654054,92.734055,2025-10-15 10:30:00+00:00,1.71,0.0,10.8,0.0,0.35,13.4,pm25_greater_than_pm10
3410003,"Police Line, Sri Vijaya Puram - ANPCC",11.654054,92.734055,2025-10-17 09:30:00+00:00,2.37,0.0,10.5,0.0,0.363,28.3,pm25_greater_than_pm10
3410003,"Police Line, Sri Vijaya Puram - ANPCC",11.654054,92.734055,2025-10-17 10:30:00+00:00,2.37,0.0,10.3,0.0,0.44,5.64,pm25_greater_than_pm10
3410003,"Police Line, Sri Vijaya Puram - ANPCC",11.654054,92.734055,2025-10-22 04:30:00+00:00,2.09,0.0,10.8,0.0,0.19,29.8,pm25_greater_than_pm10
3410003,"Police Line, Sri Vijaya Puram - ANPCC",11.654054,92.734055,2025-10-22 05:30:00+00:00,2.61,0.0,8.32,0.0,0.218,33.0,pm25_greater_than_pm10
3410003,"Police Line, Sri Vijaya Puram - ANPCC",11.654054,92.734055,2025-10-22 06:30:00+00:00,3.0,0.0,12.5,0.0,0.308,13.6,pm25_greater_than_pm10
3410003,"Police Line, Sri Vijaya Puram - ANPCC",11.654054,92.734055,2025-10-22 07:30:00+00:00,3.36,0.0,11.7,0.0,0.3,34.7,pm25_greater_than_pm10
3410003,"Police Line, Sri Vijaya Puram - ANPCC",11.654054,92.734055,2025-10-22 08:30:00+00:00,3.59,0.0,12.0,0.0,0.27,8.76,pm25_greater_than_pm10
3410003,"Police Line, Sri Vijaya Puram - ANPCC",11.654054,92.734055,2025-10-22 09:30:00+00:00,3.05,0.0,13.4,0.0,0.298,6.53,pm25_greater_than_pm10
3410003,"Police Line, Sri Vijaya Puram - ANPCC",11.654054,92.734055,2025-10-22 10:30:00+00:00,2.36,0.0,13.5,0.0,0.328,24.1,pm25_greater_than_pm10
3410003,"Police Line, Sri Vijaya Puram - ANPCC",11.654054,92.734055,2025-10-22 11:30:00+00:00,1.97,0.0,14.0,0.0,0.43,77.5,pm25_greater_than_pm10
3410003,"Police Line, Sri Vijaya Puram - ANPCC",11.654054,92.734055,2025-10-27 03:30:00+00:00,30.5,0.0,14.8,0.86,0.33,18.6,pm25_greater_than_pm10
3410003,"Police Line, Sri Vijaya Puram - ANPCC",11.654054,92.734055,2025-10-27 04:30:00+00:00,32.8,0.0,17.7,4.0,0.268,42.9,pm25_greater_than_pm10
3410003,"Police Line, Sri Vijaya Puram - ANPCC",11.654054,92.734055,2025-10-27 05:30:00+00:00,38.9,0.0,15.5,8.6,0.28,38.6,pm25_greater_than_pm10
3410003,"Police Line, Sri Vijaya Puram - ANPCC",11.654054,92.734055,2025-10-27 06:30:00+00:00,34.4,0.0,13.3,11.7,0.24,20.9,pm25_greater_than_pm10
3410003,"Police Line, Sri Vijaya Puram - ANPCC",11.654054,92.734055,2025-10-27 07:30:00+00:00,29.5,0.0,13.7,9.85,0.25,35.6,pm25_greater_than_pm10
3410003,"Police Line, Sri Vijaya Puram - ANPCC",11.654054,92.734055,2025-10-27 08:30:00+00:00,19.1,0.0,16.7,6.15,0.24,28.6,pm25_greater_than_pm10
3410003,"Police Line, Sri Vijaya Puram - ANPCC",11.654054,92.734055,2025-10-27 09:30:00+00:00,13.4,0.0,17.6,6.3,0.283,26.0,pm25_greater_than_pm10
3410003,"Police Line, Sri Vijaya Puram - ANPCC",11.654054,92.734055,2025-10-30 04:30:00+00:00,0.0725,0.0,13.7,0.0,0.19,3.27,pm25_greater_than_pm10
3410003,"Police Line, Sri Vijaya Puram - ANPCC",11.654054,92.734055,2025-10-30 05:30:00+00:00,0.045,0.0,14.9,0.0,0.21,2.55,pm25_greater_than_pm10
3410003,"Police Line, Sri Vijaya Puram - ANPCC",11.654054,92.734055,2025-10-30 06:30:00+00:00,0.0275,0.0,10.4,0.0,0.27,3.26,pm25_greater_than_pm10
3410003,"Police Line, Sri Vijaya Puram - ANPCC",11.654054,92.734055,2025-10-30 07:30:00+00:00,0.0175,0.0,6.5,0.0,0.365,3.17,pm25_greater_than_pm10
3410003,"Police Line, Sri Vijaya Puram - ANPCC",11.654054,92.734055,2025-10-30 08:30:00+00:00,0.01,0.0,9.37,0.0,0.358,2.19,pm25_greater_than_pm10
3410003,"Police Line, Sri Vijaya Puram - ANPCC",11.654054,92.734055,2025-10-30 09:30:00+00:00,0.01,0.0,14.8,0.0,0.265,3.33,pm25_greater_than_pm10
3410003,"Police Line, Sri Vijaya Puram - ANPCC",11.654054,92.734055,2025-10-30 18:30:00+00:00,11.5,0.0,6.5,0.105,0.215,2.96,pm25_greater_than_pm10
3410003,"Police Line, Sri Vijaya Puram - ANPCC",11.654054,92.734055,2025-10-30 19:30:00+00:00,9.23,0.0,6.5,2.47,0.213,1.92,pm25_greater_than_pm10
3410003,"Police Line, Sri Vijaya Puram - ANPCC",11.654054,92.734055,2025-10-30 20:30:00+00:00,7.07,0.0,6.5,0.0,0.19,3.07,pm25_greater_than_pm10
3410003,"Police Line, Sri Vijaya Puram - ANPCC",11.654054,92.734055,2025-10-31 06:30:00+00:00,49.1,0.0,12.7,0.0,0.318,2.96,pm25_greater_than_pm10
3410003,"Police Line, Sri Vijaya Puram - ANPCC",11.654054,92.734055,2025-10-31 07:30:00+00:00,31.5,0.0,8.44,0.0,0.348,2.55,pm25_greater_than_pm10
3410003,"Police Line, Sri Vijaya Puram - ANPCC",11.654054,92.734055,2025-10-31 08:30:00+00:00,21.6,0.0,12.2,0.0,0.305,2.29,pm25_greater_than_pm10
3410003,"Police Line, Sri Vijaya Puram - ANPCC",11.654054,92.734055,2025-10-31 09:30:00+00:00,15.8,0.0,8.65,0.0,0.313,3.17,pm25_greater_than_pm10
3410003,"Police Line, Sri Vijaya Puram - ANPCC",11.654054,92.734055,2025-10-31 10:30:00+00:00,9.81,0.0,6.5,0.0,0.343,2.13,pm25_greater_than_pm10
3410003,"Police Line, Sri Vijaya Puram - ANPCC",11.654054,92.734055,2025-10-31 11:30:00+00:00,7.06,0.0,6.79,0.0,0.418,3.15,pm25_greater_than_pm10
3410003,"Police Line, Sri Vijaya Puram - ANPCC",11.654054,92.734055,2025-10-31 12:30:00+00:00,4.81,0.0,8.9,0.0,0.387,1.62,pm25_greater_than_pm10
3410003,"Police Line, Sri Vijaya Puram - ANPCC",11.654054,92.734055,2025-10-31 13:30:00+00:00,3.48,0.0,6.5,0.0,0.383,3.15,pm25_greater_than_pm10
3410003,"Police Line, Sri Vijaya Puram - ANPCC",11.654054,92.734055,2025-10-31 14:30:00+00:00,2.52,0.0,6.5,0.0,0.373,2.01,pm25_greater_than_pm10
3410003,"Police Line, Sri Vijaya Puram - ANPCC",11.654054,92.734055,2025-10-31 15:30:00+00:00,1.87,0.0,6.5,0.0,0.278,2.93,pm25_greater_than_pm10
3410003,"Police Line, Sri Vijaya Puram - ANPCC",11.654054,92.734055,2025-10-31 16:30:00+00:00,2.98,0.0,6.5,0.0,0.28,2.18,pm25_greater_than_pm10
3410003,"Police Line, Sri Vijaya Puram - ANPCC",11.654054,92.734055,2025-10-31 17:30:00+00:00,7.54,0.0,6.5,0.0,0.233,2.04,pm25_greater_than_pm10
3410003,"Police Line, Sri Vijaya Puram - ANPCC",11.654054,92.734055,2025-10-31 18:30:00+00:00,5.49,0.0,6.5,16.5,0.305,2.25,pm25_greater_than_pm10
3410003,"Police Line, Sri Vijaya Puram - ANPCC",11.654054,92.734055,2025-10-31 19:30:00+00:00,4.95,0.0,6.5,14.5,0.28,1.42,pm25_greater_than_pm10
3410003,"Police Line, Sri Vijaya Puram - ANPCC",11.654054,92.734055,2025-10-31 20:30:00+00:00,3.41,0.0,6.5,12.1,0.315,2.72,pm25_greater_than_pm10
3410003,"Police Line, Sri Vijaya Puram - ANPCC",11.654054,92.734055,2025-10-31 21:30:00+00:00,3.01,0.0,6.5,17.3,0.305,1.45,pm25_greater_than_pm10
3410003,"Police Line, Sri Vijaya Puram - ANPCC",11.654054,92.734055,2025-10-31 23:30:00+00:00,1.87,0.0,6.83,13.4,0.425,1.51,pm25_greater_than_pm10
3410003,"Police Line, Sri Vijaya Puram - ANPCC",11.654054,92.734055,2025-11-01 00:30:00+00:00,1.67,0.0,6.56,3.34,0.408,3.68,pm25_greater_than_pm10
3410003,"Police Line, Sri Vijaya Puram - ANPCC",11.654054,92.734055,2025-11-01 01:30:00+00:00,1.46,0.0,8.11,15.2,0.475,2.42,pm25_greater_than_pm10
3410003,"Police Line, Sri Vijaya Puram - ANPCC",11.654054,92.734055,2025-11-01 07:30:00+00:00,2.76,0.0,15.1,1.37,0.413,3.99,pm25_greater_than_pm10
3410003,"Police Line, Sri Vijaya Puram - ANPCC",11.654054,92.734055,2025-11-01 08:30:00+00:00,2.68,0.0,14.2,2.96,0.378,1.92,pm25_greater_than_pm10
3410003,"Police Line, Sri Vijaya Puram - ANPCC",11.654054,92.734055,2025-11-01 09:30:00+00:00,2.6,0.0,13.7,0.295,0.395,3.41,pm25_greater_than_pm10
3410003,"Police Line, Sri Vijaya Puram - ANPCC",11.654054,92.734055,2025-11-01 10:30:00+00:00,2.52,0.0,14.3,3.36,0.465,1.91,pm25_greater_than_pm10
3410003,"Police Line, Sri Vijaya Puram - ANPCC",11.654054,92.734055,2025-11-01 11:30:00+00:00,2.44,0.0,15.0,0.0,0.553,3.11,pm25_greater_than_pm10
3410003,"Police Line, Sri Vijaya Puram - ANPCC",11.654054,92.734055,2025-11-01 12:30:00+00:00,2.39,0.0,14.4,1.07,0.557,2.13,pm25_greater_than_pm10
3410003,"Police Line, Sri Vijaya Puram - ANPCC",11.654054,92.734055,2025-11-01 16:30:00+00:00,2.45,0.0,9.06,0.0,0.54,2.52,pm25_greater_than_pm10
3410003,"Police Line, Sri Vijaya Puram - ANPCC",11.654054,92.734055,2025-11-01 17:30:00+00:00,2.78,0.0,8.99,0.0,0.503,1.54,pm25_greater_than_pm10
3410003,"Police Line, Sri Vijaya Puram - ANPCC",11.654054,92.734055,2025-11-01 18:30:00+00:00,2.87,0.0,6.5,8.8,0.25,2.8,pm25_greater_than_pm10
3410003,"Police Line, Sri Vijaya Puram - ANPCC",11.654054,92.734055,2025-11-01 19:30:00+00:00,3.06,0.0,6.5,10.6,0.25,1.72,pm25_greater_than_pm10
3410003,"Police Line, Sri Vijaya Puram - ANPCC",11.654054,92.734055,2025-11-01 20:30:00+00:00,3.65,0.0,6.5,6.89,0.233,2.88,pm25_greater_than_pm10
3410003,"Police Line, Sri Vijaya Puram - ANPCC",11.654054,92.734055,2025-11-03 07:30:00+00:00,12.7,0.0,17.0,17.5,0.28,2.48,pm25_greater_than_pm10
3410003,"Police Line, Sri Vijaya Puram - ANPCC",11.654054,92.734055,2025-11-03 08:30:00+00:00,12.7,0.0,17.0,12.5,0.24,4.87,pm25_greater_than_pm10
3410003,"Police Line, Sri Vijaya Puram - ANPCC",11.654054,92.734055,2025-11-03 09:30:00+00:00,12.7,0.0,16.4,15.2,0.267,3.89,pm25_greater_than_pm10
3410003,"Police Line, Sri Vijaya Puram - ANPCC",11.654054,92.734055,2025-11-03 10:30:00+00:00,12.7,0.0,16.7,12.2,0.265,3.2,pm25_greater_than_pm10
3410003,"Police Line, Sri Vijaya Puram - ANPCC",11.654054,92.734055,2025-11-03 11:30:00+00:00,12.7,0.0,16.7,10.5,0.323,3.35,pm25_greater_than_pm10
3410003,"Police Line, Sri Vijaya Puram - ANPCC",11.654054,92.734055,2025-11-03 12:30:00+00:00,12.7,0.0,14.1,8.17,0.293,2.36,pm25_greater_than_pm10
3410003,"Police Line, Sri Vijaya Puram - ANPCC",11.654054,92.734055,2025-11-03 13:30:00+00:00,12.7,0.0,11.0,3.7,0.285,3.83,pm25_greater_than_pm10
3410003,"Police Line, Sri Vijaya Puram - ANPCC",11.654054,92.734055,2025-11-04 08:30:00+00:00,12.7,0.0,19.4,26.3,0.483,3.36,pm25_greater_than_pm10
3410003,"Police Line, Sri Vijaya Puram - ANPCC",11.654054,92.734055,2025-11-04 09:30:00+00:00,12.7,0.0,19.5,20.3,0.477,4.13,pm25_greater_than_pm10
3410003,"Police Line, Sri Vijaya Puram - ANPCC",11.654054,92.734055,2025-11-04 10:30:00+00:00,12.7,0.0,20.4,27.0,0.58,4.84,pm25_greater_than_pm10
3410003,"Police Line, Sri Vijaya Puram - ANPCC",11.654054,92.734055,2025-11-04 11:30:00+00:00,12.7,0.0,19.5,22.3,0.62,4.03,pm25_greater_than_pm10
3410003,"Police Line, Sri Vijaya Puram - ANPCC",11.654054,92.734055,2025-11-04 12:30:00+00:00,12.7,0.0,20.2,21.1,0.785,3.03,pm25_greater_than_pm10
3410003,"Police Line, Sri Vijaya Puram - ANPCC",11.654054,92.734055,2025-11-04 13:30:00+00:00,12.7,0.0,21.0,18.6,0.798,2.02,pm25_greater_than_pm10
3410003,"Police Line, Sri Vijaya Puram - ANPCC",11.654054,92.734055,2025-11-05 03:30:00+00:00,11.7,0.0,14.5,5.24,0.29,3.32,pm25_greater_than_pm10
3410003,"Police Line, Sri Vijaya Puram - ANPCC",11.654054,92.734055,2025-11-05 04:30:00+00:00,12.7,0.0,14.5,7.18,0.363,4.8,pm25_greater_than_pm10
3410003,"Police Line, Sri Vijaya Puram - ANPCC",11.654054,92.734055,2025-11-05 05:30:00+00:00,12.7,0.0,12.3,15.8,0.353,5.59,pm25_greater_than_pm10
3410003,"Police Line, Sri Vijaya Puram - ANPCC",11.654054,92.734055,2025-11-05 06:30:00+00:00,12.7,0.0,17.8,15.6,0.415,4.08,pm25_greater_than_pm10
3410003,"Police Line, Sri Vijaya Puram - ANPCC",11.654054,92.734055,2025-11-05 07:30:00+00:00,12.7,0.0,19.9,24.3,0.365,2.28,pm25_greater_than_pm10
3410003,"Police Line, Sri Vijaya Puram - ANPCC",11.654054,92.734055,2025-11-05 08:30:00+00:00,12.7,0.0,17.3,16.4,0.293,3.08,pm25_greater_than_pm10
3410003,"Police Line, Sri Vijaya Puram - ANPCC",11.654054,92.734055,2025-11-05 09:30:00+00:00,12.7,0.0,14.2,20.2,0.325,2.48,pm25_greater_than_pm10
3410003,"Police Line, Sri Vijaya Puram - ANPCC",11.654054,92.734055,2025-11-05 10:30:00+00:00,12.7,0.0,14.6,18.1,0.42,2.63,pm25_greater_than_pm10
3410003,"Police Line, Sri Vijaya Puram - ANPCC",11.654054,92.734055,2025-11-05 11:30:00+00:00,12.7,0.0,23.8,25.5,0.687,2.59,pm25_greater_than_pm10
3410003,"Police Line, Sri Vijaya Puram - ANPCC",11.654054,92.734055,2025-11-05 12:30:00+00:00,12.7,0.0,25.0,25.2,0.788,1.82,pm25_greater_than_pm10
3410003,"Police Line, Sri Vijaya Puram - ANPCC",11.654054,92.734055,2025-11-05 13:30:00+00:00,12.7,0.0,24.8,17.7,0.68,3.35,pm25_greater_than_pm10
3410003,"Police Line, Sri Vijaya Puram - ANPCC",11.654054,92.734055,2025-11-06 04:30:00+00:00,12.4,0.0,10.2,3.25,0.325,7.32,pm25_greater_than_pm10
3410003,"Police Line, Sri Vijaya Puram - ANPCC",11.654054,92.734055,2025-11-06 05:30:00+00:00,12.7,0.0,11.7,6.05,0.378,2.91,pm25_greater_than_pm10
3410003,"Police Line, Sri Vijaya Puram - ANPCC",11.654054,92.734055,2025-11-06 06:30:00+00:00,12.7,0.0,11.1,7.25,0.35,4.82,pm25_greater_than_pm10
3410003,"Police Line, Sri Vijaya Puram - ANPCC",11.654054,92.734055,2025-11-06 07:30:00+00:00,12.7,0.0,9.38,15.8,0.373,2.78,pm25_greater_than_pm10
3410003,"Police Line, Sri Vijaya Puram - ANPCC",11.654054,92.734055,2025-11-06 08:30:00+00:00,12.7,0.0,14.9,12.7,0.335,4.14,pm25_greater_than_pm10
3410003,"Police Line, Sri Vijaya Puram - ANPCC",11.654054,92.734055,2025-11-06 09:30:00+00:00,12.7,0.0,8.03,17.6,0.355,4.56,pm25_greater_than_pm10
3410003,"Police Line, Sri Vijaya Puram - ANPCC",11.654054,92.734055,2025-11-06 11:30:00+00:00,12.7,0.0,14.3,20.5,0.67,1.0,pm25_greater_than_pm10
3410003,"Police Line, Sri Vijaya Puram - ANPCC",11.654054,92.734055,2025-11-06 12:30:00+00:00,12.7,0.0,19.1,13.5,0.825,2.25,pm25_greater_than_pm10
3410003,"Police Line, Sri Vijaya Puram - ANPCC",11.654054,92.734055,2025-11-06 13:30:00+00:00,12.7,0.0,18.2,11.6,0.903,3.13,pm25_greater_than_pm10
3410003,"Police Line, Sri Vijaya Puram - ANPCC",11.654054,92.734055,2025-11-07 07:30:00+00:00,12.4,0.0,21.4,16.4,0.31,2.52,pm25_greater_than_pm10
3410003,"Police Line, Sri Vijaya Puram - ANPCC",11.654054,92.734055,2025-11-07 08:30:00+00:00,12.7,0.0,23.4,12.6,0.313,3.93,pm25_greater_than_pm10
3410003,"Police Line, Sri Vijaya Puram - ANPCC",11.654054,92.734055,2025-11-07 09:30:00+00:00,12.7,0.0,24.4,20.0,0.543,3.28,pm25_greater_than_pm10
3410003,"Police Line, Sri Vijaya Puram - ANPCC",11.654054,92.734055,2025-11-07 10:30:00+00:00,12.7,0.0,22.9,18.6,0.455,3.34,pm25_greater_than_pm10
3410003,"Police Line, Sri Vijaya Puram - ANPCC",11.654054,92.734055,2025-11-07 11:30:00+00:00,12.7,0.0,22.7,15.2,0.56,2.9,pm25_greater_than_pm10
3410003,"Police Line, Sri Vijaya Puram - ANPCC",11.654054,92.734055,2025-11-07 12:30:00+00:00,12.7,0.0,19.4,16.2,0.498,2.13,pm25_greater_than_pm10
3410003,"Police Line, Sri Vijaya Puram - ANPCC",11.654054,92.734055,2025-11-07 13:30:00+00:00,12.7,0.0,18.0,10.5,0.603,3.22,pm25_greater_than_pm10
3410003,"Police Line, Sri Vijaya Puram - ANPCC",11.654054,92.734055,2025-11-08 04:30:00+00:00,12.3,0.0,21.2,4.0,0.305,3.36,pm25_greater_than_pm10
3410003,"Police Line, Sri Vijaya Puram - ANPCC",11.654054,92.734055,2025-11-08 05:30:00+00:00,12.4,0.0,23.9,0.27,0.19,10.3,pm25_greater_than_pm10
3410003,"Police Line, Sri Vijaya Puram - ANPCC",11.654054,92.734055,2025-11-08 06:30:00+00:00,12.7,0.0,24.8,0.0,0.19,2.77,pm25_greater_than_pm10
3410003,"Police Line, Sri Vijaya Puram - ANPCC",11.654054,92.734055,2025-11-08 07:30:00+00:00,64.4,0.0,23.7,0.0,0.2,5.08,pm25_greater_than_pm10
3410003,"Police Line, Sri Vijaya Puram - ANPCC",11.654054,92.734055,2025-11-08 08:30:00+00:00,27.8,0.0,20.5,0.0,0.19,3.83,pm25_greater_than_pm10
3410003,"Police Line, Sri Vijaya Puram - ANPCC",11.654054,92.734055,2025-11-08 09:30:00+00:00,26.3,0.0,23.4,0.0,0.21,6.29,pm25_greater_than_pm10
3410003,"Police Line, Sri Vijaya Puram - ANPCC",11.654054,92.734055,2025-11-08 12:30:00+00:00,6.34,0.0,15.1,0.0,0.505,2.46,pm25_greater_than_pm10
3410003,"Police Line, Sri Vijaya Puram - ANPCC",11.654054,92.734055,2025-11-08 13:30:00+00:00,1.02,0.0,14.0,0.0,0.588,3.21,pm25_greater_than_pm10
3410003,"Police Line, Sri Vijaya Puram - ANPCC",11.654054,92.734055,2025-11-08 14:30:00+00:00,0.185,0.0,12.6,0.0,0.66,1.96,pm25_greater_than_pm10
3410003,"Police Line, Sri Vijaya Puram - ANPCC",11.654054,92.734055,2025-11-08 15:30:00+00:00,0.04,0.0,12.4,0.0,0.608,3.19,pm25_greater_than_pm10
3410003,"Police Line, Sri Vijaya Puram - ANPCC",11.654054,92.734055,2025-11-08 16:30:00+00:00,5.61,0.0,11.7,0.0,0.558,2.03,pm25_greater_than_pm10
3410003,"Police Line, Sri Vijaya Puram - ANPCC",11.654054,92.734055,2025-11-08 17:30:00+00:00,22.4,0.0,11.5,0.0,0.45,2.9,pm25_greater_than_pm10
3410003,"Police Line, Sri Vijaya Puram - ANPCC",11.654054,92.734055,2025-11-08 18:30:00+00:00,11.7,0.0,9.97,15.2,0.675,1.32,pm25_greater_than_pm10
3410003,"Police Line, Sri Vijaya Puram - ANPCC",11.654054,92.734055,2025-11-08 19:30:00+00:00,4.22,0.0,9.62,7.32,0.505,3.42,pm25_greater_than_pm10
3410003,"Police Line, Sri Vijaya Puram - ANPCC",11.654054,92.734055,2025-11-08 20:30:00+00:00,1.27,0.0,9.43,8.36,0.525,2.23,pm25_greater_than_pm10
3410003,"Police Line, Sri Vijaya Puram - ANPCC",11.654054,92.734055,2025-11-08 21:30:00+00:00,0.41,0.0,8.81,8.23,0.453,2.81,pm25_greater_than_pm10
3410003,"Police Line, Sri Vijaya Puram - ANPCC",11.654054,92.734055,2025-11-08 22:30:00+00:00,0.143,0.0,9.0,4.92,0.625,2.8,pm25_greater_than_pm10
3410003,"Police Line, Sri Vijaya Puram - ANPCC",11.654054,92.734055,2025-11-08 23:30:00+00:00,0.05,0.0,8.58,9.96,0.513,1.78,pm25_greater_than_pm10
3410003,"Police Line, Sri Vijaya Puram - ANPCC",11.654054,92.734055,2025-11-09 00:30:00+00:00,0.0175,0.0,10.1,3.92,0.388,3.93,pm25_greater_than_pm10
3410003,"Police Line, Sri Vijaya Puram - ANPCC",11.654054,92.734055,2025-11-09 01:30:00+00:00,0.0075,0.0,13.4,10.1,0.315,2.28,pm25_greater_than_pm10
3410003,"Police Line, Sri Vijaya Puram - ANPCC",11.654054,92.734055,2025-11-11 11:30:00+00:00,1.79,0.0,6.07,128.0,1.44,10.0,pm25_greater_than_pm10
3410003,"Police Line, Sri Vijaya Puram - ANPCC",11.654054,92.734055,2025-11-11 12:30:00+00:00,2.69,0.0,6.5,2.86,1.48,1.35,pm25_greater_than_pm10
3410003,"Police Line, Sri Vijaya Puram - ANPCC",11.654054,92.734055,2025-11-11 13:30:00+00:00,8.81,0.0,6.5,0.0,1.2,1.78,pm25_greater_than_pm10
3410003,"Police Line, Sri Vijaya Puram - ANPCC",11.654054,92.734055,2025-11-11 14:30:00+00:00,19.6,0.0,6.5,0.0,1.06,3.09,pm25_greater_than_pm10
3410003,"Police Line, Sri Vijaya Puram - ANPCC",11.654054,92.734055,2025-11-11 15:30:00+00:00,21.3,0.0,6.5,0.0,1.23,3.12,pm25_greater_than_pm10
3410003,"Police Line, Sri Vijaya Puram - ANPCC",11.654054,92.734055,2025-11-11 16:30:00+00:00,20.1,0.0,6.5,0.0,1.05,3.38,pm25_greater_than_pm10
3410003,"Police Line, Sri Vijaya Puram - ANPCC",11.654054,92.734055,2025-11-11 17:30:00+00:00,18.1,0.0,6.5,0.0,0.947,3.5,pm25_greater_than_pm10
3410003,"Police Line, Sri Vijaya Puram - ANPCC",11.654054,92.734055,2025-11-11 18:30:00+00:00,15.3,0.0,6.5,2.77,0.705,3.64,pm25_greater_than_pm10
3410003,"Police Line, Sri Vijaya Puram - ANPCC",11.654054,92.734055,2025-11-11 19:30:00+00:00,13.5,0.0,6.51,3.79,0.555,3.54,pm25_greater_than_pm10
3410003,"Police Line, Sri Vijaya Puram - ANPCC",11.654054,92.734055,2025-11-11 20:30:00+00:00,10.8,0.0,6.5,3.74,0.54,3.49,pm25_greater_than_pm10
3410003,"Police Line, Sri Vijaya Puram - ANPCC",11.654054,92.734055,2025-11-11 21:30:00+00:00,8.18,0.0,6.5,4.89,0.52,3.48,pm25_greater_than_pm10
3410003,"Police Line, Sri Vijaya Puram - ANPCC",11.654054,92.734055,2025-11-11 22:30:00+00:00,5.57,0.0,6.5,1.75,0.51,3.35,pm25_greater_than_pm10
3410003,"Police Line, Sri Vijaya Puram - ANPCC",11.654054,92.734055,2025-11-11 23:30:00+00:00,4.03,0.0,6.51,3.97,0.58,3.56,pm25_greater_than_pm10
3410003,"Police Line, Sri Vijaya Puram - ANPCC",11.654054,92.734055,2025-11-12 03:30:00+00:00,1.23,0.0,8.36,0.0,0.19,2.63,pm25_greater_than_pm10
3410003,"Police Line, Sri Vijaya Puram - ANPCC",11.654054,92.734055,2025-11-12 04:30:00+00:00,1.04,0.0,10.5,0.0,0.19,4.43,pm25_greater_than_pm10
3410003,"Police Line, Sri Vijaya Puram - ANPCC",11.654054,92.734055,2025-11-12 05:30:00+00:00,0.863,0.0,9.83,0.0,0.283,8.0,pm25_greater_than_pm10
3410003,"Police Line, Sri Vijaya Puram - ANPCC",11.654054,92.734055,2025-11-12 06:30:00+00:00,0.725,0.0,15.4,0.0,0.348,9.51,pm25_greater_than_pm10
3410003,"Police Line, Sri Vijaya Puram - ANPCC",11.654054,92.734055,2025-11-12 07:30:00+00:00,0.63,0.0,13.4,0.0,0.31,35.4,pm25_greater_than_pm10
3410003,"Police Line, Sri Vijaya Puram - ANPCC",11.654054,92.734055,2025-11-12 08:30:00+00:00,0.55,0.0,12.6,0.0,0.287,4.34,pm25_greater_than_pm10
3410003,"Police Line, Sri Vijaya Puram - ANPCC",11.654054,92.734055,2025-11-12 09:30:00+00:00,0.51,0.0,11.4,0.0,0.28,13.3,pm25_greater_than_pm10
3410003,"Police Line, Sri Vijaya Puram - ANPCC",11.654054,92.734055,2025-11-12 11:30:00+00:00,0.43,0.0,12.4,0.14,0.33,431.0,pm25_greater_than_pm10
3410003,"Police Line, Sri Vijaya Puram - ANPCC",11.654054,92.734055,2025-11-12 12:30:00+00:00,0.425,0.0,12.2,0.0,0.378,65.7,pm25_greater_than_pm10
3410003,"Police Line, Sri Vijaya Puram - ANPCC",11.654054,92.734055,2025-11-12 13:30:00+00:00,0.41,0.0,11.5,0.0,0.195,3.54,pm25_greater_than_pm10
3410003,"Police Line, Sri Vijaya Puram - ANPCC",11.654054,92.734055,2025-11-12 14:30:00+00:00,0.395,0.0,13.0,0.0,0.195,70.1,pm25_greater_than_pm10
3410003,"Police Line, Sri Vijaya Puram - ANPCC",11.654054,92.734055,2025-11-12 15:30:00+00:00,0.388,0.0,11.8,0.0,0.2,4.46,pm25_greater_than_pm10
3410003,"Police Line, Sri Vijaya Puram - ANPCC",11.654054,92.734055,2025-11-13 02:30:00+00:00,5.32,0.0,0.0,160.0,0.19,45.0,pm25_greater_than_pm10
3410003,"Police Line, Sri Vijaya Puram - ANPCC",11.654054,92.734055,2025-11-13 03:30:00+00:00,6.57,0.0,15.2,2.97,0.19,178.0,pm25_greater_than_pm10
3410003,"Police Line, Sri Vijaya Puram - ANPCC",11.654054,92.734055,2025-11-13 04:30:00+00:00,11.2,0.0,15.4,0.0,0.19,33.0,pm25_greater_than_pm10
3410003,"Police Line, Sri Vijaya Puram - ANPCC",11.654054,92.734055,2025-11-13 05:30:00+00:00,13.0,0.0,15.4,0.0,0.258,65.2,pm25_greater_than_pm10
3410003,"Police Line, Sri Vijaya Puram - ANPCC",11.654054,92.734055,2025-11-13 06:30:00+00:00,11.5,0.0,18.1,0.0,0.45,86.2,pm25_greater_than_pm10
3410003,"Police Line, Sri Vijaya Puram - ANPCC",11.654054,92.734055,2025-11-13 07:30:00+00:00,14.8,0.0,18.2,0.0,0.388,47.9,pm25_greater_than_pm10
3410003,"Police Line, Sri Vijaya Puram - ANPCC",11.654054,92.734055,2025-11-13 08:30:00+00:00,11.5,0.0,18.0,0.0,0.428,136.0,pm25_greater_than_pm10
3410003,"Police Line, Sri Vijaya Puram - ANPCC",11.654054,92.734055,2025-11-13 09:30:00+00:00,11.4,0.0,16.7,0.0,0.38,36.9,pm25_greater_than_pm10
3410003,"Police Line, Sri Vijaya Puram - ANPCC",11.654054,92.734055,2025-11-13 10:30:00+00:00,7.79,0.0,17.3,0.0,0.433,86.4,pm25_greater_than_pm10
3410003,"Police Line, Sri Vijaya Puram - ANPCC",11.654054,92.734055,2025-11-13 11:30:00+00:00,5.61,0.0,18.4,0.0,0.36,37.5,pm25_greater_than_pm10
3410003,"Police Line, Sri Vijaya Puram - ANPCC",11.654054,92.734055,2025-11-13 12:30:00+00:00,3.92,0.0,20.1,0.0,0.388,103.0,pm25_greater_than_pm10
3410003,"Police Line, Sri Vijaya Puram - ANPCC",11.654054,92.734055,2025-11-13 13:30:00+00:00,2.76,0.0,17.2,0.0,0.347,13.7,pm25_greater_than_pm10
3410003,"Police Line, Sri Vijaya Puram - ANPCC",11.654054,92.734055,2025-11-13 14:30:00+00:00,2.0,0.0,16.8,0.0,0.363,82.9,pm25_greater_than_pm10
3410003,"Police Line, Sri Vijaya Puram - ANPCC",11.654054,92.734055,2025-11-13 15:30:00+00:00,1.58,0.0,16.4,0.0,0.37,125.0,pm25_greater_than_pm10
3410003,"Police Line, Sri Vijaya Puram - ANPCC",11.654054,92.734055,2025-11-15 04:30:00+00:00,1.04,0.0,6.5,0.0,0.19,49.7,pm25_greater_than_pm10
3410003,"Police Line, Sri Vijaya Puram - ANPCC",11.654054,92.734055,2025-11-15 05:30:00+00:00,3.18,0.0,9.59,0.0,0.253,174.0,pm25_greater_than_pm10
3410003,"Police Line, Sri Vijaya Puram - ANPCC",11.654054,92.734055,2025-11-15 11:30:00+00:00,7.9,0.0,12.4,0.0,0.19,20.0,pm25_greater_than_pm10
3410003,"Police Line, Sri Vijaya Puram - ANPCC",11.654054,92.734055,2025-11-15 12:30:00+00:00,5.53,0.0,19.1,0.0,0.19,82.1,pm25_greater_than_pm10
3410003,"Police Line, Sri Vijaya Puram - ANPCC",11.654054,92.734055,2025-11-15 13:30:00+00:00,4.18,0.0,18.6,0.0,0.19,32.7,pm25_greater_than_pm10
3410003,"Police Line, Sri Vijaya Puram - ANPCC",11.654054,92.734055,2025-11-15 17:30:00+00:00,31.8,0.0,7.93,0.0,0.19,53.7,pm25_greater_than_pm10
3410003,"Police Line, Sri Vijaya Puram - ANPCC",11.654054,92.734055,2025-11-15 18:30:00+00:00,22.7,0.0,18.9,4.47,0.43,178.0,pm25_greater_than_pm10
3410003,"Police Line, Sri Vijaya Puram - ANPCC",11.654054,92.734055,2025-11-20 05:30:00+00:00,11.7,0.0,14.6,9.31,0.353,12.7,pm25_greater_than_pm10
3410003,"Police Line, Sri Vijaya Puram - ANPCC",11.654054,92.734055,2025-11-21 03:30:00+00:00,3.46,0.0,15.8,0.0,0.19,24.7,pm25_greater_than_pm10
3410003,"Police Line, Sri Vijaya Puram - ANPCC",11.654054,92.734055,2025-11-21 04:30:00+00:00,4.23,0.0,11.9,0.0,0.23,14.8,pm25_greater_than_pm10
3410003,"Police Line, Sri Vijaya Puram - ANPCC",11.654054,92.734055,2025-11-21 05:30:00+00:00,7.73,0.0,15.2,0.0,0.26,8.91,pm25_greater_than_pm10
3410003,"Police Line, Sri Vijaya Puram - ANPCC",11.654054,92.734055,2025-11-21 06:30:00+00:00,12.1,0.0,19.9,0.0,0.485,16.9,pm25_greater_than_pm10
3410003,"Police Line, Sri Vijaya Puram - ANPCC",11.654054,92.734055,2025-11-21 07:30:00+00:00,15.1,0.0,18.7,0.0,0.423,9.09,pm25_greater_than_pm10
3410003,"Police Line, Sri Vijaya Puram - ANPCC",11.654054,92.734055,2025-11-21 08:30:00+00:00,11.5,0.0,22.4,0.0,0.383,8.58,pm25_greater_than_pm10
3410003,"Police Line, Sri Vijaya Puram - ANPCC",11.654054,92.734055,2025-11-21 09:30:00+00:00,8.23,0.0,23.7,0.0,0.418,4.23,pm25_greater_than_pm10
3410003,"Police Line, Sri Vijaya Puram - ANPCC",11.654054,92.734055,2025-11-21 10:30:00+00:00,5.61,0.0,24.1,0.0,0.39,7.0,pm25_greater_than_pm10
3410003,"Police Line, Sri Vijaya Puram - ANPCC",11.654054,92.734055,2025-11-21 11:30:00+00:00,4.03,0.0,23.9,0.0,0.4,8.28,pm25_greater_than_pm10
3410003,"Police Line, Sri Vijaya Puram - ANPCC",11.654054,92.734055,2025-11-21 12:30:00+00:00,2.82,0.0,22.9,0.0,0.338,5.49,pm25_greater_than_pm10
3410003,"Police Line, Sri Vijaya Puram - ANPCC",11.654054,92.734055,2025-11-21 13:30:00+00:00,2.14,0.0,22.5,0.0,0.35,4.85,pm25_greater_than_pm10
3410003,"Police Line, Sri Vijaya Puram - ANPCC",11.654054,92.734055,2025-11-21 17:30:00+00:00,0.68,0.0,23.9,0.0,0.19,5.87,pm25_greater_than_pm10
3410003,"Police Line, Sri Vijaya Puram - ANPCC",11.654054,92.734055,2025-11-21 18:30:00+00:00,0.49,0.0,23.8,0.0,0.215,3.89,pm25_greater_than_pm10
3410003,"Police Line, Sri Vijaya Puram - ANPCC",11.654054,92.734055,2025-11-21 19:30:00+00:00,0.423,0.0,21.6,0.0,0.208,4.0,pm25_greater_than_pm10
3410003,"Police Line, Sri Vijaya Puram - ANPCC",11.654054,92.734055,2025-11-21 20:30:00+00:00,0.358,0.0,19.9,0.0,0.208,2.86,pm25_greater_than_pm10
3410003,"Police Line, Sri Vijaya Puram - ANPCC",11.654054,92.734055,2025-11-21 21:30:00+00:00,0.31,0.0,19.6,0.0,0.19,3.87,pm25_greater_than_pm10
3410003,"Police Line, Sri Vijaya Puram - ANPCC",11.654054,92.734055,2025-11-21 22:30:00+00:00,0.273,0.0,19.2,0.0,0.198,2.94,pm25_greater_than_pm10
3410003,"Police Line, Sri Vijaya Puram - ANPCC",11.654054,92.734055,2025-11-21 23:30:00+00:00,0.245,0.0,19.1,0.0,0.248,3.62,pm25_greater_than_pm10
3410003,"Police Line, Sri Vijaya Puram - ANPCC",11.654054,92.734055,2025-11-22 00:30:00+00:00,0.228,0.0,19.5,0.0,0.263,3.24,pm25_greater_than_pm10
3410003,"Police Line, Sri Vijaya Puram - ANPCC",11.654054,92.734055,2025-11-22 01:30:00+00:00,0.218,0.0,19.1,0.0,0.258,3.45,pm25_greater_than_pm10
3410003,"Police Line, Sri Vijaya Puram - ANPCC",11.654054,92.734055,2025-11-22 02:30:00+00:00,0.208,0.0,20.5,0.0,0.263,4.21,pm25_greater_than_pm10
3410003,"Police Line, Sri Vijaya Puram - ANPCC",11.654054,92.734055,2025-11-22 03:30:00+00:00,0.2,0.0,21.0,0.0,0.253,4.13,pm25_greater_than_pm10
3410003,"Police Line, Sri Vijaya Puram - ANPCC",11.654054,92.734055,2025-11-22 04:30:00+00:00,0.2,0.0,21.4,0.0,0.287,4.54,pm25_greater_than_pm10
3410003,"Police Line, Sri Vijaya Puram - ANPCC",11.654054,92.734055,2025-11-22 05:30:00+00:00,3.57,0.0,20.9,0.0,0.345,4.16,pm25_greater_than_pm10
3410003,"Police Line, Sri Vijaya Puram - ANPCC",11.654054,92.734055,2025-11-22 06:30:00+00:00,8.05,0.0,20.8,0.0,0.32,4.59,pm25_greater_than_pm10
3410003,"Police Line, Sri Vijaya Puram - ANPCC",11.654054,92.734055,2025-11-22 07:30:00+00:00,8.05,0.0,18.3,0.0,0.405,3.58,pm25_greater_than_pm10
3410003,"Police Line, Sri Vijaya Puram - ANPCC",11.654054,92.734055,2025-11-22 08:30:00+00:00,8.05,0.0,21.5,0.0,0.445,4.22,pm25_greater_than_pm10
3410003,"Police Line, Sri Vijaya Puram - ANPCC",11.654054,92.734055,2025-11-22 09:30:00+00:00,8.05,0.0,20.1,0.0,0.395,4.07,pm25_greater_than_pm10
3410003,"Police Line, Sri Vijaya Puram - ANPCC",11.654054,92.734055,2025-11-22 10:30:00+00:00,8.05,0.0,12.3,0.0,0.38,17.9,pm25_greater_than_pm10
3410003,"Police Line, Sri Vijaya Puram - ANPCC",11.654054,92.734055,2025-11-22 11:30:00+00:00,8.05,0.0,9.08,0.0,0.373,24.9,pm25_greater_than_pm10
3410003,"Police Line, Sri Vijaya Puram - ANPCC",11.654054,92.734055,2025-11-22 12:30:00+00:00,8.05,0.0,16.9,0.0,0.37,4.99,pm25_greater_than_pm10
3410003,"Police Line, Sri Vijaya Puram - ANPCC",11.654054,92.734055,2025-11-22 13:30:00+00:00,8.05,0.0,16.1,0.0,0.348,3.25,pm25_greater_than_pm10
3410003,"Police Line, Sri Vijaya Puram - ANPCC",11.654054,92.734055,2025-11-22 15:30:00+00:00,8.05,0.0,0.0,215.0,0.76,11.2,pm25_greater_than_pm10
3410003,"Police Line, Sri Vijaya Puram - ANPCC",11.654054,92.734055,2025-11-22 16:30:00+00:00,8.05,0.0,0.0,28.2,0.48,6.72,pm25_greater_than_pm10
3410003,"Police Line, Sri Vijaya Puram - ANPCC",11.654054,92.734055,2025-11-22 17:30:00+00:00,8.05,0.0,0.0,0.287,0.387,2.7,pm25_greater_than_pm10
3410003,"Police Line, Sri Vijaya Puram - ANPCC",11.654054,92.734055,2025-11-22 18:30:00+00:00,8.05,0.0,6.5,8.27,0.375,3.4,pm25_greater_than_pm10
3410003,"Police Line, Sri Vijaya Puram - ANPCC",11.654054,92.734055,2025-11-23 16:30:00+00:00,8.05,0.0,24.6,0.0,0.47,4.83,pm25_greater_than_pm10
3410003,"Police Line, Sri Vijaya Puram - ANPCC",11.654054,92.734055,2025-11-23 17:30:00+00:00,8.05,0.0,22.8,0.0,0.417,2.72,pm25_greater_than_pm10
3410003,"Police Line, Sri Vijaya Puram - ANPCC",11.654054,92.734055,2025-11-23 18:30:00+00:00,8.05,0.0,21.3,8.7,0.43,3.86,pm25_greater_than_pm10
3410003,"Police Line, Sri Vijaya Puram - ANPCC",11.654054,92.734055,2025-11-23 19:30:00+00:00,8.05,0.0,19.6,12.2,0.423,2.59,pm25_greater_than_pm10
3410003,"Police Line, Sri Vijaya Puram - ANPCC",11.654054,92.734055,2025-11-23 20:30:00+00:00,8.05,0.0,19.7,7.11,0.408,4.05,pm25_greater_than_pm10
3410003,"Police Line, Sri Vijaya Puram - ANPCC",11.654054,92.734055,2025-11-23 21:30:00+00:00,8.05,0.0,19.5,11.8,0.427,2.84,pm25_greater_than_pm10
3410003,"Police Line, Sri Vijaya Puram - ANPCC",11.654054,92.734055,2025-11-23 22:30:00+00:00,8.05,0.0,19.0,7.82,0.42,3.87,pm25_greater_than_pm10
3410003,"Police Line, Sri Vijaya Puram - ANPCC",11.654054,92.734055,2025-11-23 23:30:00+00:00,8.05,0.0,19.0,11.6,0.54,3.09,pm25_greater_than_pm10
3410003,"Police Line, Sri Vijaya Puram - ANPCC",11.654054,92.734055,2025-11-24 00:30:00+00:00,8.05,0.0,18.8,10.7,0.533,3.35,pm25_greater_than_pm10
3410003,"Police Line, Sri Vijaya Puram - ANPCC",11.654054,92.734055,2025-11-24 06:30:00+00:00,8.05,0.0,0.0,0.16,0.26,34.1,pm25_greater_than_pm10
3410003,"Police Line, Sri Vijaya Puram - ANPCC",11.654054,92.734055,2025-11-24 07:30:00+00:00,8.05,0.0,0.0,0.0,0.197,16.8,pm25_greater_than_pm10
3410003,"Police Line, Sri Vijaya Puram - ANPCC",11.654054,92.734055,2025-11-24 08:30:00+00:00,8.05,0.0,0.0,0.0,0.19,3.79,pm25_greater_than_pm10
3410003,"Police Line, Sri Vijaya Puram - ANPCC",11.654054,92.734055,2025-11-24 09:30:00+00:00,8.05,0.0,0.0,0.0,0.19,4.6,pm25_greater_than_pm10
3410003,"Police Line, Sri Vijaya Puram - ANPCC",11.654054,92.734055,2025-11-24 10:30:00+00:00,8.05,0.0,0.0,0.0,0.193,2.29,pm25_greater_than_pm10
3410003,"Police Line, Sri Vijaya Puram - ANPCC",11.654054,92.734055,2025-11-24 11:30:00+00:00,8.05,0.0,0.0,0.0,0.19,6.35,pm25_greater_than_pm10
3410003,"Police Line, Sri Vijaya Puram - ANPCC",11.654054,92.734055,2025-11-24 13:30:00+00:00,8.05,0.0,22.8,0.0,0.19,4.3,pm25_greater_than_pm10
3410003,"Police Line, Sri Vijaya Puram - ANPCC",11.654054,92.734055,2025-11-25 02:30:00+00:00,8.05,0.0,21.9,0.0,0.19,1.0,pm25_greater_than_pm10
3410003,"Police Line, Sri Vijaya Puram - ANPCC",11.654054,92.734055,2025-11-25 03:30:00+00:00,8.05,0.0,24.5,0.0,0.19,7.29,pm25_greater_than_pm10
3410003,"Police Line, Sri Vijaya Puram - ANPCC",11.654054,92.734055,2025-11-25 04:30:00+00:00,8.05,0.0,21.2,0.0,0.19,10.2,pm25_greater_than_pm10
3410003,"Police Line, Sri Vijaya Puram - ANPCC",11.654054,92.734055,2025-11-25 05:30:00+00:00,8.05,0.0,22.5,0.0,0.255,6.42,pm25_greater_than_pm10
3410003,"Police Line, Sri Vijaya Puram - ANPCC",11.654054,92.734055,2025-11-25 08:30:00+00:00,8.05,0.0,21.3,0.0,0.19,3.74,pm25_greater_than_pm10
3410003,"Police Line, Sri Vijaya Puram - ANPCC",11.654054,92.734055,2025-11-25 09:30:00+00:00,8.05,0.0,20.9,0.0,0.19,3.42,pm25_greater_than_pm10
3410003,"Police Line, Sri Vijaya Puram - ANPCC",11.654054,92.734055,2025-11-25 10:30:00+00:00,8.05,0.0,17.9,0.0,0.19,3.11,pm25_greater_than_pm10
3410003,"Police Line, Sri Vijaya Puram - ANPCC",11.654054,92.734055,2025-11-25 11:30:00+00:00,8.05,0.0,23.3,0.0,0.19,7.42,pm25_greater_than_pm10
3410003,"Police Line, Sri Vijaya Puram - ANPCC",11.654054,92.734055,2025-11-25 12:30:00+00:00,8.05,0.0,19.8,0.0,0.19,12.1,pm25_greater_than_pm10
3410003,"Police Line, Sri Vijaya Puram - ANPCC",11.654054,92.734055,2025-11-25 13:30:00+00:00,8.05,0.0,20.9,0.0,0.19,7.87,pm25_greater_than_pm10
3410003,"Police Line, Sri Vijaya Puram - ANPCC",11.654054,92.734055,2025-11-26 03:30:00+00:00,8.05,0.0,18.3,0.473,0.24,7.43,pm25_greater_than_pm10
3410003,"Police Line, Sri Vijaya Puram - ANPCC",11.654054,92.734055,2025-11-26 04:30:00+00:00,8.05,0.0,19.0,4.64,0.263,4.5,pm25_greater_than_pm10
3410003,"Police Line, Sri Vijaya Puram - ANPCC",11.654054,92.734055,2025-11-26 05:30:00+00:00,8.05,0.0,20.1,2.16,0.26,4.54,pm25_greater_than_pm10
3410003,"Police Line, Sri Vijaya Puram - ANPCC",11.654054,92.734055,2025-11-26 06:30:00+00:00,8.05,0.0,21.7,3.84,0.415,4.37,pm25_greater_than_pm10
3410003,"Police Line, Sri Vijaya Puram - ANPCC",11.654054,92.734055,2025-11-26 07:30:00+00:00,8.05,0.0,21.2,4.65,0.383,3.86,pm25_greater_than_pm10
3410003,"Police Line, Sri Vijaya Puram - ANPCC",11.654054,92.734055,2025-11-26 09:30:00+00:00,8.05,0.0,20.0,8.74,0.428,2.91,pm25_greater_than_pm10
3410003,"Police Line, Sri Vijaya Puram - ANPCC",11.654054,92.734055,2025-11-26 10:30:00+00:00,8.05,0.0,20.4,3.98,0.475,3.33,pm25_greater_than_pm10
3410003,"Police Line, Sri Vijaya Puram - ANPCC",11.654054,92.734055,2025-11-26 11:30:00+00:00,8.05,0.0,21.0,8.4,0.575,1.37,pm25_greater_than_pm10
3410003,"Police Line, Sri Vijaya Puram - ANPCC",11.654054,92.734055,2025-11-26 13:30:00+00:00,8.05,0.0,23.5,0.02,0.54,3.7,pm25_greater_than_pm10
3410003,"Police Line, Sri Vijaya Puram - ANPCC",11.654054,92.734055,2025-11-26 22:30:00+00:00,8.05,0.0,16.3,6.44,0.373,4.72,pm25_greater_than_pm10
3410003,"Police Line, Sri Vijaya Puram - ANPCC",11.654054,92.734055,2025-11-26 23:30:00+00:00,8.05,0.0,18.1,1.92,0.465,5.46,pm25_greater_than_pm10
3410003,"Police Line, Sri Vijaya Puram - ANPCC",11.654054,92.734055,2025-11-27 00:30:00+00:00,8.05,0.0,19.2,5.67,0.547,3.89,pm25_greater_than_pm10
3410003,"Police Line, Sri Vijaya Puram - ANPCC",11.654054,92.734055,2025-11-28 03:30:00+00:00,8.05,0.0,17.9,10.5,0.49,20.6,pm25_greater_than_pm10
3410003,"Police Line, Sri Vijaya Puram - ANPCC",11.654054,92.734055,2025-11-28 04:30:00+00:00,8.05,0.0,15.2,6.6,0.515,22.8,pm25_greater_than_pm10
3410003,"Police Line, Sri Vijaya Puram - ANPCC",11.654054,92.734055,2025-11-28 05:30:00+00:00,8.05,0.0,17.4,2.26,0.503,13.2,pm25_greater_than_pm10
3410003,"Police Line, Sri Vijaya Puram - ANPCC",11.654054,92.734055,2025-11-28 06:30:00+00:00,8.05,0.0,18.6,0.0,0.443,14.6,pm25_greater_than_pm10
3410003,"Police Line, Sri Vijaya Puram - ANPCC",11.654054,92.734055,2025-11-28 07:30:00+00:00,8.05,0.0,20.3,0.0,0.46,12.5,pm25_greater_than_pm10
3410003,"Police Line, Sri Vijaya Puram - ANPCC",11.654054,92.734055,2025-11-28 08:30:00+00:00,8.05,0.0,22.0,0.0,0.42,8.62,pm25_greater_than_pm10
3410003,"Police Line, Sri Vijaya Puram - ANPCC",11.654054,92.734055,2025-11-28 09:30:00+00:00,8.05,0.0,22.4,0.0,0.473,5.33,pm25_greater_than_pm10
3410003,"Police Line, Sri Vijaya Puram - ANPCC",11.654054,92.734055,2025-11-28 10:30:00+00:00,8.05,0.0,22.8,0.0,0.517,6.81,pm25_greater_than_pm10
3410003,"Police Line, Sri Vijaya Puram - ANPCC",11.654054,92.734055,2025-11-28 11:30:00+00:00,8.05,0.0,27.7,0.0,0.563,3.79,pm25_greater_than_pm10
3410003,"Police Line, Sri Vijaya Puram - ANPCC",11.654054,92.734055,2025-11-28 12:30:00+00:00,8.05,0.0,24.6,0.0,0.577,3.77,pm25_greater_than_pm10
3410003,"Police Line, Sri Vijaya Puram - ANPCC",11.654054,92.734055,2025-11-28 14:30:00+00:00,8.05,0.0,21.3,0.0,0.94,1.44,pm25_greater_than_pm10
3410003,"Police Line, Sri Vijaya Puram - ANPCC",11.654054,92.734055,2025-11-28 22:30:00+00:00,8.05,0.0,12.7,0.357,0.59,3.18,pm25_greater_than_pm10
3410003,"Police Line, Sri Vijaya Puram - ANPCC",11.654054,92.734055,2025-11-28 23:30:00+00:00,8.05,0.0,11.9,4.61,0.563,1.82,pm25_greater_than_pm10
3410003,"Police Line, Sri Vijaya Puram - ANPCC",11.654054,92.734055,2025-11-29 00:30:00+00:00,8.05,0.0,15.9,1.0,0.495,3.45,pm25_greater_than_pm10
3410003,"Police Line, Sri Vijaya Puram - ANPCC",11.654054,92.734055,2025-11-29 01:30:00+00:00,8.05,0.0,22.6,9.71,0.515,2.64,pm25_greater_than_pm10
3410003,"Police Line, Sri Vijaya Puram - ANPCC",11.654054,92.734055,2025-11-29 02:30:00+00:00,8.05,0.0,17.6,7.69,0.44,4.91,pm25_greater_than_pm10
3410003,"Police Line, Sri Vijaya Puram - ANPCC",11.654054,92.734055,2025-11-29 03:30:00+00:00,8.05,0.0,6.76,15.6,0.468,7.63,pm25_greater_than_pm10
3410003,"Police Line, Sri Vijaya Puram - ANPCC",11.654054,92.734055,2025-11-29 04:30:00+00:00,8.05,0.0,6.5,18.9,0.388,7.6,pm25_greater_than_pm10
3410003,"Police Line, Sri Vijaya Puram - ANPCC",11.654054,92.734055,2025-11-29 05:30:00+00:00,8.05,0.0,10.4,19.1,0.383,8.07,pm25_greater_than_pm10
3410003,"Police Line, Sri Vijaya Puram - ANPCC",11.654054,92.734055,2025-11-29 06:30:00+00:00,8.05,0.0,22.2,27.1,0.31,8.29,pm25_greater_than_pm10
3410003,"Police Line, Sri Vijaya Puram - ANPCC",11.654054,92.734055,2025-12-01 03:30:00+00:00,8.05,0.0,6.5,90.4,0.19,7.93,pm25_greater_than_pm10
3410003,"Police Line, Sri Vijaya Puram - ANPCC",11.654054,92.734055,2025-12-01 05:30:00+00:00,8.05,0.0,16.2,115.0,0.295,6.33,pm25_greater_than_pm10
3410003,"Police Line, Sri Vijaya Puram - ANPCC",11.654054,92.734055,2025-12-01 06:30:00+00:00,8.05,0.0,23.9,112.0,0.473,8.16,pm25_greater_than_pm10
3410003,"Police Line, Sri Vijaya Puram - ANPCC",11.654054,92.734055,2025-12-01 07:30:00+00:00,8.05,0.0,20.2,122.0,0.407,8.8,pm25_greater_than_pm10
3410003,"Police Line, Sri Vijaya Puram - ANPCC",11.654054,92.734055,2025-12-01 08:30:00+00:00,8.05,0.0,21.0,118.0,0.423,6.73,pm25_greater_than_pm10
3410003,"Police Line, Sri Vijaya Puram - ANPCC",11.654054,92.734055,2025-12-01 09:30:00+00:00,8.05,0.0,19.4,126.0,0.423,5.36,pm25_greater_than_pm10
3410003,"Police Line, Sri Vijaya Puram - ANPCC",11.654054,92.734055,2025-12-01 10:30:00+00:00,8.05,0.0,22.9,124.0,0.393,4.81,pm25_greater_than_pm10
3410003,"Police Line, Sri Vijaya Puram - ANPCC",11.654054,92.734055,2025-12-01 15:30:00+00:00,8.05,0.0,22.1,112.0,0.497,2.41,pm25_greater_than_pm10
3410003,"Police Line, Sri Vijaya Puram - ANPCC",11.654054,92.734055,2025-12-01 16:30:00+00:00,8.05,0.0,21.3,110.0,0.625,2.29,pm25_greater_than_pm10
3410003,"Police Line, Sri Vijaya Puram - ANPCC",11.654054,92.734055,2025-12-01 17:30:00+00:00,8.05,0.0,19.0,97.8,0.61,2.75,pm25_greater_than_pm10
3410003,"Police Line, Sri Vijaya Puram - ANPCC",11.654054,92.734055,2025-12-01 18:30:00+00:00,8.05,0.0,16.2,4.82,0.42,2.67,pm25_greater_than_pm10
3410003,"Police Line, Sri Vijaya Puram - ANPCC",11.654054,92.734055,2025-12-01 19:30:00+00:00,8.05,0.0,15.9,0.185,0.405,2.58,pm25_greater_than_pm10
3410003,"Police Line, Sri Vijaya Puram - ANPCC",11.654054,92.734055,2025-12-01 20:30:00+00:00,8.05,0.0,14.4,0.873,0.388,2.26,pm25_greater_than_pm10
3410003,"Police Line, Sri Vijaya Puram - ANPCC",11.654054,92.734055,2025-12-01 21:30:00+00:00,8.05,0.0,13.2,0.0,0.37,2.43,pm25_greater_than_pm10
3410003,"Police Line, Sri Vijaya Puram - ANPCC",11.654054,92.734055,2025-12-01 22:30:00+00:00,8.05,0.0,12.1,0.0,0.418,2.2,pm25_greater_than_pm10
3410003,"Police Line, Sri Vijaya Puram - ANPCC",11.654054,92.734055,2025-12-01 23:30:00+00:00,8.05,0.0,11.4,0.0,0.493,2.49,pm25_greater_than_pm10
3410003,"Police Line, Sri Vijaya Puram - ANPCC",11.654054,92.734055,2025-12-02 00:30:00+00:00,8.05,0.0,12.6,0.0,0.623,3.21,pm25_greater_than_pm10
3410003,"Police Line, Sri Vijaya Puram - ANPCC",11.654054,92.734055,2025-12-06 06:30:00+00:00,8.05,0.0,11.3,0.0,0.0,144.0,pm25_greater_than_pm10
3410003,"Police Line, Sri Vijaya Puram - ANPCC",11.654054,92.734055,2025-12-06 07:30:00+00:00,8.05,0.0,17.1,0.0,0.0,125.0,pm25_greater_than_pm10
3410003,"Police Line, Sri Vijaya Puram - ANPCC",11.654054,92.734055,2025-12-06 08:30:00+00:00,8.05,0.0,18.9,0.0,0.0,8.65,pm25_greater_than_pm10
3410003,"Police Line, Sri Vijaya Puram - ANPCC",11.654054,92.734055,2025-12-06 09:30:00+00:00,8.05,0.0,16.4,0.0,0.0,6.89,pm25_greater_than_pm10
3410003,"Police Line, Sri Vijaya Puram - ANPCC",11.654054,92.734055,2025-12-06 10:30:00+00:00,8.05,0.0,13.5,0.0,0.0,12.0,pm25_greater_than_pm10
3410003,"Police Line, Sri Vijaya Puram - ANPCC",11.654054,92.734055,2025-12-06 11:30:00+00:00,8.05,0.0,12.9,0.0,0.0,6.06,pm25_greater_than_pm10
3410003,"Police Line, Sri Vijaya Puram - ANPCC",11.654054,92.734055,2025-12-06 12:30:00+00:00,8.05,0.0,15.3,0.0,0.0,12.0,pm25_greater_than_pm10
3410003,"Police Line, Sri Vijaya Puram - ANPCC",11.654054,92.734055,2025-12-06 13:30:00+00:00,8.05,0.0,11.2,0.0,0.0,9.91,pm25_greater_than_pm10
3410003,"Police Line, Sri Vijaya Puram - ANPCC",11.654054,92.734055,2025-12-06 14:30:00+00:00,8.05,0.0,15.4,0.0,0.0,5.55,pm25_greater_than_pm10
3410003,"Police Line, Sri Vijaya Puram - ANPCC",11.654054,92.734055,2025-12-06 15:30:00+00:00,8.05,0.0,18.3,0.0,0.0,6.96,pm25_greater_than_pm10
3410003,"Police Line, Sri Vijaya Puram - ANPCC",11.654054,92.734055,2025-12-06 16:30:00+00:00,8.05,0.0,18.6,0.0,0.0,5.85,pm25_greater_than_pm10
3410003,"Police Line, Sri Vijaya Puram - ANPCC",11.654054,92.734055,2025-12-06 17:30:00+00:00,8.05,0.0,19.6,0.0,0.0,7.04,pm25_greater_than_pm10
3410003,"Police Line, Sri Vijaya Puram - ANPCC",11.654054,92.734055,2025-12-06 18:30:00+00:00,8.05,0.0,19.1,11.5,0.0,5.56,pm25_greater_than_pm10
3410003,"Police Line, Sri Vijaya Puram - ANPCC",11.654054,92.734055,2025-12-06 19:30:00+00:00,8.05,0.0,20.0,5.09,0.0,4.78,pm25_greater_than_pm10
3410003,"Police Line, Sri Vijaya Puram - ANPCC",11.654054,92.734055,2025-12-06 20:30:00+00:00,8.05,0.0,19.9,7.95,0.0,3.57,pm25_greater_than_pm10
3410003,"Police Line, Sri Vijaya Puram - ANPCC",11.654054,92.734055,2025-12-06 21:30:00+00:00,8.05,0.0,19.7,5.81,0.0,3.59,pm25_greater_than_pm10
3410003,"Police Line, Sri Vijaya Puram - ANPCC",11.654054,92.734055,2025-12-06 22:30:00+00:00,8.05,0.0,20.0,5.82,0.0,2.99,pm25_greater_than_pm10
3410003,"Police Line, Sri Vijaya Puram - ANPCC",11.654054,92.734055,2025-12-06 23:30:00+00:00,8.05,0.0,20.1,6.76,0.0,3.43,pm25_greater_than_pm10
3410003,"Police Line, Sri Vijaya Puram - ANPCC",11.654054,92.734055,2025-12-07 00:30:00+00:00,8.05,0.0,20.5,2.53,0.0,3.82,pm25_greater_than_pm10
3410003,"Police Line, Sri Vijaya Puram - ANPCC",11.654054,92.734055,2025-12-07 01:30:00+00:00,8.05,0.0,20.8,9.2,0.0,3.44,pm25_greater_than_pm10
3410003,"Police Line, Sri Vijaya Puram - ANPCC",11.654054,92.734055,2025-12-07 02:30:00+00:00,8.05,0.0,21.3,4.14,0.0,4.99,pm25_greater_than_pm10
3410003,"Police Line, Sri Vijaya Puram - ANPCC",11.654054,92.734055,2025-12-07 03:30:00+00:00,8.05,0.0,19.3,9.33,0.0,4.08,pm25_greater_than_pm10
3410003,"Police Line, Sri Vijaya Puram - ANPCC",11.654054,92.734055,2025-12-07 04:30:00+00:00,8.05,0.0,21.9,8.27,0.0,4.85,pm25_greater_than_pm10
3410003,"Police Line, Sri Vijaya Puram - ANPCC",11.654054,92.734055,2025-12-07 05:30:00+00:00,8.05,0.0,22.4,11.1,0.0,4.12,pm25_greater_than_pm10
3410003,"Police Line, Sri Vijaya Puram - ANPCC",11.654054,92.734055,2025-12-07 06:30:00+00:00,8.05,0.0,22.5,15.5,0.0,4.56,pm25_greater_than_pm10
3410003,"Police Line, Sri Vijaya Puram - ANPCC",11.654054,92.734055,2025-12-08 04:30:00+00:00,8.05,0.0,6.68,22.4,0.35,6.52,pm25_greater_than_pm10
3410003,"Police Line, Sri Vijaya Puram - ANPCC",11.654054,92.734055,2025-12-08 05:30:00+00:00,8.05,0.0,15.5,24.7,0.363,14.9,pm25_greater_than_pm10
3410003,"Police Line, Sri Vijaya Puram - ANPCC",11.654054,92.734055,2025-12-08 06:30:00+00:00,8.05,0.0,32.5,33.0,0.698,15.5,pm25_greater_than_pm10
3410003,"Police Line, Sri Vijaya Puram - ANPCC",11.654054,92.734055,2025-12-08 07:30:00+00:00,8.05,0.0,29.3,29.5,0.533,15.1,pm25_greater_than_pm10
3410003,"Police Line, Sri Vijaya Puram - ANPCC",11.654054,92.734055,2025-12-08 08:30:00+00:00,8.05,0.0,22.8,31.2,0.543,15.2,pm25_greater_than_pm10
3410003,"Police Line, Sri Vijaya Puram - ANPCC",11.654054,92.734055,2025-12-08 09:30:00+00:00,8.05,0.0,25.1,36.3,0.483,15.3,pm25_greater_than_pm10
3410003,"Police Line, Sri Vijaya Puram - ANPCC",11.654054,92.734055,2025-12-08 10:30:00+00:00,8.05,0.0,26.5,31.5,0.47,15.0,pm25_greater_than_pm10
3410003,"Police Line, Sri Vijaya Puram - ANPCC",11.654054,92.734055,2025-12-08 11:30:00+00:00,8.05,0.0,23.9,37.1,0.437,15.3,pm25_greater_than_pm10
3410003,"Police Line, Sri Vijaya Puram - ANPCC",11.654054,92.734055,2025-12-08 12:30:00+00:00,8.05,0.0,24.4,30.4,0.43,15.2,pm25_greater_than_pm10
3410003,"Police Line, Sri Vijaya Puram - ANPCC",11.654054,92.734055,2025-12-08 13:30:00+00:00,8.05,0.0,24.7,34.9,0.42,15.3,pm25_greater_than_pm10
3410003,"Police Line, Sri Vijaya Puram - ANPCC",11.654054,92.734055,2025-12-08 14:30:00+00:00,8.05,0.0,24.3,29.4,0.39,15.2,pm25_greater_than_pm10
3410003,"Police Line, Sri Vijaya Puram - ANPCC",11.654054,92.734055,2025-12-08 15:30:00+00:00,8.05,0.0,22.8,30.2,0.41,15.0,pm25_greater_than_pm10
3410003,"Police Line, Sri Vijaya Puram - ANPCC",11.654054,92.734055,2025-12-08 16:30:00+00:00,8.05,0.0,10.2,29.1,0.378,15.2,pm25_greater_than_pm10
3410003,"Police Line, Sri Vijaya Puram - ANPCC",11.654054,92.734055,2025-12-08 17:30:00+00:00,8.05,0.0,6.5,30.3,0.4,15.0,pm25_greater_than_pm10
3410003,"Police Line, Sri Vijaya Puram - ANPCC",11.654054,92.734055,2025-12-08 18:30:00+00:00,8.05,0.0,19.3,0.0,0.355,15.3,pm25_greater_than_pm10
3410003,"Police Line, Sri Vijaya Puram - ANPCC",11.654054,92.734055,2025-12-08 19:30:00+00:00,8.05,0.0,19.7,0.08,0.37,15.0,pm25_greater_than_pm10
3410003,"Police Line, Sri Vijaya Puram - ANPCC",11.654054,92.734055,2025-12-08 20:30:00+00:00,8.05,0.0,16.7,0.32,0.35,15.3,pm25_greater_than_pm10
3410003,"Police Line, Sri Vijaya Puram - ANPCC",11.654054,92.734055,2025-12-08 21:30:00+00:00,8.05,0.0,17.7,0.0,0.375,14.9,pm25_greater_than_pm10
3410003,"Police Line, Sri Vijaya Puram - ANPCC",11.654054,92.734055,2025-12-08 22:30:00+00:00,8.05,0.0,18.9,1.8,0.438,15.4,pm25_greater_than_pm10
3410003,"Police Line, Sri Vijaya Puram - ANPCC",11.654054,92.734055,2025-12-08 23:30:00+00:00,8.05,0.0,19.6,0.0,0.443,15.0,pm25_greater_than_pm10
3410003,"Police Line, Sri Vijaya Puram - ANPCC",11.654054,92.734055,2025-12-09 00:30:00+00:00,8.05,0.0,17.7,1.31,0.503,15.2,pm25_greater_than_pm10
3410003,"Police Line, Sri Vijaya Puram - ANPCC",11.654054,92.734055,2025-12-09 01:30:00+00:00,8.05,0.0,15.6,0.213,0.525,15.1,pm25_greater_than_pm10
3410003,"Police Line, Sri Vijaya Puram - ANPCC",11.654054,92.734055,2025-12-09 02:30:00+00:00,8.05,0.0,14.8,1.72,0.515,15.0,pm25_greater_than_pm10
3410003,"Police Line, Sri Vijaya Puram - ANPCC",11.654054,92.734055,2025-12-09 03:30:00+00:00,8.05,0.0,15.9,3.19,0.46,15.3,pm25_greater_than_pm10
3410003,"Police Line, Sri Vijaya Puram - ANPCC",11.654054,92.734055,2025-12-09 04:30:00+00:00,8.05,0.0,14.2,0.02,0.528,155.0,pm25_greater_than_pm10
3410003,"Police Line, Sri Vijaya Puram - ANPCC",11.654054,92.734055,2025-12-09 05:30:00+00:00,0.38,0.0,17.0,1.27,0.425,192.0,pm25_greater_than_pm10
3410003,"Police Line, Sri Vijaya Puram - ANPCC",11.654054,92.734055,2025-12-12 10:30:00+00:00,21.0,14.3,11.8,22.3,0.33,1.14,pm25_greater_than_pm10
3410003,"Police Line, Sri Vijaya Puram - ANPCC",11.654054,92.734055,2025-12-12 17:30:00+00:00,17.3,0.0,9.26,19.3,0.307,1.21,pm25_greater_than_pm10
3410003,"Police Line, Sri Vijaya Puram - ANPCC",11.654054,92.734055,2025-12-13 06:30:00+00:00,25.4,23.9,8.88,21.5,0.358,2.63,pm25_greater_than_pm10
3410003,"Police Line, Sri Vijaya Puram - ANPCC",11.654054,92.734055,2025-12-13 07:30:00+00:00,28.8,23.9,8.55,28.2,0.345,2.97,pm25_greater_than_pm10
3410003,"Police Line, Sri Vijaya Puram - ANPCC",11.654054,92.734055,2025-12-13 08:30:00+00:00,31.5,23.9,8.06,29.1,0.34,2.61,pm25_greater_than_pm10
3410003,"Police Line, Sri Vijaya Puram - ANPCC",11.654054,92.734055,2025-12-13 09:30:00+00:00,33.1,23.9,8.3,32.1,0.328,1.58,pm25_greater_than_pm10
3410003,"Police Line, Sri Vijaya Puram - ANPCC",11.654054,92.734055,2025-12-14 11:30:00+00:00,26.6,24.2,0.0,5.44,0.23,3.06,pm25_greater_than_pm10
3410003,"Police Line, Sri Vijaya Puram - ANPCC",11.654054,92.734055,2025-12-14 12:30:00+00:00,24.4,24.0,7.82,0.0,0.19,1.11,pm25_greater_than_pm10
3410003,"Police Line, Sri Vijaya Puram - ANPCC",11.654054,92.734055,2025-12-17 11:30:00+00:00,31.2,30.7,11.8,0.0,0.427,1.31,pm25_greater_than_pm10
3410003,"Police Line, Sri Vijaya Puram - ANPCC",11.654054,92.734055,2025-12-17 12:30:00+00:00,30.0,24.2,9.54,0.0,0.378,1.0,pm25_greater_than_pm10
3410003,"Police Line, Sri Vijaya Puram - ANPCC",11.654054,92.734055,2025-12-17 13:30:00+00:00,26.1,23.9,9.36,0.0,0.365,1.0,pm25_greater_than_pm10
3410003,"Police Line, Sri Vijaya Puram - ANPCC",11.654054,92.734055,2025-12-17 14:30:00+00:00,25.2,23.9,9.05,0.0,0.35,1.02,pm25_greater_than_pm10
3410003,"Police Line, Sri Vijaya Puram - ANPCC",11.654054,92.734055,2025-12-17 22:30:00+00:00,25.6,24.6,6.99,31.3,0.328,1.0,pm25_greater_than_pm10
3410003,"Police Line, Sri Vijaya Puram - ANPCC",11.654054,92.734055,2025-12-18 07:30:00+00:00,30.9,27.7,8.9,40.1,0.38,1.04,pm25_greater_than_pm10
3410003,"Police Line, Sri Vijaya Puram - ANPCC",11.654054,92.734055,2025-12-18 09:30:00+00:00,30.4,24.7,0.0,37.9,0.44,1.57,pm25_greater_than_pm10
3410003,"Police Line, Sri Vijaya Puram - ANPCC",11.654054,92.734055,2025-12-18 10:30:00+00:00,29.8,24.3,0.0,32.7,0.388,1.12,pm25_greater_than_pm10
3410003,"Police Line, Sri Vijaya Puram - ANPCC",11.654054,92.734055,2025-12-18 11:30:00+00:00,28.5,24.1,1.83,33.0,0.39,1.0,pm25_greater_than_pm10
3410003,"Police Line, Sri Vijaya Puram - ANPCC",11.654054,92.734055,2025-12-18 12:30:00+00:00,27.0,24.0,7.82,26.5,0.343,1.45,pm25_greater_than_pm10
3410003,"Police Line, Sri Vijaya Puram - ANPCC",11.654054,92.734055,2025-12-18 13:30:00+00:00,24.9,23.9,7.82,25.3,0.348,1.04,pm25_greater_than_pm10
3410003,"Police Line, Sri Vijaya Puram - ANPCC",11.654054,92.734055,2025-12-18 14:30:00+00:00,25.0,23.9,7.82,30.9,0.35,1.0,pm25_greater_than_pm10
3410003,"Police Line, Sri Vijaya Puram - ANPCC",11.654054,92.734055,2026-02-20 05:30:00+00:00,25.0,24.6,12.7,17.4,0.375,19.0,pm25_greater_than_pm10
3410003,"Police Line, Sri Vijaya Puram - ANPCC",11.654054,92.734055,2026-03-16 09:30:00+00:00,28.6,23.9,0.0,19.8,0.49,15.2,pm25_greater_than_pm10
3410003,"Police Line, Sri Vijaya Puram - ANPCC",11.654054,92.734055,2026-03-16 10:30:00+00:00,27.5,23.9,0.0,19.9,0.488,15.4,pm25_greater_than_pm10
3410003,"Police Line, Sri Vijaya Puram - ANPCC",11.654054,92.734055,2026-04-02 06:30:00+00:00,27.3,27.0,7.82,17.3,0.31,11.5,pm25_greater_than_pm10
3410003,"Police Line, Sri Vijaya Puram - ANPCC",11.654054,92.734055,2026-04-02 09:30:00+00:00,24.8,24.2,0.0,18.0,0.237,12.4,pm25_greater_than_pm10
3410003,"Police Line, Sri Vijaya Puram - ANPCC",11.654054,92.734055,2026-04-02 10:30:00+00:00,24.7,24.0,0.0,18.4,0.238,12.5,pm25_greater_than_pm10
3410003,"Police Line, Sri Vijaya Puram - ANPCC",11.654054,92.734055,2026-04-06 04:30:00+00:00,26.9,0.0,8.57,15.8,0.33,12.3,pm25_greater_than_pm10
6266793,"Ashta Vinayak Nagar, Hingoli - MPCB",19.710842,77.151824,2026-04-01 07:30:00+00:00,17.0,16.0,9.4,1.4,0.27,156.0,pm25_greater_than_pm10
6266793,"Ashta Vinayak Nagar, Hingoli - MPCB",19.710842,77.151824,2026-04-02 08:30:00+00:00,21.3,18.3,7.95,0.625,0.275,143.0,pm25_greater_than_pm10
6266793,"Ashta Vinayak Nagar, Hingoli - MPCB",19.710842,77.151824,2026-04-04 07:30:00+00:00,16.3,12.5,9.13,0.233,0.313,137.0,pm25_greater_than_pm10
6266793,"Ashta Vinayak Nagar, Hingoli - MPCB",19.710842,77.151824,2026-04-04 08:30:00+00:00,19.3,13.3,8.95,0.3,0.32,146.0,pm25_greater_than_pm10
6266793,"Ashta Vinayak Nagar, Hingoli - MPCB",19.710842,77.151824,2026-06-02 00:30:00+00:00,24.5,21.0,11.6,1.25,0.303,36.3,pm25_greater_than_pm10
6266793,"Ashta Vinayak Nagar, Hingoli - MPCB",19.710842,77.151824,2026-06-22 18:30:00+00:00,9.0,7.5,3.5,0.95,0.185,43.8,pm25_greater_than_pm10
6266793,"Ashta Vinayak Nagar, Hingoli - MPCB",19.710842,77.151824,2026-06-23 02:30:00+00:00,9.5,8.25,5.63,1.53,0.293,42.2,pm25_greater_than_pm10
6266793,"Ashta Vinayak Nagar, Hingoli - MPCB",19.710842,77.151824,2026-06-23 10:30:00+00:00,14.0,7.0,7.2,1.4,0.27,37.4,pm25_greater_than_pm10
6266793,"Ashta Vinayak Nagar, Hingoli - MPCB",19.710842,77.151824,2026-06-25 17:30:00+00:00,21.0,16.0,5.97,0.4,0.23,28.8,pm25_greater_than_pm10
6266793,"Ashta Vinayak Nagar, Hingoli - MPCB",19.710842,77.151824,2026-06-25 18:30:00+00:00,18.0,16.0,3.75,0.6,0.28,30.9,pm25_greater_than_pm10
6266793,"Ashta Vinayak Nagar, Hingoli - MPCB",19.710842,77.151824,2026-06-25 19:30:00+00:00,22.0,11.3,3.55,0.6,0.223,28.7,pm25_greater_than_pm10
6266793,"Ashta Vinayak Nagar, Hingoli - MPCB",19.710842,77.151824,2026-06-25 20:30:00+00:00,10.0,7.0,3.73,0.8,0.178,27.2,pm25_greater_than_pm10
