fire_event_id,event_latitude,event_longitude,event_timestamp,detection_count,max_frp,satellite_strength_score,worldcover_tile,dominant_landcover_code,dominant_landcover,dominant_landcover_fraction,cropland_fraction,forest_fraction,shrubland_fraction,grassland_fraction,builtup_fraction,bare_sparse_fraction,water_fraction,wetland_fraction,mangrove_fraction,moss_lichen_fraction,valid_pixel_count,sample_coverage_fraction,landcover_context,agricultural_context,classification_status,classification_error
SATF-0010,27.769,96.0,2026-09-13 06:52:00+00:00,1,7.85,0.799,N27E096,10,Tree Cover,0.8881052230270683,0.10099123141441098,0.8881052230270683,0.0001524971406786123,0.010751048417842166,0.0,0.0,0.0,0.0,0.0,0.0,26230,0.5020576131687243,NATURAL_VEGETATION_DOMINANT,False,SUCCESS,
SATF-0012,27.74,96.299,2026-09-13 06:52:00+00:00,1,5.09,0.688,N27E096,10,Tree Cover,0.973069193224232,0.00304335343095033,0.973069193224232,0.0,0.01031677672504546,0.008307015025361278,0.005263661594410949,0.0,0.0,0.0,0.0,52245,1.0,NATURAL_VEGETATION_DOMINANT,False,SUCCESS,
SATF-0013,28.257,95.644,2026-09-13 06:52:00+00:00,1,4.77,0.674,N27E093,10,Tree Cover,0.9823825344091125,0.009454200284765069,0.9823825344091125,0.0,0.007745609871855719,9.492168960607498e-05,0.000322733744660655,0.0,0.0,0.0,0.0,52675,1.0,NATURAL_VEGETATION_DOMINANT,False,SUCCESS,
SATF-0021,9.795,78.816,2026-09-13 07:44:00+00:00,5,25.56,0.877,N09E078,40,Cropland,0.6463204842306467,0.6463204842306467,0.07707337793352448,0.1073377933524477,0.1526600828289264,0.007327174259318254,0.00414144632048423,0.0022724859297016033,0.002867155144950621,0.0,0.0,47085,1.0,CROPLAND_DOMINANT,True,SUCCESS,
SATF-0051,8.925,77.476,2026-09-13 07:44:00+00:00,1,7.44,0.788,N06E075,40,Cropland,0.7285547414250823,0.7285547414250823,0.08410321758521823,0.005861739407454603,0.15924392056918338,4.247637251778698e-05,4.247637251778698e-05,0.02215142826802591,0.0,0.0,0.0,47085,1.0,CROPLAND_DOMINANT,True,SUCCESS,
SATF-0060,9.717,78.949,2026-09-13 07:44:00+00:00,3,5.89,0.728,N09E078,40,Cropland,0.5623871721354996,0.5623871721354996,0.2720611659764256,0.11853031751088457,0.013337580970585112,0.02289476478708718,0.0018477222045237337,0.0027184878411383668,0.006222788573855793,0.0,0.0,47085,1.0,CROPLAND_DOMINANT,True,SUCCESS,
SATF-0065,9.48,78.562,2026-09-13 07:44:00+00:00,1,5.34,0.7,N09E078,10,Tree Cover,0.3961134119146225,0.20367420622278856,0.3961134119146225,0.22455134331528087,0.14639481788255282,0.015482637782733354,0.013783582882021875,0.0,0.0,0.0,0.0,47085,1.0,NATURAL_VEGETATION_DOMINANT,False,SUCCESS,
SATF-0071,9.04,78.016,2026-09-13 07:44:00+00:00,1,4.04,0.625,N09E078,40,Cropland,0.4999681427206117,0.4999681427206117,0.11538706594456834,0.32700435382818305,0.04067112668578103,0.005649357544865669,0.004799830094509929,0.001953913135818201,0.0045662100456621,0.0,0.0,47085,1.0,CROPLAND_PRESENT,True,SUCCESS,
SATF-0076,9.272,77.961,2026-09-13 07:44:00+00:00,1,3.3,0.566,N09E075,20,Shrubland,0.7798024848677922,0.18540936604014016,0.0017840076457470533,0.7798024848677922,0.03300414144632048,0.0,0.0,0.0,0.0,0.0,0.0,47085,1.0,NATURAL_VEGETATION_DOMINANT,False,SUCCESS,
SATF-0080,9.261,78.089,2026-09-13 07:44:00+00:00,1,2.49,0.485,N09E078,40,Cropland,0.6662631411277476,0.6662631411277476,0.17614951683126262,0.1470744398428374,0.008495274503557396,0.0016778167144525858,0.00033981098014229584,0.0,0.0,0.0,0.0,47085,1.0,CROPLAND_DOMINANT,True,SUCCESS,
SATF-0084,20.792,85.253,2026-09-13 07:46:00+00:00,1,8.65,0.813,N18E084,50,Built-up,0.5616228732507802,0.05623678646934461,0.2962247055270311,0.0,0.06270009060706735,0.5616228732507802,0.012181616832779624,0.01103392731299708,0.0,0.0,0.0,49665,1.0,BUILT_UP_DOMINANT,False,SUCCESS,
SATF-0085,20.865,84.99,2026-09-13 07:46:00+00:00,3,6.16,0.743,N18E084,10,Tree Cover,0.39472465518977146,0.060102688009664756,0.39472465518977146,0.0,0.1714688412362831,0.32831974227323063,0.029135205879391925,0.01624886741165811,0.0,0.0,0.0,49665,1.0,NATURAL_VEGETATION_DOMINANT,False,SUCCESS,
SATF-0086,15.339,75.844,2026-09-13 07:46:00+00:00,1,3.72,0.595,N15E075,40,Cropland,0.7539472312024195,0.7539472312024195,0.00417144644905621,0.054416518927938265,0.16781729064553133,0.0037751590363958704,0.015809782041923036,6.257169673584315e-05,0.0,0.0,0.0,47945,1.0,CROPLAND_DOMINANT,True,SUCCESS,
SATF-0089,23.75,86.418,2026-09-13 07:48:00+00:00,2,8.14,0.804,N21E084,50,Built-up,0.39821870361207323,0.015437902028698665,0.13488372093023257,0.0,0.14632360217714002,0.39821870361207323,0.258683819891143,0.046452251360712515,0.0,0.0,0.0,50525,1.0,MIXED_OR_OTHER,False,SUCCESS,
SATF-0088,21.763,84.022,2026-09-13 07:48:00+00:00,1,8.75,0.817,N21E084,50,Built-up,0.5917556642379479,0.09951092923445454,0.09162591076953788,0.0,0.02992314602255714,0.5917556642379479,0.17231260604850784,0.014871743686994711,0.0,0.0,0.0,50095,1.0,BUILT_UP_DOMINANT,False,SUCCESS,
SATF-0091,26.38,78.603,2026-09-13 07:48:00+00:00,1,2.6,0.499,N24E078,40,Cropland,0.6621055678857474,0.6621055678857474,0.14156132394094373,0.0016018527453440124,0.17873202740519153,0.00036668918266911124,0.015632538840104217,0.0,0.0,0.0,0.0,51815,1.0,CROPLAND_DOMINANT,True,SUCCESS,
SATF-0090,23.779,86.211,2026-09-13 07:48:00+00:00,1,6.57,0.76,N21E084,30,Grassland,0.36666996536368135,0.03437902028698664,0.2272340425531915,3.958436417615042e-05,0.36666996536368135,0.058050470064324594,0.2915586343394359,0.02206828302820386,0.0,0.0,0.0,50525,1.0,NATURAL_VEGETATION_DOMINANT,False,SUCCESS,
SATF-0087,21.751,83.844,2026-09-13 07:48:00+00:00,6,20.92,0.875,N21E081,60,Bare/Sparse Vegetation,0.43020261503144025,0.010100808463918554,0.2573111088931031,0.0011378381075955685,0.271983231859467,0.011118874139135643,0.43020261503144025,0.018145523505339854,0.0,0.0,0.0,50095,1.0,NATURAL_VEGETATION_DOMINANT,False,SUCCESS,
SATF-0101,31.558,74.813,2026-09-13 07:50:00+00:00,2,5.51,0.708,N30E072,40,Cropland,0.8526151300671018,0.8526151300671018,0.09614854306461991,0.001084658516407758,0.0023531574593253055,0.04566596194503171,0.0017464840518430003,0.00038606489567055794,0.0,0.0,0.0,54395,1.0,CROPLAND_DOMINANT,True,SUCCESS,
SATF-0104,30.961,76.239,2026-09-13 07:50:00+00:00,1,4.73,0.672,N30E075,40,Cropland,0.9391086815528583,0.9391086815528583,0.023570832947280646,0.0005188548133049198,0.0012230149170758826,0.03552302418234041,5.559158713981284e-05,0.0,0.0,0.0,0.0,53965,1.0,CROPLAND_DOMINANT,True,SUCCESS,
SATF-0110,31.505,74.802,2026-09-13 07:50:00+00:00,1,2.69,0.507,N30E072,40,Cropland,0.9194411251034103,0.9194411251034103,0.010386984097803106,0.004816619174556485,0.010203143671293317,0.054232925820387905,0.000735361706039158,0.0001838404265097895,0.0,0.0,0.0,54395,1.0,CROPLAND_DOMINANT,True,SUCCESS,
SATF-0137,8.586,77.995,2026-09-13 08:28:00+00:00,1,4.45,0.655,N06E075,90,Herbaceous Wetland,0.35247007018026694,0.3068941791660933,0.21329296821246732,0.06847392321453144,0.00035778175313059033,0.0,0.0008531718728498693,0.05765790560066052,0.35247007018026694,0.0,0.0,36335,0.771689497716895,CROPLAND_PRESENT,True,SUCCESS,
SATF-0138,8.56,78.077,2026-09-13 08:28:00+00:00,1,4.24,0.64,N06E078,40,Cropland,0.7320378039715408,0.7320378039715408,0.16982053732611235,0.005458213868535627,0.0040352553891897635,0.022427524689391527,0.00016990549007114792,0.021216948072634596,0.04483381119252416,0.0,0.0,47085,1.0,CROPLAND_DOMINANT,True,SUCCESS,
SATF-0144,14.638,80.03,2026-09-13 08:30:00+00:00,1,7.88,0.8,N12E078,40,Cropland,0.8294921263948274,0.8294921263948274,0.06563770987589947,0.009594326832829283,0.020898946709771615,0.04211075190322244,0.00031285848367921577,2.085723224528105e-05,0.03193242256752529,0.0,0.0,47945,1.0,CROPLAND_DOMINANT,True,SUCCESS,
SATF-0145,15.658,76.348,2026-09-13 08:30:00+00:00,1,1.62,0.368,N15E075,40,Cropland,0.7930753988945667,0.7930753988945667,0.0022525810824903536,0.19107310459901972,0.0012931483992074252,0.012180623631244133,0.0001251433934716863,0.0,0.0,0.0,0.0,47945,1.0,CROPLAND_DOMINANT,True,SUCCESS,
SATF-0143,15.44,76.756,2026-09-13 08:30:00+00:00,1,9.55,0.831,N15E075,40,Cropland,0.9339660027114401,0.9339660027114401,0.027740118886223797,0.03076441756178955,0.007362602982584211,6.257169673584315e-05,0.00010428616122640526,0.0,0.0,0.0,0.0,47945,1.0,CROPLAND_DOMINANT,True,SUCCESS,
SATF-0146,23.121,70.086,2026-09-13 08:33:00+00:00,1,4.83,0.678,N21E069,60,Bare/Sparse Vegetation,0.2495794161306284,0.24417615042058388,0.03523008411677388,0.2032063334982682,0.016625432953983176,0.18824344383968333,0.2495794161306284,0.06293913904007917,0.0,0.0,0.0,50525,1.0,MIXED_OR_OTHER,False,SUCCESS,
SATF-0147,23.927,71.506,2026-09-13 08:33:00+00:00,1,3.85,0.608,N21E069,40,Cropland,0.8467887184562098,0.8467887184562098,0.016308758040573974,0.08585848589807026,0.0014448292924294903,0.02169223156853043,0.025927758535378525,0.0019792182088075212,0.0,0.0,0.0,50525,1.0,CROPLAND_DOMINANT,True,SUCCESS,
SATF-0148,30.616,74.101,2026-09-13 08:35:00+00:00,1,30.79,0.879,N30E072,40,Cropland,0.9005837116649681,0.9005837116649681,0.0026313351246178077,0.012007782822199574,0.022403409617344574,0.002131010840359492,0.057036968405447974,0.0032057815250625408,0.0,0.0,0.0,53965,1.0,CROPLAND_DOMINANT,True,SUCCESS,
SATF-0151,31.71,75.162,2026-09-13 08:35:00+00:00,2,11.18,0.848,N30E075,40,Cropland,0.9872230903575696,0.9872230903575696,0.006452798970493612,0.00016545638385881056,0.0008272819192940528,0.005331372368783896,0.0,0.0,0.0,0.0,0.0,54395,1.0,CROPLAND_DOMINANT,True,SUCCESS,
SATF-0154,27.9,71.842,2026-09-13 08:35:00+00:00,1,8.62,0.812,N27E069,60,Bare/Sparse Vegetation,0.9291224040578046,0.0048617092544741124,0.0,0.0660158866877213,0.0,0.0,0.9291224040578046,0.0,0.0,0.0,0.0,52245,1.0,MIXED_OR_OTHER,False,SUCCESS,
SATF-0155,31.38,74.897,2026-09-13 08:35:00+00:00,1,6.34,0.751,N30E072,40,Cropland,0.8249471458773784,0.8249471458773784,0.0784263259490762,0.0019854766063057265,0.015130067101755676,0.07636731317216656,0.0031436712933174005,0.0,0.0,0.0,0.0,54395,1.0,CROPLAND_DOMINANT,True,SUCCESS,
SATF-0169,33.716,73.999,2026-09-13 08:37:00+00:00,1,13.48,0.863,N33E072,10,Tree Cover,0.8669839274490437,0.004076501750920355,0.8669839274490437,0.0,0.12856244949268206,0.0003771213073538655,0.0,0.0,0.0,0.0,0.0,55685,1.0,NATURAL_VEGETATION_DOMINANT,False,SUCCESS,
SATF-0174,26.583,93.777,2026-09-13 19:17:00+00:00,1,0.46,0.189,N24E093,10,Tree Cover,0.6718131815111454,0.14358776416095725,0.6718131815111454,3.859886133359066e-05,0.011058573772073723,0.16427675383576185,0.007391681945382611,0.0018334459133455563,0.0,0.0,0.0,51815,1.0,NATURAL_VEGETATION_DOMINANT,False,SUCCESS,
SATF-0176,23.557,87.241,2026-09-13 19:19:00+00:00,4,6.52,0.758,N21E087,50,Built-up,0.49385452746165265,0.08269173676397823,0.3520831271647699,0.0,0.025333993072736267,0.49385452746165265,0.029332013854527463,0.016704601682335476,0.0,0.0,0.0,50525,1.0,MIXED_OR_OTHER,False,SUCCESS,
SATF-0177,21.189,81.398,2026-09-13 19:19:00+00:00,8,5.58,0.713,N21E081,50,Built-up,0.7457364341085271,0.012785663948454646,0.1856438135507903,0.0,0.0044095439444276656,0.7457364341085271,0.04933051444679352,0.0020940300010067452,0.0,0.0,0.0,49665,1.0,BUILT_UP_DOMINANT,False,SUCCESS,
SATF-0178,20.96,86.031,2026-09-13 19:19:00+00:00,2,4.93,0.681,N18E084,10,Tree Cover,0.41055068962045704,0.07453941407429779,0.41055068962045704,0.004651162790697674,0.195751535286419,0.23489378838216046,0.0792711164804188,0.0003422933655491795,0.0,0.0,0.0,49665,1.0,NATURAL_VEGETATION_DOMINANT,False,SUCCESS,
SATF-0179,22.371,87.29,2026-09-13 19:19:00+00:00,11,4.39,0.65,N21E087,10,Tree Cover,0.38055694181055993,0.35085337858069665,0.38055694181055993,0.0005789000898293242,0.028925042419403135,0.11460225571414313,0.10068869148617626,0.023794789899191537,0.0,0.0,0.0,50095,1.0,CROPLAND_PRESENT,True,SUCCESS,
SATF-0180,23.78,86.21,2026-09-13 19:19:00+00:00,3,4.32,0.646,N21E084,30,Grassland,0.35053933696190004,0.022840178129638792,0.20979713013359724,3.958436417615042e-05,0.35053933696190004,0.0748144482929243,0.31867392380009896,0.02329539831766452,0.0,0.0,0.0,50525,1.0,NATURAL_VEGETATION_DOMINANT,False,SUCCESS,
SATF-0181,22.366,87.017,2026-09-13 19:19:00+00:00,3,3.47,0.581,N21E087,10,Tree Cover,0.6745184150114782,0.19017866054496457,0.6745184150114782,0.003972452340552949,0.015470605848887115,0.05010480087833117,0.065755065375786,0.0,0.0,0.0,0.0,50095,1.0,NATURAL_VEGETATION_DOMINANT,False,SUCCESS,
SATF-0195,22.134,85.383,2026-09-13 19:19:00+00:00,1,1.22,0.31,N21E084,10,Tree Cover,0.805709152610041,0.05868849186545563,0.805709152610041,0.0,0.053458428984928634,0.015630302425391755,0.05523505339854277,0.011278570715640283,0.0,0.0,0.0,50095,1.0,NATURAL_VEGETATION_DOMINANT,False,SUCCESS,
SATF-0183,23.562,87.084,2026-09-13 19:19:00+00:00,3,2.82,0.524,N21E087,40,Cropland,0.5021474517565562,0.5021474517565562,0.24441365660564077,0.0,0.10400791687283523,0.06095992083127165,0.07982187036120732,0.008649183572488867,0.0,0.0,0.0,50525,1.0,CROPLAND_DOMINANT,True,SUCCESS,
SATF-0182,22.323,82.578,2026-09-13 19:19:00+00:00,5,2.97,0.539,N21E081,60,Bare/Sparse Vegetation,0.6852979339255415,0.02461323485377782,0.010420201616927837,0.0,0.1440063878630602,0.025072362511228664,0.6852979339255415,0.11058987922946402,0.0,0.0,0.0,50095,1.0,MIXED_OR_OTHER,False,SUCCESS,
SATF-0187,23.483,87.366,2026-09-13 19:19:00+00:00,1,2.54,0.492,N21E087,40,Cropland,0.3338545274616527,0.3338545274616527,0.2843344878772885,0.0,0.017832756061355766,0.2995546759030183,0.040554181098466105,0.023869371598218704,0.0,0.0,0.0,50525,1.0,CROPLAND_PRESENT,True,SUCCESS,
SATF-0186,23.825,84.572,2026-09-13 19:19:00+00:00,1,2.65,0.504,N21E084,40,Cropland,0.6110242454230579,0.6110242454230579,0.09648688767936665,0.00562097971301336,0.2711726867887185,0.0013260761999010391,0.013775358733300347,0.0005937654626422563,0.0,0.0,0.0,50525,1.0,CROPLAND_DOMINANT,True,SUCCESS,
SATF-0184,21.757,84.023,2026-09-13 19:19:00+00:00,3,2.82,0.524,N21E084,50,Built-up,0.6951791595967661,0.04317796187244236,0.06339954087234255,0.0,0.028725421698772333,0.6951791595967661,0.1560834414612237,0.013434474498452939,0.0,0.0,0.0,50095,1.0,BUILT_UP_DOMINANT,False,SUCCESS,
SATF-0188,23.166,82.339,2026-09-13 19:19:00+00:00,10,2.45,0.482,N21E081,10,Tree Cover,0.3784463137060861,0.02260267194458189,0.3784463137060861,0.0004948045522018803,0.35679366650173183,0.03910935180603661,0.20037605145967344,0.0021771400296882733,0.0,0.0,0.0,50525,1.0,NATURAL_VEGETATION_DOMINANT,False,SUCCESS,
SATF-0189,21.376,81.667,2026-09-13 19:19:00+00:00,3,2.17,0.444,N21E081,40,Cropland,0.3710460082553106,0.3710460082553106,0.2336051545353871,0.0,0.08309674821302729,0.1818785865297493,0.09771468841236283,0.03265881405416289,0.0,0.0,0.0,49665,1.0,CROPLAND_PRESENT,True,SUCCESS,
SATF-0190,24.199,82.713,2026-09-13 19:19:00+00:00,6,2.05,0.425,N24E081,10,Tree Cover,0.3790403297026788,0.013541360023550192,0.3790403297026788,0.0031596506721617112,0.25302718084584436,0.05212442351094103,0.2903542341281523,0.008752821116671573,0.0,0.0,0.0,50955,1.0,NATURAL_VEGETATION_DOMINANT,False,SUCCESS,
SATF-0191,21.688,84.04,2026-09-13 19:19:00+00:00,4,1.9,0.405,N21E084,10,Tree Cover,0.3477193332667931,0.2584090228565725,0.3477193332667931,0.0,0.22650963169977043,0.0974348737398942,0.06489669627707356,0.005030442159896197,0.0,0.0,0.0,50095,1.0,NATURAL_VEGETATION_DOMINANT,False,SUCCESS,
SATF-0193,24.451,83.039,2026-09-13 19:19:00+00:00,2,1.58,0.359,N24E081,50,Built-up,0.28026690216858013,0.23981944853301934,0.23499165930723187,0.0048670395446963,0.19931311941909527,0.28026690216858013,0.017957020900794818,0.02278481012658228,0.0,0.0,0.0,50955,1.0,MIXED_OR_OTHER,False,SUCCESS,
SATF-0194,23.631,86.836,2026-09-13 19:19:00+00:00,1,1.49,0.35,N21E084,40,Cropland,0.6241464621474517,0.6241464621474517,0.24672934190994558,0.0,0.08261256803562593,0.025710044532409698,0.01318159327065809,0.007619990103908956,0.0,0.0,0.0,50525,1.0,CROPLAND_DOMINANT,True,SUCCESS,
SATF-0185,23.682,87.127,2026-09-13 19:19:00+00:00,19,2.74,0.515,N21E087,40,Cropland,0.2973181593270658,0.2973181593270658,0.25409203364670957,0.0,0.199742701632855,0.043067788223651655,0.17274616526472045,0.033033151904997525,0.0,0.0,0.0,50525,1.0,MIXED_OR_OTHER,False,SUCCESS,
SATF-0197,22.21,84.551,2026-09-13 19:19:00+00:00,1,1.06,0.277,N21E084,40,Cropland,0.5181754666134345,0.5181754666134345,0.3014472502245733,0.0,0.10703663040223575,0.05451641880427188,0.01580996107395948,0.003014272881525102,0.0,0.0,0.0,50095,1.0,CROPLAND_DOMINANT,True,SUCCESS,
SATF-0199,17.606,83.201,2026-09-13 19:21:00+00:00,4,1.93,0.409,N15E081,50,Built-up,0.707017723593894,0.0011064440118840283,0.27259502100194655,0.0,0.0014752586825120377,0.707017723593894,0.017682614486220674,0.00012293822354266982,0.0,0.0,0.0,48805,1.0,BUILT_UP_DOMINANT,False,SUCCESS,
SATF-0203,28.355,77.223,2026-09-13 20:14:00+00:00,6,2.28,0.458,N27E075,40,Cropland,0.9082297104888467,0.9082297104888467,0.021869957285239678,0.00258186995728524,0.022401518747033698,0.03967726625533934,0.005220692928334125,1.8984337921214997e-05,0.0,0.0,0.0,52675,1.0,CROPLAND_DOMINANT,True,SUCCESS,
SATF-0204,28.712,76.834,2026-09-13 20:14:00+00:00,2,1.39,0.337,N27E075,40,Cropland,0.777484575225439,0.777484575225439,0.062040816326530614,0.019629805410536307,0.03749406739439962,0.07711438063597532,0.013421926910299004,0.012814428096820124,0.0,0.0,0.0,52675,1.0,CROPLAND_DOMINANT,True,SUCCESS,
SATF-0205,30.954,75.872,2026-09-13 20:14:00+00:00,1,1.38,0.335,N30E075,50,Built-up,0.38213656999907347,0.34998610210321507,0.1026035393310479,0.0199203187250996,0.12604465857500233,0.38213656999907347,0.019290280737515056,1.8530529046604282e-05,0.0,0.0,0.0,53965,1.0,CROPLAND_PRESENT,True,SUCCESS,
SATF-0206,25.037,87.39,2026-09-13 20:14:00+00:00,1,1.32,0.327,N24E087,40,Cropland,0.4193504072220587,0.4193504072220587,0.08915709940143264,0.0002355019134530468,0.08847021882052791,0.04286134824845452,0.26611716220194287,0.09380826219213032,0.0,0.0,0.0,50955,1.0,CROPLAND_PRESENT,True,SUCCESS,
SATF-0207,26.644,79.479,2026-09-13 20:14:00+00:00,1,1.28,0.321,N24E078,40,Cropland,0.4086461449387243,0.4086461449387243,0.15040046318633601,0.0004631863360030879,0.08401042169256007,0.32015825533146774,0.036302229084242015,1.929943066679533e-05,0.0,0.0,0.0,51815,1.0,CROPLAND_PRESENT,True,SUCCESS,
SATF-0209,26.705,77.848,2026-09-13 20:14:00+00:00,1,0.89,0.245,N24E075,40,Cropland,0.4297404226575316,0.4297404226575316,0.04562385409630416,0.0,0.3925697191932838,0.07856798224452378,0.02451027694683007,0.028987744861526585,0.0,0.0,0.0,51815,1.0,CROPLAND_PRESENT,True,SUCCESS,
SATF-0210,28.65,77.587,2026-09-13 20:14:00+00:00,1,0.84,0.24,N27E075,40,Cropland,0.5810915994304698,0.5810915994304698,0.04653061224489796,0.00037968675842429994,0.09757949691504508,0.22247745609871855,0.03918367346938775,0.012757475083056479,0.0,0.0,0.0,52675,1.0,CROPLAND_DOMINANT,True,SUCCESS,
SATF-0211,26.771,94.506,2026-09-13 20:14:00+00:00,1,0.73,0.218,N24E093,10,Tree Cover,0.5598764836437325,0.3908327704332722,0.5598764836437325,0.0015053555920100357,0.016037826884106918,0.019106436360127377,0.011425262954742835,0.0012158641320081057,0.0,0.0,0.0,51815,1.0,CROPLAND_PRESENT,True,SUCCESS,
SATF-0219,24.207,82.526,2026-09-13 20:17:00+00:00,3,1.38,0.335,N24E081,40,Cropland,0.7461878127759788,0.7461878127759788,0.07116082818172897,0.0,0.08872534589343538,0.0442743597291728,0.025493082131292318,0.024158571288391717,0.0,0.0,0.0,50955,1.0,CROPLAND_DOMINANT,True,SUCCESS,
SATF-0218,24.16,82.565,2026-09-13 20:17:00+00:00,2,1.96,0.412,N24E081,60,Bare/Sparse Vegetation,0.7169070748699833,0.06439014816995388,0.00019625159454420566,0.0,0.19831223628691982,0.005082916298694927,0.7169070748699833,0.015111372779903837,0.0,0.0,0.0,50955,1.0,MIXED_OR_OTHER,False,SUCCESS,
SATF-0217,13.711,79.619,2026-09-13 20:17:00+00:00,1,2.31,0.462,N12E078,40,Cropland,0.5030200989161318,0.5030200989161318,0.177396611596338,0.1046616857834368,0.03441018625697148,0.11787856466379039,0.06250657687046196,0.0001262759128696201,0.0,0.0,0.0,47515,1.0,CROPLAND_DOMINANT,True,SUCCESS,
SATF-0216,23.583,86.724,2026-09-13 20:17:00+00:00,1,2.37,0.472,N21E084,40,Cropland,0.4166056407718951,0.4166056407718951,0.16522513607125186,0.0,0.3934685799109352,0.006947055912914399,0.002157347847600198,0.015596239485403266,0.0,0.0,0.0,50525,1.0,CROPLAND_PRESENT,True,SUCCESS,
SATF-0222,24.174,82.636,2026-09-13 20:17:00+00:00,5,1.22,0.31,N24E081,60,Bare/Sparse Vegetation,0.4492395250711412,0.05526444902364832,0.11288391718182711,0.0007065057403591404,0.3048768521244235,0.03159650672161711,0.4492395250711412,0.045432244136983616,0.0,0.0,0.0,50955,1.0,MIXED_OR_OTHER,False,SUCCESS,
SATF-0213,21.764,83.852,2026-09-13 20:17:00+00:00,12,4.69,0.67,N21E081,10,Tree Cover,0.41040023954486476,0.0053298732408424,0.41040023954486476,0.002834614232957381,0.1989020860365306,0.030242539175566425,0.3288950993113085,0.023395548457929932,0.0,0.0,0.0,50095,1.0,NATURAL_VEGETATION_DOMINANT,False,SUCCESS,
SATF-0212,23.75,86.405,2026-09-13 20:17:00+00:00,13,6.42,0.754,N21E084,50,Built-up,0.3479465611083622,0.08860959920831271,0.17482434438396832,0.0,0.20971796140524493,0.3479465611083622,0.15032162295893123,0.028579910935180603,0.0,0.0,0.0,50525,1.0,MIXED_OR_OTHER,False,SUCCESS,
SATF-0220,22.218,84.754,2026-09-13 20:17:00+00:00,1,1.33,0.33,N21E084,40,Cropland,0.41674817846092427,0.41674817846092427,0.26781115879828327,0.0,0.041101906377882025,0.1267990817446851,0.12073061183750873,0.02680906278071664,0.0,0.0,0.0,50095,1.0,CROPLAND_PRESENT,True,SUCCESS,
SATF-0215,13.394,80.103,2026-09-13 20:17:00+00:00,1,2.51,0.486,N12E078,10,Tree Cover,0.34528043775649797,0.23007471324844786,0.34528043775649797,0.07168262653898769,0.2536672629695885,0.07157739661159634,0.014648005892875933,0.012332947490266232,0.0007366094917394507,0.0,0.0,47515,1.0,NATURAL_VEGETATION_DOMINANT,False,SUCCESS,
SATF-0221,13.899,76.564,2026-09-13 20:17:00+00:00,2,1.27,0.32,N12E075,20,Shrubland,0.5058713108770466,0.2434664719991657,0.10165814996349984,0.5058713108770466,0.07039315882782354,0.04576076754614663,0.02780269058295964,0.005047450203358015,0.0,0.0,0.0,47945,1.0,NATURAL_VEGETATION_DOMINANT,False,SUCCESS,
SATF-0214,22.358,82.302,2026-09-13 20:17:00+00:00,5,3.05,0.543,N21E081,40,Cropland,0.3931330472103004,0.3931330472103004,0.23521309511927338,0.0013773829723525302,0.2000998103603154,0.007086535582393453,0.15177163389559836,0.011318494859766444,0.0,0.0,0.0,50095,1.0,CROPLAND_PRESENT,True,SUCCESS,
SATF-0223,24.927,84.151,2026-09-13 20:17:00+00:00,3,1.13,0.292,N24E084,40,Cropland,0.7274065351780983,0.7274065351780983,0.07426160337552742,1.9625159454420567e-05,0.05196742223530566,0.1356883524678638,0.010342459032479639,0.00031400255127072906,0.0,0.0,0.0,50955,1.0,CROPLAND_DOMINANT,True,SUCCESS,
SATF-0229,24.01,80.528,2026-09-13 20:17:00+00:00,1,0.96,0.256,N24E078,10,Tree Cover,0.2767932489451477,0.09412226474340105,0.2767932489451477,0.04327347659699735,0.2570307133745462,0.06358551663232263,0.2378765577470317,0.02731822196055343,0.0,0.0,0.0,50955,1.0,NATURAL_VEGETATION_DOMINANT,False,SUCCESS,
SATF-0224,22.017,83.754,2026-09-13 20:17:00+00:00,1,1.08,0.283,N21E081,60,Bare/Sparse Vegetation,0.2853578201417307,0.2192035133246831,0.24567322088032736,1.9962072063080146e-05,0.21694779918155505,0.020580896297035634,0.2853578201417307,0.01221678810260505,0.0,0.0,0.0,50095,1.0,MIXED_OR_OTHER,False,SUCCESS,
SATF-0233,21.192,81.199,2026-09-13 20:17:00+00:00,1,0.69,0.212,N21E081,40,Cropland,0.35012584314909895,0.35012584314909895,0.25637773079633547,6.040471156750227e-05,0.1479714084365247,0.1857646229739253,0.04929024463908185,0.010409745293466223,0.0,0.0,0.0,49665,1.0,CROPLAND_PRESENT,True,SUCCESS,
SATF-0232,19.098,82.167,2026-09-13 20:17:00+00:00,2,0.7,0.214,N18E081,50,Built-up,0.4182187468264446,0.13201990453945364,0.12539859855793642,0.018726515690057885,0.15224941606580686,0.4182187468264446,0.14717172742967402,0.006215090890626587,0.0,0.0,0.0,49235,1.0,MIXED_OR_OTHER,False,SUCCESS,
SATF-0234,21.623,81.793,2026-09-13 20:17:00+00:00,1,0.66,0.208,N21E081,40,Cropland,0.6741769858048928,0.6741769858048928,0.09376824725661935,0.017356287123728983,0.18904661230242625,0.0015101177891875567,0.0009866102889358704,0.0231551394342092,0.0,0.0,0.0,49665,1.0,CROPLAND_DOMINANT,True,SUCCESS,
SATF-0228,24.054,80.613,2026-09-13 20:17:00+00:00,1,1.02,0.267,N24E078,50,Built-up,0.2958100284564812,0.20329702678834266,0.26809930330683934,0.02141104896477284,0.11484643312726917,0.2958100284564812,0.020547541948778333,0.07598861740751643,0.0,0.0,0.0,50955,1.0,MIXED_OR_OTHER,False,SUCCESS,
SATF-0227,22.214,84.864,2026-09-13 20:17:00+00:00,1,1.06,0.277,N21E084,50,Built-up,0.6444555344844795,0.006587483780816449,0.3245633296736201,0.0,0.005649266393851682,0.6444555344844795,0.01580996107395948,0.0029344245932727817,0.0,0.0,0.0,50095,1.0,BUILT_UP_DOMINANT,False,SUCCESS,
SATF-0226,24.327,81.328,2026-09-13 20:17:00+00:00,1,1.08,0.283,N24E081,10,Tree Cover,0.5554508880384653,0.08311255028947111,0.5554508880384653,0.029319988224904326,0.10964576587184771,0.16783436365420468,0.05096653910313021,0.003669904817976646,0.0,0.0,0.0,50955,1.0,NATURAL_VEGETATION_DOMINANT,False,SUCCESS,
SATF-0225,21.959,83.777,2026-09-13 20:17:00+00:00,2,1.08,0.283,N21E081,10,Tree Cover,0.3697374987523705,0.038965964667132445,0.3697374987523705,3.992414412616029e-05,0.28286256113384567,5.988621618924044e-05,0.3010480087833117,0.0072861563030242535,0.0,0.0,0.0,50095,1.0,NATURAL_VEGETATION_DOMINANT,False,SUCCESS,
SATF-0231,24.53,81.169,2026-09-13 20:17:00+00:00,1,0.81,0.233,N24E081,40,Cropland,0.4838190560298302,0.4838190560298302,0.0456088705720734,1.9625159454420567e-05,0.14208615445000491,0.2239623196938475,0.09486802080266903,0.009635953292120499,0.0,0.0,0.0,50955,1.0,CROPLAND_PRESENT,True,SUCCESS,
SATF-0236,17.959,80.795,2026-09-13 20:19:00+00:00,1,1.68,0.378,N15E078,60,Bare/Sparse Vegetation,0.6412662637024895,0.03464808933510911,0.05370351398422293,0.009097428542157567,0.1656387665198238,0.0065157258477615,0.6412662637024895,0.0891302120684356,0.0,0.0,0.0,48805,1.0,MIXED_OR_OTHER,False,SUCCESS,
SATF-0237,11.178,79.088,2026-09-13 20:19:00+00:00,1,1.59,0.362,N09E078,10,Tree Cover,0.2757141340129553,0.27023468195816075,0.2757141340129553,0.16790910056281194,0.021195709886375702,0.20214505681214825,0.06244026760114686,0.00036104916640118933,0.0,0.0,0.0,47085,1.0,MIXED_OR_OTHER,False,SUCCESS,
SATF-0249,29.911,74.948,2026-09-13 20:57:00+00:00,1,1.47,0.347,N27E072,40,Cropland,0.44694125338563556,0.44694125338563556,0.09709535817689362,0.011954795927897638,0.01600821892220043,0.36245446903894646,0.06042775754179509,0.005118147006631176,0.0,0.0,0.0,53535,1.0,CROPLAND_PRESENT,True,SUCCESS,
SATF-0245,28.729,77.156,2026-09-13 20:57:00+00:00,1,2.08,0.43,N27E075,50,Built-up,0.7861794019933555,0.03897484575225439,0.11565258661604176,0.005106786900806834,0.03377313716184148,0.7861794019933555,0.015624110109159943,0.004689131466540104,0.0,0.0,0.0,52675,1.0,BUILT_UP_DOMINANT,False,SUCCESS,
SATF-0252,30.265,75.172,2026-09-13 20:57:00+00:00,1,1.16,0.297,N30E075,10,Tree Cover,0.31413094237414774,0.2593069954235547,0.31413094237414774,0.07107499766507892,0.019912206967404502,0.18514990193331465,0.04469972914915476,0.10572522648734473,0.0,0.0,0.0,53535,1.0,MIXED_OR_OTHER,False,SUCCESS,
SATF-0246,28.274,77.184,2026-09-13 20:57:00+00:00,1,1.96,0.412,N27E075,40,Cropland,0.895984812529663,0.895984812529663,0.01980066445182724,0.00220218319886094,0.03356430944470812,0.02435690555291884,0.0037209302325581397,0.02037019458946369,0.0,0.0,0.0,52675,1.0,CROPLAND_DOMINANT,True,SUCCESS,
SATF-0255,31.253,76.927,2026-09-13 20:57:00+00:00,2,0.95,0.255,N30E075,10,Tree Cover,0.5165548304072065,0.03882709807886754,0.5165548304072065,0.0,0.2772129791341116,0.14365290927474952,0.023752183105064804,0.0,0.0,0.0,0.0,54395,1.0,NATURAL_VEGETATION_DOMINANT,False,SUCCESS,
SATF-0256,31.326,76.894,2026-09-13 20:57:00+00:00,1,0.8,0.231,N30E075,10,Tree Cover,0.4910745472929497,0.003658424487544811,0.4910745472929497,0.0004963691515764316,0.3993749425498667,0.06167846309403438,0.04371725342402794,0.0,0.0,0.0,0.0,54395,1.0,NATURAL_VEGETATION_DOMINANT,False,SUCCESS,
SATF-0251,28.744,76.928,2026-09-13 20:57:00+00:00,1,1.3,0.324,N27E075,40,Cropland,0.6011580446131941,0.6011580446131941,0.025154247745609874,0.07134314190792596,0.08334124347413384,0.012852396772662554,0.20410061699098245,0.00205030849549122,0.0,0.0,0.0,52675,1.0,CROPLAND_DOMINANT,True,SUCCESS,
SATF-0258,26.875,73.516,2026-09-13 20:59:00+00:00,2,2.21,0.451,N24E072,40,Cropland,0.4008684743800058,0.4008684743800058,0.005191546849367944,0.13241339380488276,0.005326642864035511,0.2761748528418412,0.17774775644118498,0.002277332818681849,0.0,0.0,0.0,51815,1.0,CROPLAND_PRESENT,True,SUCCESS,
SATF-0260,26.927,73.469,2026-09-13 20:59:00+00:00,1,1.19,0.303,N24E072,40,Cropland,0.5972401814146483,0.5972401814146483,0.0009263726720061758,0.12963427578886422,0.006658303580044388,0.11535269709543569,0.15018816944900126,0.0,0.0,0.0,0.0,51815,1.0,CROPLAND_DOMINANT,True,SUCCESS,
SATF-0261,26.604,73.685,2026-09-13 20:59:00+00:00,1,1.17,0.299,N24E072,40,Cropland,0.6675094084724501,0.6675094084724501,0.02302422078548683,0.0987551867219917,0.0022001350960146678,0.19772266718131815,0.009804110778732028,0.0009842709640065618,0.0,0.0,0.0,51815,1.0,CROPLAND_DOMINANT,True,SUCCESS,
SATF-0262,26.257,74.094,2026-09-13 20:59:00+00:00,1,1.15,0.294,N24E072,40,Cropland,0.9042362250313616,0.9042362250313616,0.006658303580044388,0.07659944031651067,0.0029914117533532763,0.0024124288333494163,0.007102190485380681,0.0,0.0,0.0,0.0,51815,1.0,CROPLAND_DOMINANT,True,SUCCESS,
SATF-0264,27.289,73.838,2026-09-13 20:59:00+00:00,1,1.04,0.271,N27E072,40,Cropland,0.9994449229591349,0.9994449229591349,0.0,0.0001339841133122787,0.000306249401856637,0.0,0.00011484352569623887,0.0,0.0,0.0,0.0,52245,1.0,CROPLAND_DOMINANT,True,SUCCESS,
SATF-0266,22.926,69.825,2026-09-13 20:59:00+00:00,1,0.47,0.19,N21E069,40,Cropland,0.6743988124690747,0.6743988124690747,0.01678377041068778,0.2249777337951509,0.018584858980702623,0.04672934190994557,0.0070262246412667,0.011499257793171697,0.0,0.0,0.0,50525,1.0,CROPLAND_DOMINANT,True,SUCCESS,
SATF-0267,15.176,76.663,2026-09-13 21:01:00+00:00,3,3.94,0.616,N15E075,60,Bare/Sparse Vegetation,0.5132130566273856,8.34289289811242e-05,0.16493899259568257,0.011242048180206486,0.012264052560225258,0.29825842110751905,0.5132130566273856,0.0,0.0,0.0,0.0,47945,1.0,MIXED_OR_OTHER,False,SUCCESS,
SATF-0268,15.173,76.377,2026-09-13 21:01:00+00:00,1,1.74,0.382,N15E075,40,Cropland,0.306497027844405,0.306497027844405,0.28561893836687874,0.040504745020335804,0.037647304202732296,0.20732088851809366,0.11767650432787569,0.004734591719678799,0.0,0.0,0.0,47945,1.0,CROPLAND_PRESENT,True,SUCCESS,
SATF-0269,22.927,69.7,2026-09-13 21:01:00+00:00,4,1.29,0.323,N21E069,40,Cropland,0.621573478476002,0.621573478476002,0.031172686788718457,0.06325581395348837,0.1948144482929243,0.051400296882731324,0.037328055418109844,0.00045522018802572986,0.0,0.0,0.0,50525,1.0,CROPLAND_DOMINANT,True,SUCCESS,
SATF-0270,15.331,76.287,2026-09-13 21:01:00+00:00,1,1.04,0.271,N15E075,40,Cropland,0.3191782250495359,0.3191782250495359,0.21163833559286682,0.12772969027010117,0.10420273229742413,0.13294399833142143,0.09406611742621754,0.010240901032432996,0.0,0.0,0.0,47945,1.0,CROPLAND_PRESENT,True,SUCCESS,
SATF-0283,23.716,86.408,2026-09-14 06:33:00+00:00,4,9.73,0.836,N21E084,50,Built-up,0.5778525482434438,0.0627610094012865,0.2610192973775359,0.0,0.09145967342899555,0.5778525482434438,0.006590796635329045,0.0003166749134092034,0.0,0.0,0.0,50525,1.0,BUILT_UP_DOMINANT,False,SUCCESS,
SATF-0284,27.965,96.966,2026-09-14 06:33:00+00:00,1,2.91,0.531,N27E096,10,Tree Cover,0.7816041765543427,0.00011390602752728998,0.7816041765543427,0.0,0.14266729947793072,0.00037968675842429994,0.013289036544850499,0.061945894636924535,0.0,0.0,0.0,52675,1.0,NATURAL_VEGETATION_DOMINANT,False,SUCCESS,
SATF-0291,13.884,77.417,2026-09-14 07:26:00+00:00,2,5.85,0.727,N12E075,40,Cropland,0.8684117217645219,0.8684117217645219,0.04790906246741058,0.05704453019084368,0.0008760037543018042,0.02356867243716759,0.0021900093857545105,0.0,0.0,0.0,0.0,47945,1.0,CROPLAND_DOMINANT,True,SUCCESS,
SATF-0290,13.006,76.334,2026-09-14 07:26:00+00:00,1,6.84,0.77,N12E075,40,Cropland,0.4411449016100179,0.4411449016100179,0.4089866357992213,0.022477112490792383,0.10577712301378513,0.02033042197200884,0.0007155635062611807,0.0005682416079132905,0.0,0.0,0.0,47515,1.0,CROPLAND_PRESENT,True,SUCCESS,
SATF-0294,15.336,77.071,2026-09-14 07:26:00+00:00,1,3.2,0.556,N15E075,40,Cropland,0.8778183335071436,0.8778183335071436,0.07352174366461571,0.018875795181979352,0.0017937219730941704,0.010741474606319742,0.013828344978621336,0.0034205860882260924,0.0,0.0,0.0,47945,1.0,CROPLAND_DOMINANT,True,SUCCESS,
SATF-0292,15.773,80.352,2026-09-14 07:26:00+00:00,2,5.65,0.716,N15E078,40,Cropland,0.724733850129199,0.724733850129199,0.05074935400516796,0.07421188630490956,0.10484754521963824,0.031979328165374674,0.004651162790697674,0.0,0.00882687338501292,0.0,0.0,48375,1.0,CROPLAND_DOMINANT,True,SUCCESS,
SATF-0293,13.726,78.375,2026-09-14 07:26:00+00:00,1,5.2,0.695,N12E078,40,Cropland,0.4232137219825318,0.4232137219825318,0.026538987688098495,0.238114279701147,0.23569399137114597,0.004209197095654004,0.0715353046406398,0.0006734715353046406,2.104598547827002e-05,0.0,0.0,47515,1.0,CROPLAND_PRESENT,True,SUCCESS,
SATF-0296,15.823,79.835,2026-09-14 07:26:00+00:00,1,1.17,0.299,N15E078,40,Cropland,0.6796692506459948,0.6796692506459948,0.1462532299741602,0.14871317829457364,0.0035968992248062016,0.018149870801033592,0.0035968992248062016,2.0671834625323e-05,0.0,0.0,0.0,48375,1.0,CROPLAND_DOMINANT,True,SUCCESS,
SATF-0295,13.992,78.138,2026-09-14 07:26:00+00:00,1,2.38,0.472,N12E078,40,Cropland,0.6592553968088435,0.6592553968088435,0.0694545833767859,0.22294295546980916,0.009573469600584002,0.021128376264469704,0.006528313692772969,0.011116904786734801,0.0,0.0,0.0,47945,1.0,CROPLAND_DOMINANT,True,SUCCESS,
SATF-0308,23.757,85.856,2026-09-14 07:29:00+00:00,1,6.25,0.747,N21E084,60,Bare/Sparse Vegetation,0.2780009896091044,0.15709054923305293,0.1793963384463137,0.00021771400296882732,0.2524690747154874,0.10693715982187037,0.2780009896091044,0.025888174171202375,0.0,0.0,0.0,50525,1.0,MIXED_OR_OTHER,False,SUCCESS,
SATF-0297,24.298,93.711,2026-09-14 07:29:00+00:00,3,14.63,0.866,N24E093,40,Cropland,0.47322146992444314,0.47322146992444314,0.347738200372878,0.0075753115494063385,0.15568638995191836,0.014247865763909332,0.0015307624374448043,0.0,0.0,0.0,0.0,50955,1.0,CROPLAND_PRESENT,True,SUCCESS,
SATF-0298,21.751,83.843,2026-09-14 07:29:00+00:00,9,13.46,0.983,N21E081,60,Bare/Sparse Vegetation,0.4309412116977742,0.012436370895298933,0.24639185547459827,0.0017965864856772133,0.2765146222177862,0.013654057291146821,0.4309412116977742,0.018265295937718334,0.0,0.0,0.0,50095,1.0,NATURAL_VEGETATION_DOMINANT,False,SUCCESS,
SATF-0299,20.966,85.178,2026-09-14 07:29:00+00:00,7,11.21,0.849,N18E084,60,Bare/Sparse Vegetation,0.4479613409845968,0.020054364240410752,0.12590355381053056,0.0,0.13327292862176582,0.020054364240410752,0.4479613409845968,0.25275344810228534,0.0,0.0,0.0,49665,1.0,MIXED_OR_OTHER,False,SUCCESS,
SATF-0300,23.777,86.206,2026-09-14 07:29:00+00:00,4,10.29,0.841,N21E084,60,Bare/Sparse Vegetation,0.39572488866897576,0.047085601187530926,0.17102424542305789,0.0,0.2913409203364671,0.07184562097971302,0.39572488866897576,0.02297872340425532,0.0,0.0,0.0,50525,1.0,MIXED_OR_OTHER,False,SUCCESS,
SATF-0301,15.372,75.97,2026-09-14 07:29:00+00:00,1,8.72,0.815,N15E075,40,Cropland,0.8682657211388048,0.8682657211388048,6.257169673584315e-05,0.061799979142767754,0.06401084576076754,0.0,0.0058608822609239756,0.0,0.0,0.0,0.0,47945,1.0,CROPLAND_DOMINANT,True,SUCCESS,
SATF-0303,15.442,76.757,2026-09-14 07:29:00+00:00,1,8.24,0.807,N15E075,40,Cropland,0.9327562832412138,0.9327562832412138,0.029867556575242465,0.028657837105016164,0.008614036917301074,6.257169673584315e-05,4.17144644905621e-05,0.0,0.0,0.0,0.0,47945,1.0,CROPLAND_DOMINANT,True,SUCCESS,
SATF-0304,17.6,83.184,2026-09-14 07:29:00+00:00,2,8.15,0.805,N15E081,10,Tree Cover,0.6099989755148039,0.01424034422702592,0.6099989755148039,0.0,0.0052863436123348016,0.2976539289007274,0.03659461120786805,0.036205306833316256,2.0489703923778303e-05,0.0,0.0,48805,1.0,NATURAL_VEGETATION_DOMINANT,False,SUCCESS,
SATF-0305,22.362,87.018,2026-09-14 07:29:00+00:00,1,7.04,0.776,N21E087,10,Tree Cover,0.5610340353328676,0.2733206906876934,0.5610340353328676,0.004511428286256113,0.019582792693881624,0.05134244934624214,0.0895897794191037,0.0006188242339554846,0.0,0.0,0.0,50095,1.0,NATURAL_VEGETATION_DOMINANT,False,SUCCESS,
SATF-0306,20.783,85.277,2026-09-14 07:29:00+00:00,2,6.72,0.765,N18E084,10,Tree Cover,0.3668579482532971,0.3393939393939394,0.3668579482532971,0.0,0.16742172556126045,0.09318433504480016,0.009644618946944529,0.02349743279975838,0.0,0.0,0.0,49665,1.0,CROPLAND_PRESENT,True,SUCCESS,
SATF-0309,21.92,83.351,2026-09-14 07:29:00+00:00,4,6.14,0.741,N21E081,50,Built-up,0.44026349935123266,0.10046910869348238,0.2578900089829324,0.0,0.04028346142329574,0.44026349935123266,0.1387563629104701,0.022337558638586684,0.0,0.0,0.0,50095,1.0,MIXED_OR_OTHER,False,SUCCESS,
SATF-0310,21.187,81.393,2026-09-14 07:29:00+00:00,1,5.23,0.697,N21E081,50,Built-up,0.86578073089701,0.006100875868317729,0.09298298600624182,0.0,0.0014497130776200543,0.86578073089701,0.033605154535387094,8.053961542333635e-05,0.0,0.0,0.0,49665,1.0,BUILT_UP_DOMINANT,False,SUCCESS,
SATF-0311,23.682,86.094,2026-09-14 07:29:00+00:00,1,4.63,0.668,N21E084,50,Built-up,0.4352300841167739,0.019970311726867886,0.3164571994062345,0.0,0.006887679366650174,0.4352300841167739,0.16091044037605146,0.060544285007422066,0.0,0.0,0.0,50525,1.0,MIXED_OR_OTHER,False,SUCCESS,
SATF-0312,16.315,78.446,2026-09-14 07:29:00+00:00,3,4.57,0.663,N15E078,40,Cropland,0.922749354005168,0.922749354005168,0.0057054263565891475,0.02736950904392765,0.04163307493540052,0.0,0.000165374677002584,0.002377260981912145,0.0,0.0,0.0,48375,1.0,CROPLAND_DOMINANT,True,SUCCESS,
SATF-0313,23.582,86.726,2026-09-14 07:29:00+00:00,1,4.53,0.66,N21E084,40,Cropland,0.4065512122711529,0.4065512122711529,0.18956952003958435,0.0,0.3754181098466106,0.011103414151410192,0.0026719445818901536,0.014685799109351807,0.0,0.0,0.0,50525,1.0,CROPLAND_PRESENT,True,SUCCESS,
SATF-0314,21.926,85.224,2026-09-14 07:29:00+00:00,1,4.47,0.567,N21E084,10,Tree Cover,0.38145523505339857,0.23876634394650165,0.38145523505339857,0.0004192035133246831,0.12200818444954586,0.04567322088032738,0.2047110490068869,0.006966763150014972,0.0,0.0,0.0,50095,1.0,NATURAL_VEGETATION_DOMINANT,False,SUCCESS,
SATF-0315,23.672,87.137,2026-09-14 07:29:00+00:00,3,3.82,0.605,N21E087,30,Grassland,0.33401286491835724,0.21225136071251854,0.2558931222167244,0.0,0.33401286491835724,0.08041563582384958,0.08170212765957446,0.03572488866897575,0.0,0.0,0.0,50525,1.0,NATURAL_VEGETATION_DOMINANT,False,SUCCESS,
SATF-0316,16.769,79.801,2026-09-14 07:29:00+00:00,1,3.38,0.574,N15E078,40,Cropland,0.7903049095607235,0.7903049095607235,0.013974160206718347,0.14275968992248061,0.019968992248062017,0.03063565891472868,0.0015503875968992248,0.0008062015503875969,0.0,0.0,0.0,48375,1.0,CROPLAND_DOMINANT,True,SUCCESS,
SATF-0318,22.669,88.293,2026-09-14 07:29:00+00:00,1,2.69,0.507,N21E087,10,Tree Cover,0.4804271883421499,0.13037229264397646,0.4804271883421499,0.0,0.02688891106896896,0.2832618025751073,0.007046611438267292,0.06928835213095119,0.0027148418005789,0.0,0.0,50095,1.0,NATURAL_VEGETATION_DOMINANT,False,SUCCESS,
SATF-0320,24.115,86.861,2026-09-14 07:29:00+00:00,1,1.85,0.398,N24E084,30,Grassland,0.42131292316750074,0.08372093023255814,0.15331174565793346,0.005573545285055441,0.42131292316750074,0.08323030124619762,0.2337748994210578,0.01907565498969679,0.0,0.0,0.0,50955,1.0,NATURAL_VEGETATION_DOMINANT,False,SUCCESS,
SATF-0307,22.364,87.302,2026-09-14 07:29:00+00:00,1,6.57,0.76,N21E087,10,Tree Cover,0.3313504341750674,0.28412017167381975,0.3313504341750674,0.00013973450444156103,0.012476295039425092,0.19754466513624114,0.16484679109691586,0.009521908374089231,0.0,0.0,0.0,50095,1.0,MIXED_OR_OTHER,False,SUCCESS,
SATF-0324,31.335,74.841,2026-09-14 07:31:00+00:00,1,7.82,0.918,N30E072,40,Cropland,0.9360235315745933,0.9360235315745933,0.061145325857155985,1.838404265097895e-05,0.0009927383031528632,0.001820020222446916,0.0,0.0,0.0,0.0,0.0,54395,1.0,CROPLAND_DOMINANT,True,SUCCESS,
SATF-0327,31.709,74.51,2026-09-14 07:31:00+00:00,1,3.99,0.622,N30E072,40,Cropland,0.5511535986763489,0.5511535986763489,0.11129699420902657,0.16205533596837945,0.023163893740233477,0.02921224377240555,0.03480099273830315,0.08831694089530288,0.0,0.0,0.0,54395,1.0,CROPLAND_DOMINANT,True,SUCCESS,
SATF-0323,31.678,75.007,2026-09-14 07:31:00+00:00,1,8.17,0.806,N30E075,40,Cropland,0.9139204232337705,0.9139204232337705,0.01778904441750248,0.00024247768103163232,0.0031742532789595505,0.06487380138873582,0.0,0.0,0.0,0.0,0.0,45365,0.83399209486166,CROPLAND_DOMINANT,True,SUCCESS,
SATF-0329,27.377,95.337,2026-09-14 07:31:00+00:00,1,1.78,0.388,N27E093,40,Cropland,0.4976361374294191,0.4976361374294191,0.4191597282036559,0.004230069863144798,0.013838644846396785,0.06394870322518902,0.0010910134941142693,9.570293808019906e-05,0.0,0.0,0.0,52245,1.0,CROPLAND_PRESENT,True,SUCCESS,
SATF-0326,31.126,74.648,2026-09-14 07:31:00+00:00,1,4.55,0.662,N30E072,40,Cropland,0.9521356434726211,0.9521356434726211,0.012619290280737515,0.0007226906328175669,0.021680718984527007,0.010766237376077088,0.0020754192532196794,0.0,0.0,0.0,0.0,53965,1.0,CROPLAND_DOMINANT,True,SUCCESS,
SATF-0342,13.533,78.513,2026-09-14 08:09:00+00:00,2,7.88,0.8,N12E078,20,Shrubland,0.6028622540250447,0.17680732400294644,0.08666736819951594,0.6028622540250447,0.05781332210880775,0.046637903819846366,0.029001367989056087,0.0002104598547827002,0.0,0.0,0.0,47515,1.0,NATURAL_VEGETATION_DOMINANT,False,SUCCESS,
SATF-0358,9.304,78.841,2026-09-14 08:09:00+00:00,1,4.19,0.637,N09E078,30,Grassland,0.3725177869809918,0.35777848571731974,0.09856642242752468,0.054284804077731764,0.3725177869809918,0.007794414357013911,0.01650207072316024,0.05203355633428905,0.04052245938196878,0.0,0.0,47085,1.0,CROPLAND_PRESENT,True,SUCCESS,
SATF-0333,12.989,76.124,2026-09-14 08:09:00+00:00,2,12.4,0.859,N12E075,40,Cropland,0.4115752920130485,0.4115752920130485,0.3159844259707461,0.025970746080185205,0.0763758813006419,0.16304324950015783,0.005324634326002315,0.0017257708092181417,0.0,0.0,0.0,47515,1.0,CROPLAND_PRESENT,True,SUCCESS,
SATF-0334,13.473,77.766,2026-09-14 08:09:00+00:00,1,10.71,0.753,N12E075,40,Cropland,0.6205619278122698,0.6205619278122698,0.11756287488161633,0.16232768599389666,0.04337577607071451,0.04274439650636641,0.008144796380090498,0.005282542355045775,0.0,0.0,0.0,47515,1.0,CROPLAND_DOMINANT,True,SUCCESS,
SATF-0339,9.381,78.881,2026-09-14 08:09:00+00:00,1,8.54,0.811,N09E078,40,Cropland,0.4033131570563874,0.4033131570563874,0.04801953913135818,0.23412976531804183,0.2910268663056175,0.008601465434851864,0.00821917808219178,0.0003822873526600828,0.006307741318891367,0.0,0.0,47085,1.0,CROPLAND_PRESENT,True,SUCCESS,
SATF-0350,9.721,78.952,2026-09-14 08:09:00+00:00,1,6.16,0.743,N09E078,40,Cropland,0.6585536795157694,0.6585536795157694,0.20509716470213443,0.07475841563130509,0.043113518105553784,0.01204205160879261,0.002803440586173941,0.0007645747053201656,0.002867155144950621,0.0,0.0,47085,1.0,CROPLAND_DOMINANT,True,SUCCESS,
SATF-0356,13.647,78.219,2026-09-14 08:09:00+00:00,2,4.65,0.669,N12E078,40,Cropland,0.8050931284857413,0.8050931284857413,0.017573397874355468,0.16830474586972535,0.005724508050089445,0.0005682416079132905,0.0027359781121751026,0.0,0.0,0.0,0.0,47515,1.0,CROPLAND_DOMINANT,True,SUCCESS,
SATF-0357,12.423,77.79,2026-09-14 08:09:00+00:00,1,4.36,0.648,N12E075,40,Cropland,0.5696095969693781,0.5696095969693781,0.15874986846259076,0.008376302220351468,0.2489319162369778,0.013827212459223403,0.0005051036514784804,0.0,0.0,0.0,0.0,47515,1.0,CROPLAND_DOMINANT,True,SUCCESS,
SATF-0364,13.348,75.831,2026-09-14 08:09:00+00:00,1,3.39,0.576,N12E075,30,Grassland,0.41288014311270127,0.19595917078817215,0.34351257497632326,0.0110912343470483,0.41288014311270127,0.027465011049142375,0.0014311270125223613,0.007660738714090287,0.0,0.0,0.0,47515,1.0,NATURAL_VEGETATION_DOMINANT,False,SUCCESS,
SATF-0365,13.422,77.464,2026-09-14 08:09:00+00:00,1,3.26,0.472,N12E075,20,Shrubland,0.5447542881195412,0.3622224560665053,0.006103335788698306,0.5447542881195412,0.08344733242134063,0.001957276649479112,0.0014732189834789015,4.209197095654004e-05,0.0,0.0,0.0,47515,1.0,CROPLAND_PRESENT,True,SUCCESS,
SATF-0368,11.299,77.662,2026-09-14 08:09:00+00:00,1,3.07,0.545,N09E075,30,Grassland,0.3212700435382818,0.24916640118933844,0.2485717319740894,0.0002336200488478284,0.3212700435382818,0.17062758840395031,0.010130614845492195,0.0,0.0,0.0,0.0,47085,1.0,NATURAL_VEGETATION_DOMINANT,False,SUCCESS,
SATF-0369,12.998,77.862,2026-09-14 08:09:00+00:00,1,3.0,0.541,N12E075,40,Cropland,0.561570030516679,0.561570030516679,0.04207092497106177,0.33465221508997156,0.026938861412185624,0.01993054824792171,0.013637798589918973,0.0011996211722613912,0.0,0.0,0.0,47515,1.0,CROPLAND_DOMINANT,True,SUCCESS,
SATF-0371,13.167,76.581,2026-09-14 08:09:00+00:00,1,2.42,0.476,N12E075,10,Tree Cover,0.629232873829317,0.28750920761864673,0.629232873829317,0.017278754077659688,0.005892875933915606,0.04238661475323582,0.0002525518257392402,0.015047879616963064,0.0023992423445227825,0.0,0.0,47515,1.0,NATURAL_VEGETATION_DOMINANT,False,SUCCESS,
SATF-0373,11.666,79.683,2026-09-14 08:09:00+00:00,1,2.27,0.456,N09E078,10,Tree Cover,0.8572240345154162,0.11240660843944017,0.8572240345154162,0.026833631484794274,0.0008418394191308007,0.0026938861412185624,0.0,0.0,0.0,0.0,0.0,47515,1.0,NATURAL_VEGETATION_DOMINANT,False,SUCCESS,
SATF-0366,12.267,76.796,2026-09-14 08:09:00+00:00,1,3.22,0.559,N12E075,10,Tree Cover,0.34107124066084393,0.2855729769546459,0.34107124066084393,0.004735346732610755,0.3407555508786699,0.025591918341576345,0.002272966431653162,0.0,0.0,0.0,0.0,47515,1.0,NATURAL_VEGETATION_DOMINANT,False,SUCCESS,
SATF-0361,11.793,79.612,2026-09-14 08:09:00+00:00,1,3.64,0.59,N09E078,40,Cropland,0.45093128485741346,0.45093128485741346,0.4224771124907924,0.033947174576449544,0.03447332421340629,0.057076712617068294,0.001094391244870041,0.0,0.0,0.0,0.0,47515,1.0,CROPLAND_PRESENT,True,SUCCESS,
SATF-0376,15.182,76.655,2026-09-14 08:11:00+00:00,3,9.66,0.834,N15E075,60,Bare/Sparse Vegetation,0.42834497862133697,0.0,0.18904995307122746,0.008426321827093545,0.006862029408697466,0.36700385858796536,0.42834497862133697,0.00031285848367921577,0.0,0.0,0.0,47945,1.0,MIXED_OR_OTHER,False,SUCCESS,
SATF-0374,14.604,77.211,2026-09-14 08:11:00+00:00,1,21.52,0.875,N12E075,40,Cropland,0.7124621962665554,0.7124621962665554,0.01760350401501721,0.2401710293044113,0.0011262905412451768,0.025091250391073103,0.0035457294816977785,0.0,0.0,0.0,0.0,47945,1.0,CROPLAND_DOMINANT,True,SUCCESS,
SATF-0375,14.389,77.893,2026-09-14 08:11:00+00:00,1,11.93,0.856,N12E075,40,Cropland,0.7700698717280217,0.7700698717280217,0.03574929606841172,0.17171759307539888,0.021149233496714985,0.0,0.0013140056314527061,0.0,0.0,0.0,0.0,47945,1.0,CROPLAND_DOMINANT,True,SUCCESS,
SATF-0377,19.098,82.167,2026-09-14 08:11:00+00:00,1,9.25,0.829,N18E081,50,Built-up,0.4182187468264446,0.13201990453945364,0.12539859855793642,0.018726515690057885,0.15224941606580686,0.4182187468264446,0.14717172742967402,0.006215090890626587,0.0,0.0,0.0,49235,1.0,MIXED_OR_OTHER,False,SUCCESS,
SATF-0382,14.571,77.653,2026-09-14 08:11:00+00:00,1,7.58,0.702,N12E075,40,Cropland,0.8685577223902388,0.8685577223902388,0.03299614141203462,0.05621024090103243,0.002461153404943164,0.039628741266033995,0.00014600062571696736,0.0,0.0,0.0,0.0,47945,1.0,CROPLAND_DOMINANT,True,SUCCESS,
SATF-0379,20.964,86.008,2026-09-14 08:11:00+00:00,1,8.81,0.818,N18E084,50,Built-up,0.4070069465418303,0.03787375415282392,0.2164099466425048,0.0,0.04302828953991745,0.4070069465418303,0.28962045706231754,0.006060606060606061,0.0,0.0,0.0,49665,1.0,MIXED_OR_OTHER,False,SUCCESS,
SATF-0378,14.766,77.71,2026-09-14 08:11:00+00:00,1,9.17,0.826,N12E075,40,Cropland,0.6337261445406195,0.6337261445406195,0.03891959536969444,0.07510689331525706,0.004984878506622171,0.020961518406507458,0.004692877255188237,0.22160809260611117,0.0,0.0,0.0,47945,1.0,CROPLAND_DOMINANT,True,SUCCESS,
SATF-0381,15.474,79.149,2026-09-14 08:11:00+00:00,1,8.35,0.808,N15E078,40,Cropland,0.8285952654082803,0.8285952654082803,0.04878506622171238,0.09442069037438731,0.0034623005527166543,0.024256961101261864,0.0004797163416414642,0.0,0.0,0.0,0.0,47945,1.0,CROPLAND_DOMINANT,True,SUCCESS,
SATF-0383,16.691,78.934,2026-09-14 08:11:00+00:00,1,7.22,0.782,N15E078,30,Grassland,0.5662842377260981,0.2328062015503876,0.07375710594315245,0.01337467700258398,0.5662842377260981,0.10240826873385013,0.010956072351421188,0.00041343669250645994,0.0,0.0,0.0,48375,1.0,NATURAL_VEGETATION_DOMINANT,False,SUCCESS,
SATF-0380,16.405,78.52,2026-09-14 08:11:00+00:00,1,8.68,0.815,N15E078,40,Cropland,0.9250232558139535,0.9250232558139535,0.04128165374677003,0.006594315245478036,0.02710077519379845,0.0,0.0,0.0,0.0,0.0,0.0,48375,1.0,CROPLAND_DOMINANT,True,SUCCESS,
SATF-0393,18.77,74.967,2026-09-14 08:11:00+00:00,1,2.15,0.35,N18E072,40,Cropland,0.7386128470443603,0.7386128470443603,0.0012908513471980329,0.03657412150394427,0.20327835262780453,0.016822046921421984,0.0034217805552709765,0.0,0.0,0.0,0.0,48805,1.0,CROPLAND_DOMINANT,True,SUCCESS,
SATF-0390,18.602,74.458,2026-09-14 08:11:00+00:00,1,3.17,0.553,N18E072,40,Cropland,0.9456613051941399,0.9456613051941399,0.015346788238909947,0.0024177850630058397,0.03126728818768569,0.004671652494621452,2.0489703923778303e-05,0.000614691117713349,0.0,0.0,0.0,48805,1.0,CROPLAND_DOMINANT,True,SUCCESS,
SATF-0388,14.394,76.736,2026-09-14 08:11:00+00:00,1,3.71,0.594,N12E075,40,Cropland,0.535738867452289,0.535738867452289,0.07710918761080404,0.25441651892793826,0.03259985399937428,0.07078944624048389,0.009260611116904786,0.020085514652205653,0.0,0.0,0.0,47945,1.0,CROPLAND_DOMINANT,True,SUCCESS,
SATF-0386,20.862,84.988,2026-09-14 08:11:00+00:00,1,4.83,0.678,N18E084,10,Tree Cover,0.4403503473270915,0.09372797744890768,0.4403503473270915,0.0,0.17527433806503573,0.26606261955099164,0.014638075103191383,0.00994664250478204,0.0,0.0,0.0,49665,1.0,NATURAL_VEGETATION_DOMINANT,False,SUCCESS,
SATF-0387,15.335,75.166,2026-09-14 08:11:00+00:00,1,4.51,0.57,N15E075,40,Cropland,0.6634685577223902,0.6634685577223902,0.045114193346542916,0.06098654708520179,0.09425383251642507,0.12971112733340287,0.006465741996037126,0.0,0.0,0.0,0.0,47945,1.0,CROPLAND_DOMINANT,True,SUCCESS,
SATF-0389,16.264,76.487,2026-09-14 08:11:00+00:00,1,3.37,0.483,N15E075,40,Cropland,0.4199276485788114,0.4199276485788114,0.1173953488372093,0.37004651162790697,0.0355968992248062,0.0035142118863049094,0.05112144702842377,0.0023979328165374676,0.0,0.0,0.0,48375,1.0,CROPLAND_PRESENT,True,SUCCESS,
SATF-0384,14.335,77.18,2026-09-14 08:11:00+00:00,1,6.65,0.673,N12E075,40,Cropland,0.7598081134633434,0.7598081134633434,0.0018980081343205756,0.2106789029095839,0.02540410887475232,0.0,0.0022108666179997912,0.0,0.0,0.0,0.0,47945,1.0,CROPLAND_DOMINANT,True,SUCCESS,
SATF-0392,16.047,77.647,2026-09-14 08:11:00+00:00,1,2.74,0.515,N15E075,40,Cropland,0.8820671834625323,0.8820671834625323,0.017839793281653745,0.06131266149870801,0.015751937984496124,0.020919896640826875,0.0017571059431524547,0.000351421188630491,0.0,0.0,0.0,48375,1.0,CROPLAND_DOMINANT,True,SUCCESS,
SATF-0385,16.252,78.43,2026-09-14 08:11:00+00:00,1,5.07,0.687,N15E078,40,Cropland,0.8553385012919896,0.8553385012919896,0.04115762273901809,0.015069767441860464,0.056868217054263565,0.012795865633074936,0.000330749354005168,0.018439276485788112,0.0,0.0,0.0,48375,1.0,CROPLAND_DOMINANT,True,SUCCESS,
SATF-0394,15.776,74.877,2026-09-14 08:11:00+00:00,1,1.82,0.304,N15E072,40,Cropland,0.8386356589147287,0.8386356589147287,0.10677002583979328,0.022304909560723514,0.0036589147286821707,0.023276485788113695,0.00012403100775193799,0.005147286821705426,8.2687338501292e-05,0.0,0.0,48375,1.0,CROPLAND_DOMINANT,True,SUCCESS,
SATF-0395,21.761,84.025,2026-09-14 08:13:00+00:00,2,6.13,0.741,N21E084,50,Built-up,0.5321489170575906,0.14755963669028846,0.08651562032138936,0.0,0.04361712745783012,0.5321489170575906,0.1784808863159996,0.011677812156901887,0.0,0.0,0.0,50095,1.0,BUILT_UP_DOMINANT,False,SUCCESS,
SATF-0397,23.693,85.37,2026-09-14 08:13:00+00:00,1,4.19,0.637,N21E084,10,Tree Cover,0.38551212271152896,0.03770410687778328,0.38551212271152896,0.0044928253339930726,0.26206828302820384,0.13674418604651162,0.09809005442850074,0.07538842157347847,0.0,0.0,0.0,50525,1.0,NATURAL_VEGETATION_DOMINANT,False,SUCCESS,
SATF-0401,31.744,75.014,2026-09-14 08:16:00+00:00,1,5.87,0.727,N30E075,40,Cropland,0.9211508410699513,0.9211508410699513,0.02612372460704109,5.515212795293685e-05,0.0011581946870116739,0.0514385513374391,7.35361706039158e-05,0.0,0.0,0.0,0.0,54395,1.0,CROPLAND_DOMINANT,True,SUCCESS,
SATF-0402,31.43,75.182,2026-09-14 08:16:00+00:00,1,5.69,0.718,N30E075,40,Cropland,0.9471091092931335,0.9471091092931335,0.03119772037871128,0.005018843643717253,0.005938045776266201,0.010736280908171707,0.0,0.0,0.0,0.0,0.0,54395,1.0,CROPLAND_DOMINANT,True,SUCCESS,
SATF-0400,31.593,75.044,2026-09-14 08:16:00+00:00,1,6.8,0.767,N30E075,40,Cropland,0.8345068480558875,0.8345068480558875,0.058865704568434596,0.0034562000183840425,0.012832061770383308,0.08859270153506756,0.0017464840518430003,0.0,0.0,0.0,0.0,54395,1.0,CROPLAND_DOMINANT,True,SUCCESS,
SATF-0418,27.436,70.562,2026-09-14 09:09:00+00:00,1,4.29,0.644,N27E069,60,Bare/Sparse Vegetation,0.7169681309216193,0.14661690113886497,0.05613934347784477,0.06241745621590583,0.0022968705139247776,0.00019140587616039813,0.7169681309216193,0.01536989185567997,0.0,0.0,0.0,52245,1.0,MIXED_OR_OTHER,False,SUCCESS,
SATF-0421,27.959,96.96,2026-09-14 18:58:00+00:00,3,2.59,0.498,N27E096,10,Tree Cover,0.8444233507356431,0.00011390602752728998,0.8444233507356431,0.0,0.08400569530137636,0.00039867109634551497,0.012795443758898909,0.05826293308020883,0.0,0.0,0.0,52675,1.0,NATURAL_VEGETATION_DOMINANT,False,SUCCESS,
SATF-0429,22.584,85.9,2026-09-14 19:00:00+00:00,12,3.2,0.556,N21E084,40,Cropland,0.40387264198023753,0.40387264198023753,0.11901387364008384,0.0,0.21018065675217087,0.10042918454935622,0.09428086635392753,0.07222277672422397,0.0,0.0,0.0,50095,1.0,CROPLAND_PRESENT,True,SUCCESS,
SATF-0428,22.789,86.202,2026-09-14 19:00:00+00:00,13,3.3,0.566,N21E084,50,Built-up,0.8475097315101308,0.0012975346841002096,0.0539974049306318,0.0,0.0004990518015770037,0.8475097315101308,0.07629503942509233,0.02040123764846791,0.0,0.0,0.0,50095,1.0,BUILT_UP_DOMINANT,False,SUCCESS,
SATF-0422,23.75,86.391,2026-09-14 19:00:00+00:00,101,8.08,0.803,N21E084,10,Tree Cover,0.3443443839683325,0.08890648193963384,0.3443443839683325,0.0,0.282889658584859,0.18345373577436913,0.07903018307768432,0.02137555665512123,0.0,0.0,0.0,50525,1.0,NATURAL_VEGETATION_DOMINANT,False,SUCCESS,
SATF-0423,23.679,86.091,2026-09-14 19:00:00+00:00,18,7.31,0.784,N21E084,50,Built-up,0.5573280554181098,0.02050470064324592,0.22169223156853043,0.0,0.007798119742701633,0.5573280554181098,0.18151410192973774,0.011162790697674419,0.0,0.0,0.0,50525,1.0,BUILT_UP_DOMINANT,False,SUCCESS,
SATF-0424,23.685,87.123,2026-09-14 19:00:00+00:00,32,4.44,0.653,N21E087,40,Cropland,0.2824938149430975,0.2824938149430975,0.2672142503711034,0.0,0.14097971301335974,0.09931716971796141,0.18377041068777833,0.026224641266699655,0.0,0.0,0.0,50525,1.0,MIXED_OR_OTHER,False,SUCCESS,
SATF-0425,23.548,87.247,2026-09-14 19:00:00+00:00,9,3.96,0.619,N21E087,50,Built-up,0.5664324591786244,0.030737258782780802,0.35734784760019794,0.0,0.0075804057397328055,0.5664324591786244,0.017812963879267688,0.011815932706580901,0.008273132112815438,0.0,0.0,50525,1.0,BUILT_UP_DOMINANT,False,SUCCESS,
SATF-0426,23.778,86.203,2026-09-14 19:00:00+00:00,16,3.79,0.601,N21E084,60,Bare/Sparse Vegetation,0.4294903513112321,0.028579910935180603,0.16279069767441862,0.0,0.2830479960415636,0.08079168728352301,0.4294903513112321,0.015299356754082137,0.0,0.0,0.0,50525,1.0,MIXED_OR_OTHER,False,SUCCESS,
SATF-0427,23.561,87.085,2026-09-14 19:00:00+00:00,4,3.34,0.571,N21E087,40,Cropland,0.47251855517070757,0.47251855517070757,0.28235526966848096,0.0,0.09911924789708065,0.058881741712023754,0.07934685799109352,0.007778327560613558,0.0,0.0,0.0,50525,1.0,CROPLAND_PRESENT,True,SUCCESS,
SATF-0431,25.477,94.443,2026-09-14 19:00:00+00:00,2,3.06,0.544,N24E093,10,Tree Cover,0.9672277902111511,0.0,0.9672277902111511,3.8921864357302715e-05,0.03273328792449158,0.0,0.0,0.0,0.0,0.0,0.0,51385,1.0,NATURAL_VEGETATION_DOMINANT,False,SUCCESS,
SATF-0433,24.117,86.861,2026-09-14 19:00:00+00:00,4,2.33,0.465,N24E084,30,Grassland,0.40033362771072517,0.08391718182710234,0.17085663821018546,0.005809047198508488,0.40033362771072517,0.10552448238641939,0.21385536257482093,0.01970366009223825,0.0,0.0,0.0,50955,1.0,NATURAL_VEGETATION_DOMINANT,False,SUCCESS,
SATF-0434,23.669,86.932,2026-09-14 19:00:00+00:00,5,2.17,0.444,N21E084,50,Built-up,0.4481147946561108,0.008253339930727363,0.42513607125185554,0.0,0.008253339930727363,0.4481147946561108,0.03653636813458684,0.07370608609599208,0.0,0.0,0.0,50525,1.0,MIXED_OR_OTHER,False,SUCCESS,
SATF-0435,23.617,86.794,2026-09-14 19:00:00+00:00,8,1.99,0.417,N21E084,10,Tree Cover,0.42664027709054925,0.3785254824344384,0.42664027709054925,0.0,0.04797624938149431,0.093419099455715,0.04176150420583869,0.011677387431964375,0.0,0.0,0.0,50525,1.0,CROPLAND_PRESENT,True,SUCCESS,
SATF-0436,22.874,86.061,2026-09-14 19:00:00+00:00,3,1.97,0.414,N21E084,10,Tree Cover,0.5074957580596866,0.36474698073660045,0.5074957580596866,0.0,0.06347938916059487,0.028945004491466215,0.029004890707655454,0.0063279768439964065,0.0,0.0,0.0,50095,1.0,CROPLAND_PRESENT,True,SUCCESS,
SATF-0441,25.541,91.237,2026-09-14 19:00:00+00:00,2,0.72,0.216,N24E090,30,Grassland,0.6453245110440791,0.08609516395835361,0.2301255230125523,0.0,0.6453245110440791,0.020842658363335605,0.01737861243553566,0.0002335311861438163,0.0,0.0,0.0,51385,1.0,NATURAL_VEGETATION_DOMINANT,False,SUCCESS,
SATF-0430,22.804,86.089,2026-09-14 19:00:00+00:00,8,3.2,0.556,N21E084,40,Cropland,0.40425192134943605,0.40425192134943605,0.2804271883421499,0.0,0.02820640782513225,0.1969657650464118,0.075217087533686,0.014931629903183951,0.0,0.0,0.0,50095,1.0,CROPLAND_PRESENT,True,SUCCESS,
SATF-0432,23.648,85.437,2026-09-14 19:00:00+00:00,5,3.01,0.542,N21E084,30,Grassland,0.30218703612073233,0.2835230084116774,0.2249777337951509,0.0005541810984661059,0.30218703612073233,0.08775853537852549,0.05617021276595745,0.04482929242949035,0.0,0.0,0.0,50525,1.0,NATURAL_VEGETATION_DOMINANT,False,SUCCESS,
SATF-0448,21.077,85.041,2026-09-14 19:02:00+00:00,13,4.8,0.676,N21E084,60,Bare/Sparse Vegetation,0.2937883821604752,0.19961743682673916,0.1357293868921776,0.00048323769254001814,0.24653176281083258,0.029376824725661936,0.2937883821604752,0.09447296889157354,0.0,0.0,0.0,49665,1.0,MIXED_OR_OTHER,False,SUCCESS,
SATF-0444,20.97,86.015,2026-09-14 19:02:00+00:00,20,6.89,0.771,N18E084,50,Built-up,0.7225208899627504,0.01733615221987315,0.08933856840833584,0.0,0.006020336252894392,0.7225208899627504,0.13423940400684586,0.030544649149300312,0.0,0.0,0.0,49665,1.0,BUILT_UP_DOMINANT,False,SUCCESS,
SATF-0445,20.967,85.176,2026-09-14 19:02:00+00:00,15,6.01,0.736,N18E084,60,Bare/Sparse Vegetation,0.4328400281888654,0.01427564683378637,0.1321252391019833,0.0,0.10647337158965066,0.013087687506292158,0.4328400281888654,0.30119802677942215,0.0,0.0,0.0,49665,1.0,MIXED_OR_OTHER,False,SUCCESS,
SATF-0446,22.053,88.125,2026-09-14 19:02:00+00:00,6,5.71,0.72,N21E087,10,Tree Cover,0.41722726819043815,0.05755065375786007,0.41722726819043815,0.0,0.009382173869647669,0.17933925541471205,0.059866254117177366,0.2766343946501647,0.0,0.0,0.0,50095,1.0,MIXED_OR_OTHER,False,SUCCESS,
SATF-0449,22.371,87.29,2026-09-14 19:02:00+00:00,19,4.75,0.673,N21E087,10,Tree Cover,0.38055694181055993,0.35085337858069665,0.38055694181055993,0.0005789000898293242,0.028925042419403135,0.11460225571414313,0.10068869148617626,0.023794789899191537,0.0,0.0,0.0,50095,1.0,CROPLAND_PRESENT,True,SUCCESS,
SATF-0450,20.783,85.269,2026-09-14 19:02:00+00:00,29,3.84,0.607,N18E084,10,Tree Cover,0.33021242323567906,0.18761703412866204,0.33021242323567906,0.0,0.1349038558340884,0.2905869324473976,0.031933957515352863,0.024745796838820094,0.0,0.0,0.0,49665,1.0,MIXED_OR_OTHER,False,SUCCESS,
SATF-0451,21.926,85.222,2026-09-14 19:02:00+00:00,5,2.73,0.512,N21E084,10,Tree Cover,0.313584190038926,0.30785507535682205,0.313584190038926,0.0003393552250723625,0.12795688192434373,0.04339754466513624,0.2006986725222078,0.006168280267491766,0.0,0.0,0.0,50095,1.0,CROPLAND_PRESENT,True,SUCCESS,
SATF-0452,22.364,87.018,2026-09-14 19:02:00+00:00,8,2.52,0.488,N21E087,10,Tree Cover,0.6037728316199221,0.23918554745982634,0.6037728316199221,0.004391655853877632,0.018005789000898293,0.05136241141830522,0.0826629404132149,0.0006188242339554846,0.0,0.0,0.0,50095,1.0,NATURAL_VEGETATION_DOMINANT,False,SUCCESS,
SATF-0447,20.876,84.987,2026-09-14 19:02:00+00:00,17,5.0,0.684,N18E084,10,Tree Cover,0.43153125943823617,0.014638075103191383,0.43153125943823617,0.0,0.037309976844860565,0.42826940501359106,0.0817477096546864,0.006503573945434411,0.0,0.0,0.0,49665,1.0,MIXED_OR_OTHER,False,SUCCESS,
SATF-0468,24.926,84.152,2026-09-14 19:55:00+00:00,4,1.23,0.312,N24E084,40,Cropland,0.7352369738004121,0.7352369738004121,0.06766754979884211,1.9625159454420567e-05,0.05283092925130017,0.1335884604062408,0.010342459032479639,0.00031400255127072906,0.0,0.0,0.0,50955,1.0,CROPLAND_DOMINANT,True,SUCCESS,
SATF-0454,23.166,82.339,2026-09-14 19:55:00+00:00,6,3.34,0.571,N21E081,10,Tree Cover,0.3784463137060861,0.02260267194458189,0.3784463137060861,0.0004948045522018803,0.35679366650173183,0.03910935180603661,0.20037605145967344,0.0021771400296882733,0.0,0.0,0.0,50525,1.0,NATURAL_VEGETATION_DOMINANT,False,SUCCESS,
SATF-0456,23.784,85.561,2026-09-14 19:55:00+00:00,8,3.09,0.547,N21E084,10,Tree Cover,0.49415141019297376,0.00615536862939139,0.49415141019297376,0.0,0.1682929242949035,0.14582879762493814,0.152102919346858,0.03346857991093518,0.0,0.0,0.0,50525,1.0,NATURAL_VEGETATION_DOMINANT,False,SUCCESS,
SATF-0457,28.745,76.926,2026-09-14 19:55:00+00:00,2,2.58,0.496,N27E075,40,Cropland,0.6131371618414808,0.6131371618414808,0.02447081158044613,0.05985761746559089,0.08123398196487898,0.011751305173232083,0.2074608448030375,0.00208827717133365,0.0,0.0,0.0,52675,1.0,CROPLAND_DOMINANT,True,SUCCESS,
SATF-0458,23.757,85.853,2026-09-14 19:55:00+00:00,5,2.36,0.47,N21E084,30,Grassland,0.29409203364670955,0.1770014844136566,0.183156853043048,0.00021771400296882732,0.29409203364670955,0.10636318654131618,0.22070262246412667,0.01846610588817417,0.0,0.0,0.0,50525,1.0,MIXED_OR_OTHER,False,SUCCESS,
SATF-0459,23.582,86.726,2026-09-14 19:55:00+00:00,1,2.33,0.465,N21E084,40,Cropland,0.4065512122711529,0.4065512122711529,0.18956952003958435,0.0,0.3754181098466106,0.011103414151410192,0.0026719445818901536,0.014685799109351807,0.0,0.0,0.0,50525,1.0,CROPLAND_PRESENT,True,SUCCESS,
SATF-0467,23.483,87.362,2026-09-14 19:55:00+00:00,1,1.42,0.34,N21E087,10,Tree Cover,0.3635823849579416,0.26869866402770903,0.3635823849579416,0.0,0.016843146956952004,0.2794458189015339,0.05106382978723404,0.02036615536862939,0.0,0.0,0.0,50525,1.0,MIXED_OR_OTHER,False,SUCCESS,
SATF-0461,24.196,82.717,2026-09-14 19:55:00+00:00,3,2.27,0.456,N24E081,30,Grassland,0.3830831125502895,0.02561083308801884,0.32316750073594347,0.003179275831616132,0.3830831125502895,0.034795407712687666,0.22331468943185162,0.006849180649592778,0.0,0.0,0.0,50955,1.0,NATURAL_VEGETATION_DOMINANT,False,SUCCESS,
SATF-0463,26.644,79.479,2026-09-14 19:55:00+00:00,2,2.05,0.425,N24E078,40,Cropland,0.4086461449387243,0.4086461449387243,0.15040046318633601,0.0004631863360030879,0.08401042169256007,0.32015825533146774,0.036302229084242015,1.929943066679533e-05,0.0,0.0,0.0,51815,1.0,CROPLAND_PRESENT,True,SUCCESS,
SATF-0464,25.575,92.521,2026-09-14 19:55:00+00:00,1,2.01,0.42,N24E090,10,Tree Cover,0.7160649995134767,0.10065194122798482,0.7160649995134767,0.0,0.16825921961661963,0.013097207356232364,0.0013038824559696409,0.0006227498297168434,0.0,0.0,0.0,51385,1.0,NATURAL_VEGETATION_DOMINANT,False,SUCCESS,
SATF-0465,22.245,87.389,2026-09-14 19:55:00+00:00,2,1.84,0.396,N21E087,40,Cropland,0.6397844096217188,0.6397844096217188,0.1974847789200519,0.00017965864856772133,0.04972552150913265,0.08845194131150813,0.019662640982133946,0.004711049006886915,0.0,0.0,0.0,50095,1.0,CROPLAND_DOMINANT,True,SUCCESS,
SATF-0466,24.182,82.66,2026-09-14 19:55:00+00:00,1,1.79,0.39,N24E081,60,Bare/Sparse Vegetation,0.40376803061524874,0.20111863408890196,0.02635658914728682,0.0010205082916298694,0.24158571288391717,0.10756549896967912,0.40376803061524874,0.018585026003336277,0.0,0.0,0.0,50955,1.0,MIXED_OR_OTHER,False,SUCCESS,
SATF-0460,23.73,85.011,2026-09-14 19:55:00+00:00,5,2.31,0.462,N21E084,60,Bare/Sparse Vegetation,0.4667194458189015,0.07604156358238495,0.07540821375556656,0.004512617516081148,0.3470757050964869,0.023572488866897577,0.4667194458189015,0.006669965363681346,0.0,0.0,0.0,50525,1.0,MIXED_OR_OTHER,False,SUCCESS,
SATF-0455,23.693,85.336,2026-09-14 19:55:00+00:00,8,3.15,0.551,N21E084,10,Tree Cover,0.4703612073231074,0.05175655616031667,0.4703612073231074,0.013993072736269173,0.3198416625432954,0.025967342899554675,0.019099455714992577,0.09898070262246413,0.0,0.0,0.0,50525,1.0,NATURAL_VEGETATION_DOMINANT,False,SUCCESS,
SATF-0481,28.71,76.854,2026-09-14 19:55:00+00:00,1,0.7,0.214,N27E075,40,Cropland,0.8446131941148552,0.8446131941148552,0.03143806359753203,0.07610821072615093,0.0074608448030374945,5.695301376364499e-05,0.005372567631703845,0.0053915519696250596,0.02955861414333175,0.0,0.0,52675,1.0,CROPLAND_DOMINANT,True,SUCCESS,
SATF-0462,28.357,77.227,2026-09-14 19:55:00+00:00,6,2.08,0.43,N27E075,40,Cropland,0.9166587565258661,0.9166587565258661,0.024224015187470336,0.0032653061224489797,0.02014238253440911,0.031210251542477457,0.0044992880873279545,0.0,0.0,0.0,0.0,52675,1.0,CROPLAND_DOMINANT,True,SUCCESS,
SATF-0478,25.037,87.388,2026-09-14 19:55:00+00:00,1,0.82,0.235,N24E087,40,Cropland,0.3512314787557649,0.3512314787557649,0.06939456383083112,9.812579727210283e-05,0.10960651555293886,0.048591894809145324,0.32858404474536357,0.09249337650868414,0.0,0.0,0.0,50955,1.0,CROPLAND_PRESENT,True,SUCCESS,
SATF-0476,28.895,78.855,2026-09-14 19:55:00+00:00,2,0.83,0.236,N27E078,40,Cropland,0.6077958760945297,0.6077958760945297,0.39113077864607854,0.00011298371151492326,0.00045193484605969304,0.0005084267018171547,0.0,0.0,0.0,0.0,0.0,53105,1.0,CROPLAND_DOMINANT,True,SUCCESS,
SATF-0473,23.657,85.508,2026-09-14 19:55:00+00:00,1,1.03,0.269,N21E084,10,Tree Cover,0.44403760514596735,0.21694210786739238,0.44403760514596735,0.0,0.05753587333003464,0.26497773379515094,0.013874319643740722,0.002632360217714003,0.0,0.0,0.0,50525,1.0,NATURAL_VEGETATION_DOMINANT,False,SUCCESS,
SATF-0474,23.666,84.997,2026-09-14 19:55:00+00:00,2,1.0,0.263,N21E084,30,Grassland,0.46877783275606133,0.09520039584364176,0.16261256803562593,0.029886194952993567,0.46877783275606133,0.1267095497278575,0.09122216724393864,0.025591291439881248,0.0,0.0,0.0,50525,1.0,NATURAL_VEGETATION_DOMINANT,False,SUCCESS,
SATF-0475,23.612,87.147,2026-09-14 19:55:00+00:00,1,0.98,0.258,N21E087,10,Tree Cover,0.39485403265710045,0.19251855517070757,0.39485403265710045,0.0,0.07778327560613557,0.1912320633349827,0.0837605145967343,0.059851558634339434,0.0,0.0,0.0,50525,1.0,MIXED_OR_OTHER,False,SUCCESS,
SATF-0469,23.774,85.997,2026-09-14 19:55:00+00:00,1,1.17,0.299,N21E084,10,Tree Cover,0.43916872835230086,0.010628401781296388,0.43916872835230086,0.0,0.23372587827808017,0.1820484908461158,0.092370113805047,0.042058386937159825,0.0,0.0,0.0,50525,1.0,NATURAL_VEGETATION_DOMINANT,False,SUCCESS,
SATF-0477,22.901,88.409,2026-09-14 19:55:00+00:00,1,0.83,0.236,N21E087,50,Built-up,0.4670757050964869,0.011637803067788223,0.2704205838693716,0.0,0.007263730826323602,0.4670757050964869,0.008708560118753093,0.2348936170212766,0.0,0.0,0.0,50525,1.0,MIXED_OR_OTHER,False,SUCCESS,
SATF-0471,23.83,85.479,2026-09-14 19:55:00+00:00,5,1.15,0.294,N21E084,30,Grassland,0.45219198416625433,0.21464621474517565,0.20500742206828304,0.003364670954972786,0.45219198416625433,0.019119247897080652,0.08093023255813954,0.024740227610094014,0.0,0.0,0.0,50525,1.0,NATURAL_VEGETATION_DOMINANT,False,SUCCESS,
SATF-0479,22.872,88.212,2026-09-14 19:55:00+00:00,1,0.77,0.225,N21E087,40,Cropland,0.6891306517616529,0.6891306517616529,0.19772432378480886,0.0,0.015470605848887115,0.0896895897794191,0.0054895698173470404,0.0017965864856772133,0.0006986725222078052,0.0,0.0,50095,1.0,CROPLAND_DOMINANT,True,SUCCESS,
SATF-0482,24.118,86.351,2026-09-14 19:55:00+00:00,1,0.68,0.21,N24E084,40,Cropland,0.39766460602492393,0.39766460602492393,0.3477578255323325,0.0,0.1327445785497007,0.05259542733784712,0.052516926700029436,0.016720635855166324,0.0,0.0,0.0,50955,1.0,CROPLAND_PRESENT,True,SUCCESS,
SATF-0483,23.745,85.506,2026-09-14 19:55:00+00:00,1,0.62,0.203,N21E084,30,Grassland,0.38143493320138544,0.12617516081147948,0.37143988124690747,0.0039584364176150424,0.38143493320138544,0.0973181593270658,0.01272637308263236,0.006947055912914399,0.0,0.0,0.0,50525,1.0,NATURAL_VEGETATION_DOMINANT,False,SUCCESS,
SATF-0484,23.55,86.542,2026-09-14 19:55:00+00:00,3,0.6,0.201,N21E084,40,Cropland,0.415794161306284,0.415794161306284,0.26477981197427014,0.0,0.18293913904007916,0.06028698664027709,0.06561108362196932,0.010588817417120238,0.0,0.0,0.0,50525,1.0,CROPLAND_PRESENT,True,SUCCESS,
SATF-0485,23.806,86.642,2026-09-14 19:55:00+00:00,1,0.55,0.195,N21E084,40,Cropland,0.37832756061355766,0.37832756061355766,0.26683819891142996,0.0,0.2595546759030183,0.08522513607125186,0.005937654626422563,0.004116773874319643,0.0,0.0,0.0,50525,1.0,CROPLAND_PRESENT,True,SUCCESS,
SATF-0486,23.828,84.571,2026-09-14 19:55:00+00:00,1,0.4,0.186,N21E084,40,Cropland,0.5230677882236516,0.5230677882236516,0.17434933201385452,0.008233547748639287,0.2843740722414646,0.0008312716476991588,0.00855022266204849,0.0005937654626422563,0.0,0.0,0.0,50525,1.0,CROPLAND_DOMINANT,True,SUCCESS,
SATF-0470,23.833,84.943,2026-09-14 19:55:00+00:00,2,1.16,0.297,N21E084,30,Grassland,0.5587728847105393,0.3066600692726373,0.00021771400296882732,0.0,0.5587728847105393,0.030321622958931222,0.07986145472538347,0.02416625432953983,0.0,0.0,0.0,50525,1.0,CROPLAND_PRESENT,True,SUCCESS,
SATF-0490,21.922,83.348,2026-09-14 19:57:00+00:00,8,5.93,0.732,N21E081,50,Built-up,0.4850583890607845,0.07060584888711448,0.2516019562830622,0.0,0.038506837009681605,0.4850583890607845,0.12394450543966463,0.030282463319692584,0.0,0.0,0.0,50095,1.0,MIXED_OR_OTHER,False,SUCCESS,
SATF-0491,17.604,83.197,2026-09-14 19:57:00+00:00,6,4.94,0.682,N15E081,50,Built-up,0.699354574326401,0.005839565618276816,0.2628214322303043,0.0,0.0013318307550455896,0.699354574326401,0.029976436840487654,0.0006761602294846839,0.0,0.0,0.0,48805,1.0,BUILT_UP_DOMINANT,False,SUCCESS,
SATF-0493,21.187,81.396,2026-09-14 19:57:00+00:00,9,4.27,0.642,N21E081,50,Built-up,0.7983489378838216,0.010268800966475386,0.14102486660626196,0.0,0.004449813752139334,0.7983489378838216,0.0444780026175375,0.0014295781737642202,0.0,0.0,0.0,49665,1.0,BUILT_UP_DOMINANT,False,SUCCESS,
SATF-0492,22.031,83.739,2026-09-14 19:57:00+00:00,9,4.56,0.662,N21E081,10,Tree Cover,0.4962371494161094,0.046930831420301425,0.4962371494161094,0.0015969657650464117,0.169118674518415,0.012596067471803573,0.20588881125860864,0.06763150014971554,0.0,0.0,0.0,50095,1.0,NATURAL_VEGETATION_DOMINANT,False,SUCCESS,
SATF-0495,21.371,81.676,2026-09-14 19:57:00+00:00,10,3.87,0.611,N21E081,10,Tree Cover,0.2938689217758985,0.19494613913218564,0.2938689217758985,0.0,0.052854122621564484,0.2581697372395047,0.14108527131782947,0.05907580791301722,0.0,0.0,0.0,49665,1.0,MIXED_OR_OTHER,False,SUCCESS,
SATF-0498,21.305,81.598,2026-09-14 19:57:00+00:00,4,2.23,0.453,N21E081,40,Cropland,0.5477499244941105,0.5477499244941105,0.07170039263062519,0.0,0.09129165408235175,0.17402597402597403,0.09213732004429678,0.0230947347226417,0.0,0.0,0.0,49665,1.0,CROPLAND_DOMINANT,True,SUCCESS,
SATF-0497,21.731,84.026,2026-09-14 19:57:00+00:00,16,2.43,0.478,N21E084,30,Grassland,0.3866254117177363,0.3019662640982134,0.16452739794390658,3.992414412616029e-05,0.3866254117177363,0.11809561832518216,0.015670226569517914,0.013075157201317496,0.0,0.0,0.0,50095,1.0,CROPLAND_PRESENT,True,SUCCESS,
SATF-0499,21.984,83.233,2026-09-14 19:57:00+00:00,3,2.18,0.446,N21E081,50,Built-up,0.27513723924543365,0.23487373989420102,0.23008284259906178,0.0,0.13368599660644775,0.27513723924543365,0.0828625611338457,0.04335762052101008,0.0,0.0,0.0,50095,1.0,MIXED_OR_OTHER,False,SUCCESS,
SATF-0494,22.005,82.67,2026-09-14 19:57:00+00:00,4,3.93,0.615,N21E081,10,Tree Cover,0.3693382573111089,0.1496356921848488,0.3693382573111089,0.0,0.15402734803872642,0.09765445653258809,0.14330771534085238,0.08603653059187544,0.0,0.0,0.0,50095,1.0,NATURAL_VEGETATION_DOMINANT,False,SUCCESS,
SATF-0489,21.759,83.849,2026-09-14 19:57:00+00:00,28,7.23,0.903,N21E081,60,Bare/Sparse Vegetation,0.4860764547360016,0.004770935223076155,0.28302225771035033,0.0005789000898293242,0.18590677712346543,0.009921149815350833,0.4860764547360016,0.02972352530192634,0.0,0.0,0.0,50095,1.0,MIXED_OR_OTHER,False,SUCCESS,
SATF-0496,22.329,82.602,2026-09-14 19:57:00+00:00,4,3.31,0.568,N21E081,60,Bare/Sparse Vegetation,0.5634694081245634,0.07218285258009781,0.03261802575107296,0.0,0.18407026649366204,0.04477492763748877,0.5634694081245634,0.10288451941311508,0.0,0.0,0.0,50095,1.0,MIXED_OR_OTHER,False,SUCCESS,
SATF-0500,20.957,85.012,2026-09-14 19:57:00+00:00,4,2.15,0.44,N18E084,60,Bare/Sparse Vegetation,0.3331521191986308,0.093204469948656,0.17422732306453237,0.00595993154132689,0.3129970804389409,0.024846471358099264,0.3331521191986308,0.05561260444981375,0.0,0.0,0.0,49665,1.0,MIXED_OR_OTHER,False,SUCCESS,
SATF-0488,22.357,82.303,2026-09-14 19:57:00+00:00,3,7.36,0.786,N21E081,40,Cropland,0.39363209901187746,0.39363209901187746,0.2530192633995409,0.0014572312606048509,0.1864257909971055,0.007425890807465815,0.14885717137438867,0.009182553149016868,0.0,0.0,0.0,50095,1.0,CROPLAND_PRESENT,True,SUCCESS,
SATF-0504,21.672,82.08,2026-09-14 19:57:00+00:00,2,1.75,0.383,N21E081,40,Cropland,0.35342796738145577,0.35342796738145577,0.133131984294775,0.0014698479814758884,0.21816168327796234,0.25122319540924193,0.02979965770663445,0.012785663948454646,0.0,0.0,0.0,49665,1.0,CROPLAND_PRESENT,True,SUCCESS,
SATF-0501,22.211,84.865,2026-09-14 19:57:00+00:00,5,2.11,0.434,N21E084,50,Built-up,0.6529593771833516,0.006308014771933327,0.3204711049006887,0.0,0.002016169278371095,0.6529593771833516,0.015470605848887115,0.0027747280167681404,0.0,0.0,0.0,50095,1.0,BUILT_UP_DOMINANT,False,SUCCESS,
SATF-0505,21.878,83.496,2026-09-14 19:57:00+00:00,1,1.65,0.375,N21E081,10,Tree Cover,0.4085637289150614,0.3350633795788003,0.4085637289150614,0.0,0.08060684699071764,0.07573610140732608,0.07879029843297734,0.021239644675117277,0.0,0.0,0.0,50095,1.0,CROPLAND_PRESENT,True,SUCCESS,
SATF-0506,21.487,81.769,2026-09-14 19:57:00+00:00,3,1.61,0.366,N21E081,40,Cropland,0.5048021745696164,0.5048021745696164,0.11726568005637773,0.0,0.14783046410953388,0.1030101681264472,0.11295681063122924,0.01413470250679553,0.0,0.0,0.0,49665,1.0,CROPLAND_DOMINANT,True,SUCCESS,
SATF-0507,21.959,83.784,2026-09-14 19:57:00+00:00,4,1.58,0.359,N21E081,60,Bare/Sparse Vegetation,0.32745783012276675,0.042678910070865356,0.3208503842698872,0.00043916558538776326,0.2994310809462022,0.0029344245932727817,0.32745783012276675,0.006208204411617926,0.0,0.0,0.0,50095,1.0,NATURAL_VEGETATION_DOMINANT,False,SUCCESS,
SATF-0511,17.063,76.978,2026-09-14 19:57:00+00:00,1,1.04,0.271,N15E075,50,Built-up,0.324031007751938,0.09581395348837209,0.217343669250646,0.05980361757105943,0.0328062015503876,0.324031007751938,0.11822222222222223,0.15197932816537468,0.0,0.0,0.0,48375,1.0,MIXED_OR_OTHER,False,SUCCESS,
SATF-0508,21.839,83.981,2026-09-14 19:57:00+00:00,6,1.54,0.355,N21E081,40,Cropland,0.46180257510729616,0.46180257510729616,0.18660544964567322,0.0014173071164786904,0.25144225970655754,0.0782313604152111,0.006687294141131849,0.013813753867651463,0.0,0.0,0.0,50095,1.0,CROPLAND_PRESENT,True,SUCCESS,
SATF-0512,21.766,85.58,2026-09-14 19:57:00+00:00,1,0.73,0.218,N21E084,40,Cropland,0.5107096516618425,0.5107096516618425,0.276714242938417,0.0,0.07801177762251722,0.048787304122167884,0.08491865455634295,0.0008583690987124463,0.0,0.0,0.0,50095,1.0,CROPLAND_DOMINANT,True,SUCCESS,
SATF-0513,21.968,85.314,2026-09-14 19:57:00+00:00,2,0.73,0.218,N21E084,10,Tree Cover,0.35628306218185446,0.2277472801676814,0.35628306218185446,0.007006687294141132,0.23016269088731411,0.0067871045014472504,0.16596466713244834,0.006048507835113285,0.0,0.0,0.0,50095,1.0,NATURAL_VEGETATION_DOMINANT,False,SUCCESS,
SATF-0503,21.877,83.552,2026-09-14 19:57:00+00:00,3,1.88,0.402,N21E081,10,Tree Cover,0.5240043916558539,0.21193731909372193,0.5240043916558539,0.0,0.08689489969058788,0.13149016867950894,0.04395648268290248,0.0017167381974248926,0.0,0.0,0.0,50095,1.0,NATURAL_VEGETATION_DOMINANT,False,SUCCESS,
SATF-0509,21.802,82.04,2026-09-14 19:57:00+00:00,1,1.26,0.317,N21E081,40,Cropland,0.5955684200019962,0.5955684200019962,0.10731609941111887,0.009262401437269188,0.26050504042319594,0.02271683800778521,0.001497155404731011,0.003134045313903583,0.0,0.0,0.0,50095,1.0,CROPLAND_DOMINANT,True,SUCCESS,
SATF-0502,22.036,83.357,2026-09-14 19:57:00+00:00,4,2.08,0.43,N21E081,10,Tree Cover,0.7635891805569418,0.023355624313803773,0.7635891805569418,0.0,0.015829923146022558,0.006487673420501048,0.17820141730711647,0.012536181255614332,0.0,0.0,0.0,50095,1.0,NATURAL_VEGETATION_DOMINANT,False,SUCCESS,
SATF-0510,22.206,84.558,2026-09-14 19:57:00+00:00,3,1.19,0.303,N21E084,40,Cropland,0.4008982932428386,0.4008982932428386,0.321549056792095,0.00015969657650464117,0.1809961073959477,0.0775326878930033,0.015450643776824034,0.0034135143227867052,0.0,0.0,0.0,50095,1.0,CROPLAND_PRESENT,True,SUCCESS,
SATF-0517,15.171,76.378,2026-09-14 20:00:00+00:00,6,2.11,0.434,N15E075,10,Tree Cover,0.3161747836062155,0.2774846177912191,0.3161747836062155,0.051559078110334756,0.04060903118156221,0.1853582229638127,0.12407967462717698,0.004734591719678799,0.0,0.0,0.0,47945,1.0,MIXED_OR_OTHER,False,SUCCESS,
SATF-0518,13.711,79.618,2026-09-14 20:00:00+00:00,1,1.61,0.366,N12E078,40,Cropland,0.5437440808165842,0.5437440808165842,0.16554772177207197,0.09302325581395349,0.034052404503840894,0.10371461643691465,0.059917920656634746,0.0,0.0,0.0,0.0,47515,1.0,CROPLAND_DOMINANT,True,SUCCESS,
SATF-0514,15.176,76.671,2026-09-14 20:00:00+00:00,26,7.59,0.913,N15E075,60,Bare/Sparse Vegetation,0.5116279069767442,0.0032120137657732817,0.11602878298049848,0.024715820210658046,0.02342267181145062,0.32099280425487536,0.5116279069767442,0.0,0.0,0.0,0.0,47945,1.0,MIXED_OR_OTHER,False,SUCCESS,
SATF-0516,13.16,80.285,2026-09-14 20:00:00+00:00,3,2.64,0.503,N12E078,50,Built-up,0.5969904240766074,0.03870356729453857,0.25627696516889403,0.0034515416184362833,0.04421761548984531,0.5969904240766074,0.01946753656739977,0.015174155529832685,0.025718194254445964,0.0,0.0,47515,1.0,BUILT_UP_DOMINANT,False,SUCCESS,
SATF-0515,15.023,78.013,2026-09-14 20:00:00+00:00,2,5.57,0.712,N15E078,50,Built-up,0.2857649389925957,0.2534779434769006,0.13352800083428928,0.2745437480446345,0.024528105120450516,0.2857649389925957,0.02815726353112942,0.0,0.0,0.0,0.0,47945,1.0,MIXED_OR_OTHER,False,SUCCESS,
SATF-0523,14.993,76.848,2026-09-14 20:00:00+00:00,1,0.33,0.182,N12E075,40,Cropland,0.6235531660131947,0.6235531660131947,0.04301176249618482,0.17427746343295847,0.05869509074261029,0.007559927687648205,0.09290258962740357,0.0,0.0,0.0,0.0,42593,0.8883720930232558,CROPLAND_DOMINANT,True,SUCCESS,
SATF-0521,15.228,76.761,2026-09-14 20:00:00+00:00,2,1.2,0.306,N15E075,40,Cropland,0.6767754718948795,0.6767754718948795,0.04108874752320367,0.1579518197935134,0.07506517885076651,0.026551256648242778,0.022379810199186567,0.00018771509020752946,0.0,0.0,0.0,47945,1.0,CROPLAND_DOMINANT,True,SUCCESS,
SATF-0522,13.394,80.101,2026-09-14 20:00:00+00:00,1,0.99,0.261,N12E078,10,Tree Cover,0.31356413764074503,0.2519625381458487,0.31356413764074503,0.07618646743133747,0.26094917394507,0.07138798274229191,0.012880143112701253,0.012332947490266232,0.0007366094917394507,0.0,0.0,47515,1.0,NATURAL_VEGETATION_DOMINANT,False,SUCCESS,
SATF-0520,15.013,76.898,2026-09-14 20:00:00+00:00,1,1.33,0.33,N15E075,20,Shrubland,0.3381583063927417,0.29512983627072686,0.15640838460736262,0.3381583063927417,0.09996871415163208,0.01787464803420586,0.0924601105433309,0.0,0.0,0.0,0.0,47945,1.0,NATURAL_VEGETATION_DOMINANT,False,SUCCESS,
SATF-0519,15.11,76.806,2026-09-14 20:00:00+00:00,3,1.47,0.347,N15E075,20,Shrubland,0.570466159140682,0.22830326415684637,0.08230263843987903,0.570466159140682,0.0575659609969757,0.008906038168735008,0.05245593909688184,0.0,0.0,0.0,0.0,47945,1.0,NATURAL_VEGETATION_DOMINANT,False,SUCCESS,
SATF-0536,27.668,76.133,2026-09-14 20:40:00+00:00,3,2.34,0.468,N27E075,40,Cropland,0.4809072638530003,0.4809072638530003,0.04113312278686956,0.011120681404919132,0.044635850320604846,0.3692602162886401,0.04808115609149201,0.0048617092544741124,0.0,0.0,0.0,52245,1.0,CROPLAND_PRESENT,True,SUCCESS,
SATF-0535,26.702,77.851,2026-09-14 20:40:00+00:00,1,2.59,0.498,N24E075,30,Grassland,0.45183827077101224,0.3066293544340442,0.052262858245681755,0.0,0.45183827077101224,0.13791373154491943,0.029489530058863265,0.02186625494547911,0.0,0.0,0.0,51815,1.0,CROPLAND_PRESENT,True,SUCCESS,
SATF-0537,28.663,77.578,2026-09-14 20:40:00+00:00,3,1.88,0.402,N27E075,40,Cropland,0.5063692453725677,0.5063692453725677,0.03977218794494542,0.00030374940673943995,0.09300427147603227,0.3104318936877076,0.027527289985761746,0.022591362126245847,0.0,0.0,0.0,52675,1.0,CROPLAND_DOMINANT,True,SUCCESS,
SATF-0540,30.265,75.172,2026-09-14 20:40:00+00:00,1,1.14,0.292,N30E075,10,Tree Cover,0.31413094237414774,0.2593069954235547,0.31413094237414774,0.07107499766507892,0.019912206967404502,0.18514990193331465,0.04469972914915476,0.10572522648734473,0.0,0.0,0.0,53535,1.0,MIXED_OR_OTHER,False,SUCCESS,
SATF-0532,24.529,81.168,2026-09-14 20:40:00+00:00,1,3.08,0.546,N24E081,40,Cropland,0.4546560690805613,0.4546560690805613,0.04741438524188009,0.00013737611618094397,0.149602590521048,0.22955549013835738,0.10764399960749681,0.010990089294475518,0.0,0.0,0.0,50955,1.0,CROPLAND_PRESENT,True,SUCCESS,
SATF-0538,27.289,73.839,2026-09-14 20:40:00+00:00,2,1.8,0.391,N27E072,40,Cropland,0.9993300794334387,0.9993300794334387,0.0,0.00024882763900851756,0.000306249401856637,0.0,0.00011484352569623887,0.0,0.0,0.0,0.0,52245,1.0,CROPLAND_DOMINANT,True,SUCCESS,
SATF-0539,24.157,82.58,2026-09-14 20:40:00+00:00,2,1.45,0.344,N24E081,30,Grassland,0.46329113924050636,0.14033951525856148,0.036286919831223625,0.0007653812187224022,0.46329113924050636,0.0063781768226866846,0.3493278382886861,0.0036110293396133843,0.0,0.0,0.0,50955,1.0,NATURAL_VEGETATION_DOMINANT,False,SUCCESS,
SATF-0542,30.851,75.949,2026-09-14 20:40:00+00:00,1,0.96,0.256,N30E075,40,Cropland,0.3636245714815158,0.3636245714815158,0.16229037339016028,0.01801167423329936,0.0964884647456685,0.3393681089595108,0.019809135550819975,0.0004076716390252942,0.0,0.0,0.0,53965,1.0,CROPLAND_PRESENT,True,SUCCESS,
SATF-0547,26.256,74.095,2026-09-14 20:40:00+00:00,1,0.57,0.196,N24E072,40,Cropland,0.8884878896072566,0.8884878896072566,0.005461738878703078,0.09310045353662066,0.003107208337354048,0.002875615169352504,0.006967094470713114,0.0,0.0,0.0,0.0,51815,1.0,CROPLAND_DOMINANT,True,SUCCESS,
SATF-0548,26.605,73.683,2026-09-14 20:40:00+00:00,1,0.56,0.195,N24E072,40,Cropland,0.6904950303966033,0.6904950303966033,0.02393129402682621,0.07053941908713693,0.002161536234681077,0.2021229373733475,0.009765511917398436,0.0009842709640065618,0.0,0.0,0.0,51815,1.0,CROPLAND_DOMINANT,True,SUCCESS,
SATF-0544,29.123,75.78,2026-09-14 20:40:00+00:00,1,0.81,0.233,N27E075,50,Built-up,0.44442142924395067,0.34313153187082196,0.08599943508144242,0.03316071932962998,0.051803031729592317,0.44442142924395067,0.025797947462574147,0.015685905281988512,0.0,0.0,0.0,53105,1.0,CROPLAND_PRESENT,True,SUCCESS,
SATF-0546,28.836,77.138,2026-09-14 20:40:00+00:00,1,0.59,0.199,N27E075,40,Cropland,0.6820450051784201,0.6820450051784201,0.06345918463421524,0.00450051784201111,0.08051972507296865,0.15162414085302703,0.017342999717540723,0.0005084267018171547,0.0,0.0,0.0,53105,1.0,CROPLAND_DOMINANT,True,SUCCESS,
SATF-0545,28.932,77.4,2026-09-14 20:40:00+00:00,1,0.64,0.206,N27E075,40,Cropland,0.933998681856699,0.933998681856699,0.0351944261368986,0.0006967328876753601,0.01625082383956313,0.01280482063835797,0.0010545146408059505,0.0,0.0,0.0,0.0,53105,1.0,CROPLAND_DOMINANT,True,SUCCESS,
SATF-0541,29.91,74.949,2026-09-14 20:40:00+00:00,1,1.09,0.286,N27E072,40,Cropland,0.44576445316148317,0.44576445316148317,0.09928084430746241,0.014177640795741103,0.017521247781824973,0.35279723545344166,0.06121229102456337,0.009246287475483329,0.0,0.0,0.0,53535,1.0,CROPLAND_PRESENT,True,SUCCESS,
SATF-0551,21.574,82.024,2026-09-14 20:42:00+00:00,1,1.99,0.417,N21E081,10,Tree Cover,0.3660122822913521,0.27556629417094536,0.3660122822913521,0.0003422933655491795,0.03948454646129065,0.28331823215544144,0.033645424343098765,0.0016309272123225611,0.0,0.0,0.0,49665,1.0,MIXED_OR_OTHER,False,SUCCESS,
SATF-0549,22.312,82.53,2026-09-14 20:42:00+00:00,1,3.37,0.573,N21E081,60,Bare/Sparse Vegetation,0.338476893901587,0.24441561034035333,0.03351631899391157,0.0,0.2511029044814852,0.0656552550154706,0.338476893901587,0.06683301726719233,0.0,0.0,0.0,50095,1.0,MIXED_OR_OTHER,False,SUCCESS,
SATF-0553,21.79,80.016,2026-09-14 20:42:00+00:00,1,0.92,0.249,N21E078,40,Cropland,0.5259606747180358,0.5259606747180358,0.31807565625311907,0.00011977243237848088,0.10058888112586087,0.014133147020660744,0.02437368998902086,0.016748178460924246,0.0,0.0,0.0,50095,1.0,CROPLAND_DOMINANT,True,SUCCESS,
SATF-0550,22.22,84.755,2026-09-14 20:42:00+00:00,3,2.14,0.438,N21E084,40,Cropland,0.3212496257111488,0.3212496257111488,0.31769637688392055,0.0,0.040922247729314305,0.15213095119273382,0.1314103203912566,0.03659047809162591,0.0,0.0,0.0,50095,1.0,CROPLAND_PRESENT,True,SUCCESS,
SATF-0554,21.73,82.216,2026-09-14 20:42:00+00:00,1,0.79,0.229,N21E081,30,Grassland,0.3872442359516918,0.11560035931729713,0.26541571015071364,0.0054895698173470404,0.3872442359516918,0.18550753568220382,0.03589180556941811,0.004850783511328476,0.0,0.0,0.0,50095,1.0,NATURAL_VEGETATION_DOMINANT,False,SUCCESS,
SATF-0555,22.019,83.301,2026-09-14 20:42:00+00:00,1,0.72,0.216,N21E081,10,Tree Cover,0.47889010879329275,0.3413713943507336,0.47889010879329275,0.0,0.06447749276374888,0.041700768539774426,0.06411817546661343,0.00944206008583691,0.0,0.0,0.0,50095,1.0,CROPLAND_PRESENT,True,SUCCESS,
SATF-0552,22.135,85.383,2026-09-14 20:42:00+00:00,1,1.45,0.344,N21E084,10,Tree Cover,0.811198722427388,0.05234055294939615,0.811198722427388,0.0002595069368200419,0.05771035033436471,0.014532388461922348,0.05267990817446851,0.011278570715640283,0.0,0.0,0.0,50095,1.0,NATURAL_VEGETATION_DOMINANT,False,SUCCESS,
SATF-0557,14.586,78.581,2026-09-14 20:44:00+00:00,1,4.38,0.648,N12E078,50,Built-up,0.2789654812806341,0.19140682031494421,0.18706851600792576,0.22849097924705392,0.06067368860152258,0.2789654812806341,0.04828449264782563,0.005110021900093857,0.0,0.0,0.0,47945,1.0,MIXED_OR_OTHER,False,SUCCESS,
SATF-0558,15.334,76.264,2026-09-14 20:44:00+00:00,2,3.78,0.599,N15E075,40,Cropland,0.4082803212013766,0.4082803212013766,0.09404526019397226,0.17759933256856816,0.14912921055375952,0.04934821149233497,0.09177182187923663,0.029825842110751902,0.0,0.0,0.0,47945,1.0,CROPLAND_PRESENT,True,SUCCESS,
SATF-0559,15.18,77.104,2026-09-14 20:44:00+00:00,1,2.31,0.462,N15E075,40,Cropland,0.5648555636667014,0.5648555636667014,0.17572218166649287,0.07247888205235166,0.009677755761810408,0.055459380540202316,0.11068933152570654,0.011116904786734801,0.0,0.0,0.0,47945,1.0,CROPLAND_DOMINANT,True,SUCCESS,
SATF-0560,18.687,73.037,2026-09-14 20:44:00+00:00,9,1.82,0.394,N18E072,50,Built-up,0.6089130212068435,0.013687122221083906,0.08259399651675034,0.0,0.006905030222313288,0.6089130212068435,0.15787316873271182,0.08353652289724413,0.0,0.046491138203052965,0.0,48805,1.0,BUILT_UP_DOMINANT,False,SUCCESS,
SATF-0564,31.262,76.927,2026-09-14 21:33:00+00:00,1,0.66,0.208,N30E075,10,Tree Cover,0.5837301222538837,0.043220884272451514,0.5837301222538837,0.0,0.28153322915709167,0.08105524404816619,0.010460520268407023,0.0,0.0,0.0,0.0,54395,1.0,NATURAL_VEGETATION_DOMINANT,False,SUCCESS,
SATF-0572,26.89,93.042,2026-09-15 06:14:00+00:00,1,1.66,0.376,N24E093,40,Cropland,0.6350863649522339,0.6350863649522339,0.207449580237383,0.0019106436360127375,0.15551481231303677,3.859886133359066e-05,0.0,0.0,0.0,0.0,0.0,51815,1.0,CROPLAND_DOMINANT,True,SUCCESS,
SATF-0574,18.337,83.599,2026-09-15 07:07:00+00:00,1,3.31,0.568,N18E081,10,Tree Cover,0.5614383772154492,0.3708021719086159,0.5614383772154492,4.0979407847556605e-05,0.045425673599016496,0.021903493494519005,0.00038930437455178774,0.0,0.0,0.0,0.0,48805,1.0,CROPLAND_PRESENT,True,SUCCESS,
SATF-0575,18.266,83.815,2026-09-15 07:07:00+00:00,1,2.77,0.517,N18E081,10,Tree Cover,0.4538059625038418,0.18209199877061777,0.4538059625038418,0.0014752586825120377,0.2922446470648499,0.042188300379059525,0.02811187378342383,8.195881569511321e-05,0.0,0.0,0.0,48805,1.0,NATURAL_VEGETATION_DOMINANT,False,SUCCESS,
SATF-0579,23.702,86.398,2026-09-15 07:09:00+00:00,10,11.53,0.853,N21E084,10,Tree Cover,0.5229688273132113,0.11148936170212766,0.5229688273132113,0.0,0.12124690747154873,0.21951509153884216,0.021850569025235033,0.002929242949035131,0.0,0.0,0.0,50525,1.0,NATURAL_VEGETATION_DOMINANT,False,SUCCESS,
SATF-0581,22.373,87.287,2026-09-15 07:09:00+00:00,3,11.29,0.85,N21E087,40,Cropland,0.3756263100109791,0.3756263100109791,0.3298133546262102,0.0,0.028685497554646174,0.125281964267891,0.12244735003493362,0.018145523505339854,0.0,0.0,0.0,50095,1.0,CROPLAND_PRESENT,True,SUCCESS,
SATF-0582,20.795,85.254,2026-09-15 07:09:00+00:00,2,10.81,0.845,N18E084,50,Built-up,0.5959730192288332,0.04616933454142756,0.3055068962045706,0.0,0.020114768951978255,0.5959730192288332,0.02748414376321353,0.004751837309976845,0.0,0.0,0.0,49665,1.0,BUILT_UP_DOMINANT,False,SUCCESS,
SATF-0578,20.965,85.178,2026-09-15 07:09:00+00:00,10,15.0,0.867,N18E084,60,Bare/Sparse Vegetation,0.4584113560857747,0.023255813953488372,0.10474176985804892,0.0,0.15004530353367562,0.0239806704922984,0.4584113560857747,0.23956508607671398,0.0,0.0,0.0,49665,1.0,MIXED_OR_OTHER,False,SUCCESS,
SATF-0583,21.077,85.038,2026-09-15 07:09:00+00:00,3,10.74,0.844,N21E084,60,Bare/Sparse Vegetation,0.26755260243632334,0.2251686298197926,0.13353468237189167,0.0012483640390617136,0.2560555723346421,0.046652572233967585,0.26755260243632334,0.06978757676432094,0.0,0.0,0.0,49665,1.0,MIXED_OR_OTHER,False,SUCCESS,
SATF-0584,23.68,86.097,2026-09-15 07:09:00+00:00,1,9.88,0.837,N21E084,50,Built-up,0.4800791687283523,0.03160811479465611,0.32079168728352303,0.0,0.013240969816922316,0.4800791687283523,0.12043542800593765,0.033844631370608606,0.0,0.0,0.0,50525,1.0,MIXED_OR_OTHER,False,SUCCESS,
SATF-0593,22.052,88.126,2026-09-15 07:09:00+00:00,2,5.39,0.702,N21E087,80,Permanent Water,0.3654057291146821,0.05034434574308813,0.3543866653358619,0.0,0.011178760355324883,0.1597764247928935,0.05890807465814952,0.3654057291146821,0.0,0.0,0.0,50095,1.0,MIXED_OR_OTHER,False,SUCCESS,
SATF-0586,23.779,86.21,2026-09-15 07:09:00+00:00,2,9.47,0.83,N21E084,30,Grassland,0.349727857496289,0.0333696190004948,0.21159821870361206,3.958436417615042e-05,0.349727857496289,0.06384957941613063,0.3179416130628402,0.0234735279564572,0.0,0.0,0.0,50525,1.0,NATURAL_VEGETATION_DOMINANT,False,SUCCESS,
SATF-0588,26.186,91.809,2026-09-15 07:09:00+00:00,3,6.4,0.754,N24E090,50,Built-up,0.6169063012641127,0.012448132780082987,0.35725176107304835,0.0,0.005500337740036669,0.6169063012641127,0.007893467142719289,0.0,0.0,0.0,0.0,51815,1.0,BUILT_UP_DOMINANT,False,SUCCESS,
SATF-0591,23.755,85.854,2026-09-15 07:09:00+00:00,2,5.93,0.732,N21E084,30,Grassland,0.27724888668975756,0.10632360217714003,0.21488372093023256,9.896091044037604e-05,0.27724888668975756,0.09830776843146957,0.2606036615536863,0.04253339930727363,0.0,0.0,0.0,50525,1.0,MIXED_OR_OTHER,False,SUCCESS,
SATF-0600,8.768,77.334,2026-09-15 07:50:00+00:00,2,5.34,0.7,N06E075,10,Tree Cover,0.7372836359774875,0.020601040671126686,0.7372836359774875,0.06475522990336625,0.17364341085271318,0.00012742911755336096,0.003589253477753,0.0,0.0,0.0,0.0,47085,1.0,NATURAL_VEGETATION_DOMINANT,False,SUCCESS,
SATF-0610,10.03,76.726,2026-09-15 07:52:00+00:00,1,4.59,0.665,N09E075,10,Tree Cover,0.9818838271211638,0.005755548476160136,0.9818838271211638,0.0,0.0037379207815652544,0.001295529361792503,0.003589253477753,0.0037379207815652544,0.0,0.0,0.0,47085,1.0,NATURAL_VEGETATION_DOMINANT,False,SUCCESS,
SATF-0601,14.999,77.216,2026-09-15 07:52:00+00:00,1,14.44,0.776,N12E075,40,Cropland,0.9258017108188566,0.9258017108188566,0.0,0.047593925462561706,0.012171684817424727,0.013189132155104194,0.0012435467460526811,0.0,0.0,0.0,0.0,26537,0.5534883720930233,CROPLAND_DOMINANT,True,SUCCESS,
SATF-0602,10.207,79.011,2026-09-15 07:52:00+00:00,1,8.73,0.726,N09E078,40,Cropland,0.5621960284591696,0.5621960284591696,0.0678560050971647,0.12762026122969097,0.16665604757353722,0.030306891791441012,0.04381437825209727,0.0015503875968992248,0.0,0.0,0.0,47085,1.0,CROPLAND_DOMINANT,True,SUCCESS,
SATF-0603,9.854,76.45,2026-09-15 07:52:00+00:00,1,7.48,0.789,N09E075,10,Tree Cover,0.8587660613783583,0.11570563873845173,0.8587660613783583,0.0,0.00949346925772539,0.007051077837952639,0.0,0.0052458320059466925,0.0037379207815652544,0.0,0.0,47085,1.0,NATURAL_VEGETATION_DOMINANT,False,SUCCESS,
SATF-0604,15.449,75.323,2026-09-15 07:52:00+00:00,1,6.95,0.683,N15E075,40,Cropland,0.8285118364792992,0.8285118364792992,0.08737094587548232,0.019793513400771717,0.03518615079778913,0.026843257899676714,0.001230576702471582,0.0010637188445093335,0.0,0.0,0.0,47945,1.0,CROPLAND_DOMINANT,True,SUCCESS,
SATF-0605,16.743,80.724,2026-09-15 07:52:00+00:00,1,6.76,0.767,N15E078,10,Tree Cover,0.417922480620155,0.3406925064599483,0.417922480620155,0.21101808785529716,0.029746770025839794,0.00020671834625322997,0.00041343669250645994,0.0,0.0,0.0,0.0,48375,1.0,CROPLAND_PRESENT,True,SUCCESS,
SATF-0606,15.121,76.078,2026-09-15 07:52:00+00:00,1,6.6,0.672,N15E075,40,Cropland,0.7404317447074773,0.7404317447074773,0.01789550526645114,0.22119094796120556,0.00615288351235791,0.009406611742621755,0.002899155282094066,0.00027114401918865367,0.0017520075086036083,0.0,0.0,47945,1.0,CROPLAND_DOMINANT,True,SUCCESS,
SATF-0608,13.379,76.377,2026-09-15 07:52:00+00:00,1,5.35,0.701,N12E075,40,Cropland,0.4216142270861833,0.4216142270861833,0.3443965063664106,0.141155424602757,0.060065242554982634,0.03127433442070925,0.0011996211722613912,0.00018941386930443018,0.0001052299273913501,0.0,0.0,47515,1.0,CROPLAND_PRESENT,True,SUCCESS,
SATF-0609,15.178,76.657,2026-09-15 07:52:00+00:00,1,5.12,0.69,N15E075,60,Bare/Sparse Vegetation,0.48490979247053917,0.0001251433934716863,0.18227135259151112,0.006820314944206904,0.008217749504640734,0.31732193137970593,0.48490979247053917,0.0003337157159244968,0.0,0.0,0.0,47945,1.0,MIXED_OR_OTHER,False,SUCCESS,
SATF-0612,12.902,76.295,2026-09-15 07:52:00+00:00,2,3.87,0.611,N12E075,40,Cropland,0.39640113648321584,0.39640113648321584,0.28837209302325584,0.08630958644638535,0.19932652846469537,0.024939492791749975,0.0012206671577396611,0.0034304956329580132,0.0,0.0,0.0,47515,1.0,CROPLAND_PRESENT,True,SUCCESS,
SATF-0613,15.32,75.172,2026-09-15 07:52:00+00:00,2,3.18,0.553,N15E075,40,Cropland,0.9359891542392325,0.9359891542392325,0.0026071540306601315,0.0019397225988111377,0.029241839607884033,0.02842840755031807,0.0017937219730941704,0.0,0.0,0.0,0.0,47945,1.0,CROPLAND_DOMINANT,True,SUCCESS,
SATF-0614,15.501,76.21,2026-09-15 07:52:00+00:00,1,3.03,0.453,N15E075,40,Cropland,0.8871415163207842,0.8871415163207842,0.005318594222546668,0.06849515069350297,0.01545520909375326,0.0150797789133382,0.008405464594848264,0.00010428616122640526,0.0,0.0,0.0,47945,1.0,CROPLAND_DOMINANT,True,SUCCESS,
SATF-0615,11.968,78.918,2026-09-15 07:52:00+00:00,1,2.81,0.522,N09E078,40,Cropland,0.5825739240239924,0.5825739240239924,0.26553719877933285,0.049626433757760706,0.0533515731874145,0.04066084394401768,2.104598547827002e-05,0.0,0.008228980322003579,0.0,0.0,47515,1.0,CROPLAND_DOMINANT,True,SUCCESS,
SATF-0616,16.927,80.814,2026-09-15 07:52:00+00:00,1,2.77,0.517,N15E078,10,Tree Cover,0.6391937984496124,0.27429457364341087,0.6391937984496124,0.007131782945736434,0.07832558139534884,0.0008888888888888889,0.000165374677002584,0.0,0.0,0.0,0.0,48375,1.0,NATURAL_VEGETATION_DOMINANT,False,SUCCESS,
SATF-0617,16.859,80.815,2026-09-15 07:52:00+00:00,1,2.48,0.394,N15E078,10,Tree Cover,0.5792454780361758,0.30207751937984495,0.5792454780361758,0.020423772609819122,0.0975297157622739,0.0,0.000537467700258398,0.00018604651162790697,0.0,0.0,0.0,48375,1.0,CROPLAND_PRESENT,True,SUCCESS,
SATF-0618,14.881,75.682,2026-09-15 07:52:00+00:00,1,2.17,0.354,N12E075,40,Cropland,0.952278652622797,0.952278652622797,0.006611742621754093,0.008843466471999165,0.028032120137657733,0.0017520075086036083,0.002482010637188445,0.0,0.0,0.0,0.0,47945,1.0,CROPLAND_DOMINANT,True,SUCCESS,
SATF-0619,15.163,75.67,2026-09-15 07:52:00+00:00,1,0.75,0.131,N15E075,40,Cropland,0.6431536135154865,0.6431536135154865,0.024382104494733547,0.3073730315987068,0.014641777036187298,0.010011471477734905,0.0004380018771509021,0.0,0.0,0.0,0.0,47945,1.0,CROPLAND_DOMINANT,True,SUCCESS,
SATF-0611,17.864,83.368,2026-09-15 07:52:00+00:00,2,4.32,0.646,N15E081,10,Tree Cover,0.6114127650855445,0.14941092101219136,0.6114127650855445,0.0,0.12281528531912714,0.10793976027046409,0.0026636615100911793,0.0032373732199569715,0.002520233582624731,0.0,0.0,48805,1.0,NATURAL_VEGETATION_DOMINANT,False,SUCCESS,
SATF-0628,17.692,75.541,2026-09-15 07:54:00+00:00,1,5.14,0.602,N15E075,40,Cropland,0.8931666837414199,0.8931666837414199,0.04382747669296179,0.004733121606392787,0.01844073353140047,0.0388074992316361,0.001024485196188915,0.0,0.0,0.0,0.0,48805,1.0,CROPLAND_DOMINANT,True,SUCCESS,
SATF-0626,24.198,82.716,2026-09-15 07:54:00+00:00,1,5.54,0.709,N24E081,10,Tree Cover,0.319458345599058,0.014973996663722892,0.319458345599058,0.003081150034344029,0.3100971445392994,0.037621430674124226,0.3070356196644098,0.007732312825041703,0.0,0.0,0.0,50955,1.0,NATURAL_VEGETATION_DOMINANT,False,SUCCESS,
SATF-0624,17.261,76.817,2026-09-15 07:54:00+00:00,1,6.43,0.665,N15E075,40,Cropland,0.7846821705426357,0.7846821705426357,0.058873385012919895,0.00841343669250646,0.09103875968992248,0.04562273901808785,0.011348837209302326,2.0671834625323e-05,0.0,0.0,0.0,48375,1.0,CROPLAND_DOMINANT,True,SUCCESS,
SATF-0627,23.165,82.34,2026-09-15 07:54:00+00:00,1,5.19,0.693,N21E081,10,Tree Cover,0.40203859475507175,0.021989114299851557,0.40203859475507175,0.0006333498268184068,0.35372587827808016,0.04083127164769916,0.1786046511627907,0.0021771400296882733,0.0,0.0,0.0,50525,1.0,NATURAL_VEGETATION_DOMINANT,False,SUCCESS,
SATF-0622,22.358,82.304,2026-09-15 07:54:00+00:00,1,6.96,0.774,N21E081,40,Cropland,0.33200918255314904,0.33200918255314904,0.3136241141830522,0.0018165485577402935,0.18942010180656751,0.01071963269787404,0.14414612236750174,0.008264297834115182,0.0,0.0,0.0,50095,1.0,CROPLAND_PRESENT,True,SUCCESS,
SATF-0621,23.501,91.714,2026-09-15 07:54:00+00:00,2,11.96,0.856,N21E090,10,Tree Cover,0.7915091538842157,0.2055022266204849,0.7915091538842157,0.0,0.0002375061850569025,0.002751113310242454,0.0,0.0,0.0,0.0,0.0,50525,1.0,NATURAL_VEGETATION_DOMINANT,False,SUCCESS,
SATF-0620,21.753,83.845,2026-09-15 07:54:00+00:00,4,15.49,0.867,N21E081,60,Bare/Sparse Vegetation,0.4212995308913065,0.006507635492564128,0.287932927437868,0.0008184449545862861,0.2591476195229065,0.004631200718634594,0.4212995308913065,0.019662640982133946,0.0,0.0,0.0,50095,1.0,NATURAL_VEGETATION_DOMINANT,False,SUCCESS,
SATF-0623,17.168,76.215,2026-09-15 07:54:00+00:00,1,6.81,0.678,N15E075,40,Cropland,0.8748527131782946,0.8748527131782946,0.02918863049095607,0.0037209302325581397,0.039917312661498706,0.002108527131782946,0.0006821705426356589,0.0495297157622739,0.0,0.0,0.0,48375,1.0,CROPLAND_DOMINANT,True,SUCCESS,
SATF-0632,23.696,85.369,2026-09-15 07:54:00+00:00,1,3.64,0.59,N21E084,10,Tree Cover,0.4115190499752598,0.06992577931716971,0.4115190499752598,0.00380009896091044,0.28209797130133596,0.07182582879762493,0.08983671449777338,0.07099455714992578,0.0,0.0,0.0,50525,1.0,NATURAL_VEGETATION_DOMINANT,False,SUCCESS,
SATF-0625,20.824,75.083,2026-09-15 07:54:00+00:00,1,5.84,0.726,N18E075,40,Cropland,0.829860062418202,0.829860062418202,0.10733917245545152,0.018846270009060705,0.01900734923990738,0.008960032215846169,0.003865901540320145,0.012121212121212121,0.0,0.0,0.0,49665,1.0,CROPLAND_DOMINANT,True,SUCCESS,
SATF-0634,23.787,85.553,2026-09-15 07:54:00+00:00,1,3.18,0.553,N21E084,10,Tree Cover,0.4295497278574963,0.005086590796635329,0.4295497278574963,0.0,0.17425037110341415,0.1483424047501237,0.2028698664027709,0.03990103908955962,0.0,0.0,0.0,50525,1.0,NATURAL_VEGETATION_DOMINANT,False,SUCCESS,
SATF-0637,18.412,74.763,2026-09-15 07:54:00+00:00,1,2.17,0.444,N18E072,40,Cropland,0.8152853191271386,0.8152853191271386,0.08945804733121607,0.01147423419731585,0.0024177850630058397,0.006331318512447495,8.195881569511321e-05,0.07495133695318103,0.0,0.0,0.0,48805,1.0,CROPLAND_DOMINANT,True,SUCCESS,
SATF-0636,21.192,81.415,2026-09-15 07:54:00+00:00,1,2.49,0.485,N21E081,10,Tree Cover,0.45474680358401287,0.12411154736736132,0.45474680358401287,2.0134903855834088e-05,0.06753246753246753,0.2740159065740461,0.06837813349441256,0.011195006543843753,0.0,0.0,0.0,49665,1.0,NATURAL_VEGETATION_DOMINANT,False,SUCCESS,
SATF-0635,18.311,75.881,2026-09-15 07:54:00+00:00,1,2.52,0.398,N18E075,40,Cropland,0.8323942219034935,0.8323942219034935,0.024403237373219956,0.040446675545538366,0.08359799200901546,0.017662124782296895,0.001495748386435816,0.0,0.0,0.0,0.0,48805,1.0,CROPLAND_DOMINANT,True,SUCCESS,
SATF-0630,22.212,84.865,2026-09-15 07:54:00+00:00,2,4.83,0.678,N21E084,50,Built-up,0.6490468110589879,0.00680706657351033,0.32354526399840305,0.0,0.001996207206308015,0.6490468110589879,0.015849885218085637,0.0027547659447050604,0.0,0.0,0.0,50095,1.0,BUILT_UP_DOMINANT,False,SUCCESS,
SATF-0633,17.958,80.796,2026-09-15 07:54:00+00:00,1,3.23,0.56,N15E078,60,Bare/Sparse Vegetation,0.665526073148243,0.03630775535293515,0.04063108288085237,0.006597684663456613,0.16215551685278148,0.006986989038008401,0.665526073148243,0.08179489806372298,0.0,0.0,0.0,48805,1.0,MIXED_OR_OTHER,False,SUCCESS,
SATF-0631,17.618,75.937,2026-09-15 07:54:00+00:00,1,4.38,0.558,N15E075,50,Built-up,0.36957278967318924,0.3314414506710378,0.05515828296281119,0.04530273537547382,0.15625448212273332,0.36957278967318924,0.04210634156336441,0.00016391763139022642,0.0,0.0,0.0,48805,1.0,CROPLAND_PRESENT,True,SUCCESS,
SATF-0638,18.319,74.257,2026-09-15 07:54:00+00:00,1,2.16,0.351,N18E072,40,Cropland,0.5893453539596353,0.5893453539596353,0.014650138305501485,0.07841409691629955,0.26954205511730356,0.03741419936481918,0.009917016699108699,0.0007171396373322406,0.0,0.0,0.0,48805,1.0,CROPLAND_DOMINANT,True,SUCCESS,
SATF-0629,20.888,84.982,2026-09-15 07:54:00+00:00,2,5.11,0.69,N18E084,50,Built-up,0.550005033725964,0.04236383771267492,0.27546561965166616,0.0005637773079633545,0.05424343098761703,0.550005033725964,0.0542232960837612,0.023135004530353366,0.0,0.0,0.0,49665,1.0,BUILT_UP_DOMINANT,False,SUCCESS,
SATF-0641,30.268,75.174,2026-09-15 07:56:00+00:00,1,5.81,0.634,N30E075,40,Cropland,0.4677500700476324,0.4677500700476324,0.24824880919024936,0.04210329690856449,0.017820117680022417,0.14521341178668162,0.0384234612870085,0.04044083309984123,0.0,0.0,0.0,53535,1.0,CROPLAND_PRESENT,True,SUCCESS,
SATF-0643,27.42,70.868,2026-09-15 07:56:00+00:00,1,5.08,0.687,N27E069,20,Shrubland,0.3854340128241937,0.3760742654799502,0.03939132931380993,0.3854340128241937,0.0002871088142405972,1.9140587616039814e-05,0.1987941429801895,0.0,0.0,0.0,0.0,52245,1.0,CROPLAND_PRESENT,True,SUCCESS,
SATF-0644,28.555,77.084,2026-09-15 07:56:00+00:00,1,3.83,0.606,N27E075,50,Built-up,0.766625533934504,0.04903654485049834,0.01742762221167537,0.00429046037019459,0.06655908875177978,0.766625533934504,0.08711912672045563,0.008941623160892264,0.0,0.0,0.0,52675,1.0,BUILT_UP_DOMINANT,False,SUCCESS,
SATF-0645,26.377,78.601,2026-09-15 07:56:00+00:00,1,3.74,0.597,N24E078,40,Cropland,0.6396603300202645,0.6396603300202645,0.16458554472643058,0.001582553314677217,0.17958120235453054,0.00036668918266911124,0.014223680401428157,0.0,0.0,0.0,0.0,51815,1.0,CROPLAND_DOMINANT,True,SUCCESS,
SATF-0650,31.456,74.874,2026-09-15 07:58:00+00:00,1,7.84,0.798,N30E072,40,Cropland,0.9548487912491957,0.9548487912491957,0.011986395808438275,0.00012868829855685265,0.005827741520360327,0.027061310782241013,0.0001470723412078316,0.0,0.0,0.0,0.0,54395,1.0,CROPLAND_DOMINANT,True,SUCCESS,
SATF-0652,31.472,75.184,2026-09-15 07:58:00+00:00,1,4.46,0.656,N30E075,40,Cropland,0.9386156815883813,0.9386156815883813,0.017464840518430003,0.0006250574501332843,0.0010662744737567791,0.04220976192664767,1.838404265097895e-05,0.0,0.0,0.0,0.0,54395,1.0,CROPLAND_DOMINANT,True,SUCCESS,
SATF-0653,31.129,74.628,2026-09-15 07:58:00+00:00,1,4.4,0.652,N30E072,40,Cropland,0.8805522097655888,0.8805522097655888,0.014639117946817382,0.010599462614657648,0.06569072547021218,0.022829611785416475,0.005688872417307514,0.0,0.0,0.0,0.0,53965,1.0,CROPLAND_DOMINANT,True,SUCCESS,
SATF-0654,31.392,75.854,2026-09-15 07:58:00+00:00,1,4.31,0.645,N30E075,40,Cropland,0.9253791708796765,0.9253791708796765,0.06996966632962588,0.0009559702178509054,0.0020957808622116005,0.0015994117106351686,0.0,0.0,0.0,0.0,0.0,54395,1.0,CROPLAND_DOMINANT,True,SUCCESS,
SATF-0655,31.57,75.112,2026-09-15 07:58:00+00:00,1,3.87,0.611,N30E075,40,Cropland,0.8664950822685908,0.8664950822685908,0.04950822685908631,0.0015810276679841897,0.0031804393786193583,0.07908815148451144,0.0001470723412078316,0.0,0.0,0.0,0.0,54395,1.0,CROPLAND_DOMINANT,True,SUCCESS,
SATF-0656,31.873,74.701,2026-09-15 07:58:00+00:00,1,3.34,0.571,N30E072,40,Cropland,0.9178049453074731,0.9178049453074731,0.06756135674234764,0.0,0.000753745748690137,0.013861568158838128,1.838404265097895e-05,0.0,0.0,0.0,0.0,54395,1.0,CROPLAND_DOMINANT,True,SUCCESS,
SATF-0657,31.648,74.988,2026-09-15 07:58:00+00:00,1,2.82,0.524,N30E072,40,Cropland,0.8981524037135766,0.8981524037135766,0.04432392683151025,5.515212795293685e-05,0.002665686184391948,0.054159389649783986,0.0006434414927842633,0.0,0.0,0.0,0.0,54395,1.0,CROPLAND_DOMINANT,True,SUCCESS,
SATF-0663,14.181,77.807,2026-09-15 08:48:00+00:00,1,3.62,0.589,N12E075,40,Cropland,0.6850766503285014,0.6850766503285014,0.10405673167170716,0.13567629575555323,0.014370633016998645,0.020773803316299928,0.0019814370633016998,0.03650015642924184,0.0015642924183960787,0.0,0.0,47945,1.0,CROPLAND_DOMINANT,True,SUCCESS,
SATF-0659,15.161,77.524,2026-09-15 08:48:00+00:00,1,8.48,0.811,N15E075,40,Cropland,0.7355720095943268,0.7355720095943268,0.005464594848263635,0.18343935759724683,0.06928772551882365,8.34289289811242e-05,0.005339451454791949,0.0007717175930753989,4.17144644905621e-05,0.0,0.0,47945,1.0,CROPLAND_DOMINANT,True,SUCCESS,
SATF-0660,13.884,77.366,2026-09-15 08:48:00+00:00,1,4.75,0.673,N12E075,40,Cropland,0.8247575346751486,0.8247575346751486,0.03658358535822297,0.1131504849306497,0.004567733861716551,0.01209719470226301,0.005714881635207008,0.0030660131400563144,6.257169673584315e-05,0.0,0.0,47945,1.0,CROPLAND_DOMINANT,True,SUCCESS,
SATF-0661,11.019,79.298,2026-09-15 08:48:00+00:00,1,3.96,0.619,N09E078,40,Cropland,0.3992779016671976,0.3992779016671976,0.2480407773176171,0.08637570351491983,0.021153233513857915,0.0004672400976956568,0.15741743655091855,0.08726770733779335,0.0,0.0,0.0,47085,1.0,CROPLAND_PRESENT,True,SUCCESS,
SATF-0662,15.687,77.966,2026-09-15 08:48:00+00:00,2,3.79,0.601,N15E075,40,Cropland,0.5624569819584941,0.5624569819584941,0.054479090624674105,0.20223172385024507,0.03754301804150589,0.019480654917092503,0.08881009490040671,0.034998435707581606,0.0,0.0,0.0,47945,1.0,CROPLAND_DOMINANT,True,SUCCESS,
SATF-0664,10.94,79.131,2026-09-15 08:48:00+00:00,1,3.47,0.581,N09E078,60,Bare/Sparse Vegetation,0.2898162896888606,0.16100669002867155,0.2512052670701922,0.17207178506955506,0.06139959647446108,0.0013167675480513963,0.2898162896888606,0.06318360412020814,0.0,0.0,0.0,47085,1.0,MIXED_OR_OTHER,False,SUCCESS,
SATF-0665,14.81,79.021,2026-09-15 08:48:00+00:00,1,3.33,0.57,N12E078,20,Shrubland,0.3978099906142455,0.39420168943581185,0.033246428198977995,0.3978099906142455,0.1270205443737616,0.013703201585149651,0.028282406924601107,0.0057357388674522895,0.0,0.0,0.0,47945,1.0,CROPLAND_PRESENT,True,SUCCESS,
SATF-0666,14.212,78.995,2026-09-15 08:48:00+00:00,2,3.21,0.557,N12E078,20,Shrubland,0.4982792783397643,0.029283554072374596,0.4714151632078423,0.4982792783397643,0.0010220043800187714,0.0,0.0,0.0,0.0,0.0,0.0,47945,1.0,NATURAL_VEGETATION_DOMINANT,False,SUCCESS,
SATF-0668,14.273,77.986,2026-09-15 08:48:00+00:00,1,2.64,0.503,N12E075,40,Cropland,0.7039107310459902,0.7039107310459902,0.05598081134633434,0.22427781833350716,0.003253728230263844,0.0005214308061320263,0.0016685785796224841,0.010386901658149964,0.0,0.0,0.0,47945,1.0,CROPLAND_DOMINANT,True,SUCCESS,
SATF-0669,13.974,76.725,2026-09-15 08:48:00+00:00,1,2.36,0.38,N12E075,40,Cropland,0.41468349150067785,0.41468349150067785,0.21176347898633852,0.3127541975179894,0.043695901553863804,0.0034831577849619355,0.013619772656168526,0.0,0.0,0.0,0.0,47945,1.0,CROPLAND_PRESENT,True,SUCCESS,
SATF-0670,13.642,78.193,2026-09-15 08:48:00+00:00,1,2.35,0.469,N12E078,40,Cropland,0.5748079553825108,0.5748079553825108,0.024034515416184364,0.3340839734820583,0.04474376512680206,0.0096180153635694,0.012711775228875092,0.0,0.0,0.0,0.0,47515,1.0,CROPLAND_DOMINANT,True,SUCCESS,
SATF-0671,15.163,76.842,2026-09-15 08:48:00+00:00,1,2.35,0.469,N15E075,40,Cropland,0.24991135676295756,0.24991135676295756,0.007633747001772865,0.23066013140056316,0.22521639378454478,0.07437689018667223,0.01572635311294191,0.1964751277505475,0.0,0.0,0.0,47945,1.0,MIXED_OR_OTHER,False,SUCCESS,
SATF-0667,15.97,77.584,2026-09-15 08:48:00+00:00,1,2.8,0.52,N15E075,40,Cropland,0.9623565891472868,0.9623565891472868,0.007503875968992248,0.019741602067183464,0.010108527131782946,0.0,0.000289405684754522,0.0,0.0,0.0,0.0,48375,1.0,CROPLAND_DOMINANT,True,SUCCESS,
SATF-0672,15.758,76.967,2026-09-15 08:48:00+00:00,1,1.91,0.316,N15E075,40,Cropland,0.9397416020671835,0.9397416020671835,0.017839793281653745,0.00924031007751938,0.001591731266149871,0.030532299741602067,0.001054263565891473,0.0,0.0,0.0,0.0,48375,1.0,CROPLAND_DOMINANT,True,SUCCESS,
SATF-0673,17.753,75.415,2026-09-15 08:50:00+00:00,1,4.84,0.679,N15E075,40,Cropland,0.9196803606187891,0.9196803606187891,0.05819075914353038,0.004015981969060547,0.017928490933306014,0.0001844073353140047,0.0,0.0,0.0,0.0,0.0,48805,1.0,CROPLAND_DOMINANT,True,SUCCESS,
SATF-0674,19.618,74.084,2026-09-15 08:50:00+00:00,1,1.85,0.398,N18E072,40,Cropland,0.7853559459733929,0.7853559459733929,0.1395145729663857,0.008591449172336752,0.020270133035442266,0.04425713415253377,0.001238956027216411,0.0007718086726921905,0.0,0.0,0.0,49235,1.0,CROPLAND_DOMINANT,True,SUCCESS,
SATF-0677,30.059,75.33,2026-09-15 08:52:00+00:00,2,4.32,0.646,N30E075,40,Cropland,0.8731297282151863,0.8731297282151863,0.10365181656859998,0.0007284953768562622,0.004632483422060334,0.016549920612683292,0.0013075558046138041,0.0,0.0,0.0,0.0,53535,1.0,CROPLAND_DOMINANT,True,SUCCESS,
SATF-0678,30.941,74.531,2026-09-15 08:52:00+00:00,2,4.12,0.632,N30E072,40,Cropland,0.9485221903085334,0.9485221903085334,0.00874640970999722,0.0,0.0017789307884740109,0.04085981654776244,9.26526452330214e-05,0.0,0.0,0.0,0.0,53965,1.0,CROPLAND_DOMINANT,True,SUCCESS,
SATF-0695,21.762,84.021,2026-09-15 19:38:00+00:00,12,4.15,0.635,N21E084,50,Built-up,0.6319992015171175,0.07024653158997904,0.09274378680507037,0.0,0.025810959177562633,0.6319992015171175,0.16596466713244834,0.013234853777822138,0.0,0.0,0.0,50095,1.0,BUILT_UP_DOMINANT,False,SUCCESS,
SATF-0694,23.755,86.388,2026-09-15 19:38:00+00:00,60,4.26,0.641,N21E084,10,Tree Cover,0.34689757545769423,0.08571994062345374,0.34689757545769423,0.0,0.25088570014844136,0.1971895101434933,0.11412172191984166,0.005185551707075705,0.0,0.0,0.0,50525,1.0,NATURAL_VEGETATION_DOMINANT,False,SUCCESS,
SATF-0693,20.968,85.17,2026-09-15 19:38:00+00:00,22,4.45,0.655,N18E084,60,Bare/Sparse Vegetation,0.4949159367764019,0.0018524111547367362,0.07508305647840531,0.0,0.07025067955300514,0.007510319138226115,0.4949159367764019,0.35038759689922483,0.0,0.0,0.0,49665,1.0,MIXED_OR_OTHER,False,SUCCESS,
SATF-0692,22.366,87.017,2026-09-15 19:38:00+00:00,2,4.49,0.659,N21E087,10,Tree Cover,0.6745184150114782,0.19017866054496457,0.6745184150114782,0.003972452340552949,0.015470605848887115,0.05010480087833117,0.065755065375786,0.0,0.0,0.0,0.0,50095,1.0,NATURAL_VEGETATION_DOMINANT,False,SUCCESS,
SATF-0691,21.922,83.348,2026-09-15 19:38:00+00:00,7,4.78,0.675,N21E081,50,Built-up,0.4850583890607845,0.07060584888711448,0.2516019562830622,0.0,0.038506837009681605,0.4850583890607845,0.12394450543966463,0.030282463319692584,0.0,0.0,0.0,50095,1.0,MIXED_OR_OTHER,False,SUCCESS,
SATF-0687,21.754,83.844,2026-09-15 19:38:00+00:00,11,7.06,0.777,N21E081,60,Bare/Sparse Vegetation,0.42710849386166283,0.006467711348437968,0.2852979339255415,0.0008982932428386066,0.24962571114881724,0.0072861563030242535,0.42710849386166283,0.023315700169677614,0.0,0.0,0.0,50095,1.0,NATURAL_VEGETATION_DOMINANT,False,SUCCESS,
SATF-0689,20.964,86.022,2026-09-15 19:38:00+00:00,19,6.12,0.74,N18E084,50,Built-up,0.49807711668176785,0.05323668579482533,0.17414678344910903,0.000906070673512534,0.1388704318936877,0.49807711668176785,0.1324272626598208,0.0023356488472767545,0.0,0.0,0.0,49665,1.0,MIXED_OR_OTHER,False,SUCCESS,
SATF-0705,23.755,85.854,2026-09-15 19:38:00+00:00,2,3.26,0.562,N21E084,30,Grassland,0.27724888668975756,0.10632360217714003,0.21488372093023256,9.896091044037604e-05,0.27724888668975756,0.09830776843146957,0.2606036615536863,0.04253339930727363,0.0,0.0,0.0,50525,1.0,MIXED_OR_OTHER,False,SUCCESS,
SATF-0688,20.778,85.276,2026-09-15 19:38:00+00:00,13,6.82,0.768,N18E084,40,Cropland,0.3911003724957213,0.3911003724957213,0.33192389006342493,0.0,0.19170441961139636,0.05919661733615222,0.007168025772676935,0.018906674720628208,0.0,0.0,0.0,49665,1.0,CROPLAND_PRESENT,True,SUCCESS,
SATF-0696,23.775,86.198,2026-09-15 19:38:00+00:00,12,4.14,0.634,N21E084,60,Bare/Sparse Vegetation,0.4129242949035131,0.037921820880752105,0.18721425037110342,0.0,0.260009896091044,0.08290945076694706,0.4129242949035131,0.019020286986640277,0.0,0.0,0.0,50525,1.0,MIXED_OR_OTHER,False,SUCCESS,
SATF-0686,22.793,86.201,2026-09-15 19:38:00+00:00,7,7.32,0.784,N21E084,50,Built-up,0.797504740992115,0.00029943108094620223,0.11003094121169778,0.0,0.0026349935123265796,0.797504740992115,0.05725122267691386,0.0322786705260006,0.0,0.0,0.0,50095,1.0,BUILT_UP_DOMINANT,False,SUCCESS,
SATF-0714,20.958,85.012,2026-09-15 19:38:00+00:00,1,2.52,0.488,N18E084,30,Grassland,0.32213832678948956,0.09163394744790093,0.16176381757777106,0.006684788080136918,0.32213832678948956,0.024745796838820094,0.31821202053760195,0.07482130272827947,0.0,0.0,0.0,49665,1.0,MIXED_OR_OTHER,False,SUCCESS,
SATF-0690,22.359,82.302,2026-09-15 19:38:00+00:00,4,5.42,0.704,N21E081,40,Cropland,0.36011578001796585,0.36011578001796585,0.25806966763150013,0.0028745383770835413,0.2095618325182154,0.007405928735402735,0.15065375786006588,0.011318494859766444,0.0,0.0,0.0,50095,1.0,CROPLAND_PRESENT,True,SUCCESS,
SATF-0697,21.68,84.038,2026-09-15 19:38:00+00:00,3,4.05,0.627,N21E084,10,Tree Cover,0.3116279069767442,0.2349935123265795,0.3116279069767442,0.0,0.2011977243237848,0.1496157301127857,0.09444056293043218,0.00812456332967362,0.0,0.0,0.0,50095,1.0,NATURAL_VEGETATION_DOMINANT,False,SUCCESS,
SATF-0711,22.055,88.124,2026-09-15 19:38:00+00:00,3,2.61,0.5,N21E087,10,Tree Cover,0.486914861762651,0.06020560934224973,0.486914861762651,0.0,0.008543766842998303,0.21644874737997805,0.06200219582792694,0.16588481884419604,0.0,0.0,0.0,50095,1.0,MIXED_OR_OTHER,False,SUCCESS,
SATF-0699,23.687,87.12,2026-09-15 19:38:00+00:00,19,4.03,0.624,N21E087,10,Tree Cover,0.2797624938149431,0.2467887184562098,0.2797624938149431,0.0,0.09630875804057397,0.13195447798119742,0.2224245423057892,0.022761009401286492,0.0,0.0,0.0,50525,1.0,MIXED_OR_OTHER,False,SUCCESS,
SATF-0698,23.562,87.084,2026-09-15 19:38:00+00:00,5,4.05,0.627,N21E087,40,Cropland,0.5021474517565562,0.5021474517565562,0.24441365660564077,0.0,0.10400791687283523,0.06095992083127165,0.07982187036120732,0.008649183572488867,0.0,0.0,0.0,50525,1.0,CROPLAND_DOMINANT,True,SUCCESS,
SATF-0712,23.557,87.237,2026-09-15 19:38:00+00:00,3,2.55,0.493,N21E087,10,Tree Cover,0.439742701632855,0.08666996536368135,0.439742701632855,0.0,0.03103414151410193,0.37575457694210784,0.04253339930727363,0.02426521523998021,0.0,0.0,0.0,50525,1.0,MIXED_OR_OTHER,False,SUCCESS,
SATF-0710,21.984,83.233,2026-09-15 19:38:00+00:00,2,2.64,0.503,N21E081,50,Built-up,0.27513723924543365,0.23487373989420102,0.23008284259906178,0.0,0.13368599660644775,0.27513723924543365,0.0828625611338457,0.04335762052101008,0.0,0.0,0.0,50095,1.0,MIXED_OR_OTHER,False,SUCCESS,
SATF-0709,22.222,84.751,2026-09-15 19:38:00+00:00,4,2.8,0.52,N21E084,40,Cropland,0.3213494360714642,0.3213494360714642,0.30797484778920053,0.0,0.052999301327477794,0.15791995209102705,0.12087034634195029,0.03888611637888013,0.0,0.0,0.0,50095,1.0,CROPLAND_PRESENT,True,SUCCESS,
SATF-0706,22.211,84.862,2026-09-15 19:38:00+00:00,10,3.25,0.561,N21E084,50,Built-up,0.6585886815051403,0.007126459726519613,0.31558039724523407,0.0,0.002016169278371095,0.6585886815051403,0.014252919453039225,0.002435372791695778,0.0,0.0,0.0,50095,1.0,BUILT_UP_DOMINANT,False,SUCCESS,
SATF-0708,22.036,83.357,2026-09-15 19:38:00+00:00,5,2.86,0.527,N21E081,10,Tree Cover,0.7635891805569418,0.023355624313803773,0.7635891805569418,0.0,0.015829923146022558,0.006487673420501048,0.17820141730711647,0.012536181255614332,0.0,0.0,0.0,50095,1.0,NATURAL_VEGETATION_DOMINANT,False,SUCCESS,
SATF-0704,21.078,85.037,2026-09-15 19:38:00+00:00,3,3.28,0.564,N21E084,60,Bare/Sparse Vegetation,0.2623175274338065,0.2502164502164502,0.11672203765227021,0.0014698479814758884,0.2617336152219873,0.042142353770260745,0.2623175274338065,0.06539816772374912,0.0,0.0,0.0,49665,1.0,MIXED_OR_OTHER,False,SUCCESS,
SATF-0703,23.648,85.438,2026-09-15 19:38:00+00:00,4,3.42,0.579,N21E084,30,Grassland,0.28484908461157843,0.2783770410687778,0.25029193468579913,0.0005541810984661059,0.28484908461157843,0.08413656605640772,0.05619000494804552,0.045601187530925284,0.0,0.0,0.0,50525,1.0,NATURAL_VEGETATION_DOMINANT,False,SUCCESS,
SATF-0702,23.166,82.339,2026-09-15 19:38:00+00:00,5,3.75,0.598,N21E081,10,Tree Cover,0.3784463137060861,0.02260267194458189,0.3784463137060861,0.0004948045522018803,0.35679366650173183,0.03910935180603661,0.20037605145967344,0.0021771400296882733,0.0,0.0,0.0,50525,1.0,NATURAL_VEGETATION_DOMINANT,False,SUCCESS,
SATF-0701,22.322,82.571,2026-09-15 19:38:00+00:00,12,3.81,0.604,N21E081,60,Bare/Sparse Vegetation,0.6876334963569218,0.011538077652460326,0.011298532787703364,0.0,0.1313304721030043,0.03788801277572612,0.6876334963569218,0.12031140832418405,0.0,0.0,0.0,50095,1.0,MIXED_OR_OTHER,False,SUCCESS,
SATF-0700,22.034,83.737,2026-09-15 19:38:00+00:00,12,3.81,0.604,N21E081,10,Tree Cover,0.38979938117576607,0.054496456732208806,0.38979938117576607,0.0036131350434175065,0.1964866753168979,0.009961073959476993,0.2780117776225172,0.06763150014971554,0.0,0.0,0.0,50095,1.0,NATURAL_VEGETATION_DOMINANT,False,SUCCESS,
SATF-0683,22.369,87.291,2026-09-15 19:38:00+00:00,9,9.24,0.828,N21E087,10,Tree Cover,0.3754067272182853,0.33430482084040325,0.3754067272182853,0.0009781415310909272,0.027867052600059887,0.12715839904182055,0.1081944305818944,0.026090428186445754,0.0,0.0,0.0,50095,1.0,CROPLAND_PRESENT,True,SUCCESS,
SATF-0685,21.189,81.396,2026-09-15 19:38:00+00:00,14,7.4,0.787,N21E081,50,Built-up,0.8083559851001711,0.009060706735125339,0.13236685794825329,0.0,0.002959830866807611,0.8083559851001711,0.04679351656095842,0.00046310278868418405,0.0,0.0,0.0,49665,1.0,BUILT_UP_DOMINANT,False,SUCCESS,
SATF-0713,21.337,78.966,2026-09-15 19:38:00+00:00,3,2.54,0.492,N21E078,40,Cropland,0.6491493003120911,0.6491493003120911,0.008134501157756971,0.001570522500755059,0.2512030605053861,0.013611195006543843,0.07610993657505286,0.00022148394241417498,0.0,0.0,0.0,49665,1.0,CROPLAND_DOMINANT,True,SUCCESS,
SATF-0741,21.989,82.013,2026-09-15 19:38:00+00:00,2,0.88,0.245,N21E081,40,Cropland,0.6531390358319193,0.6531390358319193,0.044295837907974846,0.0,0.23718934025351832,0.02676913863659048,0.01606946801077952,0.022537179359217487,0.0,0.0,0.0,50095,1.0,CROPLAND_DOMINANT,True,SUCCESS,
SATF-0715,22.585,85.901,2026-09-15 19:38:00+00:00,8,2.51,0.486,N21E084,40,Cropland,0.41686795089330275,0.41686795089330275,0.12284659147619523,0.0,0.20239544864756961,0.09871244635193133,0.08825232059087733,0.07092524204012376,0.0,0.0,0.0,50095,1.0,CROPLAND_PRESENT,True,SUCCESS,
SATF-0727,24.206,82.525,2026-09-15 19:38:00+00:00,2,1.63,0.371,N24E081,40,Cropland,0.7636345795309587,0.7636345795309587,0.07159258168972622,0.0,0.07430085369443627,0.04213521734864096,0.0235698165047591,0.024766951231478755,0.0,0.0,0.0,50955,1.0,CROPLAND_DOMINANT,True,SUCCESS,
SATF-0707,21.375,81.667,2026-09-15 19:38:00+00:00,17,2.93,0.535,N21E081,40,Cropland,0.35419309372797747,0.35419309372797747,0.23795429376824725,0.0,0.06974730695660929,0.20783247759991946,0.09638578475787778,0.03388704318936877,0.0,0.0,0.0,49665,1.0,CROPLAND_PRESENT,True,SUCCESS,
SATF-0725,23.622,86.81,2026-09-15 19:38:00+00:00,2,1.81,0.393,N21E084,40,Cropland,0.7815536862939139,0.7815536862939139,0.10503711034141514,0.0,0.07202375061850569,0.0305789213260762,0.009856506679861455,0.00095002474022761,0.0,0.0,0.0,50525,1.0,CROPLAND_DOMINANT,True,SUCCESS,
SATF-0724,21.307,81.595,2026-09-15 19:38:00+00:00,3,1.85,0.398,N21E081,40,Cropland,0.5788382160475184,0.5788382160475184,0.0783247759991946,0.0,0.09729185543139031,0.12618544246451224,0.09344608879492601,0.025913621262458473,0.0,0.0,0.0,49665,1.0,CROPLAND_DOMINANT,True,SUCCESS,
SATF-0723,23.583,86.726,2026-09-15 19:38:00+00:00,2,1.87,0.401,N21E084,40,Cropland,0.40619495299356756,0.40619495299356756,0.18574962889658586,0.0,0.3781296387926769,0.011420089064819396,0.002751113310242454,0.015754576942107867,0.0,0.0,0.0,50525,1.0,CROPLAND_PRESENT,True,SUCCESS,
SATF-0719,21.928,85.221,2026-09-15 19:38:00+00:00,3,2.12,0.436,N21E084,10,Tree Cover,0.3251422297634494,0.32444355724124163,0.3251422297634494,0.0,0.1316299031839505,0.041141830522008184,0.17408923046212196,0.003553248827228266,0.0,0.0,0.0,50095,1.0,CROPLAND_PRESENT,True,SUCCESS,
SATF-0721,23.667,85.0,2026-09-15 19:38:00+00:00,1,1.99,0.417,N21E084,30,Grassland,0.4906086095992083,0.06476001979218209,0.18448292924294904,0.01755566551212271,0.4906086095992083,0.11374567046016823,0.10418604651162791,0.02466105888174171,0.0,0.0,0.0,50525,1.0,NATURAL_VEGETATION_DOMINANT,False,SUCCESS,
SATF-0749,23.611,85.674,2026-09-15 19:38:00+00:00,1,0.28,0.181,N21E084,10,Tree Cover,0.51156853043048,0.08330529440870856,0.51156853043048,0.0,0.2858584858980703,0.01549727857496289,0.05351806036615537,0.05025235032162296,0.0,0.0,0.0,50525,1.0,NATURAL_VEGETATION_DOMINANT,False,SUCCESS,
SATF-0720,22.005,82.669,2026-09-15 19:38:00+00:00,5,2.07,0.428,N21E081,10,Tree Cover,0.36730212596067474,0.13121069967062582,0.36730212596067474,0.0,0.1542269687593572,0.09701567022656951,0.14943607146421797,0.10080846391855475,0.0,0.0,0.0,50095,1.0,NATURAL_VEGETATION_DOMINANT,False,SUCCESS,
SATF-0728,24.146,82.708,2026-09-15 19:38:00+00:00,3,1.58,0.359,N24E081,60,Bare/Sparse Vegetation,0.7701501324698263,0.029339613384358747,0.10134432342262781,0.0006672554214502993,0.06091649494652144,0.011519968599744874,0.7701501324698263,0.026062211755470514,0.0,0.0,0.0,50955,1.0,MIXED_OR_OTHER,False,SUCCESS,
SATF-0718,23.827,84.571,2026-09-15 19:38:00+00:00,3,2.4,0.473,N21E084,40,Cropland,0.5459871350816428,0.5459871350816428,0.15099455714992577,0.0070460168233547745,0.28330529440870855,0.0006729341909945571,0.011301335972290945,0.0006927263730826323,0.0,0.0,0.0,50525,1.0,CROPLAND_DOMINANT,True,SUCCESS,
SATF-0717,23.482,87.364,2026-09-15 19:38:00+00:00,1,2.43,0.478,N21E087,40,Cropland,0.34208807521029194,0.34208807521029194,0.3008609599208313,0.0,0.017911924789708066,0.2662840178129639,0.05108362196932212,0.02177140029688273,0.0,0.0,0.0,50525,1.0,CROPLAND_PRESENT,True,SUCCESS,
SATF-0722,23.694,85.318,2026-09-15 19:38:00+00:00,9,1.92,0.407,N21E084,30,Grassland,0.3950321622958931,0.12963879267689263,0.23400296882731322,0.002909450766947056,0.3950321622958931,0.15295398317664521,0.022384957941613062,0.0630776843146957,0.0,0.0,0.0,50525,1.0,NATURAL_VEGETATION_DOMINANT,False,SUCCESS,
SATF-0729,21.801,82.039,2026-09-15 19:38:00+00:00,2,1.57,0.357,N21E081,40,Cropland,0.6251921349436071,0.6251921349436071,0.1058788302225771,0.009242439365206108,0.2314801876434774,0.023395548457929932,0.0016768140532987324,0.003134045313903583,0.0,0.0,0.0,50095,1.0,CROPLAND_DOMINANT,True,SUCCESS,
SATF-0726,22.866,86.059,2026-09-15 19:38:00+00:00,4,1.78,0.388,N21E084,10,Tree Cover,0.6277672422397444,0.18143527298133547,0.6277672422397444,0.0,0.0936221179758459,0.043976444754965566,0.04756961772631999,0.005629304321788602,0.0,0.0,0.0,50095,1.0,NATURAL_VEGETATION_DOMINANT,False,SUCCESS,
SATF-0731,24.199,82.714,2026-09-15 19:38:00+00:00,5,1.44,0.343,N24E081,10,Tree Cover,0.357629280737906,0.013188107153370621,0.357629280737906,0.0032577764694338143,0.2556177018938279,0.046943381414974,0.315631439505446,0.007732312825041703,0.0,0.0,0.0,50955,1.0,NATURAL_VEGETATION_DOMINANT,False,SUCCESS,
SATF-0734,21.247,79.218,2026-09-15 19:38:00+00:00,5,1.34,0.332,N21E078,40,Cropland,0.4382563173260848,0.4382563173260848,0.1617235477700594,0.0023960535588442564,0.18284506191482935,0.06797543541729588,0.13689721131581598,0.009906372697070372,0.0,0.0,0.0,49665,1.0,CROPLAND_PRESENT,True,SUCCESS,
SATF-0730,21.961,83.789,2026-09-15 19:38:00+00:00,2,1.49,0.35,N21E081,10,Tree Cover,0.328016768140533,0.0406228166483681,0.328016768140533,0.0011378381075955685,0.30030941211697776,0.018464916658349137,0.30797484778920053,0.0034734005389759457,0.0,0.0,0.0,50095,1.0,NATURAL_VEGETATION_DOMINANT,False,SUCCESS,
SATF-0716,22.804,86.089,2026-09-15 19:38:00+00:00,4,2.44,0.48,N21E084,40,Cropland,0.40425192134943605,0.40425192134943605,0.2804271883421499,0.0,0.02820640782513225,0.1969657650464118,0.075217087533686,0.014931629903183951,0.0,0.0,0.0,50095,1.0,CROPLAND_PRESENT,True,SUCCESS,
SATF-0745,25.541,91.236,2026-09-15 19:38:00+00:00,1,0.6,0.201,N24E090,30,Grassland,0.6391943174078039,0.08008173591515033,0.24442930816386105,0.0,0.6391943174078039,0.018701955823683954,0.017359151503357012,0.0002335311861438163,0.0,0.0,0.0,51385,1.0,NATURAL_VEGETATION_DOMINANT,False,SUCCESS,
SATF-0743,24.119,86.861,2026-09-15 19:38:00+00:00,3,0.68,0.21,N24E084,30,Grassland,0.37792169561377686,0.10941026395839466,0.18618388774408792,0.005809047198508488,0.37792169561377686,0.11604356785398881,0.18390736924737514,0.02072416838386812,0.0,0.0,0.0,50955,1.0,NATURAL_VEGETATION_DOMINANT,False,SUCCESS,
SATF-0740,23.774,85.997,2026-09-15 19:38:00+00:00,2,1.0,0.263,N21E084,10,Tree Cover,0.43916872835230086,0.010628401781296388,0.43916872835230086,0.0,0.23372587827808017,0.1820484908461158,0.092370113805047,0.042058386937159825,0.0,0.0,0.0,50525,1.0,NATURAL_VEGETATION_DOMINANT,False,SUCCESS,
SATF-0742,21.97,85.313,2026-09-15 19:38:00+00:00,2,0.83,0.236,N21E084,10,Tree Cover,0.29408124563329674,0.2825631300528995,0.29408124563329674,0.005968659546860964,0.2340952190837409,0.00674718035732109,0.17049605749076754,0.006048507835113285,0.0,0.0,0.0,50095,1.0,NATURAL_VEGETATION_DOMINANT,False,SUCCESS,
SATF-0738,21.731,82.213,2026-09-15 19:38:00+00:00,2,1.04,0.271,N21E081,30,Grassland,0.41385367801177764,0.07150414212995308,0.25846890907276177,0.0009182553149016868,0.41385367801177764,0.18868150514023355,0.05693182952390458,0.009641680806467712,0.0,0.0,0.0,50095,1.0,NATURAL_VEGETATION_DOMINANT,False,SUCCESS,
SATF-0736,21.477,81.779,2026-09-15 19:38:00+00:00,3,1.18,0.301,N21E081,40,Cropland,0.6011678244236384,0.6011678244236384,0.049954696466324375,0.0,0.18449612403100776,0.10824524312896405,0.03358501963153126,0.02255109231853418,0.0,0.0,0.0,49665,1.0,CROPLAND_DOMINANT,True,SUCCESS,
SATF-0735,23.841,84.948,2026-09-15 19:38:00+00:00,1,1.26,0.317,N21E084,30,Grassland,0.4921919841662543,0.10337456704601683,0.0009104403760514597,0.0,0.4921919841662543,0.06086095992083127,0.3117070757050965,0.03095497278574963,0.0,0.0,0.0,50525,1.0,MIXED_OR_OTHER,False,SUCCESS,
SATF-0733,26.76,83.198,2026-09-15 19:38:00+00:00,3,1.39,0.337,N24E081,40,Cropland,0.455350767152369,0.455350767152369,0.15943259673839622,1.929943066679533e-05,0.07104120428447361,0.21955032326546367,0.09367943645662453,0.0001350960146675673,0.0007912766573386085,0.0,0.0,51815,1.0,CROPLAND_PRESENT,True,SUCCESS,
SATF-0732,21.674,82.079,2026-09-15 19:38:00+00:00,2,1.43,0.341,N21E081,40,Cropland,0.3920869827846572,0.3920869827846572,0.1398771770864794,0.0014497130776200543,0.181798046914326,0.2488472767542535,0.020920165106211617,0.01502063827645223,0.0,0.0,0.0,49665,1.0,CROPLAND_PRESENT,True,SUCCESS,
SATF-0739,22.133,85.382,2026-09-15 19:38:00+00:00,2,1.02,0.267,N21E084,10,Tree Cover,0.8081644874737998,0.06507635492564127,0.8081644874737998,0.0,0.04742988322187843,0.01481185747080547,0.054676115380776526,0.009841301527098513,0.0,0.0,0.0,50095,1.0,NATURAL_VEGETATION_DOMINANT,False,SUCCESS,
SATF-0751,17.961,80.801,2026-09-15 19:40:00+00:00,5,2.71,0.509,N15E078,60,Bare/Sparse Vegetation,0.37567872144247516,0.18844380698698904,0.09429361745722774,0.016719598401803093,0.2535395963528327,0.02040774510808319,0.37567872144247516,0.05091691425058908,0.0,0.0,0.0,48805,1.0,MIXED_OR_OTHER,False,SUCCESS,
SATF-0752,17.463,80.654,2026-09-15 19:40:00+00:00,2,1.33,0.33,N15E078,10,Tree Cover,0.41981354369429363,0.0005532220059420142,0.41981354369429363,0.0002663661510091179,0.09859645528122118,0.027476692961786703,0.4145272000819588,0.038766519823788544,0.0,0.0,0.0,48805,1.0,NATURAL_VEGETATION_DOMINANT,False,SUCCESS,
SATF-0750,17.61,83.2,2026-09-15 19:40:00+00:00,2,4.54,0.661,N15E081,50,Built-up,0.823194344841717,0.00010244851961889151,0.16168425366253458,0.0,0.001024485196188915,0.823194344841717,0.013871529556397911,0.00012293822354266982,0.0,0.0,0.0,48805,1.0,BUILT_UP_DOMINANT,False,SUCCESS,
SATF-0753,16.873,80.022,2026-09-15 19:40:00+00:00,2,1.28,0.321,N15E078,40,Cropland,0.2849405684754522,0.2849405684754522,0.13641343669250647,0.25120413436692507,0.054325581395348835,0.2464702842377261,0.01730232558139535,0.009343669250645994,0.0,0.0,0.0,48375,1.0,MIXED_OR_OTHER,False,SUCCESS,
SATF-0756,31.26,76.924,2026-09-15 20:19:00+00:00,2,1.02,0.267,N30E075,10,Tree Cover,0.5714128136777278,0.043735637466678925,0.5714128136777278,0.0,0.2675981248276496,0.10627815056530932,0.010975273462634433,0.0,0.0,0.0,0.0,54395,1.0,NATURAL_VEGETATION_DOMINANT,False,SUCCESS,
SATF-0757,33.725,74.656,2026-09-15 20:19:00+00:00,1,0.89,0.245,N33E072,30,Grassland,0.5910388794109724,0.00016162341743737092,0.4087994971715902,0.0,0.5910388794109724,0.0,0.0,0.0,0.0,0.0,0.0,55685,1.0,NATURAL_VEGETATION_DOMINANT,False,SUCCESS,
SATF-0778,24.661,74.634,2026-09-15 20:21:00+00:00,1,1.68,0.378,N24E072,40,Cropland,0.39165930723187126,0.39165930723187126,0.08429005985673634,0.02596408595819841,0.09410263958394662,0.33313708173878914,0.07084682563045824,0.0,0.0,0.0,0.0,50955,1.0,CROPLAND_PRESENT,True,SUCCESS,
SATF-0761,28.708,76.857,2026-09-15 20:21:00+00:00,1,3.09,0.547,N27E075,40,Cropland,0.7999240626483152,0.7999240626483152,0.035994304698623636,0.08871381110583769,0.017788324632178453,0.0024489795918367346,0.019193165638348362,0.0063787375415282396,0.02955861414333175,0.0,0.0,52675,1.0,CROPLAND_DOMINANT,True,SUCCESS,
SATF-0762,20.886,84.983,2026-09-15 20:21:00+00:00,1,3.07,0.545,N18E084,50,Built-up,0.564683378636867,0.03211517165005537,0.28509010369475485,0.0,0.04482029598308668,0.564683378636867,0.057062317527433806,0.016228732507802275,0.0,0.0,0.0,49665,1.0,BUILT_UP_DOMINANT,False,SUCCESS,
SATF-0763,28.743,76.928,2026-09-15 20:21:00+00:00,1,2.76,0.516,N27E075,40,Cropland,0.5935453251067869,0.5935453251067869,0.024831514000949215,0.07208353108685335,0.083531086853346,0.013175130517323209,0.21078310393925012,0.00205030849549122,0.0,0.0,0.0,52675,1.0,CROPLAND_DOMINANT,True,SUCCESS,
SATF-0764,23.677,86.094,2026-09-15 20:21:00+00:00,5,2.67,0.506,N21E084,50,Built-up,0.5750816427511133,0.011895101434933202,0.2534586838198911,0.0,0.006551212271152894,0.5750816427511133,0.15137060860959922,0.0016427511133102425,0.0,0.0,0.0,50525,1.0,BUILT_UP_DOMINANT,False,SUCCESS,
SATF-0765,24.448,83.041,2026-09-15 20:21:00+00:00,1,2.58,0.496,N24E081,30,Grassland,0.28109115886566577,0.2100088313217545,0.23181238347561575,0.007536061230497498,0.28109115886566577,0.25652045922873123,0.008949072711215778,0.0040820331665194776,0.0,0.0,0.0,50955,1.0,NATURAL_VEGETATION_DOMINANT,False,SUCCESS,
SATF-0767,26.704,77.848,2026-09-15 20:21:00+00:00,1,2.36,0.47,N24E075,40,Cropland,0.4069863939013799,0.4069863939013799,0.05218566052301457,0.0,0.4009070732413394,0.08642285052590949,0.02451027694683007,0.028987744861526585,0.0,0.0,0.0,51815,1.0,CROPLAND_PRESENT,True,SUCCESS,
SATF-0768,23.823,85.498,2026-09-15 20:21:00+00:00,1,2.33,0.465,N21E084,10,Tree Cover,0.43144977733795153,0.020682830282038593,0.43144977733795153,0.0012864918357248887,0.19906976744186047,0.002454230578921326,0.3048391885205344,0.04021771400296883,0.0,0.0,0.0,50525,1.0,NATURAL_VEGETATION_DOMINANT,False,SUCCESS,
SATF-0769,21.86,83.966,2026-09-15 20:21:00+00:00,2,2.23,0.453,N21E081,40,Cropland,0.5001896396845993,0.5001896396845993,0.2200019962072063,0.000938217386964767,0.17410919253418505,0.09607745283960475,0.0036929833316698274,0.0049905180157700365,0.0,0.0,0.0,50095,1.0,CROPLAND_DOMINANT,True,SUCCESS,
SATF-0766,21.822,83.996,2026-09-15 20:21:00+00:00,1,2.42,0.476,N21E081,40,Cropland,0.46466525722339674,0.46466525722339674,0.08059196617336152,0.0,0.24155038759689923,0.09279774489076814,0.11112050739957717,0.00927413671599718,0.0,0.0,0.0,35475,0.7081545064377682,CROPLAND_PRESENT,True,SUCCESS,
SATF-0772,24.764,74.606,2026-09-15 20:21:00+00:00,1,2.04,0.424,N24E072,50,Built-up,0.3355902266705917,0.32895692277499755,0.19326857030713374,0.01872240211951722,0.07457560592679816,0.3355902266705917,0.048866647041507214,1.9625159454420567e-05,0.0,0.0,0.0,50955,1.0,CROPLAND_PRESENT,True,SUCCESS,
SATF-0773,26.628,79.528,2026-09-15 20:21:00+00:00,1,1.99,0.417,N24E078,40,Cropland,0.40084917494933897,0.40084917494933897,0.1537778635530252,0.0002701920293351346,0.10958216732606388,0.18828524558525522,0.03715140403358101,0.10960146675673067,0.00048248576666988323,0.0,0.0,51815,1.0,CROPLAND_PRESENT,True,SUCCESS,
SATF-0779,24.326,81.327,2026-09-15 20:21:00+00:00,1,1.66,0.376,N24E081,10,Tree Cover,0.5202629771366892,0.09639878324011382,0.5202629771366892,0.02984986753017368,0.12465901285447945,0.16037680306152488,0.06052399175743303,0.007928564419585908,0.0,0.0,0.0,50955,1.0,NATURAL_VEGETATION_DOMINANT,False,SUCCESS,
SATF-0775,23.55,86.542,2026-09-15 20:21:00+00:00,3,1.97,0.414,N21E084,40,Cropland,0.415794161306284,0.415794161306284,0.26477981197427014,0.0,0.18293913904007916,0.06028698664027709,0.06561108362196932,0.010588817417120238,0.0,0.0,0.0,50525,1.0,CROPLAND_PRESENT,True,SUCCESS,
SATF-0776,23.783,85.562,2026-09-15 20:21:00+00:00,2,1.88,0.402,N21E084,10,Tree Cover,0.5047996041563583,0.006016823354774864,0.5047996041563583,3.958436417615042e-05,0.16587827808015834,0.14503711034141514,0.14436417615042058,0.033864423552696685,0.0,0.0,0.0,50525,1.0,NATURAL_VEGETATION_DOMINANT,False,SUCCESS,
SATF-0777,22.207,84.552,2026-09-15 20:21:00+00:00,1,1.78,0.388,N21E084,40,Cropland,0.46266094420600856,0.46266094420600856,0.31482183850683704,0.00015969657650464117,0.1561433276774129,0.04814851781614932,0.015051402335562432,0.003014272881525102,0.0,0.0,0.0,50095,1.0,CROPLAND_PRESENT,True,SUCCESS,
SATF-0770,23.73,85.008,2026-09-15 20:21:00+00:00,2,2.11,0.434,N21E084,60,Bare/Sparse Vegetation,0.38527461652647205,0.1462642256308758,0.06468085106382979,0.004512617516081148,0.37274616526472043,0.02074220682830282,0.38527461652647205,0.005779317169717961,0.0,0.0,0.0,50525,1.0,MIXED_OR_OTHER,False,SUCCESS,
SATF-0771,24.528,81.169,2026-09-15 20:21:00+00:00,1,2.09,0.431,N24E081,40,Cropland,0.40461191247178885,0.40461191247178885,0.04107545873810225,0.00013737611618094397,0.1780590717299578,0.21956628397605732,0.1413207732312825,0.01522912373663036,0.0,0.0,0.0,50955,1.0,CROPLAND_PRESENT,True,SUCCESS,
SATF-0774,24.167,82.63,2026-09-15 20:21:00+00:00,7,1.98,0.415,N24E081,60,Bare/Sparse Vegetation,0.5791384554999509,0.065842409969581,0.12793641448336768,0.00104013345108429,0.1831812383475616,0.012285349818467276,0.5791384554999509,0.030575998429987244,0.0,0.0,0.0,50955,1.0,MIXED_OR_OTHER,False,SUCCESS,
SATF-0795,22.054,85.466,2026-09-15 20:21:00+00:00,1,0.93,0.251,N21E084,10,Tree Cover,0.5161992214791895,0.24076255115280967,0.5161992214791895,0.006547559636690289,0.13158997903982433,0.054536380876334965,0.04936620421199721,0.0009981036031540074,0.0,0.0,0.0,50095,1.0,NATURAL_VEGETATION_DOMINANT,False,SUCCESS,
SATF-0791,26.27,74.191,2026-09-15 20:21:00+00:00,1,1.17,0.299,N24E072,50,Built-up,0.49867798899932453,0.1917205442439448,0.0768889317765126,0.06337933030975586,0.035954839332239696,0.49867798899932453,0.12010035703946734,0.013278008298755186,0.0,0.0,0.0,51815,1.0,MIXED_OR_OTHER,False,SUCCESS,
SATF-0781,24.052,80.614,2026-09-15 20:21:00+00:00,1,1.6,0.364,N24E078,40,Cropland,0.30546560690805613,0.30546560690805613,0.23479540771268767,0.009557452654302816,0.0803454028063978,0.2695711902659209,0.021312923167500736,0.07895201648513395,0.0,0.0,0.0,50955,1.0,CROPLAND_PRESENT,True,SUCCESS,
SATF-0782,29.46,76.89,2026-09-15 20:21:00+00:00,1,1.57,0.357,N27E075,50,Built-up,0.3572733264287732,0.217945579512287,0.1612277563317955,0.038678090575275395,0.023274644572074194,0.3572733264287732,0.11320967893795311,0.052236135957066186,0.036154787684775445,0.0,0.0,53105,1.0,MIXED_OR_OTHER,False,SUCCESS,
SATF-0783,24.199,80.798,2026-09-15 20:21:00+00:00,2,1.5,0.351,N24E078,30,Grassland,0.4929840054950447,0.10415072122460994,0.09306250613286234,0.005318418212147974,0.4929840054950447,0.26197625355706017,0.04237071926209401,0.00013737611618094397,0.0,0.0,0.0,50955,1.0,NATURAL_VEGETATION_DOMINANT,False,SUCCESS,
SATF-0784,22.786,86.005,2026-09-15 20:21:00+00:00,1,1.47,0.347,N21E084,40,Cropland,0.6223575207106498,0.6223575207106498,0.22968360115780018,0.0,0.09957081545064378,0.02183850683700968,0.01620920251522108,0.010340353328675516,0.0,0.0,0.0,50095,1.0,CROPLAND_DOMINANT,True,SUCCESS,
SATF-0785,23.811,84.847,2026-09-15 20:21:00+00:00,1,1.46,0.345,N21E084,30,Grassland,0.4137357743691242,0.3665116279069767,0.027451756556160316,0.018941118258287978,0.4137357743691242,0.011538842157347847,0.1365264720435428,0.025294408708560118,0.0,0.0,0.0,50525,1.0,CROPLAND_PRESENT,True,SUCCESS,
SATF-0787,21.874,83.498,2026-09-15 20:21:00+00:00,1,1.39,0.337,N21E081,10,Tree Cover,0.48090627807166386,0.2893502345543467,0.48090627807166386,0.0,0.06625411717736301,0.06729214492464318,0.07745283960475097,0.018744385667232258,0.0,0.0,0.0,50095,1.0,NATURAL_VEGETATION_DOMINANT,False,SUCCESS,
SATF-0788,28.346,77.232,2026-09-15 20:21:00+00:00,1,1.3,0.324,N27E075,40,Cropland,0.9144186046511628,0.9144186046511628,0.013972472710014238,0.005828191741813004,0.03141907925961082,0.029273849074513525,0.0014428096820123398,0.0036449928808732794,0.0,0.0,0.0,52675,1.0,CROPLAND_DOMINANT,True,SUCCESS,
SATF-0789,24.715,75.952,2026-09-15 20:21:00+00:00,1,1.23,0.312,N24E075,50,Built-up,0.27742125404768914,0.20702580708468257,0.1827102345206555,0.07826513590422922,0.10897851045039741,0.27742125404768914,0.09041310960651555,0.05518594838583064,0.0,0.0,0.0,50955,1.0,MIXED_OR_OTHER,False,SUCCESS,
SATF-0786,26.643,79.479,2026-09-15 20:21:00+00:00,2,1.42,0.34,N24E078,40,Cropland,0.3804882755958699,0.3804882755958699,0.1719579272411464,0.0004631863360030879,0.08333494161922224,0.328051722474187,0.03568464730290456,1.929943066679533e-05,0.0,0.0,0.0,51815,1.0,CROPLAND_PRESENT,True,SUCCESS,
SATF-0792,21.575,82.021,2026-09-15 20:21:00+00:00,1,1.14,0.292,N21E081,10,Tree Cover,0.38669082855129366,0.22396053558844256,0.38669082855129366,0.0007047216349541931,0.053256820698681165,0.29876170341286623,0.03499446290143964,0.0016309272123225611,0.0,0.0,0.0,49665,1.0,MIXED_OR_OTHER,False,SUCCESS,
SATF-0793,21.622,81.794,2026-09-15 20:21:00+00:00,1,1.07,0.28,N21E081,40,Cropland,0.6668881506090808,0.6668881506090808,0.10840632235981074,0.00970502365851203,0.1893687707641196,0.0017114668277458975,0.0007651263465216953,0.0231551394342092,0.0,0.0,0.0,49665,1.0,CROPLAND_DOMINANT,True,SUCCESS,
SATF-0794,25.31,83.013,2026-09-15 20:21:00+00:00,1,0.98,0.258,N24E081,50,Built-up,0.5315753624598618,0.0034056631312639877,0.007531380753138075,0.000272453050501119,0.027945898608543348,0.5315753624598618,0.20093412474457525,0.2283351172521164,0.0,0.0,0.0,51385,1.0,BUILT_UP_DOMINANT,False,SUCCESS,
SATF-0780,21.879,83.556,2026-09-15 20:21:00+00:00,1,1.64,0.373,N21E081,10,Tree Cover,0.6620421199720531,0.09567821139834315,0.6620421199720531,0.0,0.050543966463718934,0.14622217786206207,0.04381674817846092,0.0016967761253618126,0.0,0.0,0.0,50095,1.0,NATURAL_VEGETATION_DOMINANT,False,SUCCESS,
SATF-0796,22.017,82.18,2026-09-15 20:21:00+00:00,1,0.76,0.224,N21E081,40,Cropland,0.4426190238546761,0.4426190238546761,0.16784110190637788,0.0,0.24417606547559637,0.07362012176863958,0.05898792294640184,0.012755764048308214,0.0,0.0,0.0,50095,1.0,CROPLAND_PRESENT,True,SUCCESS,
SATF-0797,23.107,70.188,2026-09-15 20:21:00+00:00,1,0.74,0.219,N21E069,40,Cropland,0.3995249876298862,0.3995249876298862,0.01029193468579911,0.206056407718951,0.01359722909450767,0.11487382483918852,0.09375556655121227,0.16190004948045522,0.0,0.0,0.0,50525,1.0,CROPLAND_PRESENT,True,SUCCESS,
SATF-0798,23.925,85.343,2026-09-15 20:21:00+00:00,1,0.69,0.212,N21E084,10,Tree Cover,0.39368629391390403,0.3090549233052944,0.39368629391390403,0.0059772389905987135,0.2455022266204849,0.017318159327065808,0.02177140029688273,0.006689757545769421,0.0,0.0,0.0,50525,1.0,CROPLAND_PRESENT,True,SUCCESS,
SATF-0790,25.036,87.386,2026-09-15 20:21:00+00:00,1,1.2,0.306,N24E087,60,Bare/Sparse Vegetation,0.4101069571190266,0.26607791188303404,0.06350701599450495,5.88754783632617e-05,0.1309979393582573,0.04258659601609263,0.4101069571190266,0.08666470415072122,0.0,0.0,0.0,50955,1.0,MIXED_OR_OTHER,False,SUCCESS,
SATF-0803,22.264,75.134,2026-09-15 20:23:00+00:00,2,1.51,0.352,N21E075,40,Cropland,0.42173869647669426,0.42173869647669426,0.013813753867651463,0.0,0.3518315201117876,0.07990817446850983,0.1320291446252121,0.000678710450144725,0.0,0.0,0.0,50095,1.0,CROPLAND_PRESENT,True,SUCCESS,
SATF-0806,20.657,78.495,2026-09-15 20:23:00+00:00,1,1.11,0.289,N18E078,40,Cropland,0.3823618242222893,0.3823618242222893,0.08182824927010973,0.006966676734118595,0.27268700291956105,0.23670592972918555,0.01876573039363737,0.000684586731098359,0.0,0.0,0.0,49665,1.0,CROPLAND_PRESENT,True,SUCCESS,
SATF-0799,18.685,73.035,2026-09-15 20:23:00+00:00,10,4.17,0.636,N18E072,50,Built-up,0.4837619096404057,0.02909537957176519,0.07400881057268723,0.0,0.00313492470033808,0.4837619096404057,0.11777481815387768,0.18655875422600143,0.0,0.1056654031349247,0.0,48805,1.0,MIXED_OR_OTHER,False,SUCCESS,
SATF-0800,18.718,79.538,2026-09-15 20:23:00+00:00,2,2.79,0.519,N18E078,60,Bare/Sparse Vegetation,0.6537035139842229,0.04302837823993443,0.12779428337260526,0.0019465218727589386,0.15270976334391967,0.013031451695523,0.6537035139842229,0.007786087491035754,0.0,0.0,0.0,48805,1.0,MIXED_OR_OTHER,False,SUCCESS,
SATF-0801,17.062,76.979,2026-09-15 20:23:00+00:00,1,1.65,0.375,N15E075,50,Built-up,0.3360826873385013,0.07629974160206718,0.2605891472868217,0.05606201550387597,0.029250645994832042,0.3360826873385013,0.1075142118863049,0.1342015503875969,0.0,0.0,0.0,48375,1.0,MIXED_OR_OTHER,False,SUCCESS,
SATF-0802,19.929,79.121,2026-09-15 20:23:00+00:00,1,1.58,0.359,N18E078,10,Tree Cover,0.4358687925256423,0.3935208693002945,0.4358687925256423,2.031075454453133e-05,0.026464913171524322,0.1061236924951762,0.03243627500761653,0.0055651467452015844,0.0,0.0,0.0,49235,1.0,CROPLAND_PRESENT,True,SUCCESS,
SATF-0805,19.937,73.713,2026-09-15 20:23:00+00:00,1,1.47,0.347,N18E072,30,Grassland,0.37916116583731085,0.3553975830202092,0.06466944246978776,0.03745303138011577,0.37916116583731085,0.0895298060322941,0.07220473240580888,0.0015842388544734438,0.0,0.0,0.0,49235,1.0,CROPLAND_PRESENT,True,SUCCESS,
SATF-0809,19.081,73.036,2026-09-15 20:23:00+00:00,1,1.0,0.263,N18E072,10,Tree Cover,0.4430994211434955,0.07594191124200264,0.4430994211434955,0.0,0.2288412714532345,0.23249720727125012,0.01161775159947192,0.008002437290545344,0.0,0.0,0.0,49235,1.0,NATURAL_VEGETATION_DOMINANT,False,SUCCESS,
SATF-0807,17.145,78.223,2026-09-15 20:23:00+00:00,1,1.04,0.271,N15E078,40,Cropland,0.7543979328165374,0.7543979328165374,0.06697674418604652,0.021395348837209303,0.11584496124031007,0.03233074935400517,0.009054263565891472,0.0,0.0,0.0,0.0,48375,1.0,CROPLAND_DOMINANT,True,SUCCESS,
SATF-0810,19.963,79.334,2026-09-15 20:23:00+00:00,1,1.0,0.263,N18E078,10,Tree Cover,0.40997258048136487,0.0527673403066924,0.40997258048136487,0.11309028130395044,0.21247080329034224,0.13849903523915913,0.07145323448766122,0.0017467248908296944,0.0,0.0,0.0,49235,1.0,NATURAL_VEGETATION_DOMINANT,False,SUCCESS,
SATF-0811,17.372,77.445,2026-09-15 20:23:00+00:00,1,0.83,0.236,N15E075,40,Cropland,0.48489922480620157,0.48489922480620157,0.05070801033591731,0.11445994832041344,0.09529715762273902,0.19443927648578813,0.05736434108527132,0.0028320413436692506,0.0,0.0,0.0,48375,1.0,CROPLAND_PRESENT,True,SUCCESS,
SATF-0812,18.527,74.284,2026-09-15 20:23:00+00:00,1,0.8,0.231,N18E072,40,Cropland,0.7898575965577297,0.7898575965577297,0.06878393607212376,0.035754533346993134,0.028624116381518287,0.07556602807089438,0.001413789570740703,0.0,0.0,0.0,0.0,48805,1.0,CROPLAND_DOMINANT,True,SUCCESS,
SATF-0813,18.882,72.969,2026-09-15 20:23:00+00:00,1,0.8,0.231,N18E072,40,Cropland,0.3930539903698392,0.3930539903698392,0.09349451900420039,0.0,0.0731892224157361,0.22440323737321996,0.04284397090462043,0.1086773896117201,0.0,0.06433767032066387,0.0,48805,1.0,CROPLAND_PRESENT,True,SUCCESS,
SATF-0808,18.603,74.257,2026-09-15 20:23:00+00:00,1,1.0,0.263,N18E072,40,Cropland,0.7081446573097019,0.7081446573097019,0.13109312570433357,0.07964347915172626,0.04595840590103473,0.03460710992726155,0.0005532220059420142,0.0,0.0,0.0,0.0,48805,1.0,CROPLAND_DOMINANT,True,SUCCESS,
SATF-0804,20.701,78.627,2026-09-15 20:23:00+00:00,3,1.48,0.349,N18E078,30,Grassland,0.26455250176180406,0.17120708748615726,0.249390919158361,0.002476593174267593,0.26455250176180406,0.24753850800362429,0.04463908184838417,0.02019530856740159,0.0,0.0,0.0,49665,1.0,NATURAL_VEGETATION_DOMINANT,False,SUCCESS,
SATF-0816,13.71,79.62,2026-09-15 20:25:00+00:00,1,2.57,0.495,N12E078,40,Cropland,0.46204356518994,0.46204356518994,0.18297379774807956,0.12665474060822898,0.028033252657055665,0.130632431863622,0.06240134694307061,0.007260864990003157,0.0,0.0,0.0,47515,1.0,CROPLAND_PRESENT,True,SUCCESS,
SATF-0814,8.672,78.075,2026-09-15 20:25:00+00:00,1,2.89,0.53,N06E078,10,Tree Cover,0.6402463629606031,0.19921418710842095,0.6402463629606031,0.12524158436869492,0.0270786874800892,0.0047361155357332485,0.0007645747053201656,0.0016778167144525858,0.001040671126685781,0.0,0.0,47085,1.0,NATURAL_VEGETATION_DOMINANT,False,SUCCESS,
SATF-0815,15.175,76.671,2026-09-15 20:25:00+00:00,6,2.58,0.496,N15E075,60,Bare/Sparse Vegetation,0.49888413807487747,0.003942016894358118,0.11156533528000834,0.0281781207633747,0.01966837000730003,0.33776201898008135,0.49888413807487747,0.0,0.0,0.0,0.0,47945,1.0,MIXED_OR_OTHER,False,SUCCESS,
SATF-0817,13.393,80.1,2026-09-15 20:25:00+00:00,1,2.02,0.421,N12E078,10,Tree Cover,0.30546143323161107,0.28538356308534146,0.30546143323161107,0.07690203093759865,0.24762706513732505,0.0606545301483742,0.01107018836157003,0.012206671577396612,0.0006945175207829107,0.0,0.0,47515,1.0,NATURAL_VEGETATION_DOMINANT,False,SUCCESS,
SATF-0818,10.714,78.092,2026-09-15 20:25:00+00:00,1,1.46,0.345,N09E078,30,Grassland,0.2844005521928427,0.2606562599553998,0.05730062652649464,0.188234044812573,0.2844005521928427,0.1937984496124031,0.015610066900286716,0.0,0.0,0.0,0.0,47085,1.0,NATURAL_VEGETATION_DOMINANT,False,SUCCESS,
SATF-0820,15.224,76.763,2026-09-15 20:25:00+00:00,1,0.69,0.212,N15E075,40,Cropland,0.5876942329752842,0.5876942329752842,0.04119303368443008,0.20911461049118782,0.09158410678902909,0.048764208989467095,0.021462091980394202,0.00018771509020752946,0.0,0.0,0.0,47945,1.0,CROPLAND_DOMINANT,True,SUCCESS,
SATF-0821,14.631,75.624,2026-09-15 20:25:00+00:00,1,0.51,0.192,N12E075,40,Cropland,0.43174470747731775,0.43174470747731775,0.18898738137449161,0.038210449473354884,0.05366565856710814,0.2774637605589738,0.006403170299301283,0.003524872249452498,0.0,0.0,0.0,47945,1.0,CROPLAND_PRESENT,True,SUCCESS,
SATF-0819,12.118,78.955,2026-09-15 20:25:00+00:00,1,1.44,0.343,N12E078,10,Tree Cover,0.4616226454803746,0.4038724613280017,0.4616226454803746,0.10847100915500368,0.014227086183310533,0.011806797853309481,0.0,0.0,0.0,0.0,0.0,47515,1.0,CROPLAND_PRESENT,True,SUCCESS,
SATF-0830,27.29,73.841,2026-09-15 21:18:00+00:00,1,2.45,0.482,N27E072,40,Cropland,0.9974351612594506,0.9974351612594506,0.0,0.0022968705139247776,0.00022968705139247774,0.0,3.828117523207963e-05,0.0,0.0,0.0,0.0,52245,1.0,CROPLAND_DOMINANT,True,SUCCESS,
SATF-0831,24.936,74.632,2026-09-15 21:18:00+00:00,1,1.22,0.31,N24E072,50,Built-up,0.4518692964380336,0.2820724168383868,0.11480718280836032,0.007496810911588657,0.10344421548425081,0.4518692964380336,0.040310077519379844,0.0,0.0,0.0,0.0,50955,1.0,MIXED_OR_OTHER,False,SUCCESS,
SATF-0832,22.684,75.719,2026-09-15 21:18:00+00:00,1,0.51,0.192,N21E075,40,Cropland,0.6966563529294341,0.6966563529294341,0.0824633196925841,0.0,0.12801676814053298,0.07523704960574908,0.014252919453039225,0.003373590178660545,0.0,0.0,0.0,50095,1.0,CROPLAND_DOMINANT,True,SUCCESS,
SATF-0833,22.331,69.751,2026-09-15 21:21:00+00:00,1,1.32,0.327,N21E069,50,Built-up,0.5622117975845893,0.08865156203213893,0.11568020760554945,0.08998902086036531,0.022816648368100607,0.5622117975845893,0.11172771733705959,0.008923046212196827,0.0,0.0,0.0,50095,1.0,BUILT_UP_DOMINANT,False,SUCCESS,
SATF-0835,22.373,87.287,2026-09-16 06:50:00+00:00,3,7.07,0.778,N21E087,40,Cropland,0.3756263100109791,0.3756263100109791,0.3298133546262102,0.0,0.028685497554646174,0.125281964267891,0.12244735003493362,0.018145523505339854,0.0,0.0,0.0,50095,1.0,CROPLAND_PRESENT,True,SUCCESS,
SATF-0837,20.968,85.174,2026-09-16 06:50:00+00:00,11,6.83,0.769,N18E084,60,Bare/Sparse Vegetation,0.44473975636766333,0.01117487163998792,0.13323265881405416,0.0,0.08722440350347327,0.006543843753146079,0.44473975636766333,0.3170844659216752,0.0,0.0,0.0,49665,1.0,MIXED_OR_OTHER,False,SUCCESS,
SATF-0845,23.686,86.088,2026-09-16 06:52:00+00:00,4,7.98,0.802,N21E084,50,Built-up,0.3635428005937655,0.08221672439386442,0.27459673428995546,0.0,0.011063829787234043,0.3635428005937655,0.13945571499257794,0.12912419594260266,0.0,0.0,0.0,50525,1.0,MIXED_OR_OTHER,False,SUCCESS,
SATF-0846,23.557,87.24,2026-09-16 06:52:00+00:00,1,6.34,0.751,N21E087,50,Built-up,0.46891637803067787,0.0864720435428006,0.3695992083127165,0.0,0.026105888174171202,0.46891637803067787,0.03160811479465611,0.017298367144977733,0.0,0.0,0.0,50525,1.0,MIXED_OR_OTHER,False,SUCCESS,
SATF-0847,23.648,85.439,2026-09-16 06:52:00+00:00,3,5.95,0.734,N21E084,30,Grassland,0.2811083621969322,0.27275606135576447,0.2635526966848095,0.0005541810984661059,0.2811083621969322,0.08186046511627906,0.055398317664522516,0.044769915883226125,0.0,0.0,0.0,50525,1.0,NATURAL_VEGETATION_DOMINANT,False,SUCCESS,
SATF-0862,8.606,77.973,2026-09-16 07:31:00+00:00,2,4.11,0.632,N06E075,10,Tree Cover,0.7558670489540193,0.09896994796644366,0.7558670489540193,0.017075501752150366,0.0319847085058936,0.050610597854943186,0.006902410534140384,0.035425294679834345,0.00316448975257513,0.0,0.0,47085,1.0,NATURAL_VEGETATION_DOMINANT,False,SUCCESS,
SATF-0853,10.644,79.77,2026-09-16 07:31:00+00:00,1,7.67,0.794,N09E078,40,Cropland,0.7945842625039822,0.7945842625039822,0.07099925666348093,0.00014866730381225444,0.11279600722098333,0.010937665923330148,0.009344801953913136,0.001168100244239142,2.123818625889349e-05,0.0,0.0,47085,1.0,CROPLAND_DOMINANT,True,SUCCESS,
SATF-0854,8.495,77.311,2026-09-16 07:31:00+00:00,3,7.2,0.781,N06E075,10,Tree Cover,0.9149072982531347,0.0,0.9149072982531347,0.0,0.026856714178544638,0.0002572071589325903,0.0,0.05797878040938806,0.0,0.0,0.0,46655,1.0,NATURAL_VEGETATION_DOMINANT,False,SUCCESS,
SATF-0856,12.212,79.928,2026-09-16 07:31:00+00:00,1,6.29,0.75,N12E078,30,Grassland,0.3239187624960539,0.22390823950331473,0.22757024097653372,0.11318530990213617,0.3239187624960539,0.002020414605913922,0.06576870461959382,0.038724613280016834,0.0049037146164369145,0.0,0.0,47515,1.0,NATURAL_VEGETATION_DOMINANT,False,SUCCESS,
SATF-0858,9.499,78.906,2026-09-16 07:31:00+00:00,1,5.95,0.734,N09E078,30,Grassland,0.3809705851120314,0.03663587129659127,0.04863544653286609,0.1836678347669109,0.3809705851120314,0.01588616332165233,0.05228841456939577,0.1281936922586811,0.023255813953488372,0.13046617818838271,0.0,47085,1.0,NATURAL_VEGETATION_DOMINANT,False,SUCCESS,
SATF-0859,10.865,78.581,2026-09-16 07:31:00+00:00,2,5.56,0.71,N09E078,40,Cropland,0.5222257619199321,0.5222257619199321,0.43748539874694703,0.019624084103217584,0.002548582351067219,0.018116172878836146,0.0,0.0,0.0,0.0,0.0,47085,1.0,CROPLAND_DOMINANT,True,SUCCESS,
SATF-0852,11.872,79.465,2026-09-16 07:31:00+00:00,1,9.82,0.746,N09E078,40,Cropland,0.4441334315479322,0.4441334315479322,0.2328527833315795,0.07210354624855309,0.04402820162054088,0.03763022203514679,0.1679048721456382,0.0013469430706092812,0.0,0.0,0.0,47515,1.0,CROPLAND_PRESENT,True,SUCCESS,
SATF-0863,12.68,79.698,2026-09-16 07:31:00+00:00,1,4.07,0.629,N12E078,40,Cropland,0.5038619383352625,0.5038619383352625,0.2677680732400295,0.06637903819846365,0.06930443017994317,0.012859097127222982,0.07980637693359992,2.104598547827002e-05,0.0,0.0,0.0,47515,1.0,CROPLAND_DOMINANT,True,SUCCESS,
SATF-0864,8.442,77.589,2026-09-16 07:31:00+00:00,2,3.74,0.597,N06E075,10,Tree Cover,0.6069017254313578,0.2624799056907084,0.6069017254313578,0.04781909763155075,0.015282392026578074,0.02728539277676562,0.0038581073839888545,0.03637337905905048,0.0,0.0,0.0,46655,1.0,NATURAL_VEGETATION_DOMINANT,False,SUCCESS,
SATF-0865,11.062,77.643,2026-09-16 07:31:00+00:00,1,3.24,0.56,N09E075,30,Grassland,0.7511946479770628,0.05332908569608155,0.13843049803546778,0.0015928639694170119,0.7511946479770628,0.04982478496336413,0.004693639163215461,0.0009344801953913136,0.0,0.0,0.0,47085,1.0,NATURAL_VEGETATION_DOMINANT,False,SUCCESS,
SATF-0866,12.05,79.086,2026-09-16 07:31:00+00:00,1,2.62,0.5,N12E078,40,Cropland,0.4885615068925602,0.4885615068925602,0.37293486267494474,0.09954751131221719,0.017636535830790275,0.02115121540566137,0.00014732189834789014,2.104598547827002e-05,0.0,0.0,0.0,47515,1.0,CROPLAND_PRESENT,True,SUCCESS,
SATF-0867,10.816,77.83,2026-09-16 07:31:00+00:00,2,2.43,0.478,N09E075,30,Grassland,0.7510035043007327,0.20329191887012849,0.01939046405436976,0.0006159074015079112,0.7510035043007327,0.017925029202506108,0.0077731761707550175,0.0,0.0,0.0,0.0,47085,1.0,NATURAL_VEGETATION_DOMINANT,False,SUCCESS,
SATF-0869,10.887,77.813,2026-09-16 07:31:00+00:00,1,1.93,0.409,N09E075,30,Grassland,0.6774556652861845,0.20603164489752576,0.09357544865668473,0.007348412445577148,0.6774556652861845,0.015270255920144419,0.00031857279388340236,0.0,0.0,0.0,0.0,47085,1.0,NATURAL_VEGETATION_DOMINANT,False,SUCCESS,
SATF-0868,12.519,80.017,2026-09-16 07:31:00+00:00,1,2.28,0.458,N12E078,40,Cropland,0.7399558034304956,0.7399558034304956,0.145596127538672,0.005198358413132695,0.08942439229716931,0.004798484689045565,0.013848258444701673,2.104598547827002e-05,0.001157529201304851,0.0,0.0,47515,1.0,CROPLAND_DOMINANT,True,SUCCESS,
SATF-0871,14.759,77.259,2026-09-16 07:33:00+00:00,1,17.12,0.871,N12E075,40,Cropland,0.772093023255814,0.772093023255814,0.12952341224319533,0.0892689540098029,0.003712587339660027,0.004943164042131609,0.00045885910939618313,0.0,0.0,0.0,0.0,47945,1.0,CROPLAND_DOMINANT,True,SUCCESS,
SATF-0872,19.099,82.166,2026-09-16 07:33:00+00:00,1,8.91,0.731,N18E081,50,Built-up,0.3763989032192546,0.15759114451101858,0.12279882197623641,0.019335838326393826,0.15629125622016857,0.3763989032192546,0.1511729460749467,0.016411089671981315,0.0,0.0,0.0,49235,1.0,MIXED_OR_OTHER,False,SUCCESS,
SATF-0883,14.424,77.483,2026-09-16 07:33:00+00:00,1,5.59,0.714,N12E075,40,Cropland,0.7956616956929815,0.7956616956929815,0.08305349880070914,0.10334758577536761,6.257169673584315e-05,0.017207216602356867,0.0006674314318489936,0.0,0.0,0.0,0.0,47945,1.0,CROPLAND_DOMINANT,True,SUCCESS,
SATF-0874,20.966,86.01,2026-09-16 07:33:00+00:00,1,6.69,0.765,N18E084,50,Built-up,0.5458371086278063,0.01737642202758482,0.1184939091915836,0.0,0.03596093828651968,0.5458371086278063,0.2786267995570321,0.0037048223094734724,0.0,0.0,0.0,49665,1.0,BUILT_UP_DOMINANT,False,SUCCESS,
SATF-0875,16.126,78.179,2026-09-16 07:33:00+00:00,1,6.67,0.764,N15E078,40,Cropland,0.7918552971576227,0.7918552971576227,0.04361757105943152,0.05223772609819122,0.056661498708010336,0.04458914728682171,0.0029767441860465114,0.00806201550387597,0.0,0.0,0.0,48375,1.0,CROPLAND_DOMINANT,True,SUCCESS,
SATF-0879,20.8,85.257,2026-09-16 07:33:00+00:00,3,5.87,0.727,N18E084,50,Built-up,0.617235477700594,0.05329709050639283,0.21091311788986208,0.0,0.011839323467230444,0.617235477700594,0.1012987012987013,0.00541628913721937,0.0,0.0,0.0,49665,1.0,BUILT_UP_DOMINANT,False,SUCCESS,
SATF-0877,15.826,80.051,2026-09-16 07:33:00+00:00,1,6.16,0.743,N15E078,10,Tree Cover,0.6083514211886305,0.3044547803617571,0.6083514211886305,0.022532299741602067,0.014656330749354005,0.041571059431524546,0.008372093023255815,6.201550387596899e-05,0.0,0.0,0.0,48375,1.0,CROPLAND_PRESENT,True,SUCCESS,
SATF-0878,17.582,75.708,2026-09-16 07:33:00+00:00,1,5.9,0.73,N15E075,40,Cropland,0.5978485810880033,0.5978485810880033,0.0030119864767954104,0.12506915275074276,0.2511832804015982,0.000881057268722467,0.022005942014137896,0.0,0.0,0.0,0.0,48805,1.0,CROPLAND_DOMINANT,True,SUCCESS,
SATF-0881,14.197,79.815,2026-09-16 07:33:00+00:00,1,5.77,0.722,N12E078,10,Tree Cover,0.38164563562415266,0.354134946292627,0.38164563562415266,0.18020648659922828,0.032099280425487535,0.02780269058295964,0.0034623005527166543,0.0,0.02064865992282824,0.0,0.0,47945,1.0,CROPLAND_PRESENT,True,SUCCESS,
SATF-0876,20.875,84.988,2026-09-16 07:33:00+00:00,5,6.36,0.752,N18E084,50,Built-up,0.4402698077116682,0.013228631833282996,0.4041880600020135,0.0,0.039927514346119,0.4402698077116682,0.09254001812141346,0.00984596798550287,0.0,0.0,0.0,49665,1.0,MIXED_OR_OTHER,False,SUCCESS,
SATF-0882,12.879,79.907,2026-09-16 07:33:00+00:00,1,5.66,0.717,N12E078,40,Cropland,0.509586446385352,0.509586446385352,0.12726507418709881,0.10807113543091655,0.1565400399873724,0.036620014732189836,0.0619172892770704,0.0,0.0,0.0,0.0,47515,1.0,CROPLAND_DOMINANT,True,SUCCESS,
SATF-0873,17.631,77.909,2026-09-16 07:33:00+00:00,1,8.61,0.812,N15E075,40,Cropland,0.6138715295563979,0.6138715295563979,0.039504149165044564,0.002971007068947854,0.19172215961479355,0.1375883618481713,0.01434279274664481,0.0,0.0,0.0,0.0,48805,1.0,CROPLAND_DOMINANT,True,SUCCESS,
SATF-0880,12.837,79.94,2026-09-16 07:33:00+00:00,1,5.83,0.636,N12E078,10,Tree Cover,0.3902978006945175,0.07801746816794697,0.3902978006945175,0.06722087761759445,0.037272440282016206,0.37245080500894456,0.04968957171419552,0.005008944543828265,4.209197095654004e-05,0.0,0.0,47515,1.0,MIXED_OR_OTHER,False,SUCCESS,
SATF-0897,14.043,76.982,2026-09-16 07:33:00+00:00,1,0.75,0.131,N12E075,40,Cropland,0.5816247783919074,0.5816247783919074,0.07844405047450204,0.3059964542705183,0.01032432996141412,0.019939514026488685,0.003608301178433622,6.257169673584315e-05,0.0,0.0,0.0,47945,1.0,CROPLAND_DOMINANT,True,SUCCESS,
SATF-0892,14.59,76.824,2026-09-16 07:33:00+00:00,2,2.94,0.536,N12E075,40,Cropland,0.7606006882886641,0.7606006882886641,0.018521222233809573,0.20602774011888622,0.0016060068828866408,0.012722911669621442,0.0005214308061320263,0.0,0.0,0.0,0.0,47945,1.0,CROPLAND_DOMINANT,True,SUCCESS,
SATF-0886,17.615,81.036,2026-09-16 07:33:00+00:00,1,4.63,0.668,N15E081,40,Cropland,0.5477922344022129,0.5477922344022129,0.25935867226718573,0.0004302837823993443,0.17928490933306013,0.006720622886999283,0.004528224567155004,0.0018850527609876038,0.0,0.0,0.0,48805,1.0,CROPLAND_DOMINANT,True,SUCCESS,
SATF-0887,19.602,74.814,2026-09-16 07:33:00+00:00,1,4.56,0.662,N18E072,40,Cropland,0.7704072306286178,0.7704072306286178,0.12151924443993094,0.01846247588097898,0.06276023154260181,0.025733726007921193,0.0007718086726921905,0.0003452828272570326,0.0,0.0,0.0,49235,1.0,CROPLAND_DOMINANT,True,SUCCESS,
SATF-0884,14.39,77.744,2026-09-16 07:33:00+00:00,1,4.77,0.674,N12E075,40,Cropland,0.3523829387840234,0.3523829387840234,0.19685055793096257,0.09652727083116071,0.0011680050057357389,0.0014391490249243924,0.006111169047867348,0.34552090937532587,0.0,0.0,0.0,47945,1.0,CROPLAND_PRESENT,True,SUCCESS,
SATF-0889,14.91,79.904,2026-09-16 07:33:00+00:00,2,4.29,0.644,N12E078,40,Cropland,0.6545833767859005,0.6545833767859005,0.13715715924496819,0.10255501095004693,0.045072478882052354,0.0,0.0009594326832829284,0.003921159662112837,0.05575138179163625,0.0,0.0,47945,1.0,CROPLAND_DOMINANT,True,SUCCESS,
SATF-0891,14.507,77.24,2026-09-16 07:33:00+00:00,1,3.4,0.578,N12E075,40,Cropland,0.6730420273229742,0.6730420273229742,0.0,0.29054124517676505,0.034247575346751484,0.000813432057565961,0.0013557200959432682,0.0,0.0,0.0,0.0,47945,1.0,CROPLAND_DOMINANT,True,SUCCESS,
SATF-0888,21.076,85.042,2026-09-16 07:33:00+00:00,3,4.43,0.562,N21E084,60,Bare/Sparse Vegetation,0.3052652773583006,0.18932850095640794,0.1566495519983892,4.0269807711668176e-05,0.21242323567904964,0.036947548575455555,0.3052652773583006,0.0993456156246854,0.0,0.0,0.0,49665,1.0,MIXED_OR_OTHER,False,SUCCESS,
SATF-0893,18.195,83.869,2026-09-16 07:33:00+00:00,1,2.84,0.525,N18E081,10,Tree Cover,0.6186251408667145,0.12146296486015777,0.6186251408667145,0.0,0.18135436942936176,0.0443806986989038,0.014814055936891711,0.019362770207970496,0.0,0.0,0.0,48805,1.0,NATURAL_VEGETATION_DOMINANT,False,SUCCESS,
SATF-0894,15.759,76.954,2026-09-16 07:33:00+00:00,1,2.05,0.425,N15E075,40,Cropland,0.804609819121447,0.804609819121447,0.022511627906976743,0.026645994832041345,0.0029560723514211887,0.01901808785529716,0.07619638242894057,0.04806201550387597,0.0,0.0,0.0,48375,1.0,CROPLAND_DOMINANT,True,SUCCESS,
SATF-0896,15.974,77.678,2026-09-16 07:33:00+00:00,1,1.9,0.405,N15E075,40,Cropland,0.8001033591731266,0.8001033591731266,0.05170025839793282,0.08781395348837209,0.004155038759689923,0.05606201550387597,0.000165374677002584,0.0,0.0,0.0,0.0,48375,1.0,CROPLAND_DOMINANT,True,SUCCESS,
SATF-0885,13.812,79.523,2026-09-16 07:33:00+00:00,1,4.73,0.672,N12E078,40,Cropland,0.48922723954531233,0.48922723954531233,0.25804567733861716,0.2135363437271874,0.03458129106267598,0.0006048597351131505,0.0018145792053394514,0.0021900093857545105,0.0,0.0,0.0,47945,1.0,CROPLAND_PRESENT,True,SUCCESS,
SATF-0895,14.541,77.097,2026-09-16 07:33:00+00:00,1,2.01,0.33,N12E075,20,Shrubland,0.5352800083428929,0.3568881009490041,0.01391177390760246,0.5352800083428929,0.06499113567629576,0.015559495254979664,0.013369485869225154,0.0,0.0,0.0,0.0,47945,1.0,CROPLAND_PRESENT,True,SUCCESS,
SATF-0904,21.92,83.352,2026-09-16 07:35:00+00:00,3,7.73,0.796,N21E081,50,Built-up,0.42864557341052,0.09749475995608343,0.2640582892504242,0.0,0.032897494759956084,0.42864557341052,0.15259007885018466,0.02431380377283162,0.0,0.0,0.0,50095,1.0,MIXED_OR_OTHER,False,SUCCESS,
SATF-0898,21.104,72.642,2026-09-16 07:35:00+00:00,9,22.73,0.876,N21E072,50,Built-up,0.4812040672505789,0.0327192187657304,0.2879089902345716,0.0,0.010470150005033726,0.4812040672505789,0.15085069968790898,0.036846874056176385,0.0,0.0,0.0,49665,1.0,MIXED_OR_OTHER,False,SUCCESS,
SATF-0899,22.359,82.304,2026-09-16 07:35:00+00:00,2,10.85,0.845,N21E081,10,Tree Cover,0.3347040622816648,0.30426190238546763,0.3347040622816648,0.0033137039624713044,0.19724523405529493,0.010240542968360116,0.14197025651262601,0.008264297834115182,0.0,0.0,0.0,50095,1.0,CROPLAND_PRESENT,True,SUCCESS,
SATF-0900,23.693,87.098,2026-09-16 07:35:00+00:00,2,9.23,0.828,N21E087,10,Tree Cover,0.2926867887184562,0.21761504205838694,0.2926867887184562,0.0,0.0924492825333993,0.21599208312716478,0.16366155368629393,0.017595249876298864,0.0,0.0,0.0,50525,1.0,MIXED_OR_OTHER,False,SUCCESS,
SATF-0901,23.759,86.396,2026-09-16 07:35:00+00:00,5,8.96,0.822,N21E084,60,Bare/Sparse Vegetation,0.3829787234042553,0.02412666996536368,0.24134586838198913,0.0,0.17009401286491835,0.15740722414646216,0.3829787234042553,0.02404750123701138,0.0,0.0,0.0,50525,1.0,MIXED_OR_OTHER,False,SUCCESS,
SATF-0902,23.68,86.397,2026-09-16 07:35:00+00:00,5,8.43,0.81,N21E084,10,Tree Cover,0.3938248391885205,0.05767441860465116,0.3938248391885205,0.0002375061850569025,0.18024740227610095,0.11463631865413162,0.18200890648193963,0.0713706086095992,0.0,0.0,0.0,50525,1.0,NATURAL_VEGETATION_DOMINANT,False,SUCCESS,
SATF-0903,21.754,83.845,2026-09-16 07:35:00+00:00,9,7.95,0.801,N21E081,60,Bare/Sparse Vegetation,0.4233955484579299,0.00536979738496856,0.2925042419403134,0.0008184449545862861,0.2502844595268989,0.004311807565625312,0.4233955484579299,0.023315700169677614,0.0,0.0,0.0,50095,1.0,NATURAL_VEGETATION_DOMINANT,False,SUCCESS,
SATF-0911,22.038,83.351,2026-09-16 07:35:00+00:00,1,4.16,0.636,N21E081,10,Tree Cover,0.8554147120471105,0.021938317197325082,0.8554147120471105,0.0,0.013095119273380577,0.0009981036031540074,0.10052899490967163,0.00802475296935822,0.0,0.0,0.0,50095,1.0,NATURAL_VEGETATION_DOMINANT,False,SUCCESS,
SATF-0905,21.708,84.034,2026-09-16 07:35:00+00:00,3,7.12,0.78,N21E084,10,Tree Cover,0.46008583690987126,0.23702964367701368,0.46008583690987126,0.0,0.19626709252420402,0.04437568619622717,0.031659846292045116,0.030581894400638788,0.0,0.0,0.0,50095,1.0,NATURAL_VEGETATION_DOMINANT,False,SUCCESS,
SATF-0908,23.167,82.342,2026-09-16 07:35:00+00:00,1,5.0,0.684,N21E081,30,Grassland,0.4103117268678872,0.027788223651657597,0.2786343394359228,0.0006333498268184068,0.4103117268678872,0.05848589807026225,0.2216328550222662,0.0025136071251855518,0.0,0.0,0.0,50525,1.0,NATURAL_VEGETATION_DOMINANT,False,SUCCESS,
SATF-0909,23.827,84.572,2026-09-16 07:35:00+00:00,1,4.93,0.591,N21E084,40,Cropland,0.5506778822365166,0.5506778822365166,0.1480257298367145,0.006293913904007917,0.2825729836714498,0.0006729341909945571,0.011162790697674419,0.0005937654626422563,0.0,0.0,0.0,50525,1.0,CROPLAND_DOMINANT,True,SUCCESS,
SATF-0910,23.712,85.286,2026-09-16 07:35:00+00:00,1,4.34,0.647,N21E084,30,Grassland,0.41082632360217713,0.12763978228599704,0.051499257793171695,1.979218208807521e-05,0.41082632360217713,0.07851558634339435,0.31449777337951507,0.017001484413656606,0.0,0.0,0.0,50525,1.0,MIXED_OR_OTHER,False,SUCCESS,
SATF-0912,23.629,86.29,2026-09-16 07:35:00+00:00,1,3.94,0.616,N21E084,40,Cropland,0.2921919841662543,0.2921919841662543,0.20724393864423551,0.0,0.1787629886194953,0.22654131618010886,0.08936170212765958,0.005898070262246413,0.0,0.0,0.0,50525,1.0,MIXED_OR_OTHER,False,SUCCESS,
SATF-0906,21.348,81.665,2026-09-16 07:35:00+00:00,1,5.99,0.645,N21E081,10,Tree Cover,0.32235981073190373,0.22472566193496427,0.32235981073190373,0.0,0.0814456860968489,0.2440753045404208,0.10607067351253398,0.021322863183328298,0.0,0.0,0.0,49665,1.0,MIXED_OR_OTHER,False,SUCCESS,
SATF-0913,22.054,88.125,2026-09-16 07:35:00+00:00,1,3.49,0.492,N21E087,10,Tree Cover,0.44006387863060187,0.05755065375786007,0.44006387863060187,0.0,0.009781415310909272,0.19804371693781814,0.061563030242539174,0.23299730512027148,0.0,0.0,0.0,50095,1.0,MIXED_OR_OTHER,False,SUCCESS,
SATF-0914,22.208,84.861,2026-09-16 07:35:00+00:00,1,2.88,0.439,N21E084,50,Built-up,0.5983032238746382,0.010020960175666234,0.3617726319992015,0.0,0.004471504142129953,0.5983032238746382,0.02311607944904681,0.002315600359317297,0.0,0.0,0.0,50095,1.0,BUILT_UP_DOMINANT,False,SUCCESS,
SATF-0907,23.783,85.564,2026-09-16 07:35:00+00:00,2,5.92,0.731,N21E084,10,Tree Cover,0.47724888668975757,0.006016823354774864,0.47724888668975757,3.958436417615042e-05,0.16904502721425038,0.1219990103908956,0.18976744186046512,0.03588322612568036,0.0,0.0,0.0,50525,1.0,NATURAL_VEGETATION_DOMINANT,False,SUCCESS,
SATF-0918,31.707,78.271,2026-09-16 07:37:00+00:00,1,4.26,0.641,N30E078,60,Bare/Sparse Vegetation,0.43662101296075007,0.0,0.001856788307748874,0.0,0.41069951282286976,0.0,0.43662101296075007,0.024763305450868647,0.0,0.0,0.12605938045776266,54395,1.0,MIXED_OR_OTHER,False,SUCCESS,
SATF-0919,31.667,75.153,2026-09-16 07:37:00+00:00,1,1.88,0.402,N30E075,40,Cropland,0.8247081533229157,0.8247081533229157,0.11574593253056346,0.0009008180898979686,0.005202684070227043,0.052320985384686096,0.001121426601709716,0.0,0.0,0.0,0.0,54395,1.0,CROPLAND_DOMINANT,True,SUCCESS,
SATF-0920,8.982,77.769,2026-09-16 08:28:00+00:00,1,8.05,0.802,N06E075,40,Cropland,0.38184135074864606,0.38184135074864606,0.08006796219602846,0.33103960921737285,0.12048423064670277,0.06581713921631092,0.01905065307422746,0.0016990549007114793,0.0,0.0,0.0,47085,1.0,CROPLAND_PRESENT,True,SUCCESS,
SATF-0921,8.931,78.167,2026-09-16 08:28:00+00:00,1,7.34,0.785,N06E078,10,Tree Cover,0.6007645747053202,0.10495911649145163,0.6007645747053202,0.17236911967717958,0.052352129128172456,0.006562599553998088,0.006392694063926941,0.018349792927683975,0.038249973452267175,0.0,0.0,47085,1.0,NATURAL_VEGETATION_DOMINANT,False,SUCCESS,
SATF-0923,9.585,78.575,2026-09-16 08:28:00+00:00,1,5.78,0.723,N09E078,10,Tree Cover,0.4257406817457789,0.29824784963364126,0.4257406817457789,0.25381756398003613,0.018031220133800572,0.0028883933312095146,0.0012742911755336094,0.0,0.0,0.0,0.0,47085,1.0,NATURAL_VEGETATION_DOMINANT,False,SUCCESS,
SATF-0924,10.687,79.378,2026-09-16 08:28:00+00:00,1,5.53,0.709,N09E078,40,Cropland,0.8007433365190613,0.8007433365190613,0.1318254221089519,0.013571201019432941,0.035000530954656474,0.0035680152914941065,6.371455877668048e-05,0.00012742911755336096,0.015100350430073272,0.0,0.0,47085,1.0,CROPLAND_DOMINANT,True,SUCCESS,
SATF-0925,8.962,77.679,2026-09-16 08:28:00+00:00,1,5.28,0.698,N06E075,40,Cropland,0.5455028140596793,0.5455028140596793,0.03402357438674737,0.029669746203674206,0.33225018583412974,0.02956355527237974,0.02300095571838165,0.005989168525007965,0.0,0.0,0.0,47085,1.0,CROPLAND_DOMINANT,True,SUCCESS,
SATF-0926,12.528,76.393,2026-09-16 08:28:00+00:00,1,5.12,0.69,N12E075,40,Cropland,0.6767757550247291,0.6767757550247291,0.2349573818794065,0.00014732189834789014,0.07182994843733558,0.016058086919920025,0.00023150584026097022,0.0,0.0,0.0,0.0,47515,1.0,CROPLAND_DOMINANT,True,SUCCESS,
SATF-0927,10.844,78.673,2026-09-16 08:28:00+00:00,1,4.53,0.66,N09E078,40,Cropland,0.4545821386853563,0.4545821386853563,0.28962514601253053,0.06764362323457576,0.01393225018583413,0.1135605819263035,0.01144738239354359,0.04920887756185622,0.0,0.0,0.0,47085,1.0,CROPLAND_PRESENT,True,SUCCESS,
SATF-0928,10.96,78.125,2026-09-16 08:28:00+00:00,1,3.99,0.622,N09E078,40,Cropland,0.4137198683232452,0.4137198683232452,0.25838377402569823,0.06112350005309546,0.1328236168631199,0.07494955930763512,0.0577466284379314,0.001253052989274716,0.0,0.0,0.0,47085,1.0,CROPLAND_PRESENT,True,SUCCESS,
SATF-0929,10.963,79.112,2026-09-16 08:28:00+00:00,2,3.59,0.587,N09E078,40,Cropland,0.8272910693426782,0.8272910693426782,0.10714664967611766,0.043071041733036,0.01448444302856536,0.0014866730381225444,0.0037803971540830415,0.0027397260273972603,0.0,0.0,0.0,47085,1.0,CROPLAND_DOMINANT,True,SUCCESS,
SATF-0930,12.412,79.096,2026-09-16 08:28:00+00:00,1,3.39,0.576,N12E078,40,Cropland,0.652215089971588,0.652215089971588,0.23462064611175418,0.03215826581079659,0.0692833841944649,0.0117226139113964,0.0,0.0,0.0,0.0,0.0,47515,1.0,CROPLAND_DOMINANT,True,SUCCESS,
SATF-0931,12.566,79.885,2026-09-16 08:28:00+00:00,2,3.21,0.557,N12E078,40,Cropland,0.6118699358097442,0.6118699358097442,0.13599915816058086,0.044680627170367256,0.1717773334736399,0.034494370198884565,0.0011785751867831212,0.0,0.0,0.0,0.0,47515,1.0,CROPLAND_DOMINANT,True,SUCCESS,
SATF-0932,10.84,79.615,2026-09-16 08:28:00+00:00,1,3.08,0.546,N09E078,40,Cropland,0.7652755654667092,0.7652755654667092,0.20790060528830837,0.007327174259318254,0.010024423914197727,0.0021450568121482425,0.0008495274503557397,0.002654773282361686,0.003822873526600828,0.0,0.0,47085,1.0,CROPLAND_DOMINANT,True,SUCCESS,
SATF-0933,12.892,76.465,2026-09-16 08:28:00+00:00,1,2.72,0.511,N12E075,10,Tree Cover,0.5342523413658845,0.28582552878038514,0.5342523413658845,0.018499421235399348,0.0541934126065453,0.0087761759444386,0.0005471956224350205,0.09790592444491213,0.0,0.0,0.0,47515,1.0,NATURAL_VEGETATION_DOMINANT,False,SUCCESS,
SATF-0934,9.042,77.309,2026-09-16 08:28:00+00:00,1,2.15,0.35,N09E075,40,Cropland,0.434703196347032,0.434703196347032,0.3865562280981204,0.0,0.09911861527025592,0.030646702771583306,0.00021238186258893492,0.04865668471912499,0.00010619093129446746,0.0,0.0,47085,1.0,CROPLAND_PRESENT,True,SUCCESS,
SATF-0944,13.676,79.6,2026-09-16 08:30:00+00:00,1,5.46,0.706,N12E078,40,Cropland,0.8030937598653057,0.8030937598653057,0.056550562980111546,0.0753235820267284,0.04594338629906345,0.013490476691571083,0.0012627591286962013,0.0,0.004335473008523624,0.0,0.0,47515,1.0,CROPLAND_DOMINANT,True,SUCCESS,
SATF-0935,15.446,75.324,2026-09-16 08:30:00+00:00,1,16.69,0.87,N15E075,40,Cropland,0.8582333924288247,0.8582333924288247,0.06421941808322036,0.013598915423923245,0.035999582855355095,0.024465533423714672,0.002440296172697883,0.0010428616122640526,0.0,0.0,0.0,47945,1.0,CROPLAND_DOMINANT,True,SUCCESS,
SATF-0936,15.944,76.58,2026-09-16 08:30:00+00:00,1,12.3,0.858,N15E075,40,Cropland,0.8611059431524548,0.8611059431524548,0.00454780361757106,0.08093023255813954,0.04037209302325581,0.0007648578811369509,0.01227906976744186,0.0,0.0,0.0,0.0,48375,1.0,CROPLAND_DOMINANT,True,SUCCESS,
SATF-0937,15.178,76.663,2026-09-16 08:30:00+00:00,2,11.3,0.851,N15E075,60,Bare/Sparse Vegetation,0.499593283971217,0.0004797163416414642,0.16324955678381478,0.007487746376055897,0.009990614245489624,0.318886223798102,0.499593283971217,0.00031285848367921577,0.0,0.0,0.0,47945,1.0,MIXED_OR_OTHER,False,SUCCESS,
SATF-0938,13.742,79.659,2026-09-16 08:30:00+00:00,1,10.54,0.842,N12E078,40,Cropland,0.6881405871829949,0.6881405871829949,0.05532989582237188,0.1728296327475534,0.003114805850783963,0.026012838051141744,0.0002946437966957803,0.005829737977480796,0.04844785857097759,0.0,0.0,47515,1.0,CROPLAND_DOMINANT,True,SUCCESS,
SATF-0939,14.089,77.481,2026-09-16 08:30:00+00:00,1,9.87,0.837,N12E075,40,Cropland,0.8047763061841694,0.8047763061841694,0.017540932318281365,0.1304411304619877,0.0034205860882260924,0.018333507143602042,0.004380018771509021,0.021107519032224423,0.0,0.0,0.0,47945,1.0,CROPLAND_DOMINANT,True,SUCCESS,
SATF-0940,16.33,77.349,2026-09-16 08:30:00+00:00,2,9.66,0.834,N15E075,40,Cropland,0.8388217054263566,0.8388217054263566,0.04525064599483204,0.04890956072351421,0.012940568475452196,0.05165891472868217,0.0024186046511627908,0.0,0.0,0.0,0.0,48375,1.0,CROPLAND_DOMINANT,True,SUCCESS,
SATF-0941,15.165,77.421,2026-09-16 08:30:00+00:00,1,7.47,0.789,N15E075,40,Cropland,0.711836479299197,0.711836479299197,0.08883095213265199,0.10889560955261236,0.010574616748357493,0.07333402857440817,0.006528313692772969,0.0,0.0,0.0,0.0,47945,1.0,CROPLAND_DOMINANT,True,SUCCESS,
SATF-0943,13.119,76.051,2026-09-16 08:30:00+00:00,2,5.6,0.715,N12E075,10,Tree Cover,0.5444175523518888,0.297190360938651,0.5444175523518888,0.06583184257602863,0.08969799010838682,0.0024413343154793222,0.0004209197095654004,0.0,0.0,0.0,0.0,47515,1.0,NATURAL_VEGETATION_DOMINANT,False,SUCCESS,
SATF-0942,15.388,76.605,2026-09-16 08:30:00+00:00,1,7.36,0.696,N15E075,40,Cropland,0.503973302742726,0.503973302742726,0.09208468036291584,0.1043487329231411,0.10268015434351861,0.17705704453019083,0.01985608509750756,0.0,0.0,0.0,0.0,47945,1.0,CROPLAND_DOMINANT,True,SUCCESS,
SATF-0947,13.866,79.546,2026-09-16 08:30:00+00:00,1,4.4,0.652,N12E078,40,Cropland,0.6985504223589529,0.6985504223589529,0.07706747314631349,0.12971112733340287,0.03770987589946814,0.010032328709980186,0.0017728647408488893,0.04515590781103348,0.0,0.0,0.0,47945,1.0,CROPLAND_DOMINANT,True,SUCCESS,
SATF-0946,13.761,79.743,2026-09-16 08:30:00+00:00,1,4.58,0.664,N12E078,40,Cropland,0.5133536777859623,0.5133536777859623,0.038892981163842995,0.14955277280858675,0.07635483531516363,0.029022413974534356,0.1250341997264022,0.004440702935914974,0.06334841628959276,0.0,0.0,47515,1.0,CROPLAND_DOMINANT,True,SUCCESS,
SATF-0948,15.272,75.195,2026-09-16 08:30:00+00:00,2,4.39,0.65,N15E075,40,Cropland,0.9854207946605485,0.9854207946605485,0.009469183439357598,0.002023151527792262,0.0030660131400563144,0.0,2.085723224528105e-05,0.0,0.0,0.0,0.0,47945,1.0,CROPLAND_DOMINANT,True,SUCCESS,
SATF-0949,13.537,76.913,2026-09-16 08:30:00+00:00,1,3.98,0.621,N12E075,20,Shrubland,0.5029148689887404,0.3936651583710407,0.07704935283594655,0.5029148689887404,0.012017257708092182,0.003388403662001473,0.008839313900873409,0.0021256445333052722,0.0,0.0,0.0,47515,1.0,CROPLAND_PRESENT,True,SUCCESS,
SATF-0950,17.584,78.696,2026-09-16 08:30:00+00:00,1,3.89,0.613,N15E078,40,Cropland,0.5631595123450466,0.5631595123450466,0.14793566232967933,0.010900522487450057,0.1819690605470751,0.08204077451080832,0.01399446777994058,0.0,0.0,0.0,0.0,48805,1.0,CROPLAND_DOMINANT,True,SUCCESS,
SATF-0951,14.888,77.777,2026-09-16 08:30:00+00:00,1,3.89,0.613,N12E075,40,Cropland,0.6397330274272603,0.6397330274272603,0.09120867660861404,0.14750234643862759,0.030660131400563145,0.0,0.023547815204922308,0.06734800292001251,0.0,0.0,0.0,47945,1.0,CROPLAND_DOMINANT,True,SUCCESS,
SATF-0952,16.427,78.575,2026-09-16 08:30:00+00:00,1,3.22,0.559,N15E078,40,Cropland,0.9646304909560723,0.9646304909560723,0.0059328165374677,0.00010335917312661498,0.02439276485788114,0.0036795865633074934,0.0012609819121447029,0.0,0.0,0.0,0.0,48375,1.0,CROPLAND_DOMINANT,True,SUCCESS,
SATF-0953,16.631,77.832,2026-09-16 08:30:00+00:00,1,2.59,0.498,N15E075,40,Cropland,0.8037002583979328,0.8037002583979328,0.01378811369509044,0.08293540051679586,0.028713178294573642,0.06654263565891473,0.004279069767441861,4.1343669250646e-05,0.0,0.0,0.0,48375,1.0,CROPLAND_DOMINANT,True,SUCCESS,
SATF-0954,18.428,74.541,2026-09-16 08:30:00+00:00,1,1.61,0.276,N18E072,40,Cropland,0.5801044974900113,0.5801044974900113,0.06802581702694396,0.23847966396885564,0.08617969470341154,0.02245671550046102,0.004487245159307448,0.0002663661510091179,0.0,0.0,0.0,48805,1.0,CROPLAND_DOMINANT,True,SUCCESS,
SATF-0945,13.784,77.771,2026-09-16 08:30:00+00:00,2,5.45,0.705,N12E075,40,Cropland,0.7350310428285804,0.7350310428285804,0.037104072398190045,0.057202988529937916,0.013237924865831842,0.13103230558770915,0.012080395664526991,0.014184994212353993,0.0001262759128696201,0.0,0.0,47515,1.0,CROPLAND_DOMINANT,True,SUCCESS,
SATF-0959,31.358,75.919,2026-09-16 08:35:00+00:00,1,5.66,0.717,N30E075,40,Cropland,0.8493795385605295,0.8493795385605295,0.09052302601342035,0.001507491497380274,0.008199283022336612,0.04928761834727457,0.001103042559058737,0.0,0.0,0.0,0.0,54395,1.0,CROPLAND_DOMINANT,True,SUCCESS,
SATF-0957,34.003,75.515,2026-09-16 08:35:00+00:00,1,7.43,0.787,N33E075,30,Grassland,0.49738928985119846,0.00024948765927113964,0.06269268466541923,0.0,0.49738928985119846,0.0,0.07219103626481332,0.00035641094181591376,0.0,0.0,0.36712109061748194,56115,1.0,NATURAL_VEGETATION_DOMINANT,False,SUCCESS,
SATF-0965,30.581,76.671,2026-09-16 08:35:00+00:00,1,3.69,0.592,N30E075,40,Cropland,0.9204484388029278,0.9204484388029278,0.026220698600945058,0.0004447326971185027,0.0014639117946817382,0.05103307699434819,0.0003706105809320856,1.8530529046604282e-05,0.0,0.0,0.0,53965,1.0,CROPLAND_DOMINANT,True,SUCCESS,
SATF-0958,31.876,74.705,2026-09-16 08:35:00+00:00,1,6.14,0.741,N30E072,40,Cropland,0.9155988601893557,0.9155988601893557,0.0616600790513834,0.0,0.001525875540031253,0.02119680117657873,1.838404265097895e-05,0.0,0.0,0.0,0.0,54395,1.0,CROPLAND_DOMINANT,True,SUCCESS,
SATF-0966,31.327,74.972,2026-09-16 08:35:00+00:00,1,3.39,0.576,N30E072,40,Cropland,0.9302693262248368,0.9302693262248368,0.017262616049269236,1.838404265097895e-05,0.009945767074179612,0.04178692894567516,0.0007169776633881791,0.0,0.0,0.0,0.0,54395,1.0,CROPLAND_DOMINANT,True,SUCCESS,
SATF-0969,31.712,75.023,2026-09-16 08:35:00+00:00,1,2.15,0.44,N30E075,40,Cropland,0.8586818641419248,0.8586818641419248,0.08103686000551522,0.003640040444893832,0.0026289180990899897,0.05160400772129791,0.002169317032815516,0.00023899255446272635,0.0,0.0,0.0,54395,1.0,CROPLAND_DOMINANT,True,SUCCESS,
SATF-0963,31.899,74.764,2026-09-16 08:35:00+00:00,1,3.85,0.608,N30E072,40,Cropland,0.8770291387076018,0.8770291387076018,0.08068756319514661,0.00027576063976468427,0.00027576063976468427,0.04169500873242026,3.67680853019579e-05,0.0,0.0,0.0,0.0,54395,1.0,CROPLAND_DOMINANT,True,SUCCESS,
SATF-0977,23.806,85.525,2026-09-16 19:17:00+00:00,13,2.19,0.447,N21E084,10,Tree Cover,0.8058584858980703,0.029312221672439385,0.8058584858980703,0.0002375061850569025,0.14325581395348838,0.014408708560118753,0.0063730826323602175,0.0005541810984661059,0.0,0.0,0.0,50525,1.0,NATURAL_VEGETATION_DOMINANT,False,SUCCESS,
SATF-0987,22.04,83.729,2026-09-16 19:19:00+00:00,9,2.73,0.512,N21E081,10,Tree Cover,0.284439564826829,0.16881924343746882,0.284439564826829,0.009981036031540073,0.26533586186246133,0.010120770535981635,0.21239644675117278,0.04890707655454636,0.0,0.0,0.0,50095,1.0,NATURAL_VEGETATION_DOMINANT,False,SUCCESS,
SATF-0978,20.968,85.17,2026-09-16 19:19:00+00:00,40,8.1,0.803,N18E084,60,Bare/Sparse Vegetation,0.4949159367764019,0.0018524111547367362,0.07508305647840531,0.0,0.07025067955300514,0.007510319138226115,0.4949159367764019,0.35038759689922483,0.0,0.0,0.0,49665,1.0,MIXED_OR_OTHER,False,SUCCESS,
SATF-0988,22.006,82.669,2026-09-16 19:19:00+00:00,5,2.5,0.486,N21E081,10,Tree Cover,0.3796586485677213,0.13418504840802475,0.3796586485677213,0.0,0.14406627407924943,0.10224573310709652,0.1458229364208005,0.0940213594171075,0.0,0.0,0.0,50095,1.0,NATURAL_VEGETATION_DOMINANT,False,SUCCESS,
SATF-0980,20.969,86.022,2026-09-16 19:19:00+00:00,30,6.26,0.748,N18E084,50,Built-up,0.614315916641498,0.056418000604047114,0.16999899325480722,0.0008456659619450317,0.06300211416490487,0.614315916641498,0.08500956407933152,0.010409745293466223,0.0,0.0,0.0,49665,1.0,BUILT_UP_DOMINANT,False,SUCCESS,
SATF-0981,21.756,83.843,2026-09-16 19:19:00+00:00,16,4.34,0.647,N21E081,60,Bare/Sparse Vegetation,0.43605150214592275,0.0049905180157700365,0.2905679209501946,0.00015969657650464117,0.23325681205709153,0.0054097215290947204,0.43605150214592275,0.0295638287254217,0.0,0.0,0.0,50095,1.0,NATURAL_VEGETATION_DOMINANT,False,SUCCESS,
SATF-0982,21.731,84.027,2026-09-16 19:19:00+00:00,12,3.86,0.61,N21E084,30,Grassland,0.39704561333466415,0.2978141531090927,0.16931829523904582,3.992414412616029e-05,0.39704561333466415,0.10727617526699271,0.01620920251522108,0.01229663639085737,0.0,0.0,0.0,50095,1.0,NATURAL_VEGETATION_DOMINANT,False,SUCCESS,
SATF-0983,20.874,84.986,2026-09-16 19:19:00+00:00,17,3.39,0.576,N18E084,10,Tree Cover,0.5051646028390214,0.011517165005537098,0.5051646028390214,0.0,0.05553206483439042,0.35767643209503674,0.06545857243531662,0.004651162790697674,0.0,0.0,0.0,49665,1.0,NATURAL_VEGETATION_DOMINANT,False,SUCCESS,
SATF-0984,22.322,82.568,2026-09-16 19:19:00+00:00,17,3.19,0.554,N21E081,60,Bare/Sparse Vegetation,0.7146222177862062,0.006487673420501048,0.00954187044615231,0.0,0.11220680706657352,0.024912665934724024,0.7146222177862062,0.1322287653458429,0.0,0.0,0.0,50095,1.0,MIXED_OR_OTHER,False,SUCCESS,
SATF-0985,21.923,83.346,2026-09-16 19:19:00+00:00,10,3.11,0.549,N21E081,50,Built-up,0.4803673021259607,0.07747280167681406,0.2443557241241641,0.0,0.03950494061283561,0.4803673021259607,0.11951292544166084,0.038786306018564726,0.0,0.0,0.0,50095,1.0,MIXED_OR_OTHER,False,SUCCESS,
SATF-0986,22.211,84.863,2026-09-16 19:19:00+00:00,9,2.93,0.535,N21E084,50,Built-up,0.6563728915061383,0.00676714242938417,0.3174568320191636,0.0,0.002016169278371095,0.6563728915061383,0.01469208503842699,0.00269487972851582,0.0,0.0,0.0,50095,1.0,BUILT_UP_DOMINANT,False,SUCCESS,
SATF-0979,20.785,85.269,2026-09-16 19:19:00+00:00,20,6.47,0.756,N18E084,50,Built-up,0.328037853619249,0.17599919460384578,0.30280881908788887,0.0,0.12437330111748716,0.328037853619249,0.04290748011678244,0.025873351454746802,0.0,0.0,0.0,49665,1.0,MIXED_OR_OTHER,False,SUCCESS,
SATF-0999,21.985,83.231,2026-09-16 19:19:00+00:00,3,1.47,0.347,N21E081,10,Tree Cover,0.25022457331070963,0.24531390358319194,0.25022457331070963,0.0,0.14967561632897494,0.23595169178560735,0.07547659447050604,0.04335762052101008,0.0,0.0,0.0,50095,1.0,MIXED_OR_OTHER,False,SUCCESS,
SATF-0991,22.585,85.9,2026-09-16 19:19:00+00:00,10,2.33,0.465,N21E084,40,Cropland,0.422676913863659,0.422676913863659,0.1209701567022657,0.0,0.19794390657750274,0.09739494959576804,0.08731410320391257,0.07369997005689191,0.0,0.0,0.0,50095,1.0,CROPLAND_PRESENT,True,SUCCESS,
SATF-0992,22.037,83.355,2026-09-16 19:19:00+00:00,4,2.26,0.454,N21E081,10,Tree Cover,0.7938716438766344,0.022377482782712847,0.7938716438766344,0.0,0.0136740193632099,0.005509531889410121,0.15396746182253718,0.010599860265495559,0.0,0.0,0.0,50095,1.0,NATURAL_VEGETATION_DOMINANT,False,SUCCESS,
SATF-0993,21.37,81.667,2026-09-16 19:19:00+00:00,14,2.2,0.449,N21E081,10,Tree Cover,0.34225309574146784,0.19512735326688815,0.34225309574146784,0.0,0.0463102788684184,0.284224302828954,0.08784858552300413,0.04423638377126749,0.0,0.0,0.0,49665,1.0,MIXED_OR_OTHER,False,SUCCESS,
SATF-0994,23.692,85.331,2026-09-16 19:19:00+00:00,9,2.02,0.421,N21E084,10,Tree Cover,0.39131123206333496,0.06377041068777833,0.39131123206333496,0.008668975754576942,0.32922315685304304,0.09543790202869866,0.02028698664027709,0.09130133597229094,0.0,0.0,0.0,50525,1.0,NATURAL_VEGETATION_DOMINANT,False,SUCCESS,
SATF-0995,23.649,85.437,2026-09-16 19:19:00+00:00,6,1.98,0.415,N21E084,30,Grassland,0.31772389905987136,0.25603166749134093,0.23756556160316675,0.0005739732805541811,0.31772389905987136,0.087105393369619,0.05617021276595745,0.04482929242949035,0.0,0.0,0.0,50525,1.0,NATURAL_VEGETATION_DOMINANT,False,SUCCESS,
SATF-0997,22.054,88.124,2026-09-16 19:19:00+00:00,2,1.78,0.388,N21E087,10,Tree Cover,0.46801077951891407,0.05924742988322188,0.46801077951891407,0.0,0.008443956482682903,0.19802375486575508,0.06104401636889909,0.205230062880527,0.0,0.0,0.0,50095,1.0,MIXED_OR_OTHER,False,SUCCESS,
SATF-0998,21.803,82.038,2026-09-16 19:19:00+00:00,3,1.5,0.351,N21E081,40,Cropland,0.562391456233157,0.562391456233157,0.09735502545164187,0.008783311707755264,0.30160694680107797,0.02678910070865356,0.001077951891406328,0.001996207206308015,0.0,0.0,0.0,50095,1.0,CROPLAND_DOMINANT,True,SUCCESS,
SATF-1000,17.618,83.199,2026-09-16 19:19:00+00:00,2,0.9,0.247,N15E081,50,Built-up,0.8283782399344329,0.001905542464911382,0.1506198135436943,0.0,0.003688146706280094,0.8283782399344329,0.015387767646757504,2.0489703923778303e-05,0.0,0.0,0.0,48805,1.0,BUILT_UP_DOMINANT,False,SUCCESS,
SATF-0990,21.079,85.038,2026-09-16 19:19:00+00:00,9,2.41,0.475,N21E084,60,Bare/Sparse Vegetation,0.267109634551495,0.25076009262055776,0.11692338669082855,0.0014295781737642202,0.26078727474076313,0.03471257424745797,0.267109634551495,0.06827745897513339,0.0,0.0,0.0,49665,1.0,MIXED_OR_OTHER,False,SUCCESS,
SATF-0989,21.674,82.079,2026-09-16 19:19:00+00:00,3,2.43,0.478,N21E081,40,Cropland,0.3920869827846572,0.3920869827846572,0.1398771770864794,0.0014497130776200543,0.181798046914326,0.2488472767542535,0.020920165106211617,0.01502063827645223,0.0,0.0,0.0,49665,1.0,CROPLAND_PRESENT,True,SUCCESS,
SATF-1002,26.642,79.478,2026-09-16 20:02:00+00:00,3,2.87,0.528,N24E078,40,Cropland,0.37722667181318154,0.37722667181318154,0.1846183537585641,0.0004631863360030879,0.09869728842999131,0.30593457493003956,0.033040625301553606,1.929943066679533e-05,0.0,0.0,0.0,51815,1.0,CROPLAND_PRESENT,True,SUCCESS,
SATF-1003,26.758,83.2,2026-09-16 20:02:00+00:00,1,2.69,0.507,N24E081,40,Cropland,0.38442535945189615,0.38442535945189615,0.1798127955225321,3.859886133359066e-05,0.08980025089259867,0.24741870114831613,0.09819550323265464,0.00030879089066872527,0.0,0.0,0.0,51815,1.0,CROPLAND_PRESENT,True,SUCCESS,
SATF-1004,28.748,77.161,2026-09-16 20:02:00+00:00,1,1.16,0.297,N27E075,50,Built-up,0.7076222116753679,0.06359753203607024,0.03920265780730897,0.01036544850498339,0.04954912197437114,0.7076222116753679,0.08966302800189843,0.03998101566207878,1.8984337921214997e-05,0.0,0.0,52675,1.0,BUILT_UP_DOMINANT,False,SUCCESS,
SATF-1005,26.63,79.529,2026-09-16 20:02:00+00:00,1,1.12,0.291,N24E078,40,Cropland,0.39312940268262087,0.39312940268262087,0.14316317668628775,0.00028949146000192995,0.12176010807681173,0.16914021036379426,0.05656663128437711,0.11595097944610634,0.0,0.0,0.0,51815,1.0,CROPLAND_PRESENT,True,SUCCESS,
SATF-1019,21.186,81.386,2026-09-16 20:04:00+00:00,4,2.3,0.461,N21E081,50,Built-up,0.8205577368368066,0.003040370482230947,0.15427363334340077,0.0,0.0008053961542333635,0.8205577368368066,0.01985301520185241,0.0014698479814758884,0.0,0.0,0.0,49665,1.0,BUILT_UP_DOMINANT,False,SUCCESS,
SATF-1007,21.105,72.641,2026-09-16 20:04:00+00:00,11,7.6,0.793,N21E072,50,Built-up,0.4925601530252693,0.028631833282996073,0.2672908486861975,0.0,0.008235175677036142,0.4925601530252693,0.16047518373099767,0.04280680559750327,0.0,0.0,0.0,49665,1.0,MIXED_OR_OTHER,False,SUCCESS,
SATF-1008,22.359,82.301,2026-09-16 20:04:00+00:00,7,6.67,0.764,N21E081,40,Cropland,0.385307914961573,0.385307914961573,0.22273680007984828,0.0028745383770835413,0.20924243936520612,0.007405928735402735,0.1598762351532089,0.012556143327677413,0.0,0.0,0.0,50095,1.0,CROPLAND_PRESENT,True,SUCCESS,
SATF-1010,23.166,82.34,2026-09-16 20:04:00+00:00,6,3.71,0.594,N21E081,30,Grassland,0.3734982681840673,0.022503711034141515,0.35612073231073726,0.0006333498268184068,0.3734982681840673,0.043127164769915884,0.2016031667491341,0.0025136071251855518,0.0,0.0,0.0,50525,1.0,NATURAL_VEGETATION_DOMINANT,False,SUCCESS,
SATF-1011,19.963,79.334,2026-09-16 20:04:00+00:00,1,3.52,0.584,N18E078,10,Tree Cover,0.40997258048136487,0.0527673403066924,0.40997258048136487,0.11309028130395044,0.21247080329034224,0.13849903523915913,0.07145323448766122,0.0017467248908296944,0.0,0.0,0.0,49235,1.0,NATURAL_VEGETATION_DOMINANT,False,SUCCESS,
SATF-1012,21.832,83.986,2026-09-16 20:04:00+00:00,3,3.51,0.583,N21E081,40,Cropland,0.5961672821638886,0.5961672821638886,0.11669827328076654,0.0004990518015770037,0.1938716438766344,0.07044615231060984,0.00812456332967362,0.014193033236849985,0.0,0.0,0.0,50095,1.0,CROPLAND_DOMINANT,True,SUCCESS,
SATF-1013,24.198,82.715,2026-09-16 20:04:00+00:00,3,3.3,0.566,N24E081,10,Tree Cover,0.3362967324109508,0.012167598861740752,0.3362967324109508,0.0032577764694338143,0.30452359925424394,0.043136100480816404,0.2928858796977725,0.007732312825041703,0.0,0.0,0.0,50955,1.0,NATURAL_VEGETATION_DOMINANT,False,SUCCESS,
SATF-1014,21.336,78.968,2026-09-16 20:04:00+00:00,2,3.27,0.563,N21E078,40,Cropland,0.6862579281183933,0.6862579281183933,0.010067451927917043,0.001570522500755059,0.22142353770260748,0.013832678948958019,0.066626396858955,0.00022148394241417498,0.0,0.0,0.0,49665,1.0,CROPLAND_DOMINANT,True,SUCCESS,
SATF-1036,24.662,74.634,2026-09-16 20:04:00+00:00,2,1.37,0.334,N24E072,40,Cropland,0.38047296634285155,0.38047296634285155,0.08401530762437445,0.02631733882837798,0.09469139436757924,0.3429104111470906,0.07159258168972622,0.0,0.0,0.0,0.0,50955,1.0,CROPLAND_PRESENT,True,SUCCESS,
SATF-1015,22.804,86.089,2026-09-16 20:04:00+00:00,4,3.26,0.562,N21E084,40,Cropland,0.40425192134943605,0.40425192134943605,0.2804271883421499,0.0,0.02820640782513225,0.1969657650464118,0.075217087533686,0.014931629903183951,0.0,0.0,0.0,50095,1.0,CROPLAND_PRESENT,True,SUCCESS,
SATF-1016,23.683,86.09,2026-09-16 20:04:00+00:00,7,3.16,0.552,N21E084,50,Built-up,0.42875804057397326,0.018901533894111824,0.283681345868382,0.0,0.006214745175655616,0.42875804057397326,0.17506185056902523,0.08738248391885205,0.0,0.0,0.0,50525,1.0,MIXED_OR_OTHER,False,SUCCESS,
SATF-1017,23.762,86.396,2026-09-16 20:04:00+00:00,33,3.15,0.551,N21E084,60,Bare/Sparse Vegetation,0.4846313706086096,0.01925779317169718,0.20593765462642255,0.0,0.1531321128154379,0.09573478476001979,0.4846313706086096,0.041306284017812965,0.0,0.0,0.0,50525,1.0,MIXED_OR_OTHER,False,SUCCESS,
SATF-1018,23.757,85.855,2026-09-16 20:04:00+00:00,2,2.43,0.478,N21E084,60,Bare/Sparse Vegetation,0.2612765957446809,0.1649480455220188,0.18210786739238,0.00021771400296882732,0.2587629886194953,0.11018307768431469,0.2612765957446809,0.022503711034141515,0.0,0.0,0.0,50525,1.0,MIXED_OR_OTHER,False,SUCCESS,
SATF-1020,22.788,86.201,2026-09-16 20:04:00+00:00,4,2.27,0.456,N21E084,50,Built-up,0.8277872043118075,0.0002595069368200419,0.05653258808264298,0.0,0.0012376484679109691,0.8277872043118075,0.08182453338656552,0.03235851881425292,0.0,0.0,0.0,50095,1.0,BUILT_UP_DOMINANT,False,SUCCESS,
SATF-1030,21.927,85.223,2026-09-16 20:04:00+00:00,2,1.64,0.373,N21E084,10,Tree Cover,0.353428485876834,0.28190438167481785,0.353428485876834,0.00035931729713544266,0.1253019263399541,0.043277772232757764,0.19163589180556942,0.00409222477293143,0.0,0.0,0.0,50095,1.0,MIXED_OR_OTHER,False,SUCCESS,
SATF-1022,24.169,82.633,2026-09-16 20:04:00+00:00,4,2.15,0.44,N24E081,60,Bare/Sparse Vegetation,0.6024335197723482,0.04197821607300559,0.12721028358355413,0.001000883132175449,0.18518300461191248,0.01036208419193406,0.6024335197723482,0.03183200863507016,0.0,0.0,0.0,50955,1.0,MIXED_OR_OTHER,False,SUCCESS,
SATF-1021,20.957,85.011,2026-09-16 20:04:00+00:00,2,2.2,0.449,N18E084,60,Bare/Sparse Vegetation,0.32602436323366557,0.11245343803483339,0.17519379844961241,0.006543843753146079,0.3056881103392731,0.01886640491291654,0.32602436323366557,0.055230041276552906,0.0,0.0,0.0,49665,1.0,MIXED_OR_OTHER,False,SUCCESS,
SATF-1023,21.959,83.784,2026-09-16 20:04:00+00:00,4,1.99,0.417,N21E081,60,Bare/Sparse Vegetation,0.32745783012276675,0.042678910070865356,0.3208503842698872,0.00043916558538776326,0.2994310809462022,0.0029344245932727817,0.32745783012276675,0.006208204411617926,0.0,0.0,0.0,50095,1.0,NATURAL_VEGETATION_DOMINANT,False,SUCCESS,
SATF-1032,21.987,82.015,2026-09-16 20:04:00+00:00,2,1.59,0.362,N21E081,40,Cropland,0.6542569118674518,0.6542569118674518,0.04742988322187843,0.0,0.22497255215091327,0.03144026349935123,0.01592973350633796,0.025970655754067273,0.0,0.0,0.0,50095,1.0,CROPLAND_DOMINANT,True,SUCCESS,
SATF-1031,21.484,81.792,2026-09-16 20:04:00+00:00,8,1.59,0.362,N21E081,40,Cropland,0.46421020839625493,0.46421020839625493,0.12554112554112554,0.0036041477901943017,0.3188362025571328,0.060928219067753954,0.01816168327796235,0.00871841336957616,0.0,0.0,0.0,49665,1.0,CROPLAND_PRESENT,True,SUCCESS,
SATF-1029,20.704,78.62,2026-09-16 20:04:00+00:00,1,1.72,0.381,N18E078,40,Cropland,0.2998288533172254,0.2998288533172254,0.1949260042283298,0.0013490385583408838,0.2105104198127454,0.24929024463908184,0.04206181415483741,0.002033625289439243,0.0,0.0,0.0,49665,1.0,MIXED_OR_OTHER,False,SUCCESS,
SATF-1033,22.205,84.565,2026-09-16 20:04:00+00:00,2,1.53,0.354,N21E084,10,Tree Cover,0.3765645273979439,0.35436670326379877,0.3765645273979439,0.00027946900888312207,0.15217087533685997,0.1136241141830522,0.002395448647569618,0.0005988621618924045,0.0,0.0,0.0,50095,1.0,CROPLAND_PRESENT,True,SUCCESS,
SATF-1027,18.721,79.536,2026-09-16 20:04:00+00:00,2,1.76,0.385,N18E078,60,Bare/Sparse Vegetation,0.6788443806986989,0.03931974182973056,0.1220981456817949,0.0016596660178260425,0.1391045999385309,0.014773076529044155,0.6788443806986989,0.004200389304374552,0.0,0.0,0.0,48805,1.0,MIXED_OR_OTHER,False,SUCCESS,
SATF-1026,19.096,82.169,2026-09-16 20:04:00+00:00,6,1.81,0.393,N18E081,50,Built-up,0.4794150502691175,0.1087234690768762,0.10898750888595511,0.021630953589925866,0.15099014928404592,0.4794150502691175,0.12820148268508175,0.0020513862089976643,0.0,0.0,0.0,49235,1.0,MIXED_OR_OTHER,False,SUCCESS,
SATF-1025,21.248,79.214,2026-09-16 20:04:00+00:00,2,1.83,0.396,N21E078,40,Cropland,0.4624182019530857,0.4624182019530857,0.15213933353468237,0.0023759186549884223,0.18169737239504682,0.06378737541528239,0.13446088794926003,0.0031209100976542837,0.0,0.0,0.0,49665,1.0,CROPLAND_PRESENT,True,SUCCESS,
SATF-1024,21.271,72.867,2026-09-16 20:04:00+00:00,1,1.94,0.41,N21E072,40,Cropland,0.3837914023960536,0.3837914023960536,0.2813651464814256,8.053961542333635e-05,0.08289539917446895,0.23102788684184034,0.01838316722037652,0.002456458270411759,0.0,0.0,0.0,49665,1.0,CROPLAND_PRESENT,True,SUCCESS,
SATF-1028,23.73,85.011,2026-09-16 20:04:00+00:00,2,1.76,0.385,N21E084,60,Bare/Sparse Vegetation,0.4667194458189015,0.07604156358238495,0.07540821375556656,0.004512617516081148,0.3470757050964869,0.023572488866897577,0.4667194458189015,0.006669965363681346,0.0,0.0,0.0,50525,1.0,MIXED_OR_OTHER,False,SUCCESS,
SATF-1035,22.372,87.29,2026-09-16 20:04:00+00:00,6,1.39,0.337,N21E087,10,Tree Cover,0.3903583191935323,0.33879628705459625,0.3903583191935323,0.00023954486475696177,0.027946900888312205,0.11661842499251422,0.10430182652959377,0.02173869647669428,0.0,0.0,0.0,50095,1.0,CROPLAND_PRESENT,True,SUCCESS,
SATF-1009,23.78,86.207,2026-09-16 20:04:00+00:00,11,4.39,0.65,N21E084,60,Bare/Sparse Vegetation,0.3872934190994557,0.017357743691241958,0.15956457199406235,0.0,0.3226521523998021,0.09023255813953489,0.3872934190994557,0.022899554675903017,0.0,0.0,0.0,50525,1.0,MIXED_OR_OTHER,False,SUCCESS,
SATF-1056,21.923,81.749,2026-09-16 20:04:00+00:00,1,0.84,0.24,N21E081,40,Cropland,0.9521509132647968,0.9521509132647968,0.006966763150014972,0.0037927936919852283,0.028306218185447648,0.0029344245932727817,0.0014771933326679309,0.004371693781814553,0.0,0.0,0.0,50095,1.0,CROPLAND_DOMINANT,True,SUCCESS,
SATF-1034,21.575,82.021,2026-09-16 20:04:00+00:00,1,1.4,0.338,N21E081,10,Tree Cover,0.38669082855129366,0.22396053558844256,0.38669082855129366,0.0007047216349541931,0.053256820698681165,0.29876170341286623,0.03499446290143964,0.0016309272123225611,0.0,0.0,0.0,49665,1.0,MIXED_OR_OTHER,False,SUCCESS,
SATF-1053,24.924,84.156,2026-09-16 20:04:00+00:00,1,0.99,0.261,N24E084,40,Cropland,0.7332155823766068,0.7332155823766068,0.0617407516436071,1.9625159454420567e-05,0.04929840054950446,0.1415955254636444,0.013129231675007359,0.001000883132175449,0.0,0.0,0.0,50955,1.0,CROPLAND_DOMINANT,True,SUCCESS,
SATF-1037,23.656,85.508,2026-09-16 20:04:00+00:00,1,1.33,0.33,N21E084,10,Tree Cover,0.47133102424542306,0.21074715487382484,0.47133102424542306,0.0,0.05270658090054429,0.2507075705096487,0.011875309252845126,0.002632360217714003,0.0,0.0,0.0,50525,1.0,NATURAL_VEGETATION_DOMINANT,False,SUCCESS,
SATF-1051,21.879,83.552,2026-09-16 20:04:00+00:00,2,1.04,0.271,N21E081,10,Tree Cover,0.5771434274877733,0.1486176265096317,0.5771434274877733,0.0,0.08188441960275476,0.14524403633097116,0.04533386565525502,0.001776624413614133,0.0,0.0,0.0,50095,1.0,NATURAL_VEGETATION_DOMINANT,False,SUCCESS,
SATF-1040,19.786,79.065,2026-09-16 20:04:00+00:00,1,1.28,0.321,N18E078,40,Cropland,0.45676855895196505,0.45676855895196505,0.013912866863003961,0.00779932974510003,0.3604955824108866,0.12151924443993094,0.023296435462577435,0.016207982126536,0.0,0.0,0.0,49235,1.0,CROPLAND_PRESENT,True,SUCCESS,
SATF-1042,23.666,84.998,2026-09-16 20:04:00+00:00,2,1.26,0.317,N21E084,30,Grassland,0.4668975754576942,0.0887877288471054,0.1658980702622464,0.028698664027709056,0.4668975754576942,0.13219198416625433,0.09197427016328551,0.025551707075705095,0.0,0.0,0.0,50525,1.0,NATURAL_VEGETATION_DOMINANT,False,SUCCESS,
SATF-1043,23.826,84.571,2026-09-16 20:04:00+00:00,2,1.24,0.314,N21E084,40,Cropland,0.5750816427511133,0.5750816427511133,0.12524492825333994,0.0069074715487382485,0.27754576942107867,0.0006729341909945571,0.013814943097476497,0.0007323107372587828,0.0,0.0,0.0,50525,1.0,CROPLAND_DOMINANT,True,SUCCESS,
SATF-1044,24.764,74.606,2026-09-16 20:04:00+00:00,1,1.21,0.308,N24E072,50,Built-up,0.3355902266705917,0.32895692277499755,0.19326857030713374,0.01872240211951722,0.07457560592679816,0.3355902266705917,0.048866647041507214,1.9625159454420567e-05,0.0,0.0,0.0,50955,1.0,CROPLAND_PRESENT,True,SUCCESS,
SATF-1045,23.562,87.085,2026-09-16 20:04:00+00:00,1,1.2,0.306,N21E087,40,Cropland,0.4963681345868382,0.4963681345868382,0.2501731815932707,0.0,0.10638297872340426,0.05937654626422563,0.07934685799109352,0.008352300841167738,0.0,0.0,0.0,50525,1.0,CROPLAND_PRESENT,True,SUCCESS,
SATF-1046,21.624,81.793,2026-09-16 20:04:00+00:00,2,1.19,0.303,N21E081,40,Cropland,0.6978959025470653,0.6978959025470653,0.08053961542333635,0.01447699587234471,0.18143561864492097,0.0015101177891875567,0.0009866102889358704,0.0231551394342092,0.0,0.0,0.0,49665,1.0,CROPLAND_DOMINANT,True,SUCCESS,
SATF-1039,23.68,86.395,2026-09-16 20:04:00+00:00,8,1.32,0.327,N21E084,10,Tree Cover,0.36514596734289956,0.06119742701632855,0.36514596734289956,0.0002375061850569025,0.2036615536862939,0.10885700148441366,0.1847600197921821,0.07614052449282534,0.0,0.0,0.0,50525,1.0,NATURAL_VEGETATION_DOMINANT,False,SUCCESS,
SATF-1047,21.31,81.59,2026-09-16 20:04:00+00:00,3,1.16,0.297,N21E081,40,Cropland,0.503271921876573,0.503271921876573,0.1400583912211819,0.0,0.11684284707540521,0.10961441659116078,0.11497030101681265,0.015242122218866404,0.0,0.0,0.0,49665,1.0,CROPLAND_DOMINANT,True,SUCCESS,
SATF-1048,24.206,82.526,2026-09-16 20:04:00+00:00,2,1.1,0.288,N24E081,40,Cropland,0.7689333725836522,0.7689333725836522,0.07133745461681876,0.0,0.07212246099499559,0.0389363163575704,0.02358944166421352,0.025080953782749486,0.0,0.0,0.0,50955,1.0,CROPLAND_DOMINANT,True,SUCCESS,
SATF-1049,21.244,81.77,2026-09-16 20:04:00+00:00,1,1.08,0.283,N21E081,40,Cropland,0.5799657706634451,0.5799657706634451,0.10752038659015403,0.0,0.12916540823517567,0.10119802677942213,0.06600221483942414,0.01614819289237894,0.0,0.0,0.0,49665,1.0,CROPLAND_DOMINANT,True,SUCCESS,
SATF-1050,24.326,81.329,2026-09-16 20:04:00+00:00,1,1.06,0.277,N24E081,10,Tree Cover,0.4955352762241193,0.12673927975664803,0.4955352762241193,0.030242370719262095,0.11580806594053576,0.17236777548817583,0.051319791973309783,0.00798743989794917,0.0,0.0,0.0,50955,1.0,NATURAL_VEGETATION_DOMINANT,False,SUCCESS,
SATF-1052,21.877,83.495,2026-09-16 20:04:00+00:00,2,1.04,0.271,N21E081,40,Cropland,0.37135442658948,0.37135442658948,0.370855374787903,0.0,0.08573709951092924,0.07056592474298833,0.07972851581994211,0.021758658548757363,0.0,0.0,0.0,50095,1.0,CROPLAND_PRESENT,True,SUCCESS,
SATF-1041,22.313,84.767,2026-09-16 20:04:00+00:00,1,1.26,0.317,N21E084,10,Tree Cover,0.45577402934424593,0.173849685597365,0.45577402934424593,0.0,0.1401736700269488,0.09829324283860665,0.08881125860864358,0.04309811358419004,0.0,0.0,0.0,50095,1.0,NATURAL_VEGETATION_DOMINANT,False,SUCCESS,
SATF-1054,22.095,83.117,2026-09-16 20:04:00+00:00,3,0.99,0.261,N21E081,10,Tree Cover,0.37193332667930934,0.07543667032637988,0.37193332667930934,7.984828825232058e-05,0.18187443856672322,0.001756662341551053,0.31853478391056994,0.05038426988721429,0.0,0.0,0.0,50095,1.0,NATURAL_VEGETATION_DOMINANT,False,SUCCESS,
SATF-1059,21.189,81.197,2026-09-16 20:04:00+00:00,1,0.8,0.231,N21E081,40,Cropland,0.4169535890466123,0.4169535890466123,0.27713681667170037,0.00010067451927917044,0.1278163696768348,0.1287023054464915,0.037169032517869724,0.012121212121212121,0.0,0.0,0.0,49665,1.0,CROPLAND_PRESENT,True,SUCCESS,
SATF-1038,22.365,87.018,2026-09-16 20:04:00+00:00,2,1.32,0.327,N21E087,10,Tree Cover,0.6350733606148318,0.2159696576504641,0.6350733606148318,0.004591276574508434,0.01756662341551053,0.05132248727417906,0.07537678411019064,9.981036031540073e-05,0.0,0.0,0.0,50095,1.0,NATURAL_VEGETATION_DOMINANT,False,SUCCESS,
SATF-1065,23.582,86.724,2026-09-16 20:04:00+00:00,1,0.54,0.194,N21E084,40,Cropland,0.4153191489361702,0.4153191489361702,0.16758040573973282,0.0,0.3944186046511628,0.00607619990103909,0.002078179119247897,0.014527461652647204,0.0,0.0,0.0,50525,1.0,CROPLAND_PRESENT,True,SUCCESS,
SATF-1064,23.839,84.947,2026-09-16 20:04:00+00:00,1,0.75,0.221,N21E084,30,Grassland,0.49783275606135574,0.13690252350321622,0.0009698169223156853,0.0,0.49783275606135574,0.04738248391885205,0.28651162790697676,0.03040079168728352,0.0,0.0,0.0,50525,1.0,MIXED_OR_OTHER,False,SUCCESS,
SATF-1063,23.776,85.998,2026-09-16 20:04:00+00:00,1,0.77,0.225,N21E084,10,Tree Cover,0.49715982187036123,0.009203364670954972,0.49715982187036123,0.0,0.24953983176645225,0.0935774369124196,0.10923305294408708,0.04128649183572489,0.0,0.0,0.0,50525,1.0,NATURAL_VEGETATION_DOMINANT,False,SUCCESS,
SATF-1062,22.874,86.064,2026-09-16 20:04:00+00:00,1,0.78,0.227,N21E084,10,Tree Cover,0.4576305020461124,0.39662640982133945,0.4576305020461124,0.0,0.0805469607745284,0.028186445753069167,0.02952390458129554,0.007485777023655055,0.0,0.0,0.0,50095,1.0,CROPLAND_PRESENT,True,SUCCESS,
SATF-1066,23.638,85.663,2026-09-16 20:04:00+00:00,1,0.54,0.194,N21E084,30,Grassland,0.39764473033151904,0.32803562592775853,0.2074220682830282,0.0,0.39764473033151904,0.026501731815932707,0.01272637308263236,0.027669470559129144,0.0,0.0,0.0,50525,1.0,CROPLAND_PRESENT,True,SUCCESS,
SATF-1060,23.839,85.305,2026-09-16 20:04:00+00:00,1,0.8,0.231,N21E084,40,Cropland,0.4208609599208313,0.4208609599208313,0.2813458683819891,0.012073231073725878,0.23841662543295397,0.04013854527461653,0.005997031172686788,0.0011677387431964373,0.0,0.0,0.0,50525,1.0,CROPLAND_PRESENT,True,SUCCESS,
SATF-1058,23.745,85.504,2026-09-16 20:04:00+00:00,1,0.81,0.233,N21E084,30,Grassland,0.39125185551707076,0.11156853043047996,0.3715586343394359,0.0036615536862939137,0.39125185551707076,0.09482434438396833,0.012924294903513113,0.014210786739238,0.0,0.0,0.0,50525,1.0,NATURAL_VEGETATION_DOMINANT,False,SUCCESS,
SATF-1057,23.631,86.294,2026-09-16 20:04:00+00:00,1,0.84,0.24,N21E084,50,Built-up,0.29737753587333005,0.22353290450272142,0.23637803067788224,0.0,0.14266204849084613,0.29737753587333005,0.09423057892132608,0.005818901533894112,0.0,0.0,0.0,50525,1.0,MIXED_OR_OTHER,False,SUCCESS,
SATF-1067,21.73,82.216,2026-09-16 20:04:00+00:00,1,0.51,0.192,N21E081,30,Grassland,0.3872442359516918,0.11560035931729713,0.26541571015071364,0.0054895698173470404,0.3872442359516918,0.18550753568220382,0.03589180556941811,0.004850783511328476,0.0,0.0,0.0,50095,1.0,NATURAL_VEGETATION_DOMINANT,False,SUCCESS,
SATF-1061,21.371,81.447,2026-09-16 20:04:00+00:00,1,0.78,0.227,N21E081,40,Cropland,0.6190073492399074,0.6190073492399074,0.1356085774690426,0.0003221584616933454,0.09980871841336958,0.11891674217255613,0.024906876069666767,0.0014295781737642202,0.0,0.0,0.0,49665,1.0,CROPLAND_DOMINANT,True,SUCCESS,
SATF-1055,23.811,84.845,2026-09-16 20:04:00+00:00,1,0.91,0.248,N21E084,30,Grassland,0.4115388421573479,0.3809995051954478,0.020643245917862443,0.007897080653142008,0.4115388421573479,0.016625432953983176,0.13700148441365662,0.025294408708560118,0.0,0.0,0.0,50525,1.0,CROPLAND_PRESENT,True,SUCCESS,
SATF-1077,16.304,77.359,2026-09-16 20:06:00+00:00,1,2.05,0.425,N15E075,50,Built-up,0.32994315245478034,0.31580361757105946,0.18100258397932817,0.1295503875968992,0.018708010335917312,0.32994315245478034,0.024041343669250648,0.0009509043927648579,0.0,0.0,0.0,48375,1.0,CROPLAND_PRESENT,True,SUCCESS,
SATF-1076,15.175,76.786,2026-09-16 20:06:00+00:00,1,2.28,0.458,N15E075,20,Shrubland,0.41051204505162164,0.17432474710605902,0.22847012201480862,0.41051204505162164,0.07241631035561581,0.016769214725205966,0.09738241735321723,0.0001251433934716863,0.0,0.0,0.0,47945,1.0,NATURAL_VEGETATION_DOMINANT,False,SUCCESS,
SATF-1075,13.71,79.619,2026-09-16 20:06:00+00:00,2,2.47,0.483,N12E078,40,Cropland,0.5098389982110912,0.5098389982110912,0.1743870356729454,0.11145953909291803,0.026917815426707355,0.11762601283805114,0.059644322845417236,0.0001262759128696201,0.0,0.0,0.0,47515,1.0,CROPLAND_DOMINANT,True,SUCCESS,
SATF-1074,17.958,80.794,2026-09-16 20:06:00+00:00,5,2.63,0.501,N15E078,60,Bare/Sparse Vegetation,0.7037393709660895,0.01846122323532425,0.02979202950517365,0.005901034730048151,0.15045589591230407,0.004405286343612335,0.7037393709660895,0.08724515930744801,0.0,0.0,0.0,48805,1.0,MIXED_OR_OTHER,False,SUCCESS,
SATF-1071,16.87,80.02,2026-09-16 20:06:00+00:00,1,3.54,0.585,N15E078,40,Cropland,0.372671834625323,0.372671834625323,0.12353488372093023,0.2317105943152455,0.044093023255813955,0.20735917312661498,0.019906976744186046,0.0007235142118863049,0.0,0.0,0.0,48375,1.0,CROPLAND_PRESENT,True,SUCCESS,
SATF-1070,15.179,77.102,2026-09-16 20:06:00+00:00,1,4.07,0.629,N15E075,40,Cropland,0.6241318177077901,0.6241318177077901,0.15594952549796642,0.04699134424861821,0.009218896652414224,0.051663364271561166,0.10092814683491501,0.011116904786734801,0.0,0.0,0.0,47945,1.0,CROPLAND_DOMINANT,True,SUCCESS,
SATF-1069,15.021,78.015,2026-09-16 20:06:00+00:00,1,5.9,0.73,N15E078,50,Built-up,0.33772030451559076,0.19793513400771717,0.13588486807800604,0.28078006048597354,0.01906351027218688,0.33772030451559076,0.027844405047450203,0.0007717175930753989,0.0,0.0,0.0,47945,1.0,MIXED_OR_OTHER,False,SUCCESS,
SATF-1078,15.337,76.27,2026-09-16 20:06:00+00:00,3,1.86,0.399,N15E075,40,Cropland,0.5311085618938367,0.5311085618938367,0.052289081238919594,0.19793513400771717,0.10814474919178226,0.05003650015642924,0.06017311502763583,0.00031285848367921577,0.0,0.0,0.0,47945,1.0,CROPLAND_DOMINANT,True,SUCCESS,
SATF-1091,13.516,80.066,2026-09-16 20:06:00+00:00,1,0.75,0.221,N12E078,10,Tree Cover,0.5422287698621487,0.24129222350836577,0.5422287698621487,0.07747027254551195,0.12884352309796906,0.00955487740713459,0.0005471956224350205,0.0,6.313795643481006e-05,0.0,0.0,47515,1.0,NATURAL_VEGETATION_DOMINANT,False,SUCCESS,
SATF-1072,15.178,76.669,2026-09-16 20:06:00+00:00,12,3.15,0.551,N15E075,60,Bare/Sparse Vegetation,0.5114193346542913,0.007008030034414433,0.12234852435081865,0.02598811137762019,0.019751798936281154,0.313171342162895,0.5114193346542913,0.00031285848367921577,0.0,0.0,0.0,47945,1.0,MIXED_OR_OTHER,False,SUCCESS,
SATF-1073,17.063,76.979,2026-09-16 20:06:00+00:00,1,2.93,0.535,N15E075,50,Built-up,0.33010852713178296,0.08686304909560724,0.23375710594315247,0.05583462532299742,0.03344702842377261,0.33010852713178296,0.1137157622739018,0.14627390180878552,0.0,0.0,0.0,48375,1.0,MIXED_OR_OTHER,False,SUCCESS,
SATF-1087,16.817,80.865,2026-09-16 20:06:00+00:00,1,1.09,0.286,N15E078,40,Cropland,0.5060671834625323,0.5060671834625323,0.3118552971576227,0.036981912144702846,0.05641343669250646,0.034997416020671836,0.0012196382428940567,0.052465116279069766,0.0,0.0,0.0,48375,1.0,CROPLAND_DOMINANT,True,SUCCESS,
SATF-1086,15.303,76.221,2026-09-16 20:06:00+00:00,1,1.19,0.303,N15E075,40,Cropland,0.891876108040463,0.891876108040463,0.035561580978204194,0.0029408697465846284,0.02400667431431849,0.02162894983835645,0.023088956095526122,0.0008968609865470852,0.0,0.0,0.0,47945,1.0,CROPLAND_DOMINANT,True,SUCCESS,
SATF-1090,13.391,80.103,2026-09-16 20:06:00+00:00,1,0.8,0.231,N12E078,10,Tree Cover,0.3049773755656109,0.2762916973587288,0.3049773755656109,0.07016731558455225,0.24950015784489107,0.0724402820162054,0.013553614648005892,0.012332947490266232,0.0007366094917394507,0.0,0.0,47515,1.0,NATURAL_VEGETATION_DOMINANT,False,SUCCESS,
SATF-1081,17.14,77.185,2026-09-16 20:06:00+00:00,1,1.62,0.368,N15E075,50,Built-up,0.31702325581395346,0.0972609819121447,0.171968992248062,0.2716072351421189,0.03904909560723514,0.31702325581395346,0.10294573643410852,0.000144702842377261,0.0,0.0,0.0,48375,1.0,MIXED_OR_OTHER,False,SUCCESS,
SATF-1089,13.001,77.413,2026-09-16 20:06:00+00:00,1,0.87,0.244,N12E075,40,Cropland,0.4254656424287067,0.4254656424287067,0.15832894875302536,0.14248132168788805,0.1435546669472798,0.09521203830369357,0.0336946227507103,0.0012627591286962013,0.0,0.0,0.0,47515,1.0,CROPLAND_PRESENT,True,SUCCESS,
SATF-1088,17.145,78.224,2026-09-16 20:06:00+00:00,2,0.98,0.258,N15E078,40,Cropland,0.7683514211886305,0.7683514211886305,0.06377260981912145,0.015255813953488372,0.11367441860465116,0.03067700258397933,0.008268733850129198,0.0,0.0,0.0,0.0,48375,1.0,CROPLAND_DOMINANT,True,SUCCESS,
SATF-1085,13.345,76.99,2026-09-16 20:06:00+00:00,1,1.21,0.308,N12E075,10,Tree Cover,0.5446701041776281,0.3242554982637062,0.5446701041776281,0.08553088498368937,0.0036199095022624436,0.024771124907923815,0.002146690518783542,0.01058613069556982,0.004419656950436704,0.0,0.0,47515,1.0,CROPLAND_PRESENT,True,SUCCESS,
SATF-1084,15.172,76.381,2026-09-16 20:06:00+00:00,2,1.25,0.315,N15E075,10,Tree Cover,0.33822087808947754,0.16397955991239963,0.33822087808947754,0.08436750443216186,0.04317447074773178,0.20425487537803733,0.14725205965168423,0.018750651788507666,0.0,0.0,0.0,47945,1.0,MIXED_OR_OTHER,False,SUCCESS,
SATF-1083,17.159,77.293,2026-09-16 20:06:00+00:00,1,1.26,0.317,N15E075,40,Cropland,0.3444754521963824,0.3444754521963824,0.2309250645994832,0.09219638242894057,0.028527131782945737,0.2756175710594315,0.021333333333333333,0.006925064599483204,0.0,0.0,0.0,48375,1.0,CROPLAND_PRESENT,True,SUCCESS,
SATF-1082,17.464,80.656,2026-09-16 20:06:00+00:00,1,1.56,0.356,N15E078,10,Tree Cover,0.44130724311033703,0.003934023153365434,0.44130724311033703,0.0011269337158078066,0.09031861489601475,0.0315336543386948,0.39303350066591536,0.038746030119864765,0.0,0.0,0.0,48805,1.0,NATURAL_VEGETATION_DOMINANT,False,SUCCESS,
SATF-1079,15.224,76.763,2026-09-16 20:06:00+00:00,1,1.76,0.385,N15E075,40,Cropland,0.5876942329752842,0.5876942329752842,0.04119303368443008,0.20911461049118782,0.09158410678902909,0.048764208989467095,0.021462091980394202,0.00018771509020752946,0.0,0.0,0.0,47945,1.0,CROPLAND_DOMINANT,True,SUCCESS,
SATF-1080,15.111,76.807,2026-09-16 20:06:00+00:00,2,1.64,0.373,N15E075,20,Shrubland,0.49152153509229324,0.283637501303577,0.10061528835123579,0.49152153509229324,0.05462509125039108,0.009636041297319846,0.05996454270518302,0.0,0.0,0.0,0.0,47945,1.0,NATURAL_VEGETATION_DOMINANT,False,SUCCESS,
SATF-1092,14.1,76.533,2026-09-16 20:06:00+00:00,1,0.59,0.199,N12E075,40,Cropland,0.3398268849723642,0.3398268849723642,0.24770049014495776,0.28415893210970905,0.03906559599541141,0.07971634164146418,0.008238606736886015,0.0012931483992074252,0.0,0.0,0.0,47945,1.0,CROPLAND_PRESENT,True,SUCCESS,
SATF-1098,29.974,77.522,2026-09-16 20:57:00+00:00,1,0.63,0.204,N27E075,50,Built-up,0.5443168020920893,0.20110208274960306,0.16932847669748763,0.005267581955729897,0.07083216587279349,0.5443168020920893,0.008405715886803026,0.0007284953768562622,1.8679368637340057e-05,0.0,0.0,53535,1.0,BUILT_UP_DOMINANT,False,SUCCESS,
SATF-1100,31.251,76.928,2026-09-16 20:57:00+00:00,1,0.3,0.182,N30E075,10,Tree Cover,0.515286331464289,0.047743358764592334,0.515286331464289,0.0,0.27680853019579005,0.1385237613751264,0.021638018200202225,0.0,0.0,0.0,0.0,54395,1.0,NATURAL_VEGETATION_DOMINANT,False,SUCCESS,
SATF-1101,22.225,84.751,2026-09-16 20:59:00+00:00,2,2.8,0.52,N21E084,10,Tree Cover,0.32366503643078154,0.3009082742788701,0.32366503643078154,0.0,0.061203712945403735,0.1676015570416209,0.10933226868948998,0.03728915061383371,0.0,0.0,0.0,50095,1.0,CROPLAND_PRESENT,True,SUCCESS,
SATF-1108,20.867,70.566,2026-09-16 20:59:00+00:00,1,1.07,0.28,N18E069,20,Shrubland,0.3232658814054163,0.1627302929628511,0.18230141951072185,0.3232658814054163,0.13113862881304741,0.0797946239806705,0.0994664250478204,0.020316117990536595,0.0009866102889358704,0.0,0.0,49665,1.0,NATURAL_VEGETATION_DOMINANT,False,SUCCESS,
SATF-1102,22.338,69.859,2026-09-16 20:59:00+00:00,4,2.58,0.496,N21E069,50,Built-up,0.825152210799481,0.011657850084838807,0.010400239544864756,0.016588481884419602,0.010440163688990917,0.825152210799481,0.11538077652460325,0.010380277472801677,0.0,0.0,0.0,50095,1.0,BUILT_UP_DOMINANT,False,SUCCESS,
SATF-1103,24.82,73.093,2026-09-16 20:59:00+00:00,1,1.65,0.375,N24E072,20,Shrubland,0.4379943087037582,0.06515552938867629,0.14194877833382397,0.4379943087037582,0.12495339024629575,0.18288686095574527,0.04657050338534001,0.0004906289863605142,0.0,0.0,0.0,50955,1.0,NATURAL_VEGETATION_DOMINANT,False,SUCCESS,
SATF-1104,21.564,72.915,2026-09-16 20:59:00+00:00,1,1.62,0.368,N21E072,40,Cropland,0.836766334440753,0.836766334440753,0.0381556428068056,0.0003221584616933454,0.07604953186348536,0.029376824725661936,0.010309070774187053,0.008637873754152824,0.00038256317326084766,0.0,0.0,49665,1.0,CROPLAND_DOMINANT,True,SUCCESS,
SATF-1106,22.266,75.135,2026-09-16 20:59:00+00:00,1,1.15,0.294,N21E075,40,Cropland,0.44297834115181156,0.44297834115181156,0.011997205309911168,0.0,0.34404631200718633,0.07956881924343746,0.12138936021559038,1.9962072063080146e-05,0.0,0.0,0.0,50095,1.0,CROPLAND_PRESENT,True,SUCCESS,
SATF-1107,20.358,72.949,2026-09-16 20:59:00+00:00,1,1.11,0.289,N18E072,50,Built-up,0.4598354828881893,0.2503706712704377,0.2063572661724383,0.0,0.02382451508073525,0.4598354828881893,0.048481771097796285,0.011130293490403169,0.0,0.0,0.0,49235,1.0,MIXED_OR_OTHER,False,SUCCESS,
SATF-1105,24.692,73.001,2026-09-16 20:59:00+00:00,1,1.29,0.323,N24E072,20,Shrubland,0.29498577175939555,0.13810224708075752,0.12917279952899619,0.29498577175939555,0.17888332842704346,0.223471690707487,0.032028260229614365,0.003355902266705917,0.0,0.0,0.0,50955,1.0,NATURAL_VEGETATION_DOMINANT,False,SUCCESS,
SATF-1109,24.055,80.613,2026-09-16 20:59:00+00:00,1,0.93,0.251,N24E078,50,Built-up,0.29985281130409186,0.1587871651457168,0.28544794426454717,0.023962319693847513,0.13427534098714553,0.29985281130409186,0.020626042586596015,0.07704837601805514,0.0,0.0,0.0,50955,1.0,MIXED_OR_OTHER,False,SUCCESS,
SATF-1110,23.497,68.576,2026-09-16 20:59:00+00:00,1,0.92,0.249,N21E066,20,Shrubland,0.4537951509153884,0.07835724888668975,0.0886293913904008,0.4537951509153884,0.07479465611083622,0.10388916378030678,0.1874517565561603,0.013082632360217714,0.0,0.0,0.0,50525,1.0,NATURAL_VEGETATION_DOMINANT,False,SUCCESS,
SATF-1112,24.691,74.679,2026-09-16 20:59:00+00:00,1,0.8,0.231,N24E072,40,Cropland,0.4410558335786478,0.4410558335786478,0.038877440879207144,0.029104111470905702,0.18188597782356983,0.24757138651751545,0.06150524973015406,0.0,0.0,0.0,0.0,50955,1.0,CROPLAND_PRESENT,True,SUCCESS,
SATF-1113,24.934,74.635,2026-09-16 20:59:00+00:00,2,0.63,0.204,N24E072,50,Built-up,0.39929349425964084,0.26054361691688743,0.14349916593072318,0.018094397016975763,0.12383475615739378,0.39929349425964084,0.054597193602198016,0.00013737611618094397,0.0,0.0,0.0,50955,1.0,MIXED_OR_OTHER,False,SUCCESS,
SATF-1114,24.659,73.879,2026-09-16 20:59:00+00:00,1,0.59,0.199,N24E072,40,Cropland,0.28399568246492,0.28399568246492,0.17801982141104897,0.16944362672946717,0.254597193602198,0.0986753017368266,0.015268374055539201,0.0,0.0,0.0,0.0,50955,1.0,NATURAL_VEGETATION_DOMINANT,False,SUCCESS,
SATF-1116,24.198,80.796,2026-09-16 20:59:00+00:00,1,0.35,0.184,N24E078,30,Grassland,0.5286232950642724,0.121185359631047,0.07930526935531351,0.005789422039054067,0.5286232950642724,0.23399077617505643,0.030968501619075654,0.00013737611618094397,0.0,0.0,0.0,50955,1.0,NATURAL_VEGETATION_DOMINANT,False,SUCCESS,
SATF-1115,25.968,71.272,2026-09-16 20:59:00+00:00,1,0.58,0.197,N24E069,60,Bare/Sparse Vegetation,0.7556485355648536,0.05920015568745743,0.002393694657974117,0.1731633745256398,0.0017514838960786222,0.0010119684732898706,0.7556485355648536,0.006830787194706626,0.0,0.0,0.0,51385,1.0,MIXED_OR_OTHER,False,SUCCESS,
SATF-1111,23.316,70.485,2026-09-16 20:59:00+00:00,1,0.83,0.236,N21E069,40,Cropland,0.7037308263236022,0.7037308263236022,0.004849084611578427,0.1036318654131618,0.004235526966848095,0.09454725383473528,0.0885502226620485,0.00045522018802572986,0.0,0.0,0.0,50525,1.0,CROPLAND_DOMINANT,True,SUCCESS,
SATF-1117,13.089,79.982,2026-09-16 21:01:00+00:00,1,2.79,0.519,N12E078,10,Tree Cover,0.26919920025255184,0.25387772282437127,0.26919920025255184,0.1847627065137325,0.19821109123434705,0.05966536883089551,0.03083236872566558,0.0012417131432179312,0.002209828475218352,0.0,0.0,47515,1.0,NATURAL_VEGETATION_DOMINANT,False,SUCCESS,
SATF-1118,13.159,80.286,2026-09-16 21:01:00+00:00,1,2.77,0.517,N12E078,50,Built-up,0.578491002841208,0.04032410817636536,0.2647795433021151,0.0037461854151320637,0.04910028412080396,0.578491002841208,0.019088708828790907,0.016268546774702724,0.028201620540881826,0.0,0.0,47515,1.0,BUILT_UP_DOMINANT,False,SUCCESS,
SATF-1122,15.686,78.457,2026-09-16 21:01:00+00:00,1,1.74,0.382,N15E078,30,Grassland,0.29779956199812285,0.28111377620189804,0.03981645635624153,0.035832724997392845,0.29779956199812285,0.17872562310981333,0.09681927208259464,0.06989258525393681,0.0,0.0,0.0,47945,1.0,MIXED_OR_OTHER,False,SUCCESS,
SATF-1123,15.358,76.71,2026-09-16 21:01:00+00:00,1,1.09,0.286,N15E075,40,Cropland,0.969047867348003,0.969047867348003,0.0030034414433204714,0.016101783293356972,0.010762331838565023,0.0010845760767546147,0.0,0.0,0.0,0.0,0.0,47945,1.0,CROPLAND_DOMINANT,True,SUCCESS,
SATF-1124,11.184,79.098,2026-09-16 21:04:00+00:00,2,1.27,0.32,N09E078,40,Cropland,0.35835191674630984,0.35835191674630984,0.17534246575342466,0.19388340235743867,0.028437931400658385,0.19730275034512051,0.04570457682913879,0.0009769565679091006,0.0,0.0,0.0,47085,1.0,CROPLAND_PRESENT,True,SUCCESS,
SATF-1139,14.251,77.794,2026-09-17 07:14:00+00:00,2,6.27,0.749,N12E075,40,Cropland,0.7258525393680259,0.7258525393680259,0.03195327979977057,0.10013557200959433,0.00018771509020752946,0.0017937219730941704,0.002127437689018667,0.13794973407028888,0.0,0.0,0.0,47945,1.0,CROPLAND_DOMINANT,True,SUCCESS,
SATF-1138,14.695,79.363,2026-09-17 07:14:00+00:00,1,6.68,0.764,N12E078,20,Shrubland,0.5468349150067786,0.2852226509542184,0.15405151736364583,0.5468349150067786,0.0017728647408488893,0.011221190947961205,0.0008968609865470852,0.0,0.0,0.0,0.0,47945,1.0,NATURAL_VEGETATION_DOMINANT,False,SUCCESS,
SATF-1141,13.881,79.625,2026-09-17 07:14:00+00:00,1,2.44,0.48,N12E078,40,Cropland,0.6806340598602565,0.6806340598602565,0.08797580561059547,0.11114819063510273,0.10731045990197101,0.01092918969652727,0.0019814370633016998,2.085723224528105e-05,0.0,0.0,0.0,47945,1.0,CROPLAND_DOMINANT,True,SUCCESS,
SATF-1140,14.71,77.634,2026-09-17 07:14:00+00:00,1,5.6,0.715,N12E075,40,Cropland,0.8638857023672959,0.8638857023672959,0.07614975492752112,0.03983731358848681,0.0032120137657732817,0.016915215350922934,0.0,0.0,0.0,0.0,0.0,47945,1.0,CROPLAND_DOMINANT,True,SUCCESS,
SATF-1137,13.425,79.933,2026-09-17 07:14:00+00:00,1,11.3,0.851,N12E078,10,Tree Cover,0.6272966431653162,0.0851520572450805,0.6272966431653162,0.2582342418183731,0.00959696937809113,0.01075449857939598,4.209197095654004e-05,0.008923497842786489,0.0,0.0,0.0,47515,1.0,NATURAL_VEGETATION_DOMINANT,False,SUCCESS,
SATF-1148,23.795,86.355,2026-09-17 07:16:00+00:00,1,4.47,0.657,N21E084,60,Bare/Sparse Vegetation,0.4356061355764473,0.020940128649183574,0.18493814943097475,0.0,0.2241860465116279,0.10561108362196932,0.4356061355764473,0.02871845620979713,0.0,0.0,0.0,50525,1.0,MIXED_OR_OTHER,False,SUCCESS,
SATF-1146,20.97,85.158,2026-09-17 07:16:00+00:00,5,5.77,0.722,N18E084,60,Bare/Sparse Vegetation,0.5193999798650961,0.005255209906372697,0.07880801369173462,0.0,0.1614215242122219,0.011436625390113761,0.5193999798650961,0.22367864693446088,0.0,0.0,0.0,49665,1.0,MIXED_OR_OTHER,False,SUCCESS,
SATF-1144,21.081,85.036,2026-09-17 07:16:00+00:00,1,6.73,0.766,N21E084,40,Cropland,0.28418403302124234,0.28418403302124234,0.10174166918352964,0.0017114668277458975,0.2776200543642404,0.03912211819188564,0.2330212423235679,0.06259941608778818,0.0,0.0,0.0,49665,1.0,MIXED_OR_OTHER,False,SUCCESS,
SATF-1145,22.053,88.126,2026-09-17 07:16:00+00:00,1,6.54,0.759,N21E087,10,Tree Cover,0.3833316698273281,0.0546960774528396,0.3833316698273281,0.0,0.011857470805469608,0.18313204910669728,0.060924243936520614,0.30605848887114484,0.0,0.0,0.0,50095,1.0,MIXED_OR_OTHER,False,SUCCESS,
SATF-1147,17.919,83.456,2026-09-17 07:16:00+00:00,1,4.8,0.676,N15E081,30,Grassland,0.5257453129802274,0.07075094764880648,0.1375883618481713,0.0,0.5257453129802274,0.0482532527404979,0.05667452105317078,0.16098760372912613,0.0,0.0,0.0,48805,1.0,NATURAL_VEGETATION_DOMINANT,False,SUCCESS,
SATF-1155,15.901,79.416,2026-09-17 07:16:00+00:00,1,1.8,0.391,N15E078,40,Cropland,0.7361447028423772,0.7361447028423772,0.07059431524547803,0.15135917312661498,0.03911111111111111,0.00047545219638242894,0.00227390180878553,4.1343669250646e-05,0.0,0.0,0.0,48375,1.0,CROPLAND_DOMINANT,True,SUCCESS,
SATF-1149,22.377,87.28,2026-09-17 07:16:00+00:00,3,4.45,0.655,N21E087,40,Cropland,0.4149915161193732,0.4149915161193732,0.20309412116977743,0.00023954486475696177,0.04048308214392654,0.17333067172372493,0.14420600858369098,0.023655055394749974,0.0,0.0,0.0,50095,1.0,CROPLAND_PRESENT,True,SUCCESS,
SATF-1151,16.886,80.1,2026-09-17 07:16:00+00:00,1,3.39,0.576,N15E078,40,Cropland,0.37145219638242893,0.37145219638242893,0.14160206718346252,0.10216020671834625,0.04051679586563307,0.3055297157622739,0.0028733850129198965,0.028568475452196384,0.007297157622739018,0.0,0.0,48375,1.0,CROPLAND_PRESENT,True,SUCCESS,
SATF-1152,18.005,83.521,2026-09-17 07:16:00+00:00,1,3.35,0.572,N18E081,10,Tree Cover,0.5070299928776808,0.1921179667097523,0.5070299928776808,0.0,0.27260017410113696,0.021577989395658023,0.0019256640903215596,0.003930465061067293,0.000817747764383128,0.0,0.0,37909,0.7767441860465116,NATURAL_VEGETATION_DOMINANT,False,SUCCESS,
SATF-1150,23.697,87.096,2026-09-17 07:16:00+00:00,1,3.79,0.601,N21E087,40,Cropland,0.2759623948540327,0.2759623948540327,0.2439782285997031,0.0,0.15485403265710043,0.17585353785254823,0.1366254329539832,0.01272637308263236,0.0,0.0,0.0,50525,1.0,MIXED_OR_OTHER,False,SUCCESS,
SATF-1143,23.68,86.397,2026-09-17 07:16:00+00:00,5,7.49,0.79,N21E084,10,Tree Cover,0.3938248391885205,0.05767441860465116,0.3938248391885205,0.0002375061850569025,0.18024740227610095,0.11463631865413162,0.18200890648193963,0.0713706086095992,0.0,0.0,0.0,50525,1.0,NATURAL_VEGETATION_DOMINANT,False,SUCCESS,
SATF-1156,25.308,86.492,2026-09-17 07:18:00+00:00,1,3.72,0.595,N24E084,10,Tree Cover,0.44495475333268464,0.07554733871752457,0.44495475333268464,0.0005254451688235867,0.04620025299211832,0.42389802471538385,0.0007395154227887515,0.008134669650676267,0.0,0.0,0.0,51385,1.0,MIXED_OR_OTHER,False,SUCCESS,
SATF-1172,15.819,79.637,2026-09-17 08:09:00+00:00,1,7.68,0.795,N15E078,40,Cropland,0.8128372093023256,0.8128372093023256,0.021622739018087856,0.15975193798449613,0.0007235142118863049,0.000578811369509044,0.004485788113695091,0.0,0.0,0.0,0.0,48375,1.0,CROPLAND_DOMINANT,True,SUCCESS,
SATF-1166,15.77,79.613,2026-09-17 08:09:00+00:00,3,12.62,0.86,N15E078,20,Shrubland,0.7023462532299741,0.24975710594315245,0.044837209302325584,0.7023462532299741,0.0017157622739018088,0.0008888888888888889,0.00045478036175710594,0.0,0.0,0.0,0.0,48375,1.0,NATURAL_VEGETATION_DOMINANT,False,SUCCESS,
SATF-1167,8.566,77.679,2026-09-17 08:09:00+00:00,1,12.27,0.768,N06E075,40,Cropland,0.44757353721992144,0.44757353721992144,0.10498035467771052,0.13271742593182542,0.24712753530848466,0.04672400976956568,0.002421153233513858,0.018455983858978443,0.0,0.0,0.0,47085,1.0,CROPLAND_PRESENT,True,SUCCESS,
SATF-1168,13.91,78.024,2026-09-17 08:09:00+00:00,1,11.33,0.852,N12E078,40,Cropland,0.8806757743247471,0.8806757743247471,0.03700073000312858,0.06198769423297528,0.005068307435603296,0.01328605694024403,0.0017728647408488893,0.00020857232245281051,0.0,0.0,0.0,47945,1.0,CROPLAND_DOMINANT,True,SUCCESS,
SATF-1169,15.217,77.558,2026-09-17 08:09:00+00:00,1,11.01,0.847,N15E075,40,Cropland,0.9065178850766503,0.9065178850766503,0.032203566586713944,0.05923453957659819,0.00018771509020752946,0.0018562936698300135,0.0,0.0,0.0,0.0,0.0,47945,1.0,CROPLAND_DOMINANT,True,SUCCESS,
SATF-1171,15.604,79.721,2026-09-17 08:09:00+00:00,1,7.82,0.798,N15E078,40,Cropland,0.56808843466472,0.56808843466472,0.2111169047867348,0.19705913025341537,0.010866617999791427,0.0030660131400563144,0.007904891020961518,0.0018980081343205756,0.0,0.0,0.0,47945,1.0,CROPLAND_DOMINANT,True,SUCCESS,
SATF-1173,9.204,77.605,2026-09-17 08:09:00+00:00,1,7.04,0.686,N09E075,40,Cropland,0.7266857810342997,0.7266857810342997,0.021684188170330253,0.004460019114367633,0.24203037060635021,0.001168100244239142,0.003971540830413083,0.0,0.0,0.0,0.0,47085,1.0,CROPLAND_DOMINANT,True,SUCCESS,
SATF-1183,15.73,77.625,2026-09-17 08:09:00+00:00,1,3.94,0.616,N15E075,40,Cropland,0.9651058504536448,0.9651058504536448,0.010512045051621649,0.014766920429658985,0.0019397225988111377,0.0033580143914902494,0.0014391490249243924,0.002878298049848785,0.0,0.0,0.0,47945,1.0,CROPLAND_DOMINANT,True,SUCCESS,
SATF-1174,15.719,78.205,2026-09-17 08:09:00+00:00,1,6.91,0.772,N15E078,40,Cropland,0.7645009907185316,0.7645009907185316,0.015851496506413598,0.09779956199812286,0.10015642924183961,0.0,0.021149233496714985,0.0005422880383773073,0.0,0.0,0.0,47945,1.0,CROPLAND_DOMINANT,True,SUCCESS,
SATF-1176,14.2,77.303,2026-09-17 08:09:00+00:00,1,6.29,0.75,N12E075,40,Cropland,0.5228699551569507,0.5228699551569507,0.006048597351131505,0.39666284284075504,0.03585358222963813,0.014224632391281676,0.024340390030242985,0.0,0.0,0.0,0.0,47945,1.0,CROPLAND_DOMINANT,True,SUCCESS,
SATF-1177,15.178,76.665,2026-09-17 08:09:00+00:00,4,6.19,0.744,N15E075,60,Bare/Sparse Vegetation,0.511461049118782,0.0004797163416414642,0.14677234331004277,0.00992804254875378,0.01351548649494212,0.31753050370215874,0.511461049118782,0.00031285848367921577,0.0,0.0,0.0,47945,1.0,MIXED_OR_OTHER,False,SUCCESS,
SATF-1178,14.684,79.569,2026-09-17 08:09:00+00:00,1,6.08,0.739,N12E078,20,Shrubland,0.44231932422567527,0.3335280008342893,0.19655855667952862,0.44231932422567527,0.0014808634894149545,0.023464386275941183,0.0026488684951506934,0.0,0.0,0.0,0.0,47945,1.0,CROPLAND_PRESENT,True,SUCCESS,
SATF-1179,15.307,78.995,2026-09-17 08:09:00+00:00,1,5.76,0.721,N15E078,40,Cropland,0.8336635728438836,0.8336635728438836,0.022942955469809158,0.07863176556470956,0.05324851392220253,0.0023151527792261966,0.007362602982584211,0.0018354364375847325,0.0,0.0,0.0,47945,1.0,CROPLAND_DOMINANT,True,SUCCESS,
SATF-1180,16.464,79.606,2026-09-17 08:09:00+00:00,3,4.27,0.642,N15E078,40,Cropland,0.9312868217054263,0.9312868217054263,0.0216640826873385,0.008434108527131784,0.01883204134366925,0.00022739018087855297,0.0013643410852713178,0.01819121447028424,0.0,0.0,0.0,48375,1.0,CROPLAND_DOMINANT,True,SUCCESS,
SATF-1181,16.195,78.207,2026-09-17 08:09:00+00:00,2,4.15,0.635,N15E078,40,Cropland,0.4581498708010336,0.4581498708010336,0.006015503875968992,0.12483720930232559,0.41056330749354003,0.0,0.00018604651162790697,0.00024806201550387597,0.0,0.0,0.0,48375,1.0,CROPLAND_PRESENT,True,SUCCESS,
SATF-1170,14.474,78.255,2026-09-17 08:09:00+00:00,1,9.03,0.824,N12E078,40,Cropland,0.7054750234643863,0.7054750234643863,0.013557200959432683,0.1500260715403066,0.11938679737198873,6.257169673584315e-05,0.009344040045885911,0.002148294921263948,0.0,0.0,0.0,47945,1.0,CROPLAND_DOMINANT,True,SUCCESS,
SATF-1182,12.242,78.896,2026-09-17 08:09:00+00:00,1,3.97,0.62,N12E078,40,Cropland,0.6298642533936651,0.6298642533936651,0.26574765863411554,0.07627065137325055,0.015447753341050195,0.012669683257918552,0.0,0.0,0.0,0.0,0.0,47515,1.0,CROPLAND_DOMINANT,True,SUCCESS,
SATF-1175,8.969,78.085,2026-09-17 08:09:00+00:00,1,6.39,0.753,N06E078,40,Cropland,0.8190718912604864,0.8190718912604864,0.009769565679091005,0.08066263141127748,0.06741000318572794,0.012997769990442816,0.0026122969098438995,0.007475841563130509,0.0,0.0,0.0,47085,1.0,CROPLAND_DOMINANT,True,SUCCESS,
SATF-1184,9.368,78.661,2026-09-17 08:09:00+00:00,1,3.77,0.599,N09E078,10,Tree Cover,0.4746734628862695,0.3103323776149517,0.4746734628862695,0.09021981522777955,0.08673675268132101,0.011574811511096952,0.02603801635340342,0.00042476372517786983,0.0,0.0,0.0,47085,1.0,CROPLAND_PRESENT,True,SUCCESS,
SATF-1194,11.861,79.551,2026-09-17 08:09:00+00:00,1,2.2,0.449,N09E078,10,Tree Cover,0.4278859307587078,0.408649900031569,0.4278859307587078,0.06869409660107334,0.02279280227296643,0.06806271703672524,0.003914553298958224,0.0,0.0,0.0,0.0,47515,1.0,CROPLAND_PRESENT,True,SUCCESS,
SATF-1191,11.384,79.242,2026-09-17 08:09:00+00:00,1,2.53,0.49,N09E078,40,Cropland,0.38296697462036744,0.38296697462036744,0.2708293511734098,0.18899861951789318,0.03402357438674737,0.02238504831687374,0.09230115748115111,0.008495274503557396,0.0,0.0,0.0,47085,1.0,CROPLAND_PRESENT,True,SUCCESS,
SATF-1186,12.823,79.948,2026-09-17 08:09:00+00:00,2,3.61,0.498,N12E078,40,Cropland,0.212080395664527,0.212080395664527,0.20829211827843838,0.09365463537830158,0.18190045248868777,0.16832579185520363,0.02058297379774808,0.11516363253709355,0.0,0.0,0.0,47515,1.0,MIXED_OR_OTHER,False,SUCCESS,
SATF-1187,11.094,79.686,2026-09-17 08:09:00+00:00,1,3.46,0.581,N09E078,40,Cropland,0.6550493787830519,0.6550493787830519,0.3019857704152065,0.00016990549007114792,0.017946267388764998,0.024848677922905384,0.0,0.0,0.0,0.0,0.0,47085,1.0,CROPLAND_DOMINANT,True,SUCCESS,
SATF-1188,13.939,76.376,2026-09-17 08:09:00+00:00,1,2.74,0.515,N12E075,40,Cropland,0.6132026280112629,0.6132026280112629,0.29133382000208574,0.06006882886640943,0.01683178642194181,0.014912921055375951,0.003650015642924184,0.0,0.0,0.0,0.0,47945,1.0,CROPLAND_DOMINANT,True,SUCCESS,
SATF-1190,14.685,78.716,2026-09-17 08:09:00+00:00,1,2.56,0.494,N12E078,40,Cropland,0.9616018354364376,0.9616018354364376,0.02202523725101679,0.01270205443737616,0.0014182917926791115,0.0022525810824903536,0.0,0.0,0.0,0.0,0.0,47945,1.0,CROPLAND_DOMINANT,True,SUCCESS,
SATF-1192,10.182,79.011,2026-09-17 08:09:00+00:00,1,2.49,0.485,N09E078,10,Tree Cover,0.4228522884145694,0.2176064564086227,0.4228522884145694,0.1331209514707444,0.042667516194117024,0.16591271105447594,0.016162259743017948,0.0016778167144525858,0.0,0.0,0.0,47085,1.0,NATURAL_VEGETATION_DOMINANT,False,SUCCESS,
SATF-1185,15.726,78.389,2026-09-17 08:09:00+00:00,1,3.66,0.59,N15E078,40,Cropland,0.4048597351131505,0.4048597351131505,0.09573469600584003,0.004630305558452393,0.31436020440087603,0.004442590468244864,0.05241422463239128,0.12355824382104495,0.0,0.0,0.0,47945,1.0,CROPLAND_PRESENT,True,SUCCESS,
SATF-1189,11.242,79.222,2026-09-17 08:09:00+00:00,1,2.74,0.515,N09E078,20,Shrubland,0.5878729956461718,0.19392587872995645,0.21420834660719976,0.5878729956461718,0.001210576616756929,0.0,0.0027822023999150474,0.0,0.0,0.0,0.0,47085,1.0,NATURAL_VEGETATION_DOMINANT,False,SUCCESS,
SATF-1195,16.13,78.297,2026-09-17 08:09:00+00:00,1,2.16,0.441,N15E078,40,Cropland,0.7573333333333333,0.7573333333333333,0.030863049095607234,0.053746770025839795,0.11528682170542635,0.024165374677002582,0.007545219638242894,0.011059431524547804,0.0,0.0,0.0,48375,1.0,CROPLAND_DOMINANT,True,SUCCESS,
SATF-1196,15.454,78.593,2026-09-17 08:09:00+00:00,1,2.06,0.427,N15E078,10,Tree Cover,0.5601209719470226,0.4182709354468662,0.5601209719470226,0.00435916153926374,0.01724893106684743,0.0,0.0,0.0,0.0,0.0,0.0,47945,1.0,CROPLAND_PRESENT,True,SUCCESS,
SATF-1197,13.139,78.678,2026-09-17 08:09:00+00:00,1,1.98,0.415,N12E078,40,Cropland,0.5328422603388404,0.5328422603388404,0.038451015468799324,0.34738503630432493,0.03571503735662422,0.023234767968010103,0.02075134168157424,0.0016205408818267915,0.0,0.0,0.0,47515,1.0,CROPLAND_DOMINANT,True,SUCCESS,
SATF-1198,11.84,79.022,2026-09-17 08:09:00+00:00,1,1.59,0.272,N09E078,40,Cropland,0.5443754603809323,0.5443754603809323,0.1761969904240766,0.25493002209828475,0.013953488372093023,0.00997579711669999,0.0005682416079132905,0.0,0.0,0.0,0.0,47515,1.0,CROPLAND_DOMINANT,True,SUCCESS,
SATF-1199,13.041,79.825,2026-09-17 08:09:00+00:00,1,1.51,0.352,N12E078,40,Cropland,0.7033568346837841,0.7033568346837841,0.17373461012311903,0.04693254761654214,0.015805535094180784,0.0581290118909818,0.002041460591392192,0.0,0.0,0.0,0.0,47515,1.0,CROPLAND_DOMINANT,True,SUCCESS,
SATF-1200,11.359,79.146,2026-09-17 08:09:00+00:00,1,1.09,0.196,N09E078,40,Cropland,0.7296591271105448,0.7296591271105448,0.2345757672294786,0.011298715089731338,0.0025273441648083254,0.020516087926091112,0.001380482106828077,4.247637251778698e-05,0.0,0.0,0.0,47085,1.0,CROPLAND_DOMINANT,True,SUCCESS,
SATF-1193,13.366,79.748,2026-09-17 08:09:00+00:00,1,2.33,0.465,N12E078,40,Cropland,0.6108807744922656,0.6108807744922656,0.30714511206987266,0.037798589918972954,0.01113332631800484,0.032747553404188154,0.00023150584026097022,6.313795643481006e-05,0.0,0.0,0.0,47515,1.0,CROPLAND_DOMINANT,True,SUCCESS,
SATF-1201,12.817,79.275,2026-09-17 08:09:00+00:00,1,0.9,0.247,N12E078,40,Cropland,0.603198989792697,0.603198989792697,0.11242765442491845,0.11777333473639903,0.07812269809533831,0.025676102283489426,0.06278017468167947,2.104598547827002e-05,0.0,0.0,0.0,47515,1.0,CROPLAND_DOMINANT,True,SUCCESS,
SATF-1208,16.827,79.298,2026-09-17 08:11:00+00:00,1,6.58,0.761,N15E078,40,Cropland,0.7846614987080104,0.7846614987080104,0.051741602067183465,0.0033901808785529717,0.11526614987080103,0.000702842377260982,0.030594315245478038,0.013643410852713178,0.0,0.0,0.0,48375,1.0,CROPLAND_DOMINANT,True,SUCCESS,
SATF-1209,21.233,79.633,2026-09-17 08:11:00+00:00,1,5.89,0.638,N21E078,40,Cropland,0.3051847377428773,0.3051847377428773,0.26328400281888653,2.0134903855834088e-05,0.06151213127957314,0.27610993657505284,0.07657303936373704,0.017316017316017316,0.0,0.0,0.0,49665,1.0,CROPLAND_PRESENT,True,SUCCESS,
SATF-1203,17.21,75.139,2026-09-17 08:11:00+00:00,1,11.0,0.756,N15E075,40,Cropland,0.6046304909560724,0.6046304909560724,0.022180878552971576,0.1112764857881137,0.244671834625323,0.004134366925064599,0.01310594315245478,0.0,0.0,0.0,0.0,48375,1.0,CROPLAND_DOMINANT,True,SUCCESS,
SATF-1204,18.691,79.777,2026-09-17 08:11:00+00:00,1,8.98,0.733,N18E078,80,Permanent Water,0.7396783116483967,0.06663251716012704,0.09941604343817231,0.0003073455588566745,0.08728613871529556,0.00010244851961889151,0.006577194959532835,0.7396783116483967,0.0,0.0,0.0,48805,1.0,MIXED_OR_OTHER,False,SUCCESS,
SATF-1205,21.92,83.351,2026-09-17 08:11:00+00:00,1,8.97,0.822,N21E081,50,Built-up,0.44026349935123266,0.10046910869348238,0.2578900089829324,0.0,0.04028346142329574,0.44026349935123266,0.1387563629104701,0.022337558638586684,0.0,0.0,0.0,50095,1.0,MIXED_OR_OTHER,False,SUCCESS,
SATF-1206,19.101,82.166,2026-09-17 08:11:00+00:00,1,7.5,0.79,N18E081,50,Built-up,0.3143698588402559,0.2299583629531837,0.13992078805727634,0.01923428455367117,0.1516400934294709,0.3143698588402559,0.13531024677566772,0.009566365390474256,0.0,0.0,0.0,49235,1.0,MIXED_OR_OTHER,False,SUCCESS,
SATF-1207,20.874,84.989,2026-09-17 08:11:00+00:00,3,7.13,0.781,N18E084,50,Built-up,0.44661230242625594,0.013389711064129669,0.3713077620054364,0.0,0.046511627906976744,0.44661230242625594,0.1022450417799255,0.019933554817275746,0.0,0.0,0.0,49665,1.0,MIXED_OR_OTHER,False,SUCCESS,
SATF-1202,21.103,72.642,2026-09-17 08:11:00+00:00,3,13.62,0.984,N21E072,50,Built-up,0.46211617839524816,0.0381556428068056,0.3098560354374308,0.0,0.012866203563877982,0.46211617839524816,0.146481425551193,0.030524514245444476,0.0,0.0,0.0,49665,1.0,MIXED_OR_OTHER,False,SUCCESS,
SATF-1211,22.036,83.353,2026-09-17 08:11:00+00:00,1,4.67,0.67,N21E081,10,Tree Cover,0.8193033236849985,0.02291645872841601,0.8193033236849985,0.0,0.015610340353328676,0.001976245134244935,0.12905479588781316,0.011138836211198723,0.0,0.0,0.0,50095,1.0,NATURAL_VEGETATION_DOMINANT,False,SUCCESS,
SATF-1212,18.613,74.2,2026-09-17 08:11:00+00:00,1,4.09,0.63,N18E072,40,Cropland,0.4563671754943141,0.4563671754943141,0.18071918860772462,0.1940579858621043,0.05767851654543592,0.041532629853498614,0.0013318307550455896,0.06831267288187685,0.0,0.0,0.0,48805,1.0,CROPLAND_PRESENT,True,SUCCESS,
SATF-1213,16.548,78.651,2026-09-17 08:11:00+00:00,1,3.94,0.526,N15E078,40,Cropland,0.5541705426356589,0.5541705426356589,0.004134366925064599,0.0,0.0689405684754522,0.005395348837209302,0.0017157622739018088,0.3656434108527132,0.0,0.0,0.0,48375,1.0,CROPLAND_DOMINANT,True,SUCCESS,
SATF-1214,18.772,78.966,2026-09-17 08:11:00+00:00,1,3.69,0.592,N18E078,40,Cropland,0.45944063108288086,0.45944063108288086,0.4255916402007991,0.03681999795102961,0.07351705767851655,0.0,0.0006761602294846839,0.003954512857289212,0.0,0.0,0.0,48805,1.0,CROPLAND_PRESENT,True,SUCCESS,
SATF-1215,18.367,79.313,2026-09-17 08:11:00+00:00,1,3.56,0.586,N18E078,40,Cropland,0.9589591230406721,0.9589591230406721,0.024341768261448623,6.146911177133491e-05,0.012252842946419424,0.00409794078475566,0.0002868558549328962,0.0,0.0,0.0,0.0,48805,1.0,CROPLAND_DOMINANT,True,SUCCESS,
SATF-1216,21.336,78.968,2026-09-17 08:11:00+00:00,1,2.91,0.531,N21E078,40,Cropland,0.6862579281183933,0.6862579281183933,0.010067451927917043,0.001570522500755059,0.22142353770260748,0.013832678948958019,0.066626396858955,0.00022148394241417498,0.0,0.0,0.0,49665,1.0,CROPLAND_DOMINANT,True,SUCCESS,
SATF-1217,16.39,78.041,2026-09-17 08:11:00+00:00,1,2.47,0.483,N15E078,40,Cropland,0.8630697674418605,0.8630697674418605,0.007813953488372093,0.05037726098191214,0.0562687338501292,0.012175710594315246,0.009322997416020672,0.0009715762273901808,0.0,0.0,0.0,48375,1.0,CROPLAND_DOMINANT,True,SUCCESS,
SATF-1210,17.022,81.395,2026-09-17 08:11:00+00:00,1,5.13,0.691,N15E081,40,Cropland,0.5302532299741602,0.5302532299741602,0.38925064599483206,0.0,0.033963824289405684,0.023545219638242895,0.018025839793281654,0.00496124031007752,0.0,0.0,0.0,48375,1.0,CROPLAND_DOMINANT,True,SUCCESS,
SATF-1219,23.777,86.212,2026-09-17 08:13:00+00:00,1,7.74,0.796,N21E084,30,Grassland,0.3647699158832261,0.04611578426521524,0.24920336467095497,3.958436417615042e-05,0.3647699158832261,0.06175160811479466,0.2583077684314696,0.019811974270163287,0.0,0.0,0.0,50525,1.0,NATURAL_VEGETATION_DOMINANT,False,SUCCESS,
SATF-1220,26.608,72.627,2026-09-17 08:13:00+00:00,2,6.43,0.755,N24E072,40,Cropland,0.889394962848596,0.889394962848596,0.001698349898677989,0.07825919135385506,0.0002508925986683393,0.003763388980025089,0.026633214320177553,0.0,0.0,0.0,0.0,51815,1.0,CROPLAND_DOMINANT,True,SUCCESS,
SATF-1229,9.081,77.901,2026-09-17 08:54:00+00:00,1,5.09,0.688,N09E075,40,Cropland,0.607985558033344,0.607985558033344,0.0678560050971647,0.16875862801316768,0.10489540193267495,0.023531910374853988,0.015100350430073272,0.011850907932462568,2.123818625889349e-05,0.0,0.0,47085,1.0,CROPLAND_DOMINANT,True,SUCCESS,
SATF-1230,15.55,77.89,2026-09-17 08:56:00+00:00,2,4.45,0.655,N15E075,40,Cropland,0.7262071123161956,0.7262071123161956,0.09375325894253833,0.09950985504223589,0.022358952966941285,0.04363332985712796,0.013265199707998748,0.001272291166962144,0.0,0.0,0.0,47945,1.0,CROPLAND_DOMINANT,True,SUCCESS,
SATF-1236,27.377,95.335,2026-09-17 18:58:00+00:00,2,2.11,0.434,N27E093,40,Cropland,0.49528184515264617,0.49528184515264617,0.42195425399559766,0.0049191310173222315,0.015082783041439372,0.06157527036080008,0.0010910134941142693,9.570293808019906e-05,0.0,0.0,0.0,52245,1.0,CROPLAND_PRESENT,True,SUCCESS,
SATF-1237,26.188,91.804,2026-09-17 18:58:00+00:00,2,1.75,0.383,N24E090,50,Built-up,0.6488468590176589,0.006909196178712728,0.33278008298755185,0.0,0.004052880440027019,0.6488468590176589,0.0074109813760494065,0.0,0.0,0.0,0.0,51815,1.0,BUILT_UP_DOMINANT,False,SUCCESS,
SATF-1238,27.606,95.402,2026-09-17 18:58:00+00:00,1,1.09,0.286,N27E093,10,Tree Cover,0.8535362235620634,0.050378026605416786,0.8535362235620634,0.000612498803713274,0.017035122978275433,0.023083548664944015,0.031007751937984496,0.02434682744760264,0.0,0.0,0.0,52245,1.0,NATURAL_VEGETATION_DOMINANT,False,SUCCESS,
SATF-1239,27.326,95.274,2026-09-17 18:58:00+00:00,1,0.87,0.244,N27E093,40,Cropland,0.5597090630682362,0.5597090630682362,0.3289501387692602,0.0003445305770887166,0.02867260024882764,0.01125466551823141,0.007349985644559288,0.06371901617379654,0.0,0.0,0.0,52245,1.0,CROPLAND_DOMINANT,True,SUCCESS,
SATF-1240,27.46,95.476,2026-09-17 18:58:00+00:00,1,0.67,0.209,N27E093,10,Tree Cover,0.8099722461479567,0.14874150636424538,0.8099722461479567,0.00614412862474878,0.02438510862283472,0.009627715570868025,0.0011292946693463488,0.0,0.0,0.0,0.0,52245,1.0,NATURAL_VEGETATION_DOMINANT,False,SUCCESS,
SATF-1245,25.542,91.235,2026-09-17 19:00:00+00:00,5,1.1,0.288,N24E090,30,Grassland,0.6292303201323344,0.07190814440011677,0.2630144983944731,0.0,0.6292303201323344,0.01704777658849859,0.018565729298433396,0.0002335311861438163,0.0,0.0,0.0,51385,1.0,NATURAL_VEGETATION_DOMINANT,False,SUCCESS,
SATF-1254,22.599,85.909,2026-09-17 19:45:00+00:00,3,1.76,0.385,N21E084,40,Cropland,0.397265196127358,0.397265196127358,0.13099111687793194,5.988621618924044e-05,0.31757660445154207,0.03185946701267592,0.05557440862361513,0.0666733206906877,0.0,0.0,0.0,50095,1.0,CROPLAND_PRESENT,True,SUCCESS,
SATF-1248,22.37,87.292,2026-09-17 19:45:00+00:00,7,3.75,0.598,N21E087,10,Tree Cover,0.4,0.32236750174668133,0.4,0.0007585587383970457,0.025551452240742588,0.1108094620221579,0.11791595967661443,0.02259706557540673,0.0,0.0,0.0,50095,1.0,CROPLAND_PRESENT,True,SUCCESS,
SATF-1250,24.199,82.715,2026-09-17 19:45:00+00:00,4,2.32,0.463,N24E081,60,Bare/Sparse Vegetation,0.3362967324109508,0.012030222745559808,0.32638602688646845,0.0032577764694338143,0.2723775880679031,0.041919340594642335,0.3362967324109508,0.007732312825041703,0.0,0.0,0.0,50955,1.0,NATURAL_VEGETATION_DOMINANT,False,SUCCESS,
SATF-1251,22.365,87.017,2026-09-17 19:45:00+00:00,4,2.17,0.444,N21E087,10,Tree Cover,0.6507435871843498,0.20439165585387764,0.6507435871843498,0.00401237648467911,0.016189240443158,0.050224573310709654,0.07433875636291047,9.981036031540073e-05,0.0,0.0,0.0,50095,1.0,NATURAL_VEGETATION_DOMINANT,False,SUCCESS,
SATF-1252,23.166,82.34,2026-09-17 19:45:00+00:00,7,2.04,0.424,N21E081,30,Grassland,0.3734982681840673,0.022503711034141515,0.35612073231073726,0.0006333498268184068,0.3734982681840673,0.043127164769915884,0.2016031667491341,0.0025136071251855518,0.0,0.0,0.0,50525,1.0,NATURAL_VEGETATION_DOMINANT,False,SUCCESS,
SATF-1253,22.794,86.197,2026-09-17 19:45:00+00:00,2,1.95,0.411,N21E084,50,Built-up,0.668749376185248,0.003333666034534385,0.20908274278870145,0.0,0.003772831619922148,0.668749376185248,0.05812955384768939,0.05693182952390458,0.0,0.0,0.0,50095,1.0,BUILT_UP_DOMINANT,False,SUCCESS,
SATF-1261,23.563,87.083,2026-09-17 19:45:00+00:00,1,1.22,0.31,N21E087,40,Cropland,0.5266897575457694,0.5266897575457694,0.2142899554675903,0.0,0.10248391885205343,0.06408708560118753,0.08093023255813954,0.011519049975259772,0.0,0.0,0.0,50525,1.0,CROPLAND_DOMINANT,True,SUCCESS,
SATF-1249,23.683,87.129,2026-09-17 19:45:00+00:00,11,2.66,0.505,N21E087,40,Cropland,0.29622958931222165,0.29622958931222165,0.24896585848589808,0.0,0.2114200890648194,0.04843146956952004,0.16211776348342405,0.032835230084116776,0.0,0.0,0.0,50525,1.0,MIXED_OR_OTHER,False,SUCCESS,
SATF-1256,23.484,87.362,2026-09-17 19:45:00+00:00,3,1.62,0.368,N21E087,10,Tree Cover,0.38949035131123205,0.2249777337951509,0.38949035131123205,0.0,0.014646214745175655,0.29945571499257795,0.05106382978723404,0.02036615536862939,0.0,0.0,0.0,50525,1.0,MIXED_OR_OTHER,False,SUCCESS,
SATF-1258,24.163,82.643,2026-09-17 19:45:00+00:00,6,1.26,0.317,N24E081,60,Bare/Sparse Vegetation,0.8405848297517418,0.011461093121381612,0.03976057305465607,0.0,0.0897066038661564,0.012481601413011481,0.8405848297517418,0.006005298793052694,0.0,0.0,0.0,50955,1.0,MIXED_OR_OTHER,False,SUCCESS,
SATF-1259,23.827,84.571,2026-09-17 19:45:00+00:00,1,1.23,0.312,N21E084,40,Cropland,0.5459871350816428,0.5459871350816428,0.15099455714992577,0.0070460168233547745,0.28330529440870855,0.0006729341909945571,0.011301335972290945,0.0006927263730826323,0.0,0.0,0.0,50525,1.0,CROPLAND_DOMINANT,True,SUCCESS,
SATF-1260,23.738,85.012,2026-09-17 19:45:00+00:00,1,1.23,0.312,N21E084,60,Bare/Sparse Vegetation,0.4553983176645225,0.11558634339435923,0.05191489361702128,0.003404255319148936,0.30000989609104406,0.02628401781296388,0.4553983176645225,0.04740227610094013,0.0,0.0,0.0,50525,1.0,MIXED_OR_OTHER,False,SUCCESS,
SATF-1263,22.833,86.038,2026-09-17 19:45:00+00:00,6,1.15,0.294,N21E084,10,Tree Cover,0.5899391156802076,0.2173869647669428,0.5899391156802076,0.0003393552250723625,0.16959776424792894,0.015031440263499351,0.007445852879528895,0.0002595069368200419,0.0,0.0,0.0,50095,1.0,NATURAL_VEGETATION_DOMINANT,False,SUCCESS,
SATF-1265,27.267,95.125,2026-09-17 19:45:00+00:00,1,0.78,0.227,N27E093,10,Tree Cover,0.6179921523590775,0.37113599387501195,0.6179921523590775,0.0,0.005914441573356302,0.004344913388841037,0.00021054646377643795,0.0004019523399368361,0.0,0.0,0.0,52245,1.0,CROPLAND_PRESENT,True,SUCCESS,
SATF-1255,23.667,84.998,2026-09-17 19:45:00+00:00,2,1.64,0.373,N21E084,30,Grassland,0.48387926768926276,0.07906976744186046,0.1659970311726868,0.02806531420089065,0.48387926768926276,0.1172093023255814,0.09793171697179615,0.02784760019792182,0.0,0.0,0.0,50525,1.0,NATURAL_VEGETATION_DOMINANT,False,SUCCESS,
SATF-1281,22.034,83.735,2026-09-17 19:47:00+00:00,4,1.83,0.396,N21E081,10,Tree Cover,0.41335462621020064,0.08308214392653958,0.41335462621020064,0.0054895698173470404,0.21131849485976645,0.009262401437269188,0.209961073959477,0.06753168978940013,0.0,0.0,0.0,50095,1.0,NATURAL_VEGETATION_DOMINANT,False,SUCCESS,
SATF-1266,20.79,85.27,2026-09-17 19:47:00+00:00,12,11.18,0.848,N18E084,50,Built-up,0.38785865297493205,0.21165810933252793,0.26394845464612904,0.0,0.07256619349642605,0.38785865297493205,0.05065941810127857,0.013309171448706332,0.0,0.0,0.0,49665,1.0,MIXED_OR_OTHER,False,SUCCESS,
SATF-1267,17.609,83.203,2026-09-17 19:47:00+00:00,6,5.03,0.685,N15E081,50,Built-up,0.7106853805962504,0.0005327323020182358,0.26841512140149576,0.0,0.001495748386435816,0.7106853805962504,0.01665812929003176,0.0022128880237680566,0.0,0.0,0.0,48805,1.0,BUILT_UP_DOMINANT,False,SUCCESS,
SATF-1269,20.865,84.991,2026-09-17 19:47:00+00:00,6,2.93,0.535,N18E084,10,Tree Cover,0.3719722138326789,0.06068660022148394,0.3719722138326789,0.0,0.16585120306050538,0.35485754555522,0.03038356991845364,0.01624886741165811,0.0,0.0,0.0,49665,1.0,NATURAL_VEGETATION_DOMINANT,False,SUCCESS,
SATF-1270,21.929,85.222,2026-09-17 19:47:00+00:00,5,2.88,0.529,N21E084,10,Tree Cover,0.34394650164687096,0.2985327877033636,0.34394650164687096,0.0003393552250723625,0.14534384669128655,0.041521109891206706,0.16957780217586585,0.0007385966663339654,0.0,0.0,0.0,50095,1.0,MIXED_OR_OTHER,False,SUCCESS,
SATF-1271,21.336,78.969,2026-09-17 19:47:00+00:00,2,2.82,0.524,N21E078,40,Cropland,0.7001308768750629,0.7001308768750629,0.011778918755662941,0.0014698479814758884,0.20984596798550287,0.013832678948958019,0.06276049531863485,0.0001812141347025068,0.0,0.0,0.0,49665,1.0,CROPLAND_DOMINANT,True,SUCCESS,
SATF-1272,21.678,84.036,2026-09-17 19:47:00+00:00,1,2.7,0.508,N21E084,10,Tree Cover,0.3007286156303024,0.2444355724124164,0.3007286156303024,0.0,0.20517017666433776,0.13228865156203215,0.10526000598862162,0.01211697774228965,0.0,0.0,0.0,50095,1.0,NATURAL_VEGETATION_DOMINANT,False,SUCCESS,
SATF-1275,22.212,84.855,2026-09-17 19:47:00+00:00,2,2.21,0.451,N21E084,50,Built-up,0.6978141531090927,0.01646870945204112,0.26487673420501046,0.0,0.003114083241840503,0.6978141531090927,0.015390757560634793,0.0023355624313803774,0.0,0.0,0.0,50095,1.0,BUILT_UP_DOMINANT,False,SUCCESS,
SATF-1274,22.36,82.301,2026-09-17 19:47:00+00:00,4,2.43,0.478,N21E081,40,Cropland,0.350933226868949,0.350933226868949,0.25854875736101407,0.004291845493562232,0.20644774927637488,0.007346042519213495,0.1598762351532089,0.012556143327677413,0.0,0.0,0.0,50095,1.0,CROPLAND_PRESENT,True,SUCCESS,
SATF-1276,21.763,84.022,2026-09-17 19:47:00+00:00,3,2.2,0.449,N21E084,50,Built-up,0.5917556642379479,0.09951092923445454,0.09162591076953788,0.0,0.02992314602255714,0.5917556642379479,0.17231260604850784,0.014871743686994711,0.0,0.0,0.0,50095,1.0,BUILT_UP_DOMINANT,False,SUCCESS,
SATF-1277,21.077,85.038,2026-09-17 19:47:00+00:00,4,2.11,0.434,N21E084,60,Bare/Sparse Vegetation,0.26755260243632334,0.2251686298197926,0.13353468237189167,0.0012483640390617136,0.2560555723346421,0.046652572233967585,0.26755260243632334,0.06978757676432094,0.0,0.0,0.0,49665,1.0,MIXED_OR_OTHER,False,SUCCESS,
SATF-1278,21.312,81.587,2026-09-17 19:47:00+00:00,6,2.07,0.428,N21E081,40,Cropland,0.44735729386892176,0.44735729386892176,0.18888553307157957,0.0,0.08774791100372496,0.1405214940098661,0.1235679049632538,0.01191986308265378,0.0,0.0,0.0,49665,1.0,CROPLAND_PRESENT,True,SUCCESS,
SATF-1279,21.376,81.664,2026-09-17 19:47:00+00:00,7,2.03,0.423,N21E081,40,Cropland,0.2789690929225813,0.2789690929225813,0.2782845061914829,0.0,0.07866706936474378,0.1842343702808819,0.15153528641900735,0.028309674821302727,0.0,0.0,0.0,49665,1.0,MIXED_OR_OTHER,False,SUCCESS,
SATF-1280,21.753,83.843,2026-09-17 19:47:00+00:00,13,1.92,0.407,N21E081,60,Bare/Sparse Vegetation,0.42866553548258307,0.009961073959476993,0.2681704760954187,0.0015171174767940913,0.2625411717736301,0.00936221179758459,0.42866553548258307,0.019782413414512427,0.0,0.0,0.0,50095,1.0,NATURAL_VEGETATION_DOMINANT,False,SUCCESS,
SATF-1268,22.054,88.125,2026-09-17 19:47:00+00:00,2,3.12,0.549,N21E087,10,Tree Cover,0.44006387863060187,0.05755065375786007,0.44006387863060187,0.0,0.009781415310909272,0.19804371693781814,0.061563030242539174,0.23299730512027148,0.0,0.0,0.0,50095,1.0,MIXED_OR_OTHER,False,SUCCESS,
SATF-1273,22.324,82.578,2026-09-17 19:47:00+00:00,5,2.56,0.494,N21E081,60,Bare/Sparse Vegetation,0.7236251122866554,0.018285258009781414,0.013055195129254417,0.0,0.11851482183850684,0.016528595668230363,0.7236251122866554,0.10999101706757161,0.0,0.0,0.0,50095,1.0,MIXED_OR_OTHER,False,SUCCESS,
SATF-1292,21.765,85.581,2026-09-17 19:47:00+00:00,1,1.05,0.275,N21E084,40,Cropland,0.5175965665236052,0.5175965665236052,0.2793292743786805,0.0,0.07735302924443557,0.04441561034035333,0.07934923645074358,0.0019562830621818544,0.0,0.0,0.0,50095,1.0,CROPLAND_DOMINANT,True,SUCCESS,
SATF-1290,21.875,83.495,2026-09-17 19:47:00+00:00,3,1.15,0.294,N21E081,10,Tree Cover,0.3751671823535283,0.3609342249725522,0.3751671823535283,0.0,0.09108693482383472,0.07006687294141131,0.08008783311707755,0.022656951791595967,0.0,0.0,0.0,50095,1.0,CROPLAND_PRESENT,True,SUCCESS,
SATF-1282,18.541,83.345,2026-09-17 19:47:00+00:00,1,1.8,0.391,N18E081,40,Cropland,0.5000512242598094,0.5000512242598094,0.2366355906157156,2.0489703923778303e-05,0.17104804835570125,0.07693883823378753,0.005819075914353038,0.009486732916709354,0.0,0.0,0.0,48805,1.0,CROPLAND_DOMINANT,True,SUCCESS,
SATF-1284,21.672,82.081,2026-09-17 19:47:00+00:00,2,1.64,0.373,N21E081,40,Cropland,0.3137219369777509,0.3137219369777509,0.1474277660324172,0.0014698479814758884,0.23217557636162287,0.2603241719520789,0.03241719520789288,0.012463505486761301,0.0,0.0,0.0,49665,1.0,CROPLAND_PRESENT,True,SUCCESS,
SATF-1285,18.801,74.253,2026-09-17 19:47:00+00:00,3,1.63,0.371,N18E072,30,Grassland,0.5381415838541133,0.18530888228665096,0.013297817846532117,0.15305808831062392,0.5381415838541133,0.0375781169962094,0.05763753713758836,0.014977973568281937,0.0,0.0,0.0,48805,1.0,NATURAL_VEGETATION_DOMINANT,False,SUCCESS,
SATF-1287,20.698,85.557,2026-09-17 19:47:00+00:00,1,1.62,0.368,N18E084,10,Tree Cover,0.506674720628209,0.2499748313701802,0.506674720628209,4.0269807711668176e-05,0.13943420920165106,0.05744488070069465,0.0425249169435216,0.003906171348031813,0.0,0.0,0.0,49665,1.0,NATURAL_VEGETATION_DOMINANT,False,SUCCESS,
SATF-1288,22.005,82.669,2026-09-17 19:47:00+00:00,2,1.43,0.341,N21E081,10,Tree Cover,0.36730212596067474,0.13121069967062582,0.36730212596067474,0.0,0.1542269687593572,0.09701567022656951,0.14943607146421797,0.10080846391855475,0.0,0.0,0.0,50095,1.0,NATURAL_VEGETATION_DOMINANT,False,SUCCESS,
SATF-1289,22.036,83.354,2026-09-17 19:47:00+00:00,5,1.29,0.323,N21E081,10,Tree Cover,0.8050304421598962,0.023195927737299133,0.8050304421598962,0.0,0.01469208503842699,0.0031739694580297435,0.1422896496656353,0.011617925940712646,0.0,0.0,0.0,50095,1.0,NATURAL_VEGETATION_DOMINANT,False,SUCCESS,
SATF-1286,22.265,75.133,2026-09-17 19:47:00+00:00,2,1.62,0.368,N21E075,40,Cropland,0.44255913763848687,0.44255913763848687,0.01475197125461623,0.0,0.3426888911068969,0.08222377482782713,0.1177562631001098,1.9962072063080146e-05,0.0,0.0,0.0,50095,1.0,CROPLAND_PRESENT,True,SUCCESS,
SATF-1291,22.055,85.464,2026-09-17 19:47:00+00:00,2,1.06,0.277,N21E084,10,Tree Cover,0.5423495358818246,0.20003992414412616,0.5423495358818246,0.007086535582393453,0.1514522407425891,0.051901387364008386,0.04617227268190438,0.0009981036031540074,0.0,0.0,0.0,50095,1.0,NATURAL_VEGETATION_DOMINANT,False,SUCCESS,
SATF-1293,20.125,79.021,2026-09-17 19:47:00+00:00,1,0.86,0.243,N18E078,40,Cropland,0.35298060322941,0.35298060322941,0.12736874174875595,0.0024372905453437597,0.24092617040723063,0.055732710470193965,0.215558037981111,0.004996445617954707,0.0,0.0,0.0,49235,1.0,CROPLAND_PRESENT,True,SUCCESS,
SATF-1294,19.964,79.334,2026-09-17 19:47:00+00:00,1,0.84,0.24,N18E078,10,Tree Cover,0.4195795673809282,0.050492535797704886,0.4195795673809282,0.10413323854981213,0.20144206357266173,0.1511120138113131,0.07149385599675027,0.0017467248908296944,0.0,0.0,0.0,49235,1.0,NATURAL_VEGETATION_DOMINANT,False,SUCCESS,
SATF-1295,22.132,85.383,2026-09-17 19:47:00+00:00,2,0.84,0.24,N21E084,10,Tree Cover,0.7951691785607347,0.07663439465016468,0.7951691785607347,0.0002595069368200419,0.05066373889609742,0.01750673719932129,0.05377782213793792,0.005988621618924044,0.0,0.0,0.0,50095,1.0,NATURAL_VEGETATION_DOMINANT,False,SUCCESS,
SATF-1296,21.969,85.314,2026-09-17 19:47:00+00:00,3,0.76,0.224,N21E084,10,Tree Cover,0.33246831021059986,0.2570915261004092,0.33246831021059986,0.007006687294141132,0.2349935123265795,0.00674718035732109,0.1556442758758359,0.006048507835113285,0.0,0.0,0.0,50095,1.0,NATURAL_VEGETATION_DOMINANT,False,SUCCESS,
SATF-1283,21.984,83.232,2026-09-17 19:47:00+00:00,1,1.69,0.379,N21E081,50,Built-up,0.25445653258808265,0.2474698073660046,0.2384070266493662,0.0,0.13815750074857772,0.25445653258808265,0.07815151212695878,0.04335762052101008,0.0,0.0,0.0,50095,1.0,MIXED_OR_OTHER,False,SUCCESS,
SATF-1297,19.93,79.121,2026-09-17 19:47:00+00:00,1,0.63,0.204,N18E078,10,Tree Cover,0.4387529196709658,0.37609424190108665,0.4387529196709658,2.031075454453133e-05,0.026322737889712605,0.12080836803087235,0.03243627500761653,0.0055651467452015844,0.0,0.0,0.0,49235,1.0,CROPLAND_PRESENT,True,SUCCESS,
SATF-1300,31.257,76.926,2026-09-17 20:38:00+00:00,4,1.22,0.31,N30E075,10,Tree Cover,0.5455832337531024,0.03586726721205993,0.5455832337531024,0.0,0.2780586450960566,0.12468057725893925,0.015810276679841896,0.0,0.0,0.0,0.0,54395,1.0,NATURAL_VEGETATION_DOMINANT,False,SUCCESS,
SATF-1305,31.328,76.892,2026-09-17 20:38:00+00:00,1,0.74,0.219,N30E075,10,Tree Cover,0.5301590219689309,0.001084658516407758,0.5301590219689309,0.0004412170236234948,0.3555841529552349,0.061145325857155985,0.051585623678646934,0.0,0.0,0.0,0.0,54395,1.0,NATURAL_VEGETATION_DOMINANT,False,SUCCESS,
SATF-1316,26.879,73.514,2026-09-17 20:40:00+00:00,1,1.2,0.306,N24E072,40,Cropland,0.42948953005886326,0.42948953005886326,0.004419569622696131,0.15433754704236224,0.0051143491267007625,0.25083470037633887,0.1558043037730387,0.0,0.0,0.0,0.0,51815,1.0,CROPLAND_PRESENT,True,SUCCESS,
SATF-1317,27.288,73.839,2026-09-17 20:40:00+00:00,2,1.07,0.28,N27E072,40,Cropland,0.9994449229591349,0.9994449229591349,0.0,0.0001339841133122787,0.000306249401856637,0.0,0.00011484352569623887,0.0,0.0,0.0,0.0,52245,1.0,CROPLAND_DOMINANT,True,SUCCESS,
SATF-1308,21.923,83.347,2026-09-17 20:40:00+00:00,4,2.92,0.533,N21E081,50,Built-up,0.49084738995907773,0.07070565924742989,0.24397644475496558,0.0,0.03714941610939215,0.49084738995907773,0.120051901387364,0.03726918854177064,0.0,0.0,0.0,50095,1.0,MIXED_OR_OTHER,False,SUCCESS,
SATF-1310,28.652,77.588,2026-09-17 20:40:00+00:00,4,2.19,0.447,N27E075,40,Cropland,0.5756620787850024,0.5756620787850024,0.04945420028476507,0.00041765543426672996,0.10059800664451828,0.2202373042240152,0.03977218794494542,0.013858566682486948,0.0,0.0,0.0,52675,1.0,CROPLAND_DOMINANT,True,SUCCESS,
SATF-1313,24.765,74.609,2026-09-17 20:40:00+00:00,1,1.6,0.364,N24E072,40,Cropland,0.35900304189971544,0.35900304189971544,0.17380041212834854,0.018997154351879108,0.07569424001570013,0.328466293788637,0.04401923265626533,1.9625159454420567e-05,0.0,0.0,0.0,50955,1.0,CROPLAND_PRESENT,True,SUCCESS,
SATF-1315,27.669,76.131,2026-09-17 20:40:00+00:00,2,1.34,0.332,N27E075,40,Cropland,0.4291893961144607,0.4291893961144607,0.040367499282227964,0.01133122786869557,0.05252177241841324,0.3686859986601589,0.07922289214278878,0.018681213513254857,0.0,0.0,0.0,52245,1.0,CROPLAND_PRESENT,True,SUCCESS,
SATF-1322,26.607,73.682,2026-09-17 20:40:00+00:00,1,0.84,0.24,N24E072,40,Cropland,0.6958988709833059,0.6958988709833059,0.023834796873492232,0.07881887484319212,0.0020264402200135096,0.1880536524172537,0.010383093698735888,0.0009842709640065618,0.0,0.0,0.0,51815,1.0,CROPLAND_DOMINANT,True,SUCCESS,
SATF-1312,28.838,77.137,2026-09-17 20:40:00+00:00,1,1.62,0.368,N27E075,40,Cropland,0.700103568402222,0.700103568402222,0.0609547123623011,0.004123905470294699,0.07276151021561059,0.14320685434516525,0.01834102250258921,0.0005084267018171547,0.0,0.0,0.0,53105,1.0,CROPLAND_DOMINANT,True,SUCCESS,
SATF-1320,21.966,83.773,2026-09-17 20:40:00+00:00,1,0.93,0.251,N21E081,10,Tree Cover,0.5238446950793493,0.03543267791196726,0.5238446950793493,0.0020760554945603352,0.20041920351332468,0.0012775726120371293,0.23018265295937718,0.00676714242938417,0.0,0.0,0.0,50095,1.0,NATURAL_VEGETATION_DOMINANT,False,SUCCESS,
SATF-1321,28.372,77.225,2026-09-17 20:40:00+00:00,1,0.84,0.24,N27E075,40,Cropland,0.5594494542002848,0.5594494542002848,0.1583483626008543,0.10462268628381585,0.0959468438538206,0.07557664926435691,0.005847176079734219,0.00020882771713336498,0.0,0.0,0.0,52675,1.0,CROPLAND_DOMINANT,True,SUCCESS,
SATF-1324,28.785,76.95,2026-09-17 20:40:00+00:00,1,0.5,0.191,N27E075,40,Cropland,0.7542097769340295,0.7542097769340295,0.028970099667774085,0.0274703369719981,0.09133364973896535,0.021015662078785004,0.07700047460844803,0.0,0.0,0.0,0.0,52675,1.0,CROPLAND_DOMINANT,True,SUCCESS,
SATF-1325,24.206,82.525,2026-09-17 20:40:00+00:00,1,0.5,0.191,N24E081,40,Cropland,0.7636345795309587,0.7636345795309587,0.07159258168972622,0.0,0.07430085369443627,0.04213521734864096,0.0235698165047591,0.024766951231478755,0.0,0.0,0.0,50955,1.0,CROPLAND_DOMINANT,True,SUCCESS,
SATF-1326,22.107,83.125,2026-09-17 20:40:00+00:00,1,0.39,0.185,N21E081,10,Tree Cover,0.38848188441960274,0.134743986425791,0.38848188441960274,5.988621618924044e-05,0.24758957979838309,0.015071364407625512,0.1964866753168979,0.01756662341551053,0.0,0.0,0.0,50095,1.0,NATURAL_VEGETATION_DOMINANT,False,SUCCESS,
SATF-1319,22.246,87.389,2026-09-17 20:40:00+00:00,1,0.93,0.251,N21E087,40,Cropland,0.6319992015171175,0.6319992015171175,0.18756362910470106,0.00017965864856772133,0.06761153807765247,0.08867152410420201,0.019263399540872344,0.004711049006886915,0.0,0.0,0.0,50095,1.0,CROPLAND_DOMINANT,True,SUCCESS,
SATF-1318,24.58,74.803,2026-09-17 20:40:00+00:00,1,1.0,0.263,N24E072,40,Cropland,0.3496222156805024,0.3496222156805024,0.28782258855853204,0.01454224315572564,0.09292513001668139,0.22207830438622314,0.03226376214306741,0.0007457560592679816,0.0,0.0,0.0,50955,1.0,CROPLAND_PRESENT,True,SUCCESS,
SATF-1335,17.969,80.81,2026-09-17 20:42:00+00:00,2,2.41,0.475,N15E078,40,Cropland,0.4033808011474234,0.4033808011474234,0.1821534678823891,0.05642864460608544,0.30109619915992214,0.012232353242495646,0.016350783731175083,0.02835775023050917,0.0,0.0,0.0,48805,1.0,CROPLAND_PRESENT,True,SUCCESS,
SATF-1327,20.959,86.034,2026-09-17 20:42:00+00:00,5,5.49,0.707,N18E084,10,Tree Cover,0.5305547166012282,0.06551897714688412,0.5305547166012282,0.0038860364441759792,0.1479714084365247,0.1790395650860767,0.07258632840028188,0.00044296788482834997,0.0,0.0,0.0,49665,1.0,NATURAL_VEGETATION_DOMINANT,False,SUCCESS,
SATF-1328,21.107,72.64,2026-09-17 20:42:00+00:00,7,5.13,0.691,N21E072,50,Built-up,0.5153125943823619,0.0239806704922984,0.23008154636061612,0.0,0.00551696365649854,0.5153125943823619,0.1809121111446693,0.04419611396355582,0.0,0.0,0.0,49665,1.0,BUILT_UP_DOMINANT,False,SUCCESS,
SATF-1329,18.685,73.035,2026-09-17 20:42:00+00:00,4,4.06,0.628,N18E072,50,Built-up,0.4837619096404057,0.02909537957176519,0.07400881057268723,0.0,0.00313492470033808,0.4837619096404057,0.11777481815387768,0.18655875422600143,0.0,0.1056654031349247,0.0,48805,1.0,MIXED_OR_OTHER,False,SUCCESS,
SATF-1330,21.189,81.393,2026-09-17 20:42:00+00:00,5,3.37,0.573,N21E081,50,Built-up,0.8745192791704419,0.0054968287526427064,0.0835195811939998,0.0,0.0014698479814758884,0.8745192791704419,0.03469243934360213,0.0003020235578375113,0.0,0.0,0.0,49665,1.0,BUILT_UP_DOMINANT,False,SUCCESS,
SATF-1331,23.121,70.084,2026-09-17 20:42:00+00:00,2,3.22,0.559,N21E069,40,Cropland,0.25062840178129636,0.25062840178129636,0.034695695200395844,0.16368134586838198,0.01615042058386937,0.2387135081642751,0.2414448292924295,0.054685799109351806,0.0,0.0,0.0,50525,1.0,MIXED_OR_OTHER,False,SUCCESS,
SATF-1332,21.433,72.978,2026-09-17 20:42:00+00:00,2,2.92,0.533,N21E072,40,Cropland,0.614557535487768,0.614557535487768,0.23942414174972315,0.0,0.09662740360414779,0.019510721836303233,0.02738346924393436,0.002496728078123427,0.0,0.0,0.0,49665,1.0,CROPLAND_DOMINANT,True,SUCCESS,
SATF-1333,22.417,69.038,2026-09-17 20:42:00+00:00,2,2.81,0.522,N21E069,20,Shrubland,0.250304421598962,0.1575606347938916,0.11849485976644376,0.250304421598962,0.14296836011578,0.09859267391955286,0.19069767441860466,0.04050304421598962,0.0008783311707755265,0.0,0.0,50095,1.0,NATURAL_VEGETATION_DOMINANT,False,SUCCESS,
SATF-1334,18.615,73.722,2026-09-17 20:42:00+00:00,1,2.63,0.501,N18E072,30,Grassland,0.335211556193013,0.24046716524946216,0.04433971929105624,0.04210634156336441,0.335211556193013,0.26968548304477,0.05368302428029915,0.014506710378035038,0.0,0.0,0.0,48805,1.0,MIXED_OR_OTHER,False,SUCCESS,
SATF-1336,21.25,79.21,2026-09-17 20:42:00+00:00,1,2.34,0.468,N21E078,40,Cropland,0.39464411557434814,0.39464411557434814,0.19496627403604147,0.0017718715393133999,0.19375817980469143,0.04584717607973422,0.16589147286821707,0.0031209100976542837,0.0,0.0,0.0,49665,1.0,CROPLAND_PRESENT,True,SUCCESS,
SATF-1338,20.7,78.63,2026-09-17 20:42:00+00:00,2,2.17,0.444,N18E078,30,Grassland,0.2788684184033021,0.19452330615121313,0.24933051444679352,0.0025974025974025974,0.2788684184033021,0.20755058894593778,0.04608879492600423,0.021040974529346623,0.0,0.0,0.0,49665,1.0,NATURAL_VEGETATION_DOMINANT,False,SUCCESS,
SATF-1339,20.26,86.602,2026-09-17 20:42:00+00:00,2,2.14,0.438,N18E084,50,Built-up,0.49669950238651367,0.07764801462374327,0.11213567584035747,0.006357266172438306,0.09519650655021834,0.49669950238651367,0.05638265461561897,0.13329948207575912,0.022280897735350868,0.0,0.0,49235,1.0,MIXED_OR_OTHER,False,SUCCESS,
SATF-1340,20.967,85.176,2026-09-17 20:42:00+00:00,12,1.82,0.394,N18E084,60,Bare/Sparse Vegetation,0.4328400281888654,0.01427564683378637,0.1321252391019833,0.0,0.10647337158965066,0.013087687506292158,0.4328400281888654,0.30119802677942215,0.0,0.0,0.0,49665,1.0,MIXED_OR_OTHER,False,SUCCESS,
SATF-1341,18.882,72.968,2026-09-17 20:42:00+00:00,1,1.77,0.386,N18E072,40,Cropland,0.40659768466345664,0.40659768466345664,0.09605573199467268,0.0,0.07089437557627293,0.21395348837209302,0.04085646962401393,0.10332957688761397,0.0,0.06831267288187685,0.0,48805,1.0,CROPLAND_PRESENT,True,SUCCESS,
SATF-1342,21.576,82.022,2026-09-17 20:42:00+00:00,1,1.34,0.332,N21E081,10,Tree Cover,0.36806604248464714,0.2569817779120105,0.36806604248464714,0.0014497130776200543,0.05738447598912715,0.280096647538508,0.03439041578576462,0.0016309272123225611,0.0,0.0,0.0,49665,1.0,MIXED_OR_OTHER,False,SUCCESS,
SATF-1343,21.489,81.768,2026-09-17 20:42:00+00:00,1,1.2,0.306,N21E081,40,Cropland,0.517728782845062,0.517728782845062,0.11003724957213329,0.0,0.14996476391825228,0.1003523608174771,0.11054062216852914,0.01137622067854626,0.0,0.0,0.0,49665,1.0,CROPLAND_DOMINANT,True,SUCCESS,
SATF-1344,21.804,82.04,2026-09-17 20:42:00+00:00,1,1.08,0.283,N21E081,40,Cropland,0.5561433276774129,0.5561433276774129,0.1053797784210001,0.009262401437269188,0.30260505040423197,0.022098013773829722,0.0013773829723525302,0.003134045313903583,0.0,0.0,0.0,50095,1.0,CROPLAND_DOMINANT,True,SUCCESS,
SATF-1345,18.271,83.541,2026-09-17 20:42:00+00:00,1,0.4,0.186,N18E081,10,Tree Cover,0.4317385513779326,0.24196291363589797,0.4317385513779326,0.0002868558549328962,0.09812519209097428,0.17879315643888946,0.03714783321381006,0.01194549738756275,0.0,0.0,0.0,48805,1.0,NATURAL_VEGETATION_DOMINANT,False,SUCCESS,
SATF-1337,21.235,79.629,2026-09-17 20:42:00+00:00,1,2.23,0.453,N21E078,40,Cropland,0.3944427665357898,0.3944427665357898,0.19595288432497734,0.0,0.10150005033725965,0.20968488875465618,0.08090204369274137,0.017517366354575657,0.0,0.0,0.0,49665,1.0,CROPLAND_PRESENT,True,SUCCESS,
SATF-1346,9.848,78.132,2026-09-17 20:44:00+00:00,2,2.38,0.472,N09E078,10,Tree Cover,0.40399277901667197,0.2270149729213125,0.40399277901667197,0.29846023149623024,0.018838271211638526,0.03831368801104386,0.003992779016671976,0.009387278326430923,0.0,0.0,0.0,47085,1.0,NATURAL_VEGETATION_DOMINANT,False,SUCCESS,
SATF-1347,15.658,73.989,2026-09-17 20:44:00+00:00,2,1.6,0.364,N15E072,10,Tree Cover,0.8212743768901867,0.028261549692355826,0.8212743768901867,0.0026697257273959746,0.13788716237355303,0.003733444571905308,0.006173740744603191,0.0,0.0,0.0,0.0,47945,1.0,NATURAL_VEGETATION_DOMINANT,False,SUCCESS,
SATF-1348,8.672,77.992,2026-09-17 20:44:00+00:00,1,1.01,0.265,N06E075,20,Shrubland,0.3953034600113443,0.10207600680657969,0.31328417470221215,0.3953034600113443,0.161747022121384,0.02107770845150312,0.006443562110039705,6.806579693703914e-05,0.0,0.0,0.0,44075,0.9360730593607306,NATURAL_VEGETATION_DOMINANT,False,SUCCESS,
SATF-1349,12.748,77.617,2026-09-17 20:44:00+00:00,1,0.44,0.187,N12E075,30,Grassland,0.44455435125749765,0.3112280332526571,0.08845627696516889,0.061054403872461326,0.44455435125749765,0.07393454698516258,0.0190255708723561,0.0017468167946964118,0.0,0.0,0.0,47515,1.0,CROPLAND_PRESENT,True,SUCCESS,
SATF-1350,26.255,74.095,2026-09-17 21:23:00+00:00,1,1.48,0.349,N24E072,40,Cropland,0.8834700376338898,0.8834700376338898,0.005481038309369873,0.09740422657531603,0.0036475923960243174,0.0032423043520216155,0.0066969024413779795,5.789829200038599e-05,0.0,0.0,0.0,51815,1.0,CROPLAND_DOMINANT,True,SUCCESS,
SATF-1354,22.932,69.697,2026-09-17 21:25:00+00:00,2,5.33,0.699,N21E069,40,Cropland,0.4754280059376546,0.4754280059376546,0.04896585848589807,0.12783770410687778,0.21692231568530432,0.07111331024245424,0.053082632360217714,0.0066501731815932705,0.0,0.0,0.0,50525,1.0,CROPLAND_PRESENT,True,SUCCESS,
SATF-1356,18.52,74.452,2026-09-17 21:25:00+00:00,2,1.04,0.271,N18E072,40,Cropland,0.8389714168630263,0.8389714168630263,0.08335211556193013,0.023337772769183484,0.013359286958303452,0.016617149882184202,0.002130929208072943,0.022231328757299457,0.0,0.0,0.0,48805,1.0,CROPLAND_DOMINANT,True,SUCCESS,
