fire_event_id,internal_event_key,event_latitude,event_longitude,event_start,event_end,event_timestamp,duration_hours,detection_count,satellite_count,satellites,max_frp,mean_frp,total_frp,strongest_confidence,confidence_score,daynight,fire_scope,satellite_strength_score
SATF-0001,2026-09-13_0_1,22.88,97.412,2026-09-13 06:05:00+00:00,2026-09-13 06:05:00+00:00,2026-09-13 06:05:00+00:00,0.0,2,1,N20,5.55,5.55,11.1,n,0.6,D,OUTSIDE_INDIA,0.71
SATF-0002,2026-09-13_1_1,37.409,97.007,2026-09-13 06:10:00+00:00,2026-09-13 06:10:00+00:00,2026-09-13 06:10:00+00:00,0.0,1,1,N20,0.94,0.94,0.94,n,0.6,D,OUTSIDE_INDIA,0.254
SATF-0003,2026-09-13_2_1,18.156,96.459,2026-09-13 06:50:00+00:00,2026-09-13 06:50:00+00:00,2026-09-13 06:50:00+00:00,0.0,1,1,N21,7.03,7.03,7.03,n,0.6,D,OUTSIDE_INDIA,0.775
SATF-0004,2026-09-13_8_1,15.989,97.689,2026-09-13 06:50:00+00:00,2026-09-13 06:50:00+00:00,2026-09-13 06:50:00+00:00,0.0,1,1,N21,4.61,4.61,4.61,n,0.6,D,OUTSIDE_INDIA,0.666
SATF-0005,2026-09-13_6_1,22.31,97.831,2026-09-13 06:50:00+00:00,2026-09-13 06:50:00+00:00,2026-09-13 06:50:00+00:00,0.0,1,1,N21,4.59,4.59,4.59,n,0.6,D,OUTSIDE_INDIA,0.665
SATF-0006,2026-09-13_4_1,20.946,95.856,2026-09-13 06:50:00+00:00,2026-09-13 06:50:00+00:00,2026-09-13 06:50:00+00:00,0.0,1,1,N21,4.05,4.05,4.05,n,0.6,D,OUTSIDE_INDIA,0.627
SATF-0007,2026-09-13_5_1,22.013,97.173,2026-09-13 06:50:00+00:00,2026-09-13 06:50:00+00:00,2026-09-13 06:50:00+00:00,0.0,1,1,N21,2.33,2.33,2.33,n,0.6,D,OUTSIDE_INDIA,0.465
SATF-0008,2026-09-13_7_1,17.847,95.087,2026-09-13 06:50:00+00:00,2026-09-13 06:50:00+00:00,2026-09-13 06:50:00+00:00,0.0,1,1,N21,2.33,2.33,2.33,n,0.6,D,OUTSIDE_INDIA,0.465
SATF-0009,2026-09-13_3_1,19.429,96.056,2026-09-13 06:50:00+00:00,2026-09-13 06:50:00+00:00,2026-09-13 06:50:00+00:00,0.0,1,1,N21,2.08,2.08,2.08,n,0.6,D,OUTSIDE_INDIA,0.43
SATF-0010,2026-09-13_11_1,27.769,96.0,2026-09-13 06:52:00+00:00,2026-09-13 06:52:00+00:00,2026-09-13 06:52:00+00:00,0.0,1,1,N21,7.85,7.85,7.85,n,0.6,D,INDIA,0.799
SATF-0011,2026-09-13_14_1,23.945,96.095,2026-09-13 06:52:00+00:00,2026-09-13 06:52:00+00:00,2026-09-13 06:52:00+00:00,0.0,1,1,N21,5.75,5.75,5.75,n,0.6,D,OUTSIDE_INDIA,0.72
SATF-0012,2026-09-13_9_1,27.74,96.299,2026-09-13 06:52:00+00:00,2026-09-13 06:52:00+00:00,2026-09-13 06:52:00+00:00,0.0,1,1,N21,5.09,5.09,5.09,n,0.6,D,INDIA,0.688
SATF-0013,2026-09-13_12_1,28.257,95.644,2026-09-13 06:52:00+00:00,2026-09-13 06:52:00+00:00,2026-09-13 06:52:00+00:00,0.0,1,1,N21,4.77,4.77,4.77,n,0.6,D,INDIA,0.674
SATF-0014,2026-09-13_16_1,24.323,94.826,2026-09-13 06:52:00+00:00,2026-09-13 06:52:00+00:00,2026-09-13 06:52:00+00:00,0.0,1,1,N21,4.48,4.48,4.48,n,0.6,D,OUTSIDE_INDIA,0.658
SATF-0015,2026-09-13_15_1,23.639,97.007,2026-09-13 06:52:00+00:00,2026-09-13 06:52:00+00:00,2026-09-13 06:52:00+00:00,0.0,1,1,N21,3.79,3.79,3.79,n,0.6,D,OUTSIDE_INDIA,0.601
SATF-0016,2026-09-13_10_1,22.472,91.737,2026-09-13 06:52:00+00:00,2026-09-13 06:52:00+00:00,2026-09-13 06:52:00+00:00,0.0,1,1,N21,3.2,3.2,3.2,n,0.6,D,OUTSIDE_INDIA,0.556
SATF-0017,2026-09-13_13_1,26.68,96.226,2026-09-13 06:52:00+00:00,2026-09-13 06:52:00+00:00,2026-09-13 06:52:00+00:00,0.0,1,1,N21,2.1,2.1,2.1,n,0.6,D,OUTSIDE_INDIA,0.432
SATF-0018,2026-09-13_17_1,29.167,89.053,2026-09-13 06:54:00+00:00,2026-09-13 06:54:00+00:00,2026-09-13 06:54:00+00:00,0.0,1,1,N21,2.54,2.54,2.54,n,0.6,D,OUTSIDE_INDIA,0.492
SATF-0019,2026-09-13_30_1,8.592,80.569,2026-09-13 07:44:00+00:00,2026-09-13 08:28:00+00:00,2026-09-13 07:44:00+00:00,0.733,2,2,"N20,N21",42.11,22.985,45.97,n,0.6,D,OUTSIDE_INDIA,0.88
SATF-0020,2026-09-13_74_1,8.294,80.203,2026-09-13 07:44:00+00:00,2026-09-13 07:44:00+00:00,2026-09-13 07:44:00+00:00,0.0,2,1,N20,27.29,25.805,51.61,n,0.6,D,OUTSIDE_INDIA,0.878
SATF-0021,2026-09-13_33_1,9.795,78.816,2026-09-13 07:44:00+00:00,2026-09-13 08:28:00+00:00,2026-09-13 07:44:00+00:00,0.733,5,2,"N20,N21",25.56,11.354,56.77,n,0.6,D,INDIA,0.877
SATF-0022,2026-09-13_54_1,8.309,80.563,2026-09-13 07:44:00+00:00,2026-09-13 08:28:00+00:00,2026-09-13 07:44:00+00:00,0.733,3,2,"N20,N21",24.78,13.097,39.29,n,0.6,D,OUTSIDE_INDIA,0.877
SATF-0023,2026-09-13_49_1,8.309,80.725,2026-09-13 07:44:00+00:00,2026-09-13 08:28:00+00:00,2026-09-13 07:44:00+00:00,0.733,5,2,"N20,N21",17.1,8.536,42.68,n,0.6,D,OUTSIDE_INDIA,0.871
SATF-0024,2026-09-13_76_1,8.215,80.251,2026-09-13 07:44:00+00:00,2026-09-13 07:44:00+00:00,2026-09-13 07:44:00+00:00,0.0,1,1,N20,17.03,17.03,17.03,n,0.6,D,OUTSIDE_INDIA,0.87
SATF-0025,2026-09-13_68_1,8.164,80.588,2026-09-13 07:44:00+00:00,2026-09-13 08:28:00+00:00,2026-09-13 07:44:00+00:00,0.733,10,2,"N20,N21",16.53,8.271,82.71,n,0.6,D,OUTSIDE_INDIA,0.869
SATF-0026,2026-09-13_19_1,8.512,80.641,2026-09-13 07:44:00+00:00,2026-09-13 08:28:00+00:00,2026-09-13 07:44:00+00:00,0.733,14,2,"N20,N21",15.68,7.407,103.7,n,0.6,D,OUTSIDE_INDIA,0.868
SATF-0027,2026-09-13_80_1,8.022,80.172,2026-09-13 07:44:00+00:00,2026-09-13 08:28:00+00:00,2026-09-13 07:44:00+00:00,0.733,3,2,"N20,N21",12.79,9.58,28.74,n,0.6,D,OUTSIDE_INDIA,0.861
SATF-0028,2026-09-13_18_1,8.404,80.608,2026-09-13 07:44:00+00:00,2026-09-13 08:28:00+00:00,2026-09-13 07:44:00+00:00,0.733,16,2,"N20,N21",12.46,7.703,123.25,n,0.6,D,OUTSIDE_INDIA,0.86
SATF-0029,2026-09-13_27_1,8.545,80.425,2026-09-13 07:44:00+00:00,2026-09-13 08:28:00+00:00,2026-09-13 07:44:00+00:00,0.733,4,2,"N20,N21",12.4,9.17,36.68,n,0.6,D,OUTSIDE_INDIA,0.859
SATF-0030,2026-09-13_71_1,8.233,80.696,2026-09-13 07:44:00+00:00,2026-09-13 08:28:00+00:00,2026-09-13 07:44:00+00:00,0.733,6,2,"N20,N21",12.1,7.415,44.49,n,0.6,D,OUTSIDE_INDIA,0.857
SATF-0031,2026-09-13_29_1,8.358,81.283,2026-09-13 07:44:00+00:00,2026-09-13 08:28:00+00:00,2026-09-13 07:44:00+00:00,0.733,8,2,"N20,N21",11.8,5.989,47.91,n,0.6,D,OUTSIDE_INDIA,0.855
SATF-0032,2026-09-13_70_1,8.056,81.301,2026-09-13 07:44:00+00:00,2026-09-13 08:28:00+00:00,2026-09-13 07:44:00+00:00,0.733,7,2,"N20,N21",11.34,8.741,61.19,h,1.0,D,OUTSIDE_INDIA,0.972
SATF-0033,2026-09-13_26_1,6.347,81.107,2026-09-13 07:44:00+00:00,2026-09-13 07:44:00+00:00,2026-09-13 07:44:00+00:00,0.0,2,1,N20,10.87,9.98,19.96,n,0.6,D,OUTSIDE_INDIA,0.846
SATF-0034,2026-09-13_34_1,8.634,80.341,2026-09-13 07:44:00+00:00,2026-09-13 08:28:00+00:00,2026-09-13 07:44:00+00:00,0.733,3,2,"N20,N21",10.75,6.01,18.03,n,0.6,D,OUTSIDE_INDIA,0.844
SATF-0035,2026-09-13_75_1,8.194,79.904,2026-09-13 07:44:00+00:00,2026-09-13 07:44:00+00:00,2026-09-13 07:44:00+00:00,0.0,1,1,N20,10.63,10.63,10.63,n,0.6,D,OUTSIDE_INDIA,0.843
SATF-0036,2026-09-13_58_1,7.551,81.047,2026-09-13 07:44:00+00:00,2026-09-13 07:44:00+00:00,2026-09-13 07:44:00+00:00,0.0,1,1,N20,10.44,10.44,10.44,n,0.6,D,OUTSIDE_INDIA,0.841
SATF-0037,2026-09-13_31_1,8.836,80.759,2026-09-13 07:44:00+00:00,2026-09-13 07:44:00+00:00,2026-09-13 07:44:00+00:00,0.0,2,1,N20,9.94,9.65,19.3,n,0.6,D,OUTSIDE_INDIA,0.84
SATF-0038,2026-09-13_64_1,6.56,80.917,2026-09-13 07:44:00+00:00,2026-09-13 08:28:00+00:00,2026-09-13 07:44:00+00:00,0.733,4,2,"N20,N21",9.93,6.738,26.95,n,0.6,D,OUTSIDE_INDIA,0.839
SATF-0039,2026-09-13_78_1,8.02,80.615,2026-09-13 07:44:00+00:00,2026-09-13 08:28:00+00:00,2026-09-13 07:44:00+00:00,0.733,6,2,"N20,N21",9.92,6.28,37.68,n,0.6,D,OUTSIDE_INDIA,0.838
SATF-0040,2026-09-13_56_1,7.849,80.554,2026-09-13 07:44:00+00:00,2026-09-13 08:28:00+00:00,2026-09-13 07:44:00+00:00,0.733,3,2,"N20,N21",9.59,6.2,18.6,n,0.6,D,OUTSIDE_INDIA,0.832
SATF-0041,2026-09-13_40_1,8.331,81.359,2026-09-13 07:44:00+00:00,2026-09-13 07:44:00+00:00,2026-09-13 07:44:00+00:00,0.0,1,1,N20,9.18,9.18,9.18,n,0.6,D,OUTSIDE_INDIA,0.827
SATF-0042,2026-09-13_50_1,8.413,80.317,2026-09-13 07:44:00+00:00,2026-09-13 07:44:00+00:00,2026-09-13 07:44:00+00:00,0.0,1,1,N20,8.9,8.9,8.9,n,0.6,D,OUTSIDE_INDIA,0.82
SATF-0043,2026-09-13_28_1,8.386,80.765,2026-09-13 07:44:00+00:00,2026-09-13 07:44:00+00:00,2026-09-13 07:44:00+00:00,0.0,2,1,N20,8.83,7.97,15.94,n,0.6,D,OUTSIDE_INDIA,0.818
SATF-0044,2026-09-13_59_1,7.467,80.952,2026-09-13 07:44:00+00:00,2026-09-13 08:28:00+00:00,2026-09-13 07:44:00+00:00,0.733,5,2,"N20,N21",8.73,4.92,24.6,n,0.6,D,OUTSIDE_INDIA,0.816
SATF-0045,2026-09-13_21_1,8.501,80.876,2026-09-13 07:44:00+00:00,2026-09-13 07:44:00+00:00,2026-09-13 07:44:00+00:00,0.0,1,1,N20,8.25,8.25,8.25,n,0.6,D,OUTSIDE_INDIA,0.808
SATF-0046,2026-09-13_24_1,8.495,80.241,2026-09-13 07:44:00+00:00,2026-09-13 08:28:00+00:00,2026-09-13 07:44:00+00:00,0.733,2,2,"N20,N21",8.19,7.205,14.41,n,0.6,D,OUTSIDE_INDIA,0.807
SATF-0047,2026-09-13_45_1,7.938,81.051,2026-09-13 07:44:00+00:00,2026-09-13 07:44:00+00:00,2026-09-13 07:44:00+00:00,0.0,2,1,N20,8.16,7.775,15.55,n,0.6,D,OUTSIDE_INDIA,0.805
SATF-0048,2026-09-13_22_1,8.453,80.803,2026-09-13 07:44:00+00:00,2026-09-13 07:44:00+00:00,2026-09-13 07:44:00+00:00,0.0,3,1,N20,7.68,5.25,15.75,n,0.6,D,OUTSIDE_INDIA,0.795
SATF-0049,2026-09-13_67_1,7.901,80.398,2026-09-13 07:44:00+00:00,2026-09-13 07:44:00+00:00,2026-09-13 07:44:00+00:00,0.0,1,1,N20,7.51,7.51,7.51,n,0.6,D,OUTSIDE_INDIA,0.791
SATF-0050,2026-09-13_46_1,8.674,81.161,2026-09-13 07:44:00+00:00,2026-09-13 07:44:00+00:00,2026-09-13 07:44:00+00:00,0.0,1,1,N20,7.5,7.5,7.5,l,0.3,D,OUTSIDE_INDIA,0.7
SATF-0051,2026-09-13_32_1,8.925,77.476,2026-09-13 07:44:00+00:00,2026-09-13 07:44:00+00:00,2026-09-13 07:44:00+00:00,0.0,1,1,N20,7.44,7.44,7.44,n,0.6,D,INDIA,0.788
SATF-0052,2026-09-13_82_1,8.04,80.481,2026-09-13 07:44:00+00:00,2026-09-13 07:44:00+00:00,2026-09-13 07:44:00+00:00,0.0,1,1,N20,7.26,7.26,7.26,n,0.6,D,OUTSIDE_INDIA,0.783
SATF-0053,2026-09-13_20_1,6.408,81.092,2026-09-13 07:44:00+00:00,2026-09-13 07:44:00+00:00,2026-09-13 07:44:00+00:00,0.0,1,1,N20,7.22,7.22,7.22,n,0.6,D,OUTSIDE_INDIA,0.782
SATF-0054,2026-09-13_79_1,7.968,80.399,2026-09-13 07:44:00+00:00,2026-09-13 08:28:00+00:00,2026-09-13 07:44:00+00:00,0.733,3,2,"N20,N21",7.13,5.827,17.48,n,0.6,D,OUTSIDE_INDIA,0.781
SATF-0055,2026-09-13_66_1,6.611,80.857,2026-09-13 07:44:00+00:00,2026-09-13 07:44:00+00:00,2026-09-13 07:44:00+00:00,0.0,3,1,N20,6.54,4.24,12.72,n,0.6,D,OUTSIDE_INDIA,0.759
SATF-0056,2026-09-13_25_1,8.357,80.193,2026-09-13 07:44:00+00:00,2026-09-13 08:28:00+00:00,2026-09-13 07:44:00+00:00,0.733,2,2,"N20,N21",6.21,5.75,11.5,n,0.6,D,OUTSIDE_INDIA,0.745
SATF-0057,2026-09-13_47_1,8.671,80.254,2026-09-13 07:44:00+00:00,2026-09-13 07:44:00+00:00,2026-09-13 07:44:00+00:00,0.0,1,1,N20,6.08,6.08,6.08,n,0.6,D,OUTSIDE_INDIA,0.739
SATF-0058,2026-09-13_23_1,7.914,81.213,2026-09-13 07:44:00+00:00,2026-09-13 07:44:00+00:00,2026-09-13 07:44:00+00:00,0.0,1,1,N20,6.05,6.05,6.05,l,0.3,D,OUTSIDE_INDIA,0.648
SATF-0059,2026-09-13_73_1,7.906,80.206,2026-09-13 07:44:00+00:00,2026-09-13 08:28:00+00:00,2026-09-13 07:44:00+00:00,0.733,4,2,"N20,N21",5.99,4.018,16.07,n,0.6,D,OUTSIDE_INDIA,0.735
SATF-0060,2026-09-13_39_1,9.717,78.949,2026-09-13 07:44:00+00:00,2026-09-13 08:28:00+00:00,2026-09-13 07:44:00+00:00,0.733,3,2,"N20,N21",5.89,5.397,16.19,n,0.6,D,INDIA,0.728
SATF-0061,2026-09-13_57_1,7.763,80.621,2026-09-13 07:44:00+00:00,2026-09-13 08:28:00+00:00,2026-09-13 07:44:00+00:00,0.733,2,2,"N20,N21",5.78,4.675,9.35,n,0.6,D,OUTSIDE_INDIA,0.723
SATF-0062,2026-09-13_51_1,7.944,81.389,2026-09-13 07:44:00+00:00,2026-09-13 07:44:00+00:00,2026-09-13 07:44:00+00:00,0.0,3,1,N20,5.67,4.05,12.15,n,0.6,D,OUTSIDE_INDIA,0.718
SATF-0063,2026-09-13_72_1,8.216,81.058,2026-09-13 07:44:00+00:00,2026-09-13 07:44:00+00:00,2026-09-13 07:44:00+00:00,0.0,1,1,N20,5.64,5.64,5.64,n,0.6,D,OUTSIDE_INDIA,0.716
SATF-0064,2026-09-13_81_1,7.983,80.76,2026-09-13 07:44:00+00:00,2026-09-13 07:44:00+00:00,2026-09-13 07:44:00+00:00,0.0,1,1,N20,5.42,5.42,5.42,n,0.6,D,OUTSIDE_INDIA,0.704
SATF-0065,2026-09-13_48_1,9.48,78.562,2026-09-13 07:44:00+00:00,2026-09-13 07:44:00+00:00,2026-09-13 07:44:00+00:00,0.0,1,1,N20,5.34,5.34,5.34,n,0.6,D,INDIA,0.7
SATF-0066,2026-09-13_53_1,7.873,80.305,2026-09-13 07:44:00+00:00,2026-09-13 07:44:00+00:00,2026-09-13 07:44:00+00:00,0.0,2,1,N20,4.92,4.05,8.1,n,0.6,D,OUTSIDE_INDIA,0.68
SATF-0067,2026-09-13_52_1,8.12,80.042,2026-09-13 07:44:00+00:00,2026-09-13 08:28:00+00:00,2026-09-13 07:44:00+00:00,0.733,2,2,"N20,N21",4.8,3.395,6.79,n,0.6,D,OUTSIDE_INDIA,0.676
SATF-0068,2026-09-13_61_1,7.32,81.007,2026-09-13 07:44:00+00:00,2026-09-13 07:44:00+00:00,2026-09-13 07:44:00+00:00,0.0,1,1,N20,4.64,4.64,4.64,n,0.6,D,OUTSIDE_INDIA,0.668
SATF-0069,2026-09-13_36_1,6.15,81.038,2026-09-13 07:44:00+00:00,2026-09-13 07:44:00+00:00,2026-09-13 07:44:00+00:00,0.0,3,1,N20,4.45,3.757,11.27,n,0.6,D,OUTSIDE_INDIA,0.655
SATF-0070,2026-09-13_62_1,7.232,80.744,2026-09-13 07:44:00+00:00,2026-09-13 07:44:00+00:00,2026-09-13 07:44:00+00:00,0.0,1,1,N20,4.19,4.19,4.19,n,0.6,D,OUTSIDE_INDIA,0.637
SATF-0071,2026-09-13_43_1,9.04,78.016,2026-09-13 07:44:00+00:00,2026-09-13 07:44:00+00:00,2026-09-13 07:44:00+00:00,0.0,1,1,N20,4.04,4.04,4.04,n,0.6,D,INDIA,0.625
SATF-0072,2026-09-13_42_1,9.175,80.79,2026-09-13 07:44:00+00:00,2026-09-13 07:44:00+00:00,2026-09-13 07:44:00+00:00,0.0,1,1,N20,3.98,3.98,3.98,n,0.6,D,OUTSIDE_INDIA,0.621
SATF-0073,2026-09-13_77_1,7.956,80.108,2026-09-13 07:44:00+00:00,2026-09-13 07:44:00+00:00,2026-09-13 07:44:00+00:00,0.0,1,1,N20,3.94,3.94,3.94,n,0.6,D,OUTSIDE_INDIA,0.616
SATF-0074,2026-09-13_65_1,6.565,80.984,2026-09-13 07:44:00+00:00,2026-09-13 07:44:00+00:00,2026-09-13 07:44:00+00:00,0.0,1,1,N20,3.79,3.79,3.79,n,0.6,D,OUTSIDE_INDIA,0.601
SATF-0075,2026-09-13_63_1,6.428,81.035,2026-09-13 07:44:00+00:00,2026-09-13 07:44:00+00:00,2026-09-13 07:44:00+00:00,0.0,1,1,N20,3.52,3.52,3.52,n,0.6,D,OUTSIDE_INDIA,0.584
SATF-0076,2026-09-13_38_1,9.272,77.961,2026-09-13 07:44:00+00:00,2026-09-13 07:44:00+00:00,2026-09-13 07:44:00+00:00,0.0,1,1,N20,3.3,3.3,3.3,n,0.6,D,INDIA,0.566
SATF-0077,2026-09-13_44_1,9.005,79.861,2026-09-13 07:44:00+00:00,2026-09-13 07:44:00+00:00,2026-09-13 07:44:00+00:00,0.0,1,1,N20,2.98,2.98,2.98,n,0.6,D,OUTSIDE_INDIA,0.54
SATF-0078,2026-09-13_69_1,8.095,80.237,2026-09-13 07:44:00+00:00,2026-09-13 07:44:00+00:00,2026-09-13 07:44:00+00:00,0.0,1,1,N20,2.95,2.95,2.95,n,0.6,D,OUTSIDE_INDIA,0.537
SATF-0079,2026-09-13_60_1,7.383,80.978,2026-09-13 07:44:00+00:00,2026-09-13 07:44:00+00:00,2026-09-13 07:44:00+00:00,0.0,1,1,N20,2.74,2.74,2.74,n,0.6,D,OUTSIDE_INDIA,0.515
SATF-0080,2026-09-13_41_1,9.261,78.089,2026-09-13 07:44:00+00:00,2026-09-13 07:44:00+00:00,2026-09-13 07:44:00+00:00,0.0,1,1,N20,2.49,2.49,2.49,n,0.6,D,INDIA,0.485
SATF-0081,2026-09-13_55_1,7.843,80.752,2026-09-13 07:44:00+00:00,2026-09-13 07:44:00+00:00,2026-09-13 07:44:00+00:00,0.0,2,1,N20,2.22,2.215,4.43,n,0.6,D,OUTSIDE_INDIA,0.452
SATF-0082,2026-09-13_37_1,6.076,80.876,2026-09-13 07:44:00+00:00,2026-09-13 07:44:00+00:00,2026-09-13 07:44:00+00:00,0.0,1,1,N20,1.67,1.67,1.67,n,0.6,D,OUTSIDE_INDIA,0.377
SATF-0083,2026-09-13_35_1,6.18,80.823,2026-09-13 07:44:00+00:00,2026-09-13 07:44:00+00:00,2026-09-13 07:44:00+00:00,0.0,1,1,N20,1.37,1.37,1.37,n,0.6,D,OUTSIDE_INDIA,0.334
SATF-0084,2026-09-13_85_1,20.792,85.253,2026-09-13 07:46:00+00:00,2026-09-13 07:46:00+00:00,2026-09-13 07:46:00+00:00,0.0,1,1,N20,8.65,8.65,8.65,n,0.6,D,INDIA,0.813
SATF-0085,2026-09-13_83_1,20.865,84.99,2026-09-13 07:46:00+00:00,2026-09-13 07:46:00+00:00,2026-09-13 07:46:00+00:00,0.0,3,1,N20,6.16,4.173,12.52,n,0.6,D,INDIA,0.743
SATF-0086,2026-09-13_84_1,15.339,75.844,2026-09-13 07:46:00+00:00,2026-09-13 07:46:00+00:00,2026-09-13 07:46:00+00:00,0.0,1,1,N20,3.72,3.72,3.72,n,0.6,D,INDIA,0.595
SATF-0087,2026-09-13_86_1,21.751,83.844,2026-09-13 07:48:00+00:00,2026-09-13 08:33:00+00:00,2026-09-13 07:48:00+00:00,0.75,6,2,"N20,N21",20.92,12.107,72.64,n,0.6,D,INDIA,0.875
SATF-0088,2026-09-13_88_1,21.763,84.022,2026-09-13 07:48:00+00:00,2026-09-13 07:48:00+00:00,2026-09-13 07:48:00+00:00,0.0,1,1,N20,8.75,8.75,8.75,n,0.6,D,INDIA,0.817
SATF-0089,2026-09-13_87_1,23.75,86.418,2026-09-13 07:48:00+00:00,2026-09-13 07:48:00+00:00,2026-09-13 07:48:00+00:00,0.0,2,1,N20,8.14,6.28,12.56,n,0.6,D,INDIA,0.804
SATF-0090,2026-09-13_90_1,23.779,86.211,2026-09-13 07:48:00+00:00,2026-09-13 07:48:00+00:00,2026-09-13 07:48:00+00:00,0.0,1,1,N20,6.57,6.57,6.57,n,0.6,D,INDIA,0.76
SATF-0091,2026-09-13_89_1,26.38,78.603,2026-09-13 07:48:00+00:00,2026-09-13 07:48:00+00:00,2026-09-13 07:48:00+00:00,0.0,1,1,N20,2.6,2.6,2.6,n,0.6,D,INDIA,0.499
SATF-0092,2026-09-13_109_1,31.658,74.429,2026-09-13 07:50:00+00:00,2026-09-13 07:50:00+00:00,2026-09-13 07:50:00+00:00,0.0,2,1,N20,20.37,12.585,25.17,n,0.6,D,OUTSIDE_INDIA,0.874
SATF-0093,2026-09-13_96_1,30.622,71.914,2026-09-13 07:50:00+00:00,2026-09-13 07:50:00+00:00,2026-09-13 07:50:00+00:00,0.0,1,1,N20,11.54,11.54,11.54,l,0.3,D,OUTSIDE_INDIA,0.764
SATF-0094,2026-09-13_95_1,33.17,72.481,2026-09-13 07:50:00+00:00,2026-09-13 07:50:00+00:00,2026-09-13 07:50:00+00:00,0.0,2,1,N20,9.1,7.685,15.37,n,0.6,D,OUTSIDE_INDIA,0.825
SATF-0095,2026-09-13_105_1,31.089,73.433,2026-09-13 07:50:00+00:00,2026-09-13 08:35:00+00:00,2026-09-13 07:50:00+00:00,0.75,2,2,"N20,N21",8.87,7.52,15.04,l,0.3,D,OUTSIDE_INDIA,0.729
SATF-0096,2026-09-13_91_1,30.795,73.047,2026-09-13 07:50:00+00:00,2026-09-13 07:50:00+00:00,2026-09-13 07:50:00+00:00,0.0,1,1,N20,8.63,8.63,8.63,l,0.3,D,OUTSIDE_INDIA,0.723
SATF-0097,2026-09-13_110_1,25.357,69.455,2026-09-13 07:50:00+00:00,2026-09-13 07:50:00+00:00,2026-09-13 07:50:00+00:00,0.0,1,1,N20,8.45,8.45,8.45,n,0.6,D,OUTSIDE_INDIA,0.81
SATF-0098,2026-09-13_100_1,30.742,72.921,2026-09-13 07:50:00+00:00,2026-09-13 07:50:00+00:00,2026-09-13 07:50:00+00:00,0.0,1,1,N20,7.1,7.1,7.1,l,0.3,D,OUTSIDE_INDIA,0.689
SATF-0099,2026-09-13_104_1,31.029,73.37,2026-09-13 07:50:00+00:00,2026-09-13 07:50:00+00:00,2026-09-13 07:50:00+00:00,0.0,1,1,N20,6.91,6.91,6.91,l,0.3,D,OUTSIDE_INDIA,0.682
SATF-0100,2026-09-13_92_1,33.205,72.662,2026-09-13 07:50:00+00:00,2026-09-13 07:50:00+00:00,2026-09-13 07:50:00+00:00,0.0,2,1,N20,6.56,4.595,9.19,n,0.6,D,OUTSIDE_INDIA,0.76
SATF-0101,2026-09-13_107_1,31.558,74.813,2026-09-13 07:50:00+00:00,2026-09-13 08:35:00+00:00,2026-09-13 07:50:00+00:00,0.75,2,2,"N20,N21",5.51,4.345,8.69,n,0.6,D,INDIA,0.708
SATF-0102,2026-09-13_98_1,28.051,69.371,2026-09-13 07:50:00+00:00,2026-09-13 08:35:00+00:00,2026-09-13 07:50:00+00:00,0.75,2,2,"N20,N21",5.51,4.205,8.41,n,0.6,D,OUTSIDE_INDIA,0.708
SATF-0103,2026-09-13_94_1,32.564,73.338,2026-09-13 07:50:00+00:00,2026-09-13 07:50:00+00:00,2026-09-13 07:50:00+00:00,0.0,1,1,N20,5.17,5.17,5.17,n,0.6,D,OUTSIDE_INDIA,0.693
SATF-0104,2026-09-13_103_1,30.961,76.239,2026-09-13 07:50:00+00:00,2026-09-13 07:50:00+00:00,2026-09-13 07:50:00+00:00,0.0,1,1,N20,4.73,4.73,4.73,n,0.6,D,INDIA,0.672
SATF-0105,2026-09-13_102_1,30.899,73.228,2026-09-13 07:50:00+00:00,2026-09-13 07:50:00+00:00,2026-09-13 07:50:00+00:00,0.0,1,1,N20,4.59,4.59,4.59,l,0.3,D,OUTSIDE_INDIA,0.575
SATF-0106,2026-09-13_97_1,26.586,68.048,2026-09-13 07:50:00+00:00,2026-09-13 07:50:00+00:00,2026-09-13 07:50:00+00:00,0.0,1,1,N20,4.01,4.01,4.01,n,0.6,D,OUTSIDE_INDIA,0.623
SATF-0107,2026-09-13_99_1,29.156,70.585,2026-09-13 07:50:00+00:00,2026-09-13 07:50:00+00:00,2026-09-13 07:50:00+00:00,0.0,1,1,N20,3.89,3.89,3.89,l,0.3,D,OUTSIDE_INDIA,0.523
SATF-0108,2026-09-13_101_1,31.509,72.278,2026-09-13 07:50:00+00:00,2026-09-13 07:50:00+00:00,2026-09-13 07:50:00+00:00,0.0,1,1,N20,2.85,2.85,2.85,n,0.6,D,OUTSIDE_INDIA,0.526
SATF-0109,2026-09-13_106_1,30.957,73.556,2026-09-13 07:50:00+00:00,2026-09-13 07:50:00+00:00,2026-09-13 07:50:00+00:00,0.0,1,1,N20,2.81,2.81,2.81,n,0.6,D,OUTSIDE_INDIA,0.522
SATF-0110,2026-09-13_108_1,31.505,74.802,2026-09-13 07:50:00+00:00,2026-09-13 07:50:00+00:00,2026-09-13 07:50:00+00:00,0.0,1,1,N20,2.69,2.69,2.69,n,0.6,D,INDIA,0.507
SATF-0111,2026-09-13_93_1,33.204,72.169,2026-09-13 07:50:00+00:00,2026-09-13 07:50:00+00:00,2026-09-13 07:50:00+00:00,0.0,1,1,N20,1.51,1.51,1.51,l,0.3,D,OUTSIDE_INDIA,0.262
SATF-0112,2026-09-13_120_1,8.039,80.001,2026-09-13 08:28:00+00:00,2026-09-13 08:28:00+00:00,2026-09-13 08:28:00+00:00,0.0,2,1,N21,30.68,26.46,52.92,n,0.6,D,OUTSIDE_INDIA,0.879
SATF-0113,2026-09-13_130_1,7.573,80.97,2026-09-13 08:28:00+00:00,2026-09-13 08:28:00+00:00,2026-09-13 08:28:00+00:00,0.0,2,1,N21,18.12,13.23,26.46,n,0.6,D,OUTSIDE_INDIA,0.873
SATF-0114,2026-09-13_133_1,8.229,80.406,2026-09-13 08:28:00+00:00,2026-09-13 08:28:00+00:00,2026-09-13 08:28:00+00:00,0.0,3,1,N21,16.64,12.857,38.57,n,0.6,D,OUTSIDE_INDIA,0.869
SATF-0115,2026-09-13_114_1,7.931,80.552,2026-09-13 08:28:00+00:00,2026-09-13 08:28:00+00:00,2026-09-13 08:28:00+00:00,0.0,1,1,N21,11.57,11.57,11.57,n,0.6,D,OUTSIDE_INDIA,0.854
SATF-0116,2026-09-13_127_1,6.85,81.742,2026-09-13 08:28:00+00:00,2026-09-13 08:28:00+00:00,2026-09-13 08:28:00+00:00,0.0,1,1,N21,11.25,11.25,11.25,h,1.0,D,OUTSIDE_INDIA,0.97
SATF-0117,2026-09-13_123_1,8.621,80.413,2026-09-13 08:28:00+00:00,2026-09-13 08:28:00+00:00,2026-09-13 08:28:00+00:00,0.0,4,1,N21,11.15,8.862,35.45,n,0.6,D,OUTSIDE_INDIA,0.847
SATF-0118,2026-09-13_134_1,8.378,80.493,2026-09-13 08:28:00+00:00,2026-09-13 08:28:00+00:00,2026-09-13 08:28:00+00:00,0.0,3,1,N21,10.55,7.597,22.79,n,0.6,D,OUTSIDE_INDIA,0.842
SATF-0119,2026-09-13_117_1,8.039,80.407,2026-09-13 08:28:00+00:00,2026-09-13 08:28:00+00:00,2026-09-13 08:28:00+00:00,0.0,5,1,N21,9.92,7.474,37.37,n,0.6,D,OUTSIDE_INDIA,0.838
SATF-0120,2026-09-13_137_1,8.155,80.454,2026-09-13 08:28:00+00:00,2026-09-13 08:28:00+00:00,2026-09-13 08:28:00+00:00,0.0,2,1,N21,9.6,9.6,19.2,n,0.6,D,OUTSIDE_INDIA,0.833
SATF-0121,2026-09-13_111_1,7.886,81.128,2026-09-13 08:28:00+00:00,2026-09-13 08:28:00+00:00,2026-09-13 08:28:00+00:00,0.0,1,1,N21,9.55,9.55,9.55,h,1.0,D,OUTSIDE_INDIA,0.951
SATF-0122,2026-09-13_129_1,7.307,81.128,2026-09-13 08:28:00+00:00,2026-09-13 08:28:00+00:00,2026-09-13 08:28:00+00:00,0.0,1,1,N21,9.12,9.12,9.12,n,0.6,D,OUTSIDE_INDIA,0.826
SATF-0123,2026-09-13_121_1,7.703,80.633,2026-09-13 08:28:00+00:00,2026-09-13 08:28:00+00:00,2026-09-13 08:28:00+00:00,0.0,2,1,N21,8.95,8.865,17.73,n,0.6,D,OUTSIDE_INDIA,0.821
SATF-0124,2026-09-13_141_1,8.262,80.321,2026-09-13 08:28:00+00:00,2026-09-13 08:28:00+00:00,2026-09-13 08:28:00+00:00,0.0,1,1,N21,8.67,8.67,8.67,n,0.6,D,OUTSIDE_INDIA,0.814
SATF-0125,2026-09-13_113_1,7.808,80.124,2026-09-13 08:28:00+00:00,2026-09-13 08:28:00+00:00,2026-09-13 08:28:00+00:00,0.0,1,1,N21,7.64,7.64,7.64,n,0.6,D,OUTSIDE_INDIA,0.794
SATF-0126,2026-09-13_136_1,8.464,80.48,2026-09-13 08:28:00+00:00,2026-09-13 08:28:00+00:00,2026-09-13 08:28:00+00:00,0.0,1,1,N21,6.6,6.6,6.6,n,0.6,D,OUTSIDE_INDIA,0.762
SATF-0127,2026-09-13_116_1,7.943,79.947,2026-09-13 08:28:00+00:00,2026-09-13 08:28:00+00:00,2026-09-13 08:28:00+00:00,0.0,1,1,N21,6.22,6.22,6.22,n,0.6,D,OUTSIDE_INDIA,0.746
SATF-0128,2026-09-13_112_1,7.88,80.675,2026-09-13 08:28:00+00:00,2026-09-13 08:28:00+00:00,2026-09-13 08:28:00+00:00,0.0,1,1,N21,6.19,6.19,6.19,n,0.6,D,OUTSIDE_INDIA,0.744
SATF-0129,2026-09-13_122_1,7.616,80.093,2026-09-13 08:28:00+00:00,2026-09-13 08:28:00+00:00,2026-09-13 08:28:00+00:00,0.0,2,1,N21,6.08,4.785,9.57,n,0.6,D,OUTSIDE_INDIA,0.739
SATF-0130,2026-09-13_119_1,8.039,80.232,2026-09-13 08:28:00+00:00,2026-09-13 08:28:00+00:00,2026-09-13 08:28:00+00:00,0.0,1,1,N21,5.77,5.77,5.77,n,0.6,D,OUTSIDE_INDIA,0.722
SATF-0131,2026-09-13_128_1,7.306,81.233,2026-09-13 08:28:00+00:00,2026-09-13 08:28:00+00:00,2026-09-13 08:28:00+00:00,0.0,2,1,N21,5.56,5.515,11.03,n,0.6,D,OUTSIDE_INDIA,0.71
SATF-0132,2026-09-13_135_1,8.356,80.295,2026-09-13 08:28:00+00:00,2026-09-13 08:28:00+00:00,2026-09-13 08:28:00+00:00,0.0,1,1,N21,5.46,5.46,5.46,n,0.6,D,OUTSIDE_INDIA,0.706
SATF-0133,2026-09-13_131_1,7.598,81.043,2026-09-13 08:28:00+00:00,2026-09-13 08:28:00+00:00,2026-09-13 08:28:00+00:00,0.0,1,1,N21,5.2,5.2,5.2,n,0.6,D,OUTSIDE_INDIA,0.695
SATF-0134,2026-09-13_126_1,8.092,80.762,2026-09-13 08:28:00+00:00,2026-09-13 08:28:00+00:00,2026-09-13 08:28:00+00:00,0.0,1,1,N21,5.09,5.09,5.09,n,0.6,D,OUTSIDE_INDIA,0.688
SATF-0135,2026-09-13_125_1,8.706,81.109,2026-09-13 08:28:00+00:00,2026-09-13 08:28:00+00:00,2026-09-13 08:28:00+00:00,0.0,1,1,N21,4.81,4.81,4.81,n,0.6,D,OUTSIDE_INDIA,0.677
SATF-0136,2026-09-13_115_1,7.866,80.612,2026-09-13 08:28:00+00:00,2026-09-13 08:28:00+00:00,2026-09-13 08:28:00+00:00,0.0,1,1,N21,4.62,4.62,4.62,n,0.6,D,OUTSIDE_INDIA,0.667
SATF-0137,2026-09-13_124_1,8.586,77.995,2026-09-13 08:28:00+00:00,2026-09-13 08:28:00+00:00,2026-09-13 08:28:00+00:00,0.0,1,1,N21,4.45,4.45,4.45,n,0.6,D,INDIA,0.655
SATF-0138,2026-09-13_140_1,8.56,78.077,2026-09-13 08:28:00+00:00,2026-09-13 08:28:00+00:00,2026-09-13 08:28:00+00:00,0.0,1,1,N21,4.24,4.24,4.24,n,0.6,D,INDIA,0.64
SATF-0139,2026-09-13_138_1,8.182,80.306,2026-09-13 08:28:00+00:00,2026-09-13 08:28:00+00:00,2026-09-13 08:28:00+00:00,0.0,1,1,N21,4.07,4.07,4.07,n,0.6,D,OUTSIDE_INDIA,0.629
SATF-0140,2026-09-13_118_1,7.762,81.577,2026-09-13 08:28:00+00:00,2026-09-13 08:28:00+00:00,2026-09-13 08:28:00+00:00,0.0,1,1,N21,3.71,3.71,3.71,n,0.6,D,OUTSIDE_INDIA,0.594
SATF-0141,2026-09-13_132_1,7.019,81.378,2026-09-13 08:28:00+00:00,2026-09-13 08:28:00+00:00,2026-09-13 08:28:00+00:00,0.0,1,1,N21,3.32,3.32,3.32,n,0.6,D,OUTSIDE_INDIA,0.569
SATF-0142,2026-09-13_139_1,8.201,80.347,2026-09-13 08:28:00+00:00,2026-09-13 08:28:00+00:00,2026-09-13 08:28:00+00:00,0.0,1,1,N21,2.71,2.71,2.71,n,0.6,D,OUTSIDE_INDIA,0.509
SATF-0143,2026-09-13_144_1,15.44,76.756,2026-09-13 08:30:00+00:00,2026-09-13 08:30:00+00:00,2026-09-13 08:30:00+00:00,0.0,1,1,N21,9.55,9.55,9.55,n,0.6,D,INDIA,0.831
SATF-0144,2026-09-13_143_1,14.638,80.03,2026-09-13 08:30:00+00:00,2026-09-13 08:30:00+00:00,2026-09-13 08:30:00+00:00,0.0,1,1,N21,7.88,7.88,7.88,n,0.6,D,INDIA,0.8
SATF-0145,2026-09-13_142_1,15.658,76.348,2026-09-13 08:30:00+00:00,2026-09-13 08:30:00+00:00,2026-09-13 08:30:00+00:00,0.0,1,1,N21,1.62,1.62,1.62,n,0.6,D,INDIA,0.368
SATF-0146,2026-09-13_145_1,23.121,70.086,2026-09-13 08:33:00+00:00,2026-09-13 08:33:00+00:00,2026-09-13 08:33:00+00:00,0.0,1,1,N21,4.83,4.83,4.83,n,0.6,D,INDIA,0.678
SATF-0147,2026-09-13_146_1,23.927,71.506,2026-09-13 08:33:00+00:00,2026-09-13 08:33:00+00:00,2026-09-13 08:33:00+00:00,0.0,1,1,N21,3.85,3.85,3.85,n,0.6,D,INDIA,0.608
SATF-0148,2026-09-13_167_1,30.616,74.101,2026-09-13 08:35:00+00:00,2026-09-13 08:35:00+00:00,2026-09-13 08:35:00+00:00,0.0,1,1,N21,30.79,30.79,30.79,n,0.6,D,INDIA,0.879
SATF-0149,2026-09-13_160_1,27.738,68.521,2026-09-13 08:35:00+00:00,2026-09-13 09:30:00+00:00,2026-09-13 08:35:00+00:00,0.917,3,2,"N20,N21",18.0,15.56,46.68,n,0.6,D,OUTSIDE_INDIA,0.872
SATF-0150,2026-09-13_150_1,28.742,67.416,2026-09-13 08:35:00+00:00,2026-09-13 08:35:00+00:00,2026-09-13 08:35:00+00:00,0.0,1,1,N21,13.23,13.23,13.23,n,0.6,D,OUTSIDE_INDIA,0.862
SATF-0151,2026-09-13_153_1,31.71,75.162,2026-09-13 08:35:00+00:00,2026-09-13 08:35:00+00:00,2026-09-13 08:35:00+00:00,0.0,2,1,N21,11.18,9.875,19.75,n,0.6,D,INDIA,0.848
SATF-0152,2026-09-13_157_1,27.908,67.581,2026-09-13 08:35:00+00:00,2026-09-13 08:35:00+00:00,2026-09-13 08:35:00+00:00,0.0,1,1,N21,9.89,9.89,9.89,n,0.6,D,OUTSIDE_INDIA,0.838
SATF-0153,2026-09-13_156_1,28.528,68.043,2026-09-13 08:35:00+00:00,2026-09-13 08:35:00+00:00,2026-09-13 08:35:00+00:00,0.0,1,1,N21,9.12,9.12,9.12,n,0.6,D,OUTSIDE_INDIA,0.826
SATF-0154,2026-09-13_158_1,27.9,71.842,2026-09-13 08:35:00+00:00,2026-09-13 08:35:00+00:00,2026-09-13 08:35:00+00:00,0.0,1,1,N21,8.62,8.62,8.62,n,0.6,D,INDIA,0.812
SATF-0155,2026-09-13_151_1,31.38,74.897,2026-09-13 08:35:00+00:00,2026-09-13 08:35:00+00:00,2026-09-13 08:35:00+00:00,0.0,1,1,N21,6.34,6.34,6.34,n,0.6,D,INDIA,0.751
SATF-0156,2026-09-13_155_1,28.104,67.664,2026-09-13 08:35:00+00:00,2026-09-13 08:35:00+00:00,2026-09-13 08:35:00+00:00,0.0,4,1,N21,5.82,4.863,19.45,n,0.6,D,OUTSIDE_INDIA,0.725
SATF-0157,2026-09-13_162_1,26.094,68.879,2026-09-13 08:35:00+00:00,2026-09-13 08:35:00+00:00,2026-09-13 08:35:00+00:00,0.0,1,1,N21,5.59,5.59,5.59,l,0.3,D,OUTSIDE_INDIA,0.624
SATF-0158,2026-09-13_148_1,28.354,67.887,2026-09-13 08:35:00+00:00,2026-09-13 08:35:00+00:00,2026-09-13 08:35:00+00:00,0.0,2,1,N21,5.39,4.58,9.16,l,0.3,D,OUTSIDE_INDIA,0.612
SATF-0159,2026-09-13_149_1,28.426,69.701,2026-09-13 08:35:00+00:00,2026-09-13 08:35:00+00:00,2026-09-13 08:35:00+00:00,0.0,1,1,N21,4.65,4.65,4.65,l,0.3,D,OUTSIDE_INDIA,0.579
SATF-0160,2026-09-13_164_1,25.388,68.581,2026-09-13 08:35:00+00:00,2026-09-13 08:35:00+00:00,2026-09-13 08:35:00+00:00,0.0,1,1,N21,4.23,4.23,4.23,n,0.6,D,OUTSIDE_INDIA,0.639
SATF-0161,2026-09-13_154_1,30.049,71.868,2026-09-13 08:35:00+00:00,2026-09-13 08:35:00+00:00,2026-09-13 08:35:00+00:00,0.0,1,1,N21,2.97,2.97,2.97,n,0.6,D,OUTSIDE_INDIA,0.539
SATF-0162,2026-09-13_161_1,26.125,68.944,2026-09-13 08:35:00+00:00,2026-09-13 08:35:00+00:00,2026-09-13 08:35:00+00:00,0.0,1,1,N21,2.85,2.85,2.85,l,0.3,D,OUTSIDE_INDIA,0.436
SATF-0163,2026-09-13_152_1,28.153,69.308,2026-09-13 08:35:00+00:00,2026-09-13 08:35:00+00:00,2026-09-13 08:35:00+00:00,0.0,1,1,N21,2.4,2.4,2.4,l,0.3,D,OUTSIDE_INDIA,0.383
SATF-0164,2026-09-13_165_1,24.821,69.282,2026-09-13 08:35:00+00:00,2026-09-13 08:35:00+00:00,2026-09-13 08:35:00+00:00,0.0,1,1,N21,2.19,2.19,2.19,n,0.6,D,OUTSIDE_INDIA,0.447
SATF-0165,2026-09-13_166_1,32.075,72.408,2026-09-13 08:35:00+00:00,2026-09-13 08:35:00+00:00,2026-09-13 08:35:00+00:00,0.0,1,1,N21,1.92,1.92,1.92,n,0.6,D,OUTSIDE_INDIA,0.407
SATF-0166,2026-09-13_159_1,27.77,68.164,2026-09-13 08:35:00+00:00,2026-09-13 08:35:00+00:00,2026-09-13 08:35:00+00:00,0.0,1,1,N21,1.88,1.88,1.88,n,0.6,D,OUTSIDE_INDIA,0.402
SATF-0167,2026-09-13_163_1,25.459,68.731,2026-09-13 08:35:00+00:00,2026-09-13 08:35:00+00:00,2026-09-13 08:35:00+00:00,0.0,1,1,N21,1.59,1.59,1.59,n,0.6,D,OUTSIDE_INDIA,0.362
SATF-0168,2026-09-13_147_1,25.1,69.034,2026-09-13 08:35:00+00:00,2026-09-13 08:35:00+00:00,2026-09-13 08:35:00+00:00,0.0,1,1,N21,1.56,1.56,1.56,l,0.3,D,OUTSIDE_INDIA,0.266
SATF-0169,2026-09-13_169_1,33.716,73.999,2026-09-13 08:37:00+00:00,2026-09-13 08:37:00+00:00,2026-09-13 08:37:00+00:00,0.0,1,1,N21,13.48,13.48,13.48,n,0.6,D,INDIA,0.863
SATF-0170,2026-09-13_168_1,32.902,71.881,2026-09-13 08:37:00+00:00,2026-09-13 08:37:00+00:00,2026-09-13 08:37:00+00:00,0.0,1,1,N21,10.22,10.22,10.22,n,0.6,D,OUTSIDE_INDIA,0.84
SATF-0171,2026-09-13_171_1,25.33,68.659,2026-09-13 09:30:00+00:00,2026-09-13 09:30:00+00:00,2026-09-13 09:30:00+00:00,0.0,1,1,N20,18.63,18.63,18.63,h,1.0,D,OUTSIDE_INDIA,0.993
SATF-0172,2026-09-13_170_1,27.61,67.612,2026-09-13 09:30:00+00:00,2026-09-13 09:30:00+00:00,2026-09-13 09:30:00+00:00,0.0,1,1,N20,3.45,3.45,3.45,n,0.6,D,OUTSIDE_INDIA,0.58
SATF-0173,2026-09-13_172_1,22.357,96.701,2026-09-13 18:34:00+00:00,2026-09-13 18:34:00+00:00,2026-09-13 18:34:00+00:00,0.0,2,1,N20,1.18,1.145,2.29,n,0.6,N,OUTSIDE_INDIA,0.301
SATF-0174,2026-09-13_174_1,26.583,93.777,2026-09-13 19:17:00+00:00,2026-09-13 19:17:00+00:00,2026-09-13 19:17:00+00:00,0.0,1,1,N21,0.46,0.46,0.46,n,0.6,N,INDIA,0.189
SATF-0175,2026-09-13_173_1,24.939,97.875,2026-09-13 19:17:00+00:00,2026-09-13 19:17:00+00:00,2026-09-13 19:17:00+00:00,0.0,1,1,N21,0.42,0.42,0.42,n,0.6,N,OUTSIDE_INDIA,0.187
SATF-0176,2026-09-13_188_1,23.557,87.241,2026-09-13 19:19:00+00:00,2026-09-13 20:17:00+00:00,2026-09-13 19:19:00+00:00,0.967,4,2,"N20,N21",6.52,3.04,12.16,n,0.6,N,INDIA,0.758
SATF-0177,2026-09-13_179_1,21.189,81.398,2026-09-13 19:19:00+00:00,2026-09-13 20:17:00+00:00,2026-09-13 19:19:00+00:00,0.967,8,2,"N20,N21",5.58,3.028,24.22,n,0.6,N,INDIA,0.713
SATF-0178,2026-09-13_190_1,20.96,86.031,2026-09-13 19:19:00+00:00,2026-09-13 20:17:00+00:00,2026-09-13 19:19:00+00:00,0.967,2,2,"N20,N21",4.93,3.44,6.88,n,0.6,N,INDIA,0.681
SATF-0179,2026-09-13_175_1,22.371,87.29,2026-09-13 19:19:00+00:00,2026-09-13 20:17:00+00:00,2026-09-13 19:19:00+00:00,0.967,11,2,"N20,N21",4.39,2.755,30.3,n,0.6,N,INDIA,0.65
SATF-0180,2026-09-13_90_2,23.78,86.21,2026-09-13 19:19:00+00:00,2026-09-13 20:17:00+00:00,2026-09-13 19:19:00+00:00,0.967,3,2,"N20,N21",4.32,2.843,8.53,n,0.6,N,INDIA,0.646
SATF-0181,2026-09-13_176_1,22.366,87.017,2026-09-13 19:19:00+00:00,2026-09-13 20:17:00+00:00,2026-09-13 19:19:00+00:00,0.967,3,2,"N20,N21",3.47,2.293,6.88,n,0.6,N,INDIA,0.581
SATF-0182,2026-09-13_178_1,22.323,82.578,2026-09-13 19:19:00+00:00,2026-09-13 20:17:00+00:00,2026-09-13 19:19:00+00:00,0.967,5,2,"N20,N21",2.97,2.486,12.43,n,0.6,N,INDIA,0.539
SATF-0183,2026-09-13_186_1,23.562,87.084,2026-09-13 19:19:00+00:00,2026-09-13 20:17:00+00:00,2026-09-13 19:19:00+00:00,0.967,3,2,"N20,N21",2.82,2.387,7.16,n,0.6,N,INDIA,0.524
SATF-0184,2026-09-13_88_2,21.757,84.023,2026-09-13 19:19:00+00:00,2026-09-13 20:59:00+00:00,2026-09-13 19:19:00+00:00,1.667,3,1,N21,2.82,2.603,7.81,n,0.6,N,INDIA,0.524
SATF-0185,2026-09-13_187_1,23.682,87.127,2026-09-13 19:19:00+00:00,2026-09-13 20:17:00+00:00,2026-09-13 19:19:00+00:00,0.967,19,2,"N20,N21",2.74,1.867,35.47,n,0.6,N,INDIA,0.515
SATF-0186,2026-09-13_192_1,23.825,84.572,2026-09-13 19:19:00+00:00,2026-09-13 19:19:00+00:00,2026-09-13 19:19:00+00:00,0.0,1,1,N21,2.65,2.65,2.65,n,0.6,N,INDIA,0.504
SATF-0187,2026-09-13_183_1,23.483,87.366,2026-09-13 19:19:00+00:00,2026-09-13 19:19:00+00:00,2026-09-13 19:19:00+00:00,0.0,1,1,N21,2.54,2.54,2.54,n,0.6,N,INDIA,0.492
SATF-0188,2026-09-13_180_1,23.166,82.339,2026-09-13 19:19:00+00:00,2026-09-13 20:59:00+00:00,2026-09-13 19:19:00+00:00,1.667,10,2,"N20,N21",2.45,1.527,15.27,n,0.6,N,INDIA,0.482
SATF-0189,2026-09-13_181_1,21.376,81.667,2026-09-13 19:19:00+00:00,2026-09-13 19:19:00+00:00,2026-09-13 19:19:00+00:00,0.0,3,1,N21,2.17,1.7,5.1,n,0.6,N,INDIA,0.444
SATF-0190,2026-09-13_195_1,24.199,82.713,2026-09-13 19:19:00+00:00,2026-09-13 20:59:00+00:00,2026-09-13 19:19:00+00:00,1.667,6,2,"N20,N21",2.05,1.48,8.88,n,0.6,N,INDIA,0.425
SATF-0191,2026-09-13_185_1,21.688,84.04,2026-09-13 19:19:00+00:00,2026-09-13 20:17:00+00:00,2026-09-13 19:19:00+00:00,0.967,4,2,"N20,N21",1.9,1.228,4.91,n,0.6,N,INDIA,0.405
SATF-0192,2026-09-13_182_1,21.594,96.228,2026-09-13 19:19:00+00:00,2026-09-13 20:17:00+00:00,2026-09-13 19:19:00+00:00,0.967,2,2,"N20,N21",1.68,1.315,2.63,n,0.6,N,OUTSIDE_INDIA,0.378
SATF-0193,2026-09-13_193_1,24.451,83.039,2026-09-13 19:19:00+00:00,2026-09-13 20:17:00+00:00,2026-09-13 19:19:00+00:00,0.967,2,2,"N20,N21",1.58,1.16,2.32,n,0.6,N,INDIA,0.359
SATF-0194,2026-09-13_194_1,23.631,86.836,2026-09-13 19:19:00+00:00,2026-09-13 19:19:00+00:00,2026-09-13 19:19:00+00:00,0.0,1,1,N21,1.49,1.49,1.49,n,0.6,N,INDIA,0.35
SATF-0195,2026-09-13_184_1,22.134,85.383,2026-09-13 19:19:00+00:00,2026-09-13 19:19:00+00:00,2026-09-13 19:19:00+00:00,0.0,1,1,N21,1.22,1.22,1.22,n,0.6,N,INDIA,0.31
SATF-0196,2026-09-13_189_1,20.868,96.392,2026-09-13 19:19:00+00:00,2026-09-13 19:19:00+00:00,2026-09-13 19:19:00+00:00,0.0,1,1,N21,1.07,1.07,1.07,n,0.6,N,OUTSIDE_INDIA,0.28
SATF-0197,2026-09-13_177_1,22.21,84.551,2026-09-13 19:19:00+00:00,2026-09-13 19:19:00+00:00,2026-09-13 19:19:00+00:00,0.0,1,1,N21,1.06,1.06,1.06,n,0.6,N,INDIA,0.277
SATF-0198,2026-09-13_191_1,21.88,97.099,2026-09-13 19:19:00+00:00,2026-09-13 19:19:00+00:00,2026-09-13 19:19:00+00:00,0.0,1,1,N21,0.93,0.93,0.93,n,0.6,N,OUTSIDE_INDIA,0.251
SATF-0199,2026-09-13_196_1,17.606,83.201,2026-09-13 19:21:00+00:00,2026-09-13 20:19:00+00:00,2026-09-13 19:21:00+00:00,0.967,4,2,"N20,N21",1.93,1.015,4.06,n,0.6,N,INDIA,0.409
SATF-0200,2026-09-13_130_2,7.56,80.939,2026-09-13 19:23:00+00:00,2026-09-13 19:23:00+00:00,2026-09-13 19:23:00+00:00,0.0,1,1,N21,0.46,0.46,0.46,n,0.6,N,OUTSIDE_INDIA,0.189
SATF-0201,2026-09-13_197_1,37.346,97.409,2026-09-13 20:10:00+00:00,2026-09-13 20:10:00+00:00,2026-09-13 20:10:00+00:00,0.0,1,1,N20,0.7,0.7,0.7,n,0.6,N,OUTSIDE_INDIA,0.214
SATF-0202,2026-09-13_198_1,35.991,94.83,2026-09-13 20:12:00+00:00,2026-09-13 20:12:00+00:00,2026-09-13 20:12:00+00:00,0.0,1,1,N20,1.7,1.7,1.7,n,0.6,N,OUTSIDE_INDIA,0.38
SATF-0203,2026-09-13_200_1,28.355,77.223,2026-09-13 20:14:00+00:00,2026-09-13 20:57:00+00:00,2026-09-13 20:14:00+00:00,0.717,6,2,"N20,N21",2.28,2.092,12.55,n,0.6,N,INDIA,0.458
SATF-0204,2026-09-13_199_1,28.712,76.834,2026-09-13 20:14:00+00:00,2026-09-13 20:57:00+00:00,2026-09-13 20:14:00+00:00,0.717,2,2,"N20,N21",1.39,1.12,2.24,n,0.6,N,INDIA,0.337
SATF-0205,2026-09-13_202_1,30.954,75.872,2026-09-13 20:14:00+00:00,2026-09-13 20:14:00+00:00,2026-09-13 20:14:00+00:00,0.0,1,1,N20,1.38,1.38,1.38,n,0.6,N,INDIA,0.335
SATF-0206,2026-09-13_205_1,25.037,87.39,2026-09-13 20:14:00+00:00,2026-09-13 20:14:00+00:00,2026-09-13 20:14:00+00:00,0.0,1,1,N20,1.32,1.32,1.32,n,0.6,N,INDIA,0.327
SATF-0207,2026-09-13_204_1,26.644,79.479,2026-09-13 20:14:00+00:00,2026-09-13 20:14:00+00:00,2026-09-13 20:14:00+00:00,0.0,1,1,N20,1.28,1.28,1.28,n,0.6,N,INDIA,0.321
SATF-0208,2026-09-13_201_1,33.689,72.709,2026-09-13 20:14:00+00:00,2026-09-13 20:14:00+00:00,2026-09-13 20:14:00+00:00,0.0,1,1,N20,1.24,1.24,1.24,n,0.6,N,OUTSIDE_INDIA,0.314
SATF-0209,2026-09-13_203_1,26.705,77.848,2026-09-13 20:14:00+00:00,2026-09-13 20:14:00+00:00,2026-09-13 20:14:00+00:00,0.0,1,1,N20,0.89,0.89,0.89,n,0.6,N,INDIA,0.245
SATF-0210,2026-09-13_207_1,28.65,77.587,2026-09-13 20:14:00+00:00,2026-09-13 20:14:00+00:00,2026-09-13 20:14:00+00:00,0.0,1,1,N20,0.84,0.84,0.84,n,0.6,N,INDIA,0.24
SATF-0211,2026-09-13_206_1,26.771,94.506,2026-09-13 20:14:00+00:00,2026-09-13 20:14:00+00:00,2026-09-13 20:14:00+00:00,0.0,1,1,N20,0.73,0.73,0.73,n,0.6,N,INDIA,0.218
SATF-0212,2026-09-13_87_2,23.75,86.405,2026-09-13 20:17:00+00:00,2026-09-13 20:17:00+00:00,2026-09-13 20:17:00+00:00,0.0,13,1,N20,6.42,3.368,43.79,n,0.6,N,INDIA,0.754
SATF-0213,2026-09-13_86_2,21.764,83.852,2026-09-13 20:17:00+00:00,2026-09-13 20:59:00+00:00,2026-09-13 20:17:00+00:00,0.7,12,2,"N20,N21",4.69,2.292,27.5,n,0.6,N,INDIA,0.67
SATF-0214,2026-09-13_209_1,22.358,82.302,2026-09-13 20:17:00+00:00,2026-09-13 20:59:00+00:00,2026-09-13 20:17:00+00:00,0.7,5,2,"N20,N21",3.05,2.498,12.49,n,0.6,N,INDIA,0.543
SATF-0215,2026-09-13_225_1,13.394,80.103,2026-09-13 20:17:00+00:00,2026-09-13 20:17:00+00:00,2026-09-13 20:17:00+00:00,0.0,1,1,N20,2.51,2.51,2.51,n,0.6,N,INDIA,0.486
SATF-0216,2026-09-13_215_1,23.583,86.724,2026-09-13 20:17:00+00:00,2026-09-13 20:17:00+00:00,2026-09-13 20:17:00+00:00,0.0,1,1,N20,2.37,2.37,2.37,n,0.6,N,INDIA,0.472
SATF-0217,2026-09-13_227_1,13.711,79.619,2026-09-13 20:17:00+00:00,2026-09-13 20:17:00+00:00,2026-09-13 20:17:00+00:00,0.0,1,1,N20,2.31,2.31,2.31,n,0.6,N,INDIA,0.462
SATF-0218,2026-09-13_218_1,24.16,82.565,2026-09-13 20:17:00+00:00,2026-09-13 20:59:00+00:00,2026-09-13 20:17:00+00:00,0.7,2,2,"N20,N21",1.96,1.685,3.37,n,0.6,N,INDIA,0.412
SATF-0219,2026-09-13_223_1,24.207,82.526,2026-09-13 20:17:00+00:00,2026-09-13 20:59:00+00:00,2026-09-13 20:17:00+00:00,0.7,3,2,"N20,N21",1.38,1.07,3.21,n,0.6,N,INDIA,0.335
SATF-0220,2026-09-13_214_1,22.218,84.754,2026-09-13 20:17:00+00:00,2026-09-13 20:17:00+00:00,2026-09-13 20:17:00+00:00,0.0,1,1,N20,1.33,1.33,1.33,n,0.6,N,INDIA,0.33
SATF-0221,2026-09-13_221_1,13.899,76.564,2026-09-13 20:17:00+00:00,2026-09-13 21:04:00+00:00,2026-09-13 20:17:00+00:00,0.783,2,2,"N20,N21",1.27,0.86,1.72,n,0.6,N,INDIA,0.32
SATF-0222,2026-09-13_216_1,24.174,82.636,2026-09-13 20:17:00+00:00,2026-09-13 20:17:00+00:00,2026-09-13 20:17:00+00:00,0.0,5,1,N20,1.22,0.838,4.19,n,0.6,N,INDIA,0.31
SATF-0223,2026-09-13_220_1,24.927,84.151,2026-09-13 20:17:00+00:00,2026-09-13 20:17:00+00:00,2026-09-13 20:17:00+00:00,0.0,3,1,N20,1.13,0.86,2.58,n,0.6,N,INDIA,0.292
SATF-0224,2026-09-13_208_1,22.017,83.754,2026-09-13 20:17:00+00:00,2026-09-13 20:17:00+00:00,2026-09-13 20:17:00+00:00,0.0,1,1,N20,1.08,1.08,1.08,n,0.6,N,INDIA,0.283
SATF-0225,2026-09-13_212_1,21.959,83.777,2026-09-13 20:17:00+00:00,2026-09-13 20:17:00+00:00,2026-09-13 20:17:00+00:00,0.0,2,1,N20,1.08,1.07,2.14,n,0.6,N,INDIA,0.283
SATF-0226,2026-09-13_222_1,24.327,81.328,2026-09-13 20:17:00+00:00,2026-09-13 20:17:00+00:00,2026-09-13 20:17:00+00:00,0.0,1,1,N20,1.08,1.08,1.08,n,0.6,N,INDIA,0.283
SATF-0227,2026-09-13_213_1,22.214,84.864,2026-09-13 20:17:00+00:00,2026-09-13 20:17:00+00:00,2026-09-13 20:17:00+00:00,0.0,1,1,N20,1.06,1.06,1.06,n,0.6,N,INDIA,0.277
SATF-0228,2026-09-13_217_1,24.054,80.613,2026-09-13 20:17:00+00:00,2026-09-13 20:17:00+00:00,2026-09-13 20:17:00+00:00,0.0,1,1,N20,1.02,1.02,1.02,n,0.6,N,INDIA,0.267
SATF-0229,2026-09-13_224_1,24.01,80.528,2026-09-13 20:17:00+00:00,2026-09-13 20:17:00+00:00,2026-09-13 20:17:00+00:00,0.0,1,1,N20,0.96,0.96,0.96,n,0.6,N,INDIA,0.256
SATF-0230,2026-09-13_10_2,22.474,91.735,2026-09-13 20:17:00+00:00,2026-09-13 20:17:00+00:00,2026-09-13 20:17:00+00:00,0.0,1,1,N20,0.93,0.93,0.93,n,0.6,N,OUTSIDE_INDIA,0.251
SATF-0231,2026-09-13_226_1,24.53,81.169,2026-09-13 20:17:00+00:00,2026-09-13 20:17:00+00:00,2026-09-13 20:17:00+00:00,0.0,1,1,N20,0.81,0.81,0.81,n,0.6,N,INDIA,0.233
SATF-0232,2026-09-13_219_1,19.098,82.167,2026-09-13 20:17:00+00:00,2026-09-13 20:17:00+00:00,2026-09-13 20:17:00+00:00,0.0,2,1,N20,0.7,0.68,1.36,n,0.6,N,INDIA,0.214
SATF-0233,2026-09-13_210_1,21.192,81.199,2026-09-13 20:17:00+00:00,2026-09-13 20:17:00+00:00,2026-09-13 20:17:00+00:00,0.0,1,1,N20,0.69,0.69,0.69,n,0.6,N,INDIA,0.212
SATF-0234,2026-09-13_211_1,21.623,81.793,2026-09-13 20:17:00+00:00,2026-09-13 20:17:00+00:00,2026-09-13 20:17:00+00:00,0.0,1,1,N20,0.66,0.66,0.66,n,0.6,N,INDIA,0.208
SATF-0235,2026-09-13_232_1,11.268,80.003,2026-09-13 20:19:00+00:00,2026-09-13 20:19:00+00:00,2026-09-13 20:19:00+00:00,0.0,1,1,N20,1.86,1.86,1.86,n,0.6,N,OUTSIDE_INDIA,0.399
SATF-0236,2026-09-13_233_1,17.959,80.795,2026-09-13 20:19:00+00:00,2026-09-13 20:19:00+00:00,2026-09-13 20:19:00+00:00,0.0,1,1,N20,1.68,1.68,1.68,n,0.6,N,INDIA,0.378
SATF-0237,2026-09-13_228_1,11.178,79.088,2026-09-13 20:19:00+00:00,2026-09-13 20:19:00+00:00,2026-09-13 20:19:00+00:00,0.0,1,1,N20,1.59,1.59,1.59,n,0.6,N,INDIA,0.362
SATF-0238,2026-09-13_230_1,8.111,79.966,2026-09-13 20:19:00+00:00,2026-09-13 20:19:00+00:00,2026-09-13 20:19:00+00:00,0.0,1,1,N20,1.01,1.01,1.01,n,0.6,N,OUTSIDE_INDIA,0.265
SATF-0239,2026-09-13_229_1,7.988,79.866,2026-09-13 20:19:00+00:00,2026-09-13 20:19:00+00:00,2026-09-13 20:19:00+00:00,0.0,1,1,N20,0.94,0.94,0.94,n,0.6,N,OUTSIDE_INDIA,0.254
SATF-0240,2026-09-13_231_1,8.962,80.049,2026-09-13 20:19:00+00:00,2026-09-13 20:19:00+00:00,2026-09-13 20:19:00+00:00,0.0,1,1,N20,0.94,0.94,0.94,n,0.6,N,OUTSIDE_INDIA,0.254
SATF-0241,2026-09-13_234_1,36.999,80.194,2026-09-13 20:55:00+00:00,2026-09-13 20:55:00+00:00,2026-09-13 20:55:00+00:00,0.0,1,1,N21,1.41,1.41,1.41,n,0.6,N,OUTSIDE_INDIA,0.339
SATF-0242,2026-09-13_249_1,32.89,71.616,2026-09-13 20:57:00+00:00,2026-09-13 21:55:00+00:00,2026-09-13 20:57:00+00:00,0.967,2,2,"N20,N21",5.04,3.96,7.92,n,0.6,N,OUTSIDE_INDIA,0.686
SATF-0243,2026-09-13_237_1,32.378,72.14,2026-09-13 20:57:00+00:00,2026-09-13 20:57:00+00:00,2026-09-13 20:57:00+00:00,0.0,1,1,N21,2.88,2.88,2.88,n,0.6,N,OUTSIDE_INDIA,0.529
SATF-0244,2026-09-13_242_1,33.297,71.186,2026-09-13 20:57:00+00:00,2026-09-13 20:57:00+00:00,2026-09-13 20:57:00+00:00,0.0,1,1,N21,2.26,2.26,2.26,n,0.6,N,OUTSIDE_INDIA,0.454
SATF-0245,2026-09-13_243_1,28.729,77.156,2026-09-13 20:57:00+00:00,2026-09-13 20:57:00+00:00,2026-09-13 20:57:00+00:00,0.0,1,1,N21,2.08,2.08,2.08,n,0.6,N,INDIA,0.43
SATF-0246,2026-09-13_247_1,28.274,77.184,2026-09-13 20:57:00+00:00,2026-09-13 20:57:00+00:00,2026-09-13 20:57:00+00:00,0.0,1,1,N21,1.96,1.96,1.96,n,0.6,N,INDIA,0.412
SATF-0247,2026-09-13_241_1,32.574,72.562,2026-09-13 20:57:00+00:00,2026-09-13 20:57:00+00:00,2026-09-13 20:57:00+00:00,0.0,2,1,N21,1.66,1.66,3.32,n,0.6,N,OUTSIDE_INDIA,0.376
SATF-0248,2026-09-13_240_1,32.644,72.979,2026-09-13 20:57:00+00:00,2026-09-13 20:57:00+00:00,2026-09-13 20:57:00+00:00,0.0,1,1,N21,1.5,1.5,1.5,n,0.6,N,OUTSIDE_INDIA,0.351
SATF-0249,2026-09-13_245_1,29.911,74.948,2026-09-13 20:57:00+00:00,2026-09-13 20:57:00+00:00,2026-09-13 20:57:00+00:00,0.0,1,1,N21,1.47,1.47,1.47,n,0.6,N,INDIA,0.347
SATF-0250,2026-09-13_239_1,32.718,72.774,2026-09-13 20:57:00+00:00,2026-09-13 20:57:00+00:00,2026-09-13 20:57:00+00:00,0.0,1,1,N21,1.31,1.31,1.31,n,0.6,N,OUTSIDE_INDIA,0.326
SATF-0251,2026-09-13_246_1,28.744,76.928,2026-09-13 20:57:00+00:00,2026-09-13 20:57:00+00:00,2026-09-13 20:57:00+00:00,0.0,1,1,N21,1.3,1.3,1.3,n,0.6,N,INDIA,0.324
SATF-0252,2026-09-13_248_1,30.265,75.172,2026-09-13 20:57:00+00:00,2026-09-13 20:57:00+00:00,2026-09-13 20:57:00+00:00,0.0,1,1,N21,1.16,1.16,1.16,n,0.6,N,INDIA,0.297
SATF-0253,2026-09-13_238_1,31.677,73.968,2026-09-13 20:57:00+00:00,2026-09-13 20:57:00+00:00,2026-09-13 20:57:00+00:00,0.0,1,1,N21,1.07,1.07,1.07,n,0.6,N,OUTSIDE_INDIA,0.28
SATF-0254,2026-09-13_236_1,32.722,72.922,2026-09-13 20:57:00+00:00,2026-09-13 20:57:00+00:00,2026-09-13 20:57:00+00:00,0.0,1,1,N21,1.05,1.05,1.05,n,0.6,N,OUTSIDE_INDIA,0.275
SATF-0255,2026-09-13_235_1,31.253,76.927,2026-09-13 20:57:00+00:00,2026-09-13 20:57:00+00:00,2026-09-13 20:57:00+00:00,0.0,2,1,N21,0.95,0.8,1.6,n,0.6,N,INDIA,0.255
SATF-0256,2026-09-13_244_1,31.326,76.894,2026-09-13 20:57:00+00:00,2026-09-13 20:57:00+00:00,2026-09-13 20:57:00+00:00,0.0,1,1,N21,0.8,0.8,0.8,n,0.6,N,INDIA,0.231
SATF-0257,2026-09-13_256_1,26.813,67.228,2026-09-13 20:59:00+00:00,2026-09-13 20:59:00+00:00,2026-09-13 20:59:00+00:00,0.0,2,1,N21,2.99,2.99,5.98,n,0.6,N,OUTSIDE_INDIA,0.54
SATF-0258,2026-09-13_252_1,26.875,73.516,2026-09-13 20:59:00+00:00,2026-09-13 20:59:00+00:00,2026-09-13 20:59:00+00:00,0.0,2,1,N21,2.21,1.87,3.74,n,0.6,N,INDIA,0.451
SATF-0259,2026-09-13_149_2,28.425,69.701,2026-09-13 20:59:00+00:00,2026-09-13 21:55:00+00:00,2026-09-13 20:59:00+00:00,0.933,2,2,"N20,N21",2.2,1.69,3.38,n,0.6,N,OUTSIDE_INDIA,0.449
SATF-0260,2026-09-13_251_1,26.927,73.469,2026-09-13 20:59:00+00:00,2026-09-13 20:59:00+00:00,2026-09-13 20:59:00+00:00,0.0,1,1,N21,1.19,1.19,1.19,n,0.6,N,INDIA,0.303
SATF-0261,2026-09-13_253_1,26.604,73.685,2026-09-13 20:59:00+00:00,2026-09-13 20:59:00+00:00,2026-09-13 20:59:00+00:00,0.0,1,1,N21,1.17,1.17,1.17,n,0.6,N,INDIA,0.299
SATF-0262,2026-09-13_254_1,26.257,74.094,2026-09-13 20:59:00+00:00,2026-09-13 20:59:00+00:00,2026-09-13 20:59:00+00:00,0.0,1,1,N21,1.15,1.15,1.15,n,0.6,N,INDIA,0.294
SATF-0263,2026-09-13_255_1,25.986,68.33,2026-09-13 20:59:00+00:00,2026-09-13 20:59:00+00:00,2026-09-13 20:59:00+00:00,0.0,1,1,N21,1.07,1.07,1.07,n,0.6,N,OUTSIDE_INDIA,0.28
SATF-0264,2026-09-13_250_1,27.289,73.838,2026-09-13 20:59:00+00:00,2026-09-13 20:59:00+00:00,2026-09-13 20:59:00+00:00,0.0,1,1,N21,1.04,1.04,1.04,n,0.6,N,INDIA,0.271
SATF-0265,2026-09-13_162_2,26.095,68.878,2026-09-13 20:59:00+00:00,2026-09-13 20:59:00+00:00,2026-09-13 20:59:00+00:00,0.0,1,1,N21,0.9,0.9,0.9,n,0.6,N,OUTSIDE_INDIA,0.247
SATF-0266,2026-09-13_257_1,22.926,69.825,2026-09-13 20:59:00+00:00,2026-09-13 20:59:00+00:00,2026-09-13 20:59:00+00:00,0.0,1,1,N21,0.47,0.47,0.47,n,0.6,N,INDIA,0.19
SATF-0267,2026-09-13_259_1,15.176,76.663,2026-09-13 21:01:00+00:00,2026-09-13 21:01:00+00:00,2026-09-13 21:01:00+00:00,0.0,3,1,N21,3.94,3.27,9.81,n,0.6,N,INDIA,0.616
SATF-0268,2026-09-13_258_1,15.173,76.377,2026-09-13 21:01:00+00:00,2026-09-13 21:01:00+00:00,2026-09-13 21:01:00+00:00,0.0,1,1,N21,1.74,1.74,1.74,n,0.6,N,INDIA,0.382
SATF-0269,2026-09-13_261_1,22.927,69.7,2026-09-13 21:01:00+00:00,2026-09-13 21:01:00+00:00,2026-09-13 21:01:00+00:00,0.0,4,1,N21,1.29,0.725,2.9,n,0.6,N,INDIA,0.323
SATF-0270,2026-09-13_260_1,15.331,76.287,2026-09-13 21:01:00+00:00,2026-09-13 21:01:00+00:00,2026-09-13 21:01:00+00:00,0.0,1,1,N21,1.04,1.04,1.04,n,0.6,N,INDIA,0.271
SATF-0271,2026-09-13_263_1,33.801,72.096,2026-09-13 21:55:00+00:00,2026-09-13 21:55:00+00:00,2026-09-13 21:55:00+00:00,0.0,1,1,N20,0.7,0.7,0.7,n,0.6,N,OUTSIDE_INDIA,0.214
SATF-0272,2026-09-13_262_1,25.054,67.493,2026-09-13 21:55:00+00:00,2026-09-13 21:55:00+00:00,2026-09-13 21:55:00+00:00,0.0,1,1,N20,0.6,0.6,0.6,n,0.6,N,OUTSIDE_INDIA,0.201
SATF-0273,2026-09-13_264_1,33.267,71.309,2026-09-13 21:55:00+00:00,2026-09-13 21:55:00+00:00,2026-09-13 21:55:00+00:00,0.0,1,1,N20,0.34,0.34,0.34,n,0.6,N,OUTSIDE_INDIA,0.183
SATF-0274,2026-09-14_0_1,23.793,97.988,2026-09-14 05:48:00+00:00,2026-09-14 06:31:00+00:00,2026-09-14 05:48:00+00:00,0.717,3,2,"N20,N21",5.26,4.84,14.52,n,0.6,D,OUTSIDE_INDIA,0.697
SATF-0275,2026-09-14_5_1,24.332,94.813,2026-09-14 06:31:00+00:00,2026-09-14 06:31:00+00:00,2026-09-14 06:31:00+00:00,0.0,1,1,N21,8.87,8.87,8.87,n,0.6,D,OUTSIDE_INDIA,0.819
SATF-0276,2026-09-14_7_1,24.415,96.218,2026-09-14 06:31:00+00:00,2026-09-14 06:31:00+00:00,2026-09-14 06:31:00+00:00,0.0,1,1,N21,8.42,8.42,8.42,n,0.6,D,OUTSIDE_INDIA,0.809
SATF-0277,2026-09-14_4_1,21.35,97.428,2026-09-14 06:31:00+00:00,2026-09-14 06:31:00+00:00,2026-09-14 06:31:00+00:00,0.0,1,1,N21,6.34,6.34,6.34,l,0.3,D,OUTSIDE_INDIA,0.661
SATF-0278,2026-09-14_3_1,22.338,97.909,2026-09-14 06:31:00+00:00,2026-09-14 06:31:00+00:00,2026-09-14 06:31:00+00:00,0.0,1,1,N21,5.57,5.57,5.57,n,0.6,D,OUTSIDE_INDIA,0.712
SATF-0279,2026-09-14_8_1,24.175,94.365,2026-09-14 06:31:00+00:00,2026-09-14 06:31:00+00:00,2026-09-14 06:31:00+00:00,0.0,1,1,N21,3.7,3.7,3.7,n,0.6,D,OUTSIDE_INDIA,0.593
SATF-0280,2026-09-14_2_1,19.454,95.995,2026-09-14 06:31:00+00:00,2026-09-14 06:31:00+00:00,2026-09-14 06:31:00+00:00,0.0,1,1,N21,2.92,2.92,2.92,n,0.6,D,OUTSIDE_INDIA,0.533
SATF-0281,2026-09-14_1_1,22.417,97.851,2026-09-14 06:31:00+00:00,2026-09-14 06:31:00+00:00,2026-09-14 06:31:00+00:00,0.0,1,1,N21,2.72,2.72,2.72,n,0.6,D,OUTSIDE_INDIA,0.511
SATF-0282,2026-09-14_6_1,25.245,96.465,2026-09-14 06:31:00+00:00,2026-09-14 06:31:00+00:00,2026-09-14 06:31:00+00:00,0.0,1,1,N21,1.99,1.99,1.99,n,0.6,D,OUTSIDE_INDIA,0.417
SATF-0283,2026-09-14_9_1,23.716,86.408,2026-09-14 06:33:00+00:00,2026-09-14 07:29:00+00:00,2026-09-14 06:33:00+00:00,0.933,4,2,"N20,N21",9.73,7.658,30.63,n,0.6,D,INDIA,0.836
SATF-0284,2026-09-14_10_1,27.965,96.966,2026-09-14 06:33:00+00:00,2026-09-14 06:33:00+00:00,2026-09-14 06:33:00+00:00,0.0,1,1,N21,2.91,2.91,2.91,n,0.6,D,INDIA,0.531
SATF-0285,2026-09-14_11_1,36.329,94.805,2026-09-14 06:35:00+00:00,2026-09-14 06:35:00+00:00,2026-09-14 06:35:00+00:00,0.0,1,1,N21,3.92,3.92,3.92,l,0.3,D,OUTSIDE_INDIA,0.524
SATF-0286,2026-09-14_13_1,8.224,79.977,2026-09-14 07:24:00+00:00,2026-09-14 07:24:00+00:00,2026-09-14 07:24:00+00:00,0.0,1,1,N20,5.57,5.57,5.57,n,0.6,D,OUTSIDE_INDIA,0.712
SATF-0287,2026-09-14_12_1,7.082,81.825,2026-09-14 07:24:00+00:00,2026-09-14 07:24:00+00:00,2026-09-14 07:24:00+00:00,0.0,1,1,N20,3.13,3.13,3.13,n,0.6,D,OUTSIDE_INDIA,0.55
SATF-0288,2026-09-14_19_1,8.467,80.49,2026-09-14 07:26:00+00:00,2026-09-14 08:09:00+00:00,2026-09-14 07:26:00+00:00,0.717,21,2,"N20,N21",27.04,7.362,154.61,n,0.6,D,OUTSIDE_INDIA,0.878
SATF-0289,2026-09-14_15_1,8.48,80.177,2026-09-14 07:26:00+00:00,2026-09-14 08:09:00+00:00,2026-09-14 07:26:00+00:00,0.717,3,2,"N20,N21",13.84,7.863,23.59,n,0.6,D,OUTSIDE_INDIA,0.865
SATF-0290,2026-09-14_22_1,13.006,76.334,2026-09-14 07:26:00+00:00,2026-09-14 07:26:00+00:00,2026-09-14 07:26:00+00:00,0.0,1,1,N20,6.84,6.84,6.84,n,0.6,D,INDIA,0.77
SATF-0291,2026-09-14_14_1,13.884,77.417,2026-09-14 07:26:00+00:00,2026-09-14 08:09:00+00:00,2026-09-14 07:26:00+00:00,0.717,2,2,"N20,N21",5.85,4.08,8.16,n,0.6,D,INDIA,0.727
SATF-0292,2026-09-14_18_1,15.773,80.352,2026-09-14 07:26:00+00:00,2026-09-14 07:26:00+00:00,2026-09-14 07:26:00+00:00,0.0,2,1,N20,5.65,5.65,11.3,n,0.6,D,INDIA,0.716
SATF-0293,2026-09-14_21_1,13.726,78.375,2026-09-14 07:26:00+00:00,2026-09-14 07:26:00+00:00,2026-09-14 07:26:00+00:00,0.0,1,1,N20,5.2,5.2,5.2,n,0.6,D,INDIA,0.695
SATF-0294,2026-09-14_17_1,15.336,77.071,2026-09-14 07:26:00+00:00,2026-09-14 07:26:00+00:00,2026-09-14 07:26:00+00:00,0.0,1,1,N20,3.2,3.2,3.2,n,0.6,D,INDIA,0.556
SATF-0295,2026-09-14_16_1,13.992,78.138,2026-09-14 07:26:00+00:00,2026-09-14 07:26:00+00:00,2026-09-14 07:26:00+00:00,0.0,1,1,N20,2.38,2.38,2.38,n,0.6,D,INDIA,0.472
SATF-0296,2026-09-14_20_1,15.823,79.835,2026-09-14 07:26:00+00:00,2026-09-14 07:26:00+00:00,2026-09-14 07:26:00+00:00,0.0,1,1,N20,1.17,1.17,1.17,n,0.6,D,INDIA,0.299
SATF-0297,2026-09-14_34_1,24.298,93.711,2026-09-14 07:29:00+00:00,2026-09-14 07:29:00+00:00,2026-09-14 07:29:00+00:00,0.0,3,1,N20,14.63,10.177,30.53,n,0.6,D,INDIA,0.866
SATF-0298,2026-09-14_37_1,21.751,83.843,2026-09-14 07:29:00+00:00,2026-09-14 08:13:00+00:00,2026-09-14 07:29:00+00:00,0.733,9,2,"N20,N21",13.46,7.738,69.64,h,1.0,D,INDIA,0.983
SATF-0299,2026-09-14_28_1,20.966,85.178,2026-09-14 07:29:00+00:00,2026-09-14 08:11:00+00:00,2026-09-14 07:29:00+00:00,0.7,7,2,"N20,N21",11.21,7.021,49.15,n,0.6,D,INDIA,0.849
SATF-0300,2026-09-14_30_1,23.777,86.206,2026-09-14 07:29:00+00:00,2026-09-14 08:13:00+00:00,2026-09-14 07:29:00+00:00,0.733,4,2,"N20,N21",10.29,7.505,30.02,n,0.6,D,INDIA,0.841
SATF-0301,2026-09-14_29_1,15.372,75.97,2026-09-14 07:29:00+00:00,2026-09-14 07:29:00+00:00,2026-09-14 07:29:00+00:00,0.0,1,1,N20,8.72,8.72,8.72,n,0.6,D,INDIA,0.815
SATF-0302,2026-09-14_41_1,23.054,97.749,2026-09-14 07:29:00+00:00,2026-09-14 07:29:00+00:00,2026-09-14 07:29:00+00:00,0.0,1,1,N20,8.66,8.66,8.66,h,1.0,D,OUTSIDE_INDIA,0.934
SATF-0303,2026-09-14_27_1,15.442,76.757,2026-09-14 07:29:00+00:00,2026-09-14 07:29:00+00:00,2026-09-14 07:29:00+00:00,0.0,1,1,N20,8.24,8.24,8.24,n,0.6,D,INDIA,0.807
SATF-0304,2026-09-14_24_1,17.6,83.184,2026-09-14 07:29:00+00:00,2026-09-14 08:11:00+00:00,2026-09-14 07:29:00+00:00,0.7,2,2,"N20,N21",8.15,6.885,13.77,n,0.6,D,INDIA,0.805
SATF-0305,2026-09-14_44_1,22.362,87.018,2026-09-14 07:29:00+00:00,2026-09-14 07:29:00+00:00,2026-09-14 07:29:00+00:00,0.0,1,1,N20,7.04,7.04,7.04,n,0.6,D,INDIA,0.776
SATF-0306,2026-09-14_23_1,20.783,85.277,2026-09-14 07:29:00+00:00,2026-09-14 07:29:00+00:00,2026-09-14 07:29:00+00:00,0.0,2,1,N20,6.72,6.66,13.32,n,0.6,D,INDIA,0.765
SATF-0307,2026-09-14_43_1,22.364,87.302,2026-09-14 07:29:00+00:00,2026-09-14 07:29:00+00:00,2026-09-14 07:29:00+00:00,0.0,1,1,N20,6.57,6.57,6.57,n,0.6,D,INDIA,0.76
SATF-0308,2026-09-14_35_1,23.757,85.856,2026-09-14 07:29:00+00:00,2026-09-14 07:29:00+00:00,2026-09-14 07:29:00+00:00,0.0,1,1,N20,6.25,6.25,6.25,n,0.6,D,INDIA,0.747
SATF-0309,2026-09-14_45_1,21.92,83.351,2026-09-14 07:29:00+00:00,2026-09-14 08:13:00+00:00,2026-09-14 07:29:00+00:00,0.733,4,2,"N20,N21",6.14,5.315,21.26,n,0.6,D,INDIA,0.741
SATF-0310,2026-09-14_46_1,21.187,81.393,2026-09-14 07:29:00+00:00,2026-09-14 07:29:00+00:00,2026-09-14 07:29:00+00:00,0.0,1,1,N20,5.23,5.23,5.23,n,0.6,D,INDIA,0.697
SATF-0311,2026-09-14_47_1,23.682,86.094,2026-09-14 07:29:00+00:00,2026-09-14 07:29:00+00:00,2026-09-14 07:29:00+00:00,0.0,1,1,N20,4.63,4.63,4.63,n,0.6,D,INDIA,0.668
SATF-0312,2026-09-14_26_1,16.315,78.446,2026-09-14 07:29:00+00:00,2026-09-14 08:11:00+00:00,2026-09-14 07:29:00+00:00,0.7,3,2,"N20,N21",4.57,3.737,11.21,n,0.6,D,INDIA,0.663
SATF-0313,2026-09-14_40_1,23.582,86.726,2026-09-14 07:29:00+00:00,2026-09-14 07:29:00+00:00,2026-09-14 07:29:00+00:00,0.0,1,1,N20,4.53,4.53,4.53,n,0.6,D,INDIA,0.66
SATF-0314,2026-09-14_38_1,21.926,85.224,2026-09-14 07:29:00+00:00,2026-09-14 07:29:00+00:00,2026-09-14 07:29:00+00:00,0.0,1,1,N20,4.47,4.47,4.47,l,0.3,D,INDIA,0.567
SATF-0315,2026-09-14_36_1,23.672,87.137,2026-09-14 07:29:00+00:00,2026-09-14 07:29:00+00:00,2026-09-14 07:29:00+00:00,0.0,3,1,N20,3.82,3.053,9.16,n,0.6,D,INDIA,0.605
SATF-0316,2026-09-14_25_1,16.769,79.801,2026-09-14 07:29:00+00:00,2026-09-14 07:29:00+00:00,2026-09-14 07:29:00+00:00,0.0,1,1,N20,3.38,3.38,3.38,n,0.6,D,INDIA,0.574
SATF-0317,2026-09-14_39_1,23.607,95.807,2026-09-14 07:29:00+00:00,2026-09-14 07:29:00+00:00,2026-09-14 07:29:00+00:00,0.0,1,1,N20,2.73,2.73,2.73,n,0.6,D,OUTSIDE_INDIA,0.512
SATF-0318,2026-09-14_42_1,22.669,88.293,2026-09-14 07:29:00+00:00,2026-09-14 07:29:00+00:00,2026-09-14 07:29:00+00:00,0.0,1,1,N20,2.69,2.69,2.69,n,0.6,D,INDIA,0.507
SATF-0319,2026-09-14_31_1,23.974,95.823,2026-09-14 07:29:00+00:00,2026-09-14 07:29:00+00:00,2026-09-14 07:29:00+00:00,0.0,1,1,N20,2.02,2.02,2.02,n,0.6,D,OUTSIDE_INDIA,0.421
SATF-0320,2026-09-14_33_1,24.115,86.861,2026-09-14 07:29:00+00:00,2026-09-14 07:29:00+00:00,2026-09-14 07:29:00+00:00,0.0,1,1,N20,1.85,1.85,1.85,n,0.6,D,INDIA,0.398
SATF-0321,2026-09-14_32_1,24.007,95.932,2026-09-14 07:29:00+00:00,2026-09-14 07:29:00+00:00,2026-09-14 07:29:00+00:00,0.0,1,1,N20,1.8,1.8,1.8,n,0.6,D,OUTSIDE_INDIA,0.391
SATF-0322,2026-09-14_50_1,37.307,79.845,2026-09-14 07:31:00+00:00,2026-09-14 07:31:00+00:00,2026-09-14 07:31:00+00:00,0.0,1,1,N20,8.97,8.97,8.97,n,0.6,D,OUTSIDE_INDIA,0.822
SATF-0323,2026-09-14_53_1,31.678,75.007,2026-09-14 07:31:00+00:00,2026-09-14 07:31:00+00:00,2026-09-14 07:31:00+00:00,0.0,1,1,N20,8.17,8.17,8.17,n,0.6,D,INDIA,0.806
SATF-0324,2026-09-14_49_1,31.335,74.841,2026-09-14 07:31:00+00:00,2026-09-14 07:31:00+00:00,2026-09-14 07:31:00+00:00,0.0,1,1,N20,7.82,7.82,7.82,h,1.0,D,INDIA,0.918
SATF-0325,2026-09-14_51_1,34.309,73.849,2026-09-14 07:31:00+00:00,2026-09-14 08:16:00+00:00,2026-09-14 07:31:00+00:00,0.75,3,2,"N20,N21",5.9,5.503,16.51,n,0.6,D,CROSS_BORDER,0.73
SATF-0326,2026-09-14_52_1,31.126,74.648,2026-09-14 07:31:00+00:00,2026-09-14 07:31:00+00:00,2026-09-14 07:31:00+00:00,0.0,1,1,N20,4.55,4.55,4.55,n,0.6,D,INDIA,0.662
SATF-0327,2026-09-14_48_1,31.709,74.51,2026-09-14 07:31:00+00:00,2026-09-14 07:31:00+00:00,2026-09-14 07:31:00+00:00,0.0,1,1,N20,3.99,3.99,3.99,n,0.6,D,INDIA,0.622
SATF-0328,2026-09-14_54_1,31.06,74.484,2026-09-14 07:31:00+00:00,2026-09-14 08:16:00+00:00,2026-09-14 07:31:00+00:00,0.75,3,2,"N20,N21",3.96,3.26,9.78,n,0.6,D,OUTSIDE_INDIA,0.619
SATF-0329,2026-09-14_55_1,27.377,95.337,2026-09-14 07:31:00+00:00,2026-09-14 07:31:00+00:00,2026-09-14 07:31:00+00:00,0.0,1,1,N20,1.78,1.78,1.78,n,0.6,D,INDIA,0.388
SATF-0330,2026-09-14_57_1,8.912,80.771,2026-09-14 08:09:00+00:00,2026-09-14 08:09:00+00:00,2026-09-14 08:09:00+00:00,0.0,10,1,N21,23.08,9.466,94.66,n,0.6,D,OUTSIDE_INDIA,0.876
SATF-0331,2026-09-14_77_1,7.629,81.5,2026-09-14 08:09:00+00:00,2026-09-14 08:09:00+00:00,2026-09-14 08:09:00+00:00,0.0,1,1,N21,15.9,15.9,15.9,n,0.6,D,OUTSIDE_INDIA,0.868
SATF-0332,2026-09-14_94_1,7.994,80.084,2026-09-14 08:09:00+00:00,2026-09-14 08:09:00+00:00,2026-09-14 08:09:00+00:00,0.0,1,1,N21,13.42,13.42,13.42,n,0.6,D,OUTSIDE_INDIA,0.862
SATF-0333,2026-09-14_93_1,12.989,76.124,2026-09-14 08:09:00+00:00,2026-09-14 09:05:00+00:00,2026-09-14 08:09:00+00:00,0.933,2,2,"N20,N21",12.4,7.31,14.62,n,0.6,D,INDIA,0.859
SATF-0334,2026-09-14_67_1,13.473,77.766,2026-09-14 08:09:00+00:00,2026-09-14 08:09:00+00:00,2026-09-14 08:09:00+00:00,0.0,1,1,N21,10.71,10.71,10.71,l,0.3,D,INDIA,0.753
SATF-0335,2026-09-14_96_1,8.326,81.294,2026-09-14 08:09:00+00:00,2026-09-14 08:09:00+00:00,2026-09-14 08:09:00+00:00,0.0,2,1,N21,9.61,7.47,14.94,n,0.6,D,OUTSIDE_INDIA,0.833
SATF-0336,2026-09-14_90_1,7.093,81.407,2026-09-14 08:09:00+00:00,2026-09-14 08:09:00+00:00,2026-09-14 08:09:00+00:00,0.0,2,1,N21,9.49,7.57,15.14,n,0.6,D,OUTSIDE_INDIA,0.83
SATF-0337,2026-09-14_56_1,8.945,80.826,2026-09-14 08:09:00+00:00,2026-09-14 08:09:00+00:00,2026-09-14 08:09:00+00:00,0.0,2,1,N21,9.41,6.355,12.71,n,0.6,D,OUTSIDE_INDIA,0.829
SATF-0338,2026-09-14_84_1,7.833,81.113,2026-09-14 08:09:00+00:00,2026-09-14 08:09:00+00:00,2026-09-14 08:09:00+00:00,0.0,2,1,N21,8.89,8.575,17.15,n,0.6,D,OUTSIDE_INDIA,0.82
SATF-0339,2026-09-14_76_1,9.381,78.881,2026-09-14 08:09:00+00:00,2026-09-14 08:09:00+00:00,2026-09-14 08:09:00+00:00,0.0,1,1,N21,8.54,8.54,8.54,n,0.6,D,INDIA,0.811
SATF-0340,2026-09-14_69_1,9.477,80.485,2026-09-14 08:09:00+00:00,2026-09-14 08:09:00+00:00,2026-09-14 08:09:00+00:00,0.0,1,1,N21,8.18,8.18,8.18,n,0.6,D,OUTSIDE_INDIA,0.806
SATF-0341,2026-09-14_60_1,8.553,80.747,2026-09-14 08:09:00+00:00,2026-09-14 08:09:00+00:00,2026-09-14 08:09:00+00:00,0.0,1,1,N21,7.96,7.96,7.96,n,0.6,D,OUTSIDE_INDIA,0.801
SATF-0342,2026-09-14_62_1,13.533,78.513,2026-09-14 08:09:00+00:00,2026-09-14 08:09:00+00:00,2026-09-14 08:09:00+00:00,0.0,2,1,N21,7.88,7.88,15.76,n,0.6,D,INDIA,0.8
SATF-0343,2026-09-14_78_1,7.925,80.067,2026-09-14 08:09:00+00:00,2026-09-14 08:09:00+00:00,2026-09-14 08:09:00+00:00,0.0,1,1,N21,7.8,7.8,7.8,n,0.6,D,OUTSIDE_INDIA,0.797
SATF-0344,2026-09-14_61_1,8.555,80.536,2026-09-14 08:09:00+00:00,2026-09-14 08:09:00+00:00,2026-09-14 08:09:00+00:00,0.0,1,1,N21,7.08,7.08,7.08,n,0.6,D,OUTSIDE_INDIA,0.778
SATF-0345,2026-09-14_97_1,8.093,79.921,2026-09-14 08:09:00+00:00,2026-09-14 08:09:00+00:00,2026-09-14 08:09:00+00:00,0.0,1,1,N21,7.0,7.0,7.0,n,0.6,D,OUTSIDE_INDIA,0.775
SATF-0346,2026-09-14_58_1,8.908,80.529,2026-09-14 08:09:00+00:00,2026-09-14 08:09:00+00:00,2026-09-14 08:09:00+00:00,0.0,2,1,N21,6.85,6.2,12.4,n,0.6,D,OUTSIDE_INDIA,0.771
SATF-0347,2026-09-14_95_1,8.335,80.263,2026-09-14 08:09:00+00:00,2026-09-14 08:09:00+00:00,2026-09-14 08:09:00+00:00,0.0,1,1,N21,6.83,6.83,6.83,n,0.6,D,OUTSIDE_INDIA,0.769
SATF-0348,2026-09-14_81_1,7.904,80.177,2026-09-14 08:09:00+00:00,2026-09-14 08:09:00+00:00,2026-09-14 08:09:00+00:00,0.0,2,1,N21,6.5,5.575,11.15,n,0.6,D,OUTSIDE_INDIA,0.757
SATF-0349,2026-09-14_82_1,7.901,81.182,2026-09-14 08:09:00+00:00,2026-09-14 08:09:00+00:00,2026-09-14 08:09:00+00:00,0.0,1,1,N21,6.34,6.34,6.34,n,0.6,D,OUTSIDE_INDIA,0.751
SATF-0350,2026-09-14_73_1,9.721,78.952,2026-09-14 08:09:00+00:00,2026-09-14 08:09:00+00:00,2026-09-14 08:09:00+00:00,0.0,1,1,N21,6.16,6.16,6.16,n,0.6,D,INDIA,0.743
SATF-0351,2026-09-14_98_1,8.382,80.167,2026-09-14 08:09:00+00:00,2026-09-14 08:09:00+00:00,2026-09-14 08:09:00+00:00,0.0,1,1,N21,6.03,6.03,6.03,n,0.6,D,OUTSIDE_INDIA,0.736
SATF-0352,2026-09-14_79_1,7.974,80.271,2026-09-14 08:09:00+00:00,2026-09-14 08:09:00+00:00,2026-09-14 08:09:00+00:00,0.0,4,1,N21,5.94,3.562,14.25,n,0.6,D,OUTSIDE_INDIA,0.733
SATF-0353,2026-09-14_85_1,7.809,80.631,2026-09-14 08:09:00+00:00,2026-09-14 08:09:00+00:00,2026-09-14 08:09:00+00:00,0.0,1,1,N21,5.82,5.82,5.82,n,0.6,D,OUTSIDE_INDIA,0.725
SATF-0354,2026-09-14_99_1,7.994,80.132,2026-09-14 08:09:00+00:00,2026-09-14 08:09:00+00:00,2026-09-14 08:09:00+00:00,0.0,1,1,N21,5.71,5.71,5.71,n,0.6,D,OUTSIDE_INDIA,0.72
SATF-0355,2026-09-14_89_1,7.395,81.335,2026-09-14 08:09:00+00:00,2026-09-14 08:09:00+00:00,2026-09-14 08:09:00+00:00,0.0,2,1,N21,5.0,3.71,7.42,n,0.6,D,OUTSIDE_INDIA,0.684
SATF-0356,2026-09-14_68_1,13.647,78.219,2026-09-14 08:09:00+00:00,2026-09-14 08:09:00+00:00,2026-09-14 08:09:00+00:00,0.0,2,1,N21,4.65,4.585,9.17,n,0.6,D,INDIA,0.669
SATF-0357,2026-09-14_63_1,12.423,77.79,2026-09-14 08:09:00+00:00,2026-09-14 08:09:00+00:00,2026-09-14 08:09:00+00:00,0.0,1,1,N21,4.36,4.36,4.36,n,0.6,D,INDIA,0.648
SATF-0358,2026-09-14_75_1,9.304,78.841,2026-09-14 08:09:00+00:00,2026-09-14 08:09:00+00:00,2026-09-14 08:09:00+00:00,0.0,1,1,N21,4.19,4.19,4.19,n,0.6,D,INDIA,0.637
SATF-0359,2026-09-14_88_1,7.626,80.994,2026-09-14 08:09:00+00:00,2026-09-14 08:09:00+00:00,2026-09-14 08:09:00+00:00,0.0,1,1,N21,3.85,3.85,3.85,n,0.6,D,OUTSIDE_INDIA,0.608
SATF-0360,2026-09-14_83_1,7.855,79.913,2026-09-14 08:09:00+00:00,2026-09-14 08:09:00+00:00,2026-09-14 08:09:00+00:00,0.0,2,1,N21,3.67,3.36,6.72,n,0.6,D,OUTSIDE_INDIA,0.591
SATF-0361,2026-09-14_71_1,11.793,79.612,2026-09-14 08:09:00+00:00,2026-09-14 08:09:00+00:00,2026-09-14 08:09:00+00:00,0.0,1,1,N21,3.64,3.64,3.64,n,0.6,D,INDIA,0.59
SATF-0362,2026-09-14_92_1,7.864,80.246,2026-09-14 08:09:00+00:00,2026-09-14 08:09:00+00:00,2026-09-14 08:09:00+00:00,0.0,1,1,N21,3.61,3.61,3.61,n,0.6,D,OUTSIDE_INDIA,0.588
SATF-0363,2026-09-14_74_1,9.566,80.379,2026-09-14 08:09:00+00:00,2026-09-14 08:09:00+00:00,2026-09-14 08:09:00+00:00,0.0,1,1,N21,3.57,3.57,3.57,n,0.6,D,OUTSIDE_INDIA,0.586
SATF-0364,2026-09-14_65_1,13.348,75.831,2026-09-14 08:09:00+00:00,2026-09-14 08:09:00+00:00,2026-09-14 08:09:00+00:00,0.0,1,1,N21,3.39,3.39,3.39,n,0.6,D,INDIA,0.576
SATF-0365,2026-09-14_66_1,13.422,77.464,2026-09-14 08:09:00+00:00,2026-09-14 08:09:00+00:00,2026-09-14 08:09:00+00:00,0.0,1,1,N21,3.26,3.26,3.26,l,0.3,D,INDIA,0.472
SATF-0366,2026-09-14_70_1,12.267,76.796,2026-09-14 08:09:00+00:00,2026-09-14 08:09:00+00:00,2026-09-14 08:09:00+00:00,0.0,1,1,N21,3.22,3.22,3.22,n,0.6,D,INDIA,0.559
SATF-0367,2026-09-14_80_1,7.771,80.094,2026-09-14 08:09:00+00:00,2026-09-14 08:09:00+00:00,2026-09-14 08:09:00+00:00,0.0,1,1,N21,3.09,3.09,3.09,n,0.6,D,OUTSIDE_INDIA,0.547
SATF-0368,2026-09-14_72_1,11.299,77.662,2026-09-14 08:09:00+00:00,2026-09-14 08:09:00+00:00,2026-09-14 08:09:00+00:00,0.0,1,1,N21,3.07,3.07,3.07,n,0.6,D,INDIA,0.545
SATF-0369,2026-09-14_87_1,12.998,77.862,2026-09-14 08:09:00+00:00,2026-09-14 08:09:00+00:00,2026-09-14 08:09:00+00:00,0.0,1,1,N21,3.0,3.0,3.0,n,0.6,D,INDIA,0.541
SATF-0370,2026-09-14_59_1,8.693,80.792,2026-09-14 08:09:00+00:00,2026-09-14 08:09:00+00:00,2026-09-14 08:09:00+00:00,0.0,1,1,N21,2.53,2.53,2.53,n,0.6,D,OUTSIDE_INDIA,0.49
SATF-0371,2026-09-14_64_1,13.167,76.581,2026-09-14 08:09:00+00:00,2026-09-14 08:09:00+00:00,2026-09-14 08:09:00+00:00,0.0,1,1,N21,2.42,2.42,2.42,n,0.6,D,INDIA,0.476
SATF-0372,2026-09-14_86_1,7.637,80.203,2026-09-14 08:09:00+00:00,2026-09-14 08:09:00+00:00,2026-09-14 08:09:00+00:00,0.0,1,1,N21,2.42,2.42,2.42,n,0.6,D,OUTSIDE_INDIA,0.476
SATF-0373,2026-09-14_91_1,11.666,79.683,2026-09-14 08:09:00+00:00,2026-09-14 08:09:00+00:00,2026-09-14 08:09:00+00:00,0.0,1,1,N21,2.27,2.27,2.27,n,0.6,D,INDIA,0.456
SATF-0374,2026-09-14_113_1,14.604,77.211,2026-09-14 08:11:00+00:00,2026-09-14 08:11:00+00:00,2026-09-14 08:11:00+00:00,0.0,1,1,N21,21.52,21.52,21.52,n,0.6,D,INDIA,0.875
SATF-0375,2026-09-14_101_1,14.389,77.893,2026-09-14 08:11:00+00:00,2026-09-14 08:11:00+00:00,2026-09-14 08:11:00+00:00,0.0,1,1,N21,11.93,11.93,11.93,n,0.6,D,INDIA,0.856
SATF-0376,2026-09-14_100_1,15.182,76.655,2026-09-14 08:11:00+00:00,2026-09-14 08:11:00+00:00,2026-09-14 08:11:00+00:00,0.0,3,1,N21,9.66,6.893,20.68,n,0.6,D,INDIA,0.834
SATF-0377,2026-09-14_103_1,19.098,82.167,2026-09-14 08:11:00+00:00,2026-09-14 08:11:00+00:00,2026-09-14 08:11:00+00:00,0.0,1,1,N21,9.25,9.25,9.25,n,0.6,D,INDIA,0.829
SATF-0378,2026-09-14_115_1,14.766,77.71,2026-09-14 08:11:00+00:00,2026-09-14 08:11:00+00:00,2026-09-14 08:11:00+00:00,0.0,1,1,N21,9.17,9.17,9.17,n,0.6,D,INDIA,0.826
SATF-0379,2026-09-14_119_1,20.964,86.008,2026-09-14 08:11:00+00:00,2026-09-14 08:11:00+00:00,2026-09-14 08:11:00+00:00,0.0,1,1,N21,8.81,8.81,8.81,n,0.6,D,INDIA,0.818
SATF-0380,2026-09-14_106_1,16.405,78.52,2026-09-14 08:11:00+00:00,2026-09-14 08:11:00+00:00,2026-09-14 08:11:00+00:00,0.0,1,1,N21,8.68,8.68,8.68,n,0.6,D,INDIA,0.815
SATF-0381,2026-09-14_117_1,15.474,79.149,2026-09-14 08:11:00+00:00,2026-09-14 08:11:00+00:00,2026-09-14 08:11:00+00:00,0.0,1,1,N21,8.35,8.35,8.35,n,0.6,D,INDIA,0.808
SATF-0382,2026-09-14_109_1,14.571,77.653,2026-09-14 08:11:00+00:00,2026-09-14 08:11:00+00:00,2026-09-14 08:11:00+00:00,0.0,1,1,N21,7.58,7.58,7.58,l,0.3,D,INDIA,0.702
SATF-0383,2026-09-14_104_1,16.691,78.934,2026-09-14 08:11:00+00:00,2026-09-14 08:11:00+00:00,2026-09-14 08:11:00+00:00,0.0,1,1,N21,7.22,7.22,7.22,n,0.6,D,INDIA,0.782
SATF-0384,2026-09-14_118_1,14.335,77.18,2026-09-14 08:11:00+00:00,2026-09-14 08:11:00+00:00,2026-09-14 08:11:00+00:00,0.0,1,1,N21,6.65,6.65,6.65,l,0.3,D,INDIA,0.673
SATF-0385,2026-09-14_120_1,16.252,78.43,2026-09-14 08:11:00+00:00,2026-09-14 08:11:00+00:00,2026-09-14 08:11:00+00:00,0.0,1,1,N21,5.07,5.07,5.07,n,0.6,D,INDIA,0.687
SATF-0386,2026-09-14_102_1,20.862,84.988,2026-09-14 08:11:00+00:00,2026-09-14 08:11:00+00:00,2026-09-14 08:11:00+00:00,0.0,1,1,N21,4.83,4.83,4.83,n,0.6,D,INDIA,0.678
SATF-0387,2026-09-14_116_1,15.335,75.166,2026-09-14 08:11:00+00:00,2026-09-14 08:11:00+00:00,2026-09-14 08:11:00+00:00,0.0,1,1,N21,4.51,4.51,4.51,l,0.3,D,INDIA,0.57
SATF-0388,2026-09-14_112_1,14.394,76.736,2026-09-14 08:11:00+00:00,2026-09-14 08:11:00+00:00,2026-09-14 08:11:00+00:00,0.0,1,1,N21,3.71,3.71,3.71,n,0.6,D,INDIA,0.594
SATF-0389,2026-09-14_110_1,16.264,76.487,2026-09-14 08:11:00+00:00,2026-09-14 08:11:00+00:00,2026-09-14 08:11:00+00:00,0.0,1,1,N21,3.37,3.37,3.37,l,0.3,D,INDIA,0.483
SATF-0390,2026-09-14_105_1,18.602,74.458,2026-09-14 08:11:00+00:00,2026-09-14 08:11:00+00:00,2026-09-14 08:11:00+00:00,0.0,1,1,N21,3.17,3.17,3.17,n,0.6,D,INDIA,0.553
SATF-0391,2026-09-14_108_1,18.705,72.343,2026-09-14 08:11:00+00:00,2026-09-14 08:11:00+00:00,2026-09-14 08:11:00+00:00,0.0,1,1,N21,2.94,2.94,2.94,n,0.6,D,OUTSIDE_INDIA,0.536
SATF-0392,2026-09-14_111_1,16.047,77.647,2026-09-14 08:11:00+00:00,2026-09-14 08:11:00+00:00,2026-09-14 08:11:00+00:00,0.0,1,1,N21,2.74,2.74,2.74,n,0.6,D,INDIA,0.515
SATF-0393,2026-09-14_107_1,18.77,74.967,2026-09-14 08:11:00+00:00,2026-09-14 08:11:00+00:00,2026-09-14 08:11:00+00:00,0.0,1,1,N21,2.15,2.15,2.15,l,0.3,D,INDIA,0.35
SATF-0394,2026-09-14_114_1,15.776,74.877,2026-09-14 08:11:00+00:00,2026-09-14 08:11:00+00:00,2026-09-14 08:11:00+00:00,0.0,1,1,N21,1.82,1.82,1.82,l,0.3,D,INDIA,0.304
SATF-0395,2026-09-14_124_1,21.761,84.025,2026-09-14 08:13:00+00:00,2026-09-14 08:13:00+00:00,2026-09-14 08:13:00+00:00,0.0,2,1,N21,6.13,4.89,9.78,n,0.6,D,INDIA,0.741
SATF-0396,2026-09-14_122_1,24.293,67.968,2026-09-14 08:13:00+00:00,2026-09-14 08:13:00+00:00,2026-09-14 08:13:00+00:00,0.0,1,1,N21,4.62,4.62,4.62,n,0.6,D,OUTSIDE_INDIA,0.667
SATF-0397,2026-09-14_123_1,23.693,85.37,2026-09-14 08:13:00+00:00,2026-09-14 08:13:00+00:00,2026-09-14 08:13:00+00:00,0.0,1,1,N21,4.19,4.19,4.19,n,0.6,D,INDIA,0.637
SATF-0398,2026-09-14_121_1,24.805,68.064,2026-09-14 08:13:00+00:00,2026-09-14 08:13:00+00:00,2026-09-14 08:13:00+00:00,0.0,1,1,N21,2.89,2.89,2.89,n,0.6,D,OUTSIDE_INDIA,0.53
SATF-0399,2026-09-14_129_1,31.073,74.231,2026-09-14 08:16:00+00:00,2026-09-14 08:16:00+00:00,2026-09-14 08:16:00+00:00,0.0,2,1,N21,6.94,4.715,9.43,n,0.6,D,OUTSIDE_INDIA,0.773
SATF-0400,2026-09-14_127_1,31.593,75.044,2026-09-14 08:16:00+00:00,2026-09-14 08:16:00+00:00,2026-09-14 08:16:00+00:00,0.0,1,1,N21,6.8,6.8,6.8,n,0.6,D,INDIA,0.767
SATF-0401,2026-09-14_126_1,31.744,75.014,2026-09-14 08:16:00+00:00,2026-09-14 08:16:00+00:00,2026-09-14 08:16:00+00:00,0.0,1,1,N21,5.87,5.87,5.87,n,0.6,D,INDIA,0.727
SATF-0402,2026-09-14_132_1,31.43,75.182,2026-09-14 08:16:00+00:00,2026-09-14 08:16:00+00:00,2026-09-14 08:16:00+00:00,0.0,1,1,N21,5.69,5.69,5.69,n,0.6,D,INDIA,0.718
SATF-0403,2026-09-14_131_1,32.063,72.329,2026-09-14 08:16:00+00:00,2026-09-14 08:16:00+00:00,2026-09-14 08:16:00+00:00,0.0,1,1,N21,5.42,5.42,5.42,n,0.6,D,OUTSIDE_INDIA,0.704
SATF-0404,2026-09-14_135_1,31.075,74.568,2026-09-14 08:16:00+00:00,2026-09-14 08:16:00+00:00,2026-09-14 08:16:00+00:00,0.0,1,1,N21,4.16,4.16,4.16,n,0.6,D,OUTSIDE_INDIA,0.636
SATF-0405,2026-09-14_133_1,31.1,74.341,2026-09-14 08:16:00+00:00,2026-09-14 08:16:00+00:00,2026-09-14 08:16:00+00:00,0.0,1,1,N21,4.13,4.13,4.13,n,0.6,D,OUTSIDE_INDIA,0.633
SATF-0406,2026-09-14_138_1,30.915,73.507,2026-09-14 08:16:00+00:00,2026-09-14 08:16:00+00:00,2026-09-14 08:16:00+00:00,0.0,1,1,N21,4.04,4.04,4.04,n,0.6,D,OUTSIDE_INDIA,0.625
SATF-0407,2026-09-14_139_1,29.814,71.852,2026-09-14 08:16:00+00:00,2026-09-14 08:16:00+00:00,2026-09-14 08:16:00+00:00,0.0,1,1,N21,3.74,3.74,3.74,l,0.3,D,OUTSIDE_INDIA,0.507
SATF-0408,2026-09-14_128_1,31.729,72.223,2026-09-14 08:16:00+00:00,2026-09-14 08:16:00+00:00,2026-09-14 08:16:00+00:00,0.0,3,1,N21,3.28,2.74,8.22,n,0.6,D,OUTSIDE_INDIA,0.564
SATF-0409,2026-09-14_137_1,30.67,74.088,2026-09-14 08:16:00+00:00,2026-09-14 08:16:00+00:00,2026-09-14 08:16:00+00:00,0.0,1,1,N21,3.15,3.15,3.15,n,0.6,D,OUTSIDE_INDIA,0.551
SATF-0410,2026-09-14_125_1,31.343,74.534,2026-09-14 08:16:00+00:00,2026-09-14 08:16:00+00:00,2026-09-14 08:16:00+00:00,0.0,1,1,N21,3.09,3.09,3.09,n,0.6,D,OUTSIDE_INDIA,0.547
SATF-0411,2026-09-14_140_1,30.827,72.125,2026-09-14 08:16:00+00:00,2026-09-14 08:16:00+00:00,2026-09-14 08:16:00+00:00,0.0,1,1,N21,2.93,2.93,2.93,l,0.3,D,OUTSIDE_INDIA,0.445
SATF-0412,2026-09-14_136_1,30.644,73.59,2026-09-14 08:16:00+00:00,2026-09-14 08:16:00+00:00,2026-09-14 08:16:00+00:00,0.0,1,1,N21,2.87,2.87,2.87,n,0.6,D,OUTSIDE_INDIA,0.528
SATF-0413,2026-09-14_134_1,26.808,67.227,2026-09-14 08:16:00+00:00,2026-09-14 08:16:00+00:00,2026-09-14 08:16:00+00:00,0.0,2,1,N21,2.33,2.165,4.33,n,0.6,D,OUTSIDE_INDIA,0.465
SATF-0414,2026-09-14_130_1,31.795,70.834,2026-09-14 08:16:00+00:00,2026-09-14 08:16:00+00:00,2026-09-14 08:16:00+00:00,0.0,1,1,N21,2.28,2.28,2.28,l,0.3,D,OUTSIDE_INDIA,0.368
SATF-0415,2026-09-14_142_1,37.153,69.178,2026-09-14 08:18:00+00:00,2026-09-14 08:18:00+00:00,2026-09-14 08:18:00+00:00,0.0,1,1,N21,6.2,6.2,6.2,l,0.3,D,OUTSIDE_INDIA,0.655
SATF-0416,2026-09-14_141_1,36.783,67.37,2026-09-14 08:18:00+00:00,2026-09-14 08:18:00+00:00,2026-09-14 08:18:00+00:00,0.0,1,1,N21,3.43,3.43,3.43,l,0.3,D,OUTSIDE_INDIA,0.489
SATF-0417,2026-09-14_143_1,25.471,68.559,2026-09-14 09:09:00+00:00,2026-09-14 09:09:00+00:00,2026-09-14 09:09:00+00:00,0.0,1,1,N20,5.21,5.21,5.21,n,0.6,D,OUTSIDE_INDIA,0.696
SATF-0418,2026-09-14_144_1,27.436,70.562,2026-09-14 09:09:00+00:00,2026-09-14 09:09:00+00:00,2026-09-14 09:09:00+00:00,0.0,1,1,N20,4.29,4.29,4.29,n,0.6,D,INDIA,0.644
SATF-0419,2026-09-14_145_1,31.507,72.168,2026-09-14 09:11:00+00:00,2026-09-14 09:11:00+00:00,2026-09-14 09:11:00+00:00,0.0,3,1,N20,5.2,4.26,12.78,n,0.6,D,OUTSIDE_INDIA,0.695
SATF-0420,2026-09-14_146_1,28.051,69.37,2026-09-14 09:11:00+00:00,2026-09-14 09:11:00+00:00,2026-09-14 09:11:00+00:00,0.0,2,1,N20,4.02,3.955,7.91,n,0.6,D,OUTSIDE_INDIA,0.623
SATF-0421,2026-09-14_10_2,27.959,96.96,2026-09-14 18:58:00+00:00,2026-09-14 18:58:00+00:00,2026-09-14 18:58:00+00:00,0.0,3,1,N21,2.59,2.083,6.25,n,0.6,N,INDIA,0.498
SATF-0422,2026-09-14_9_2,23.75,86.391,2026-09-14 19:00:00+00:00,2026-09-14 20:40:00+00:00,2026-09-14 19:00:00+00:00,1.667,101,2,"N20,N21",8.08,2.424,244.83,n,0.6,N,INDIA,0.803
SATF-0423,2026-09-14_47_2,23.679,86.091,2026-09-14 19:00:00+00:00,2026-09-14 20:40:00+00:00,2026-09-14 19:00:00+00:00,1.667,18,2,"N20,N21",7.31,2.7,48.6,n,0.6,N,INDIA,0.784
SATF-0424,2026-09-14_36_2,23.685,87.123,2026-09-14 19:00:00+00:00,2026-09-14 20:40:00+00:00,2026-09-14 19:00:00+00:00,1.667,32,2,"N20,N21",4.44,2.197,70.31,n,0.6,N,INDIA,0.653
SATF-0425,2026-09-14_148_1,23.548,87.247,2026-09-14 19:00:00+00:00,2026-09-14 20:40:00+00:00,2026-09-14 19:00:00+00:00,1.667,9,2,"N20,N21",3.96,1.617,14.55,n,0.6,N,INDIA,0.619
SATF-0426,2026-09-14_30_2,23.778,86.203,2026-09-14 19:00:00+00:00,2026-09-14 20:40:00+00:00,2026-09-14 19:00:00+00:00,1.667,16,2,"N20,N21",3.79,2.339,37.43,n,0.6,N,INDIA,0.601
SATF-0427,2026-09-14_153_1,23.561,87.085,2026-09-14 19:00:00+00:00,2026-09-14 20:40:00+00:00,2026-09-14 19:00:00+00:00,1.667,4,2,"N20,N21",3.34,2.655,10.62,n,0.6,N,INDIA,0.571
SATF-0428,2026-09-14_160_1,22.789,86.202,2026-09-14 19:00:00+00:00,2026-09-14 20:42:00+00:00,2026-09-14 19:00:00+00:00,1.7,13,2,"N20,N21",3.3,2.35,30.55,n,0.6,N,INDIA,0.566
SATF-0429,2026-09-14_151_1,22.584,85.9,2026-09-14 19:00:00+00:00,2026-09-14 20:42:00+00:00,2026-09-14 19:00:00+00:00,1.7,12,2,"N20,N21",3.2,2.024,24.29,n,0.6,N,INDIA,0.556
SATF-0430,2026-09-14_159_1,22.804,86.089,2026-09-14 19:00:00+00:00,2026-09-14 20:42:00+00:00,2026-09-14 19:00:00+00:00,1.7,8,2,"N20,N21",3.2,1.68,13.44,n,0.6,N,INDIA,0.556
SATF-0431,2026-09-14_150_1,25.477,94.443,2026-09-14 19:00:00+00:00,2026-09-14 19:55:00+00:00,2026-09-14 19:00:00+00:00,0.917,2,2,"N20,N21",3.06,1.85,3.7,n,0.6,N,INDIA,0.544
SATF-0432,2026-09-14_163_1,23.648,85.437,2026-09-14 19:00:00+00:00,2026-09-14 20:40:00+00:00,2026-09-14 19:00:00+00:00,1.667,5,2,"N20,N21",3.01,1.662,8.31,n,0.6,N,INDIA,0.542
SATF-0433,2026-09-14_33_2,24.117,86.861,2026-09-14 19:00:00+00:00,2026-09-14 19:55:00+00:00,2026-09-14 19:00:00+00:00,0.917,4,2,"N20,N21",2.33,1.578,6.31,n,0.6,N,INDIA,0.465
SATF-0434,2026-09-14_161_1,23.669,86.932,2026-09-14 19:00:00+00:00,2026-09-14 20:40:00+00:00,2026-09-14 19:00:00+00:00,1.667,5,2,"N20,N21",2.17,1.162,5.81,n,0.6,N,INDIA,0.444
SATF-0435,2026-09-14_154_1,23.617,86.794,2026-09-14 19:00:00+00:00,2026-09-14 20:40:00+00:00,2026-09-14 19:00:00+00:00,1.667,8,2,"N20,N21",1.99,1.453,11.62,n,0.6,N,INDIA,0.417
SATF-0436,2026-09-14_162_1,22.874,86.061,2026-09-14 19:00:00+00:00,2026-09-14 20:42:00+00:00,2026-09-14 19:00:00+00:00,1.7,3,2,"N20,N21",1.97,1.753,5.26,n,0.6,N,INDIA,0.414
SATF-0437,2026-09-14_156_1,21.588,96.23,2026-09-14 19:00:00+00:00,2026-09-14 19:55:00+00:00,2026-09-14 19:00:00+00:00,0.917,3,2,"N20,N21",1.94,1.657,4.97,n,0.6,N,OUTSIDE_INDIA,0.41
SATF-0438,2026-09-14_158_1,22.356,96.702,2026-09-14 19:00:00+00:00,2026-09-14 19:00:00+00:00,2026-09-14 19:00:00+00:00,0.0,1,1,N21,1.6,1.6,1.6,n,0.6,N,OUTSIDE_INDIA,0.364
SATF-0439,2026-09-14_157_1,21.88,97.099,2026-09-14 19:00:00+00:00,2026-09-14 19:00:00+00:00,2026-09-14 19:00:00+00:00,0.0,2,1,N21,0.98,0.9,1.8,n,0.6,N,OUTSIDE_INDIA,0.258
SATF-0440,2026-09-14_147_1,24.54,97.74,2026-09-14 19:00:00+00:00,2026-09-14 19:00:00+00:00,2026-09-14 19:00:00+00:00,0.0,1,1,N21,0.75,0.75,0.75,n,0.6,N,OUTSIDE_INDIA,0.221
SATF-0441,2026-09-14_149_1,25.541,91.237,2026-09-14 19:00:00+00:00,2026-09-14 19:55:00+00:00,2026-09-14 19:00:00+00:00,0.917,2,2,"N20,N21",0.72,0.66,1.32,n,0.6,N,INDIA,0.216
SATF-0442,2026-09-14_152_1,24.516,97.788,2026-09-14 19:00:00+00:00,2026-09-14 19:00:00+00:00,2026-09-14 19:00:00+00:00,0.0,1,1,N21,0.69,0.69,0.69,n,0.6,N,OUTSIDE_INDIA,0.212
SATF-0443,2026-09-14_155_1,21.373,97.385,2026-09-14 19:00:00+00:00,2026-09-14 19:00:00+00:00,2026-09-14 19:00:00+00:00,0.0,1,1,N21,0.59,0.59,0.59,n,0.6,N,OUTSIDE_INDIA,0.199
SATF-0444,2026-09-14_119_2,20.97,86.015,2026-09-14 19:02:00+00:00,2026-09-14 20:42:00+00:00,2026-09-14 19:02:00+00:00,1.667,20,2,"N20,N21",6.89,4.177,83.55,n,0.6,N,INDIA,0.771
SATF-0445,2026-09-14_28_2,20.967,85.176,2026-09-14 19:02:00+00:00,2026-09-14 20:42:00+00:00,2026-09-14 19:02:00+00:00,1.667,15,2,"N20,N21",6.01,2.613,39.19,n,0.6,N,INDIA,0.736
SATF-0446,2026-09-14_164_1,22.053,88.125,2026-09-14 19:02:00+00:00,2026-09-14 20:42:00+00:00,2026-09-14 19:02:00+00:00,1.667,6,2,"N20,N21",5.71,2.38,14.28,n,0.6,N,INDIA,0.72
SATF-0447,2026-09-14_102_2,20.876,84.987,2026-09-14 19:02:00+00:00,2026-09-14 20:42:00+00:00,2026-09-14 19:02:00+00:00,1.667,17,2,"N20,N21",5.0,2.217,37.69,n,0.6,N,INDIA,0.684
SATF-0448,2026-09-14_165_1,21.077,85.041,2026-09-14 19:02:00+00:00,2026-09-14 20:42:00+00:00,2026-09-14 19:02:00+00:00,1.667,13,2,"N20,N21",4.8,1.715,22.3,n,0.6,N,INDIA,0.676
SATF-0449,2026-09-14_43_2,22.371,87.29,2026-09-14 19:02:00+00:00,2026-09-14 20:42:00+00:00,2026-09-14 19:02:00+00:00,1.667,19,2,"N20,N21",4.75,2.259,42.92,n,0.6,N,INDIA,0.673
SATF-0450,2026-09-14_23_2,20.783,85.269,2026-09-14 19:02:00+00:00,2026-09-14 20:42:00+00:00,2026-09-14 19:02:00+00:00,1.667,29,2,"N20,N21",3.84,2.094,60.72,n,0.6,N,INDIA,0.607
SATF-0451,2026-09-14_38_2,21.926,85.222,2026-09-14 19:02:00+00:00,2026-09-14 20:42:00+00:00,2026-09-14 19:02:00+00:00,1.667,5,2,"N20,N21",2.73,1.772,8.86,n,0.6,N,INDIA,0.512
SATF-0452,2026-09-14_44_2,22.364,87.018,2026-09-14 19:02:00+00:00,2026-09-14 20:42:00+00:00,2026-09-14 19:02:00+00:00,1.667,8,2,"N20,N21",2.52,1.692,13.54,n,0.6,N,INDIA,0.488
SATF-0453,2026-09-14_166_1,20.867,96.391,2026-09-14 19:02:00+00:00,2026-09-14 19:02:00+00:00,2026-09-14 19:02:00+00:00,0.0,1,1,N21,1.33,1.33,1.33,n,0.6,N,OUTSIDE_INDIA,0.33
SATF-0454,2026-09-14_189_1,23.166,82.339,2026-09-14 19:55:00+00:00,2026-09-14 20:42:00+00:00,2026-09-14 19:55:00+00:00,0.783,6,2,"N20,N21",3.34,2.148,12.89,n,0.6,N,INDIA,0.571
SATF-0455,2026-09-14_123_2,23.693,85.336,2026-09-14 19:55:00+00:00,2026-09-14 20:40:00+00:00,2026-09-14 19:55:00+00:00,0.75,8,2,"N20,N21",3.15,1.415,11.32,n,0.6,N,INDIA,0.551
SATF-0456,2026-09-14_171_1,23.784,85.561,2026-09-14 19:55:00+00:00,2026-09-14 20:40:00+00:00,2026-09-14 19:55:00+00:00,0.75,8,2,"N20,N21",3.09,1.77,14.16,n,0.6,N,INDIA,0.547
SATF-0457,2026-09-14_181_1,28.745,76.926,2026-09-14 19:55:00+00:00,2026-09-14 20:40:00+00:00,2026-09-14 19:55:00+00:00,0.75,2,2,"N20,N21",2.58,1.76,3.52,n,0.6,N,INDIA,0.496
SATF-0458,2026-09-14_35_2,23.757,85.853,2026-09-14 19:55:00+00:00,2026-09-14 20:40:00+00:00,2026-09-14 19:55:00+00:00,0.75,5,2,"N20,N21",2.36,1.646,8.23,n,0.6,N,INDIA,0.47
SATF-0459,2026-09-14_40_2,23.582,86.726,2026-09-14 19:55:00+00:00,2026-09-14 19:55:00+00:00,2026-09-14 19:55:00+00:00,0.0,1,1,N20,2.33,2.33,2.33,n,0.6,N,INDIA,0.465
SATF-0460,2026-09-14_168_1,23.73,85.011,2026-09-14 19:55:00+00:00,2026-09-14 20:40:00+00:00,2026-09-14 19:55:00+00:00,0.75,5,2,"N20,N21",2.31,1.404,7.02,n,0.6,N,INDIA,0.462
SATF-0461,2026-09-14_174_1,24.196,82.717,2026-09-14 19:55:00+00:00,2026-09-14 20:40:00+00:00,2026-09-14 19:55:00+00:00,0.75,3,2,"N20,N21",2.27,2.083,6.25,n,0.6,N,INDIA,0.456
SATF-0462,2026-09-14_179_1,28.357,77.227,2026-09-14 19:55:00+00:00,2026-09-14 20:40:00+00:00,2026-09-14 19:55:00+00:00,0.75,6,2,"N20,N21",2.08,1.285,7.71,n,0.6,N,INDIA,0.43
SATF-0463,2026-09-14_178_1,26.644,79.479,2026-09-14 19:55:00+00:00,2026-09-14 20:40:00+00:00,2026-09-14 19:55:00+00:00,0.75,2,2,"N20,N21",2.05,1.835,3.67,n,0.6,N,INDIA,0.425
SATF-0464,2026-09-14_182_1,25.575,92.521,2026-09-14 19:55:00+00:00,2026-09-14 19:55:00+00:00,2026-09-14 19:55:00+00:00,0.0,1,1,N20,2.01,2.01,2.01,n,0.6,N,INDIA,0.42
SATF-0465,2026-09-14_193_1,22.245,87.389,2026-09-14 19:55:00+00:00,2026-09-14 20:42:00+00:00,2026-09-14 19:55:00+00:00,0.783,2,2,"N20,N21",1.84,1.625,3.25,n,0.6,N,INDIA,0.396
SATF-0466,2026-09-14_173_1,24.182,82.66,2026-09-14 19:55:00+00:00,2026-09-14 19:55:00+00:00,2026-09-14 19:55:00+00:00,0.0,1,1,N20,1.79,1.79,1.79,n,0.6,N,INDIA,0.39
SATF-0467,2026-09-14_190_1,23.483,87.362,2026-09-14 19:55:00+00:00,2026-09-14 19:55:00+00:00,2026-09-14 19:55:00+00:00,0.0,1,1,N20,1.42,1.42,1.42,n,0.6,N,INDIA,0.34
SATF-0468,2026-09-14_175_1,24.926,84.152,2026-09-14 19:55:00+00:00,2026-09-14 20:40:00+00:00,2026-09-14 19:55:00+00:00,0.75,4,2,"N20,N21",1.23,0.99,3.96,n,0.6,N,INDIA,0.312
SATF-0469,2026-09-14_167_1,23.774,85.997,2026-09-14 19:55:00+00:00,2026-09-14 19:55:00+00:00,2026-09-14 19:55:00+00:00,0.0,1,1,N20,1.17,1.17,1.17,n,0.6,N,INDIA,0.299
SATF-0470,2026-09-14_183_1,23.833,84.943,2026-09-14 19:55:00+00:00,2026-09-14 19:55:00+00:00,2026-09-14 19:55:00+00:00,0.0,2,1,N20,1.16,1.055,2.11,n,0.6,N,INDIA,0.297
SATF-0471,2026-09-14_184_1,23.83,85.479,2026-09-14 19:55:00+00:00,2026-09-14 20:40:00+00:00,2026-09-14 19:55:00+00:00,0.75,5,2,"N20,N21",1.15,0.954,4.77,n,0.6,N,INDIA,0.294
SATF-0472,2026-09-14_169_1,23.723,90.488,2026-09-14 19:55:00+00:00,2026-09-14 19:55:00+00:00,2026-09-14 19:55:00+00:00,0.0,1,1,N20,1.08,1.08,1.08,n,0.6,N,OUTSIDE_INDIA,0.283
SATF-0473,2026-09-14_196_1,23.657,85.508,2026-09-14 19:55:00+00:00,2026-09-14 19:55:00+00:00,2026-09-14 19:55:00+00:00,0.0,1,1,N20,1.03,1.03,1.03,n,0.6,N,INDIA,0.269
SATF-0474,2026-09-14_197_1,23.666,84.997,2026-09-14 19:55:00+00:00,2026-09-14 19:55:00+00:00,2026-09-14 19:55:00+00:00,0.0,2,1,N20,1.0,1.0,2.0,n,0.6,N,INDIA,0.263
SATF-0475,2026-09-14_195_1,23.612,87.147,2026-09-14 19:55:00+00:00,2026-09-14 19:55:00+00:00,2026-09-14 19:55:00+00:00,0.0,1,1,N20,0.98,0.98,0.98,n,0.6,N,INDIA,0.258
SATF-0476,2026-09-14_185_1,28.895,78.855,2026-09-14 19:55:00+00:00,2026-09-14 20:40:00+00:00,2026-09-14 19:55:00+00:00,0.75,2,2,"N20,N21",0.83,0.76,1.52,n,0.6,N,INDIA,0.236
SATF-0477,2026-09-14_188_1,22.901,88.409,2026-09-14 19:55:00+00:00,2026-09-14 19:55:00+00:00,2026-09-14 19:55:00+00:00,0.0,1,1,N20,0.83,0.83,0.83,n,0.6,N,INDIA,0.236
SATF-0478,2026-09-14_176_1,25.037,87.388,2026-09-14 19:55:00+00:00,2026-09-14 19:55:00+00:00,2026-09-14 19:55:00+00:00,0.0,1,1,N20,0.82,0.82,0.82,n,0.6,N,INDIA,0.235
SATF-0479,2026-09-14_192_1,22.872,88.212,2026-09-14 19:55:00+00:00,2026-09-14 19:55:00+00:00,2026-09-14 19:55:00+00:00,0.0,1,1,N20,0.77,0.77,0.77,n,0.6,N,INDIA,0.225
SATF-0480,2026-09-14_194_1,29.224,88.348,2026-09-14 19:55:00+00:00,2026-09-14 19:55:00+00:00,2026-09-14 19:55:00+00:00,0.0,1,1,N20,0.75,0.75,0.75,n,0.6,N,OUTSIDE_INDIA,0.221
SATF-0481,2026-09-14_180_1,28.71,76.854,2026-09-14 19:55:00+00:00,2026-09-14 19:55:00+00:00,2026-09-14 19:55:00+00:00,0.0,1,1,N20,0.7,0.7,0.7,n,0.6,N,INDIA,0.214
SATF-0482,2026-09-14_172_1,24.118,86.351,2026-09-14 19:55:00+00:00,2026-09-14 19:55:00+00:00,2026-09-14 19:55:00+00:00,0.0,1,1,N20,0.68,0.68,0.68,n,0.6,N,INDIA,0.21
SATF-0483,2026-09-14_170_1,23.745,85.506,2026-09-14 19:55:00+00:00,2026-09-14 19:55:00+00:00,2026-09-14 19:55:00+00:00,0.0,1,1,N20,0.62,0.62,0.62,n,0.6,N,INDIA,0.203
SATF-0484,2026-09-14_191_1,23.55,86.542,2026-09-14 19:55:00+00:00,2026-09-14 19:55:00+00:00,2026-09-14 19:55:00+00:00,0.0,3,1,N20,0.6,0.5,1.5,n,0.6,N,INDIA,0.201
SATF-0485,2026-09-14_186_1,23.806,86.642,2026-09-14 19:55:00+00:00,2026-09-14 19:55:00+00:00,2026-09-14 19:55:00+00:00,0.0,1,1,N20,0.55,0.55,0.55,n,0.6,N,INDIA,0.195
SATF-0486,2026-09-14_187_1,23.828,84.571,2026-09-14 19:55:00+00:00,2026-09-14 19:55:00+00:00,2026-09-14 19:55:00+00:00,0.0,1,1,N20,0.4,0.4,0.4,n,0.6,N,INDIA,0.186
SATF-0487,2026-09-14_177_1,25.811,88.883,2026-09-14 19:55:00+00:00,2026-09-14 19:55:00+00:00,2026-09-14 19:55:00+00:00,0.0,1,1,N20,0.24,0.24,0.24,n,0.6,N,OUTSIDE_INDIA,0.181
SATF-0488,2026-09-14_209_1,22.357,82.303,2026-09-14 19:57:00+00:00,2026-09-14 20:42:00+00:00,2026-09-14 19:57:00+00:00,0.75,3,2,"N20,N21",7.36,4.617,13.85,n,0.6,N,INDIA,0.786
SATF-0489,2026-09-14_37_2,21.759,83.849,2026-09-14 19:57:00+00:00,2026-09-14 20:42:00+00:00,2026-09-14 19:57:00+00:00,0.75,28,2,"N20,N21",7.23,2.688,75.25,h,1.0,N,INDIA,0.903
SATF-0490,2026-09-14_45_2,21.922,83.348,2026-09-14 19:57:00+00:00,2026-09-14 20:42:00+00:00,2026-09-14 19:57:00+00:00,0.75,8,2,"N20,N21",5.93,3.446,27.57,n,0.6,N,INDIA,0.732
SATF-0491,2026-09-14_24_2,17.604,83.197,2026-09-14 19:57:00+00:00,2026-09-14 20:42:00+00:00,2026-09-14 19:57:00+00:00,0.75,6,2,"N20,N21",4.94,1.873,11.24,n,0.6,N,INDIA,0.682
SATF-0492,2026-09-14_207_1,22.031,83.739,2026-09-14 19:57:00+00:00,2026-09-14 20:42:00+00:00,2026-09-14 19:57:00+00:00,0.75,9,2,"N20,N21",4.56,1.968,17.71,n,0.6,N,INDIA,0.662
SATF-0493,2026-09-14_46_2,21.187,81.396,2026-09-14 19:57:00+00:00,2026-09-14 20:42:00+00:00,2026-09-14 19:57:00+00:00,0.75,9,2,"N20,N21",4.27,2.143,19.29,n,0.6,N,INDIA,0.642
SATF-0494,2026-09-14_214_1,22.005,82.67,2026-09-14 19:57:00+00:00,2026-09-14 20:42:00+00:00,2026-09-14 19:57:00+00:00,0.75,4,2,"N20,N21",3.93,3.03,12.12,n,0.6,N,INDIA,0.615
SATF-0495,2026-09-14_200_1,21.371,81.676,2026-09-14 19:57:00+00:00,2026-09-14 20:42:00+00:00,2026-09-14 19:57:00+00:00,0.75,10,2,"N20,N21",3.87,1.91,19.1,n,0.6,N,INDIA,0.611
SATF-0496,2026-09-14_211_1,22.329,82.602,2026-09-14 19:57:00+00:00,2026-09-14 19:57:00+00:00,2026-09-14 19:57:00+00:00,0.0,4,1,N20,3.31,1.987,7.95,n,0.6,N,INDIA,0.568
SATF-0497,2026-09-14_124_2,21.731,84.026,2026-09-14 19:57:00+00:00,2026-09-14 20:42:00+00:00,2026-09-14 19:57:00+00:00,0.75,16,2,"N20,N21",2.43,1.641,26.26,n,0.6,N,INDIA,0.478
SATF-0498,2026-09-14_199_1,21.305,81.598,2026-09-14 19:57:00+00:00,2026-09-14 20:42:00+00:00,2026-09-14 19:57:00+00:00,0.75,4,2,"N20,N21",2.23,1.665,6.66,n,0.6,N,INDIA,0.453
SATF-0499,2026-09-14_218_1,21.984,83.233,2026-09-14 19:57:00+00:00,2026-09-14 20:42:00+00:00,2026-09-14 19:57:00+00:00,0.75,3,2,"N20,N21",2.18,1.277,3.83,n,0.6,N,INDIA,0.446
SATF-0500,2026-09-14_205_1,20.957,85.012,2026-09-14 19:57:00+00:00,2026-09-14 20:42:00+00:00,2026-09-14 19:57:00+00:00,0.75,4,2,"N20,N21",2.15,1.807,7.23,n,0.6,N,INDIA,0.44
SATF-0501,2026-09-14_208_1,22.211,84.865,2026-09-14 19:57:00+00:00,2026-09-14 19:57:00+00:00,2026-09-14 19:57:00+00:00,0.0,5,1,N20,2.11,1.82,9.1,n,0.6,N,INDIA,0.434
SATF-0502,2026-09-14_204_1,22.036,83.357,2026-09-14 19:57:00+00:00,2026-09-14 20:42:00+00:00,2026-09-14 19:57:00+00:00,0.75,4,2,"N20,N21",2.08,1.815,7.26,n,0.6,N,INDIA,0.43
SATF-0503,2026-09-14_215_1,21.877,83.552,2026-09-14 19:57:00+00:00,2026-09-14 20:42:00+00:00,2026-09-14 19:57:00+00:00,0.75,3,2,"N20,N21",1.88,1.443,4.33,n,0.6,N,INDIA,0.402
SATF-0504,2026-09-14_202_1,21.672,82.08,2026-09-14 19:57:00+00:00,2026-09-14 20:42:00+00:00,2026-09-14 19:57:00+00:00,0.75,2,2,"N20,N21",1.75,1.57,3.14,n,0.6,N,INDIA,0.383
SATF-0505,2026-09-14_216_1,21.878,83.496,2026-09-14 19:57:00+00:00,2026-09-14 19:57:00+00:00,2026-09-14 19:57:00+00:00,0.0,1,1,N20,1.65,1.65,1.65,n,0.6,N,INDIA,0.375
SATF-0506,2026-09-14_198_1,21.487,81.769,2026-09-14 19:57:00+00:00,2026-09-14 20:42:00+00:00,2026-09-14 19:57:00+00:00,0.75,3,2,"N20,N21",1.61,1.507,4.52,n,0.6,N,INDIA,0.366
SATF-0507,2026-09-14_213_1,21.959,83.784,2026-09-14 19:57:00+00:00,2026-09-14 20:42:00+00:00,2026-09-14 19:57:00+00:00,0.75,4,2,"N20,N21",1.58,1.275,5.1,n,0.6,N,INDIA,0.359
SATF-0508,2026-09-14_212_1,21.839,83.981,2026-09-14 19:57:00+00:00,2026-09-14 20:42:00+00:00,2026-09-14 19:57:00+00:00,0.75,6,2,"N20,N21",1.54,1.15,6.9,n,0.6,N,INDIA,0.355
SATF-0509,2026-09-14_203_1,21.802,82.04,2026-09-14 19:57:00+00:00,2026-09-14 19:57:00+00:00,2026-09-14 19:57:00+00:00,0.0,1,1,N20,1.26,1.26,1.26,n,0.6,N,INDIA,0.317
SATF-0510,2026-09-14_210_1,22.206,84.558,2026-09-14 19:57:00+00:00,2026-09-14 20:42:00+00:00,2026-09-14 19:57:00+00:00,0.75,3,2,"N20,N21",1.19,0.973,2.92,n,0.6,N,INDIA,0.303
SATF-0511,2026-09-14_201_1,17.063,76.978,2026-09-14 19:57:00+00:00,2026-09-14 19:57:00+00:00,2026-09-14 19:57:00+00:00,0.0,1,1,N20,1.04,1.04,1.04,n,0.6,N,INDIA,0.271
SATF-0512,2026-09-14_206_1,21.766,85.58,2026-09-14 19:57:00+00:00,2026-09-14 19:57:00+00:00,2026-09-14 19:57:00+00:00,0.0,1,1,N20,0.73,0.73,0.73,n,0.6,N,INDIA,0.218
SATF-0513,2026-09-14_217_1,21.968,85.314,2026-09-14 19:57:00+00:00,2026-09-14 20:42:00+00:00,2026-09-14 19:57:00+00:00,0.75,2,2,"N20,N21",0.73,0.71,1.42,n,0.6,N,INDIA,0.218
SATF-0514,2026-09-14_100_2,15.176,76.671,2026-09-14 20:00:00+00:00,2026-09-14 20:44:00+00:00,2026-09-14 20:00:00+00:00,0.733,26,2,"N20,N21",7.59,3.051,79.33,h,1.0,N,INDIA,0.913
SATF-0515,2026-09-14_227_1,15.023,78.013,2026-09-14 20:00:00+00:00,2026-09-14 20:44:00+00:00,2026-09-14 20:00:00+00:00,0.733,2,2,"N20,N21",5.57,5.535,11.07,n,0.6,N,INDIA,0.712
SATF-0516,2026-09-14_221_1,13.16,80.285,2026-09-14 20:00:00+00:00,2026-09-14 20:44:00+00:00,2026-09-14 20:00:00+00:00,0.733,3,2,"N20,N21",2.64,1.867,5.6,n,0.6,N,INDIA,0.503
SATF-0517,2026-09-14_219_1,15.171,76.378,2026-09-14 20:00:00+00:00,2026-09-14 20:44:00+00:00,2026-09-14 20:00:00+00:00,0.733,6,2,"N20,N21",2.11,1.448,8.69,n,0.6,N,INDIA,0.434
SATF-0518,2026-09-14_222_1,13.711,79.618,2026-09-14 20:00:00+00:00,2026-09-14 20:00:00+00:00,2026-09-14 20:00:00+00:00,0.0,1,1,N20,1.61,1.61,1.61,n,0.6,N,INDIA,0.366
SATF-0519,2026-09-14_223_1,15.11,76.806,2026-09-14 20:00:00+00:00,2026-09-14 20:44:00+00:00,2026-09-14 20:00:00+00:00,0.733,3,2,"N20,N21",1.47,1.103,3.31,n,0.6,N,INDIA,0.347
SATF-0520,2026-09-14_226_1,15.013,76.898,2026-09-14 20:00:00+00:00,2026-09-14 20:00:00+00:00,2026-09-14 20:00:00+00:00,0.0,1,1,N20,1.33,1.33,1.33,n,0.6,N,INDIA,0.33
SATF-0521,2026-09-14_220_1,15.228,76.761,2026-09-14 20:00:00+00:00,2026-09-14 20:00:00+00:00,2026-09-14 20:00:00+00:00,0.0,2,1,N20,1.2,1.19,2.38,n,0.6,N,INDIA,0.306
SATF-0522,2026-09-14_224_1,13.394,80.101,2026-09-14 20:00:00+00:00,2026-09-14 20:00:00+00:00,2026-09-14 20:00:00+00:00,0.0,1,1,N20,0.99,0.99,0.99,n,0.6,N,INDIA,0.261
SATF-0523,2026-09-14_225_1,14.993,76.848,2026-09-14 20:00:00+00:00,2026-09-14 20:00:00+00:00,2026-09-14 20:00:00+00:00,0.0,1,1,N20,0.33,0.33,0.33,n,0.6,N,INDIA,0.182
SATF-0524,2026-09-14_228_1,33.689,72.711,2026-09-14 20:38:00+00:00,2026-09-14 20:38:00+00:00,2026-09-14 20:38:00+00:00,0.0,1,1,N21,1.92,1.92,1.92,n,0.6,N,OUTSIDE_INDIA,0.407
SATF-0525,2026-09-14_231_1,35.171,73.264,2026-09-14 20:38:00+00:00,2026-09-14 21:33:00+00:00,2026-09-14 20:38:00+00:00,0.917,3,2,"N20,N21",1.78,1.333,4.0,n,0.6,N,OUTSIDE_INDIA,0.388
SATF-0526,2026-09-14_233_1,37.143,79.499,2026-09-14 20:38:00+00:00,2026-09-14 20:38:00+00:00,2026-09-14 20:38:00+00:00,0.0,1,1,N21,0.9,0.9,0.9,n,0.6,N,OUTSIDE_INDIA,0.247
SATF-0527,2026-09-14_232_1,33.801,72.096,2026-09-14 20:38:00+00:00,2026-09-14 20:38:00+00:00,2026-09-14 20:38:00+00:00,0.0,1,1,N21,0.71,0.71,0.71,n,0.6,N,OUTSIDE_INDIA,0.216
SATF-0528,2026-09-14_230_1,37.585,68.083,2026-09-14 20:38:00+00:00,2026-09-14 20:38:00+00:00,2026-09-14 20:38:00+00:00,0.0,1,1,N21,0.7,0.7,0.7,n,0.6,N,OUTSIDE_INDIA,0.214
SATF-0529,2026-09-14_229_1,37.85,67.553,2026-09-14 20:38:00+00:00,2026-09-14 20:38:00+00:00,2026-09-14 20:38:00+00:00,0.0,1,1,N21,0.39,0.39,0.39,n,0.6,N,OUTSIDE_INDIA,0.185
SATF-0530,2026-09-14_240_1,32.575,72.561,2026-09-14 20:40:00+00:00,2026-09-14 20:40:00+00:00,2026-09-14 20:40:00+00:00,0.0,1,1,N21,4.05,4.05,4.05,n,0.6,N,OUTSIDE_INDIA,0.627
SATF-0531,2026-09-14_245_1,29.535,69.912,2026-09-14 20:40:00+00:00,2026-09-14 20:40:00+00:00,2026-09-14 20:40:00+00:00,0.0,1,1,N21,3.7,3.7,3.7,n,0.6,N,OUTSIDE_INDIA,0.593
SATF-0532,2026-09-14_252_1,24.529,81.168,2026-09-14 20:40:00+00:00,2026-09-14 20:40:00+00:00,2026-09-14 20:40:00+00:00,0.0,1,1,N21,3.08,3.08,3.08,n,0.6,N,INDIA,0.546
SATF-0533,2026-09-14_247_1,30.445,70.567,2026-09-14 20:40:00+00:00,2026-09-14 21:36:00+00:00,2026-09-14 20:40:00+00:00,0.933,2,2,"N20,N21",2.85,1.83,3.66,n,0.6,N,OUTSIDE_INDIA,0.526
SATF-0534,2026-09-14_234_1,28.425,69.699,2026-09-14 20:40:00+00:00,2026-09-14 21:36:00+00:00,2026-09-14 20:40:00+00:00,0.933,2,2,"N20,N21",2.66,2.035,4.07,n,0.6,N,OUTSIDE_INDIA,0.505
SATF-0535,2026-09-14_238_1,26.702,77.851,2026-09-14 20:40:00+00:00,2026-09-14 20:40:00+00:00,2026-09-14 20:40:00+00:00,0.0,1,1,N21,2.59,2.59,2.59,n,0.6,N,INDIA,0.498
SATF-0536,2026-09-14_239_1,27.668,76.133,2026-09-14 20:40:00+00:00,2026-09-14 21:36:00+00:00,2026-09-14 20:40:00+00:00,0.933,3,2,"N20,N21",2.34,1.437,4.31,n,0.6,N,INDIA,0.468
SATF-0537,2026-09-14_241_1,28.663,77.578,2026-09-14 20:40:00+00:00,2026-09-14 20:40:00+00:00,2026-09-14 20:40:00+00:00,0.0,3,1,N21,1.88,1.367,4.1,n,0.6,N,INDIA,0.402
SATF-0538,2026-09-14_236_1,27.289,73.839,2026-09-14 20:40:00+00:00,2026-09-14 21:36:00+00:00,2026-09-14 20:40:00+00:00,0.933,2,2,"N20,N21",1.8,1.29,2.58,n,0.6,N,INDIA,0.391
SATF-0539,2026-09-14_250_1,24.157,82.58,2026-09-14 20:40:00+00:00,2026-09-14 20:40:00+00:00,2026-09-14 20:40:00+00:00,0.0,2,1,N21,1.45,1.34,2.68,n,0.6,N,INDIA,0.344
SATF-0540,2026-09-14_249_1,30.265,75.172,2026-09-14 20:40:00+00:00,2026-09-14 20:40:00+00:00,2026-09-14 20:40:00+00:00,0.0,1,1,N21,1.14,1.14,1.14,n,0.6,N,INDIA,0.292
SATF-0541,2026-09-14_246_1,29.91,74.949,2026-09-14 20:40:00+00:00,2026-09-14 20:40:00+00:00,2026-09-14 20:40:00+00:00,0.0,1,1,N21,1.09,1.09,1.09,n,0.6,N,INDIA,0.286
SATF-0542,2026-09-14_248_1,30.851,75.949,2026-09-14 20:40:00+00:00,2026-09-14 20:40:00+00:00,2026-09-14 20:40:00+00:00,0.0,1,1,N21,0.96,0.96,0.96,n,0.6,N,INDIA,0.256
SATF-0543,2026-09-14_242_1,32.718,72.773,2026-09-14 20:40:00+00:00,2026-09-14 20:40:00+00:00,2026-09-14 20:40:00+00:00,0.0,1,1,N21,0.85,0.85,0.85,n,0.6,N,OUTSIDE_INDIA,0.242
SATF-0544,2026-09-14_244_1,29.123,75.78,2026-09-14 20:40:00+00:00,2026-09-14 20:40:00+00:00,2026-09-14 20:40:00+00:00,0.0,1,1,N21,0.81,0.81,0.81,n,0.6,N,INDIA,0.233
SATF-0545,2026-09-14_251_1,28.932,77.4,2026-09-14 20:40:00+00:00,2026-09-14 20:40:00+00:00,2026-09-14 20:40:00+00:00,0.0,1,1,N21,0.64,0.64,0.64,n,0.6,N,INDIA,0.206
SATF-0546,2026-09-14_243_1,28.836,77.138,2026-09-14 20:40:00+00:00,2026-09-14 20:40:00+00:00,2026-09-14 20:40:00+00:00,0.0,1,1,N21,0.59,0.59,0.59,n,0.6,N,INDIA,0.199
SATF-0547,2026-09-14_237_1,26.256,74.095,2026-09-14 20:40:00+00:00,2026-09-14 20:40:00+00:00,2026-09-14 20:40:00+00:00,0.0,1,1,N21,0.57,0.57,0.57,n,0.6,N,INDIA,0.196
SATF-0548,2026-09-14_235_1,26.605,73.683,2026-09-14 20:40:00+00:00,2026-09-14 20:40:00+00:00,2026-09-14 20:40:00+00:00,0.0,1,1,N21,0.56,0.56,0.56,n,0.6,N,INDIA,0.195
SATF-0549,2026-09-14_256_1,22.312,82.53,2026-09-14 20:42:00+00:00,2026-09-14 20:42:00+00:00,2026-09-14 20:42:00+00:00,0.0,1,1,N21,3.37,3.37,3.37,n,0.6,N,INDIA,0.573
SATF-0550,2026-09-14_255_1,22.22,84.755,2026-09-14 20:42:00+00:00,2026-09-14 20:42:00+00:00,2026-09-14 20:42:00+00:00,0.0,3,1,N21,2.14,1.773,5.32,n,0.6,N,INDIA,0.438
SATF-0551,2026-09-14_259_1,21.574,82.024,2026-09-14 20:42:00+00:00,2026-09-14 20:42:00+00:00,2026-09-14 20:42:00+00:00,0.0,1,1,N21,1.99,1.99,1.99,n,0.6,N,INDIA,0.417
SATF-0552,2026-09-14_257_1,22.135,85.383,2026-09-14 20:42:00+00:00,2026-09-14 20:42:00+00:00,2026-09-14 20:42:00+00:00,0.0,1,1,N21,1.45,1.45,1.45,n,0.6,N,INDIA,0.344
SATF-0553,2026-09-14_254_1,21.79,80.016,2026-09-14 20:42:00+00:00,2026-09-14 20:42:00+00:00,2026-09-14 20:42:00+00:00,0.0,1,1,N21,0.92,0.92,0.92,n,0.6,N,INDIA,0.249
SATF-0554,2026-09-14_258_1,21.73,82.216,2026-09-14 20:42:00+00:00,2026-09-14 20:42:00+00:00,2026-09-14 20:42:00+00:00,0.0,1,1,N21,0.79,0.79,0.79,n,0.6,N,INDIA,0.229
SATF-0555,2026-09-14_253_1,22.019,83.301,2026-09-14 20:42:00+00:00,2026-09-14 20:42:00+00:00,2026-09-14 20:42:00+00:00,0.0,1,1,N21,0.72,0.72,0.72,n,0.6,N,INDIA,0.216
SATF-0556,2026-09-14_260_1,25.388,68.583,2026-09-14 20:42:00+00:00,2026-09-14 21:38:00+00:00,2026-09-14 20:42:00+00:00,0.933,3,2,"N20,N21",0.63,0.55,1.65,n,0.6,N,OUTSIDE_INDIA,0.204
SATF-0557,2026-09-14_264_1,14.586,78.581,2026-09-14 20:44:00+00:00,2026-09-14 20:44:00+00:00,2026-09-14 20:44:00+00:00,0.0,1,1,N21,4.38,4.38,4.38,n,0.6,N,INDIA,0.648
SATF-0558,2026-09-14_262_1,15.334,76.264,2026-09-14 20:44:00+00:00,2026-09-14 20:44:00+00:00,2026-09-14 20:44:00+00:00,0.0,2,1,N21,3.78,2.345,4.69,n,0.6,N,INDIA,0.599
SATF-0559,2026-09-14_263_1,15.18,77.104,2026-09-14 20:44:00+00:00,2026-09-14 20:44:00+00:00,2026-09-14 20:44:00+00:00,0.0,1,1,N21,2.31,2.31,2.31,n,0.6,N,INDIA,0.462
SATF-0560,2026-09-14_261_1,18.687,73.037,2026-09-14 20:44:00+00:00,2026-09-14 21:38:00+00:00,2026-09-14 20:44:00+00:00,0.9,9,2,"N20,N21",1.82,1.261,11.35,n,0.6,N,INDIA,0.394
SATF-0561,2026-09-14_267_1,32.891,71.616,2026-09-14 21:33:00+00:00,2026-09-14 21:33:00+00:00,2026-09-14 21:33:00+00:00,0.0,1,1,N20,3.21,3.21,3.21,n,0.6,N,OUTSIDE_INDIA,0.557
SATF-0562,2026-09-14_266_1,32.38,72.137,2026-09-14 21:33:00+00:00,2026-09-14 21:33:00+00:00,2026-09-14 21:33:00+00:00,0.0,1,1,N20,2.13,2.13,2.13,n,0.6,N,OUTSIDE_INDIA,0.437
SATF-0563,2026-09-14_269_1,33.547,71.552,2026-09-14 21:33:00+00:00,2026-09-14 21:33:00+00:00,2026-09-14 21:33:00+00:00,0.0,1,1,N20,1.03,1.03,1.03,n,0.6,N,OUTSIDE_INDIA,0.269
SATF-0564,2026-09-14_265_1,31.262,76.927,2026-09-14 21:33:00+00:00,2026-09-14 21:33:00+00:00,2026-09-14 21:33:00+00:00,0.0,1,1,N20,0.66,0.66,0.66,n,0.6,N,INDIA,0.208
SATF-0565,2026-09-14_268_1,33.409,71.938,2026-09-14 21:33:00+00:00,2026-09-14 21:33:00+00:00,2026-09-14 21:33:00+00:00,0.0,1,1,N20,0.6,0.6,0.6,n,0.6,N,OUTSIDE_INDIA,0.201
SATF-0566,2026-09-14_270_1,25.052,67.496,2026-09-14 21:38:00+00:00,2026-09-14 21:38:00+00:00,2026-09-14 21:38:00+00:00,0.0,1,1,N20,1.42,1.42,1.42,n,0.6,N,OUTSIDE_INDIA,0.34
SATF-0567,2026-09-15_2_1,24.411,96.207,2026-09-15 06:14:00+00:00,2026-09-15 07:09:00+00:00,2026-09-15 06:14:00+00:00,0.917,2,2,"N20,N21",5.35,4.685,9.37,n,0.6,D,OUTSIDE_INDIA,0.701
SATF-0568,2026-09-15_1_1,25.48,97.377,2026-09-15 06:14:00+00:00,2026-09-15 06:14:00+00:00,2026-09-15 06:14:00+00:00,0.0,1,1,N21,5.2,5.2,5.2,n,0.6,D,OUTSIDE_INDIA,0.695
SATF-0569,2026-09-15_5_1,23.978,97.77,2026-09-15 06:14:00+00:00,2026-09-15 06:14:00+00:00,2026-09-15 06:14:00+00:00,0.0,1,1,N21,4.99,4.99,4.99,l,0.3,D,OUTSIDE_INDIA,0.593
SATF-0570,2026-09-15_4_1,22.751,97.852,2026-09-15 06:14:00+00:00,2026-09-15 07:09:00+00:00,2026-09-15 06:14:00+00:00,0.917,2,2,"N20,N21",3.79,3.75,7.5,n,0.6,D,OUTSIDE_INDIA,0.601
SATF-0571,2026-09-15_3_1,23.978,95.929,2026-09-15 06:14:00+00:00,2026-09-15 06:14:00+00:00,2026-09-15 06:14:00+00:00,0.0,1,1,N21,2.97,2.97,2.97,n,0.6,D,OUTSIDE_INDIA,0.539
SATF-0572,2026-09-15_0_1,26.89,93.042,2026-09-15 06:14:00+00:00,2026-09-15 06:14:00+00:00,2026-09-15 06:14:00+00:00,0.0,1,1,N21,1.66,1.66,1.66,n,0.6,D,INDIA,0.376
SATF-0573,2026-09-15_8_1,18.171,96.483,2026-09-15 07:07:00+00:00,2026-09-15 07:07:00+00:00,2026-09-15 07:07:00+00:00,0.0,1,1,N20,5.7,5.7,5.7,n,0.6,D,OUTSIDE_INDIA,0.719
SATF-0574,2026-09-15_7_1,18.337,83.599,2026-09-15 07:07:00+00:00,2026-09-15 07:07:00+00:00,2026-09-15 07:07:00+00:00,0.0,1,1,N20,3.31,3.31,3.31,n,0.6,D,INDIA,0.568
SATF-0575,2026-09-15_9_1,18.266,83.815,2026-09-15 07:07:00+00:00,2026-09-15 07:07:00+00:00,2026-09-15 07:07:00+00:00,0.0,1,1,N20,2.77,2.77,2.77,n,0.6,D,INDIA,0.517
SATF-0576,2026-09-15_6_1,21.405,97.93,2026-09-15 07:07:00+00:00,2026-09-15 07:07:00+00:00,2026-09-15 07:07:00+00:00,0.0,1,1,N20,2.71,2.71,2.71,n,0.6,D,OUTSIDE_INDIA,0.509
SATF-0577,2026-09-15_16_1,24.878,97.07,2026-09-15 07:09:00+00:00,2026-09-15 07:09:00+00:00,2026-09-15 07:09:00+00:00,0.0,1,1,N20,19.12,19.12,19.12,n,0.6,D,OUTSIDE_INDIA,0.874
SATF-0578,2026-09-15_11_1,20.965,85.178,2026-09-15 07:09:00+00:00,2026-09-15 07:54:00+00:00,2026-09-15 07:09:00+00:00,0.75,10,2,"N20,N21",15.0,8.824,88.24,n,0.6,D,INDIA,0.867
SATF-0579,2026-09-15_31_1,23.702,86.398,2026-09-15 07:09:00+00:00,2026-09-15 07:54:00+00:00,2026-09-15 07:09:00+00:00,0.75,10,2,"N20,N21",11.53,8.88,88.8,n,0.6,D,INDIA,0.853
SATF-0580,2026-09-15_19_1,24.316,94.831,2026-09-15 07:09:00+00:00,2026-09-15 07:09:00+00:00,2026-09-15 07:09:00+00:00,0.0,1,1,N20,11.47,11.47,11.47,n,0.6,D,OUTSIDE_INDIA,0.853
SATF-0581,2026-09-15_30_1,22.373,87.287,2026-09-15 07:09:00+00:00,2026-09-15 07:54:00+00:00,2026-09-15 07:09:00+00:00,0.75,3,2,"N20,N21",11.29,9.783,29.35,n,0.6,D,INDIA,0.85
SATF-0582,2026-09-15_10_1,20.795,85.254,2026-09-15 07:09:00+00:00,2026-09-15 07:54:00+00:00,2026-09-15 07:09:00+00:00,0.75,2,2,"N20,N21",10.81,7.625,15.25,n,0.6,D,INDIA,0.845
SATF-0583,2026-09-15_15_1,21.077,85.038,2026-09-15 07:09:00+00:00,2026-09-15 07:54:00+00:00,2026-09-15 07:09:00+00:00,0.75,3,2,"N20,N21",10.74,10.337,31.01,n,0.6,D,INDIA,0.844
SATF-0584,2026-09-15_27_1,23.68,86.097,2026-09-15 07:09:00+00:00,2026-09-15 07:09:00+00:00,2026-09-15 07:09:00+00:00,0.0,1,1,N20,9.88,9.88,9.88,n,0.6,D,INDIA,0.837
SATF-0585,2026-09-15_13_1,25.465,97.31,2026-09-15 07:09:00+00:00,2026-09-15 07:09:00+00:00,2026-09-15 07:09:00+00:00,0.0,4,1,N20,9.69,8.055,32.22,n,0.6,D,OUTSIDE_INDIA,0.835
SATF-0586,2026-09-15_23_1,23.779,86.21,2026-09-15 07:09:00+00:00,2026-09-15 07:54:00+00:00,2026-09-15 07:09:00+00:00,0.75,2,2,"N20,N21",9.47,9.43,18.86,n,0.6,D,INDIA,0.83
SATF-0587,2026-09-15_21_1,24.141,91.337,2026-09-15 07:09:00+00:00,2026-09-15 07:09:00+00:00,2026-09-15 07:09:00+00:00,0.0,1,1,N20,6.43,6.43,6.43,l,0.3,D,OUTSIDE_INDIA,0.665
SATF-0588,2026-09-15_14_1,26.186,91.809,2026-09-15 07:09:00+00:00,2026-09-15 07:56:00+00:00,2026-09-15 07:09:00+00:00,0.783,3,2,"N20,N21",6.4,4.587,13.76,n,0.6,D,INDIA,0.754
SATF-0589,2026-09-15_29_1,23.65,96.193,2026-09-15 07:09:00+00:00,2026-09-15 07:09:00+00:00,2026-09-15 07:09:00+00:00,0.0,1,1,N20,6.25,6.25,6.25,l,0.3,D,OUTSIDE_INDIA,0.657
SATF-0590,2026-09-15_20_1,23.79,97.989,2026-09-15 07:09:00+00:00,2026-09-15 07:09:00+00:00,2026-09-15 07:09:00+00:00,0.0,1,1,N20,6.11,6.11,6.11,n,0.6,D,OUTSIDE_INDIA,0.74
SATF-0591,2026-09-15_24_1,23.755,85.854,2026-09-15 07:09:00+00:00,2026-09-15 07:54:00+00:00,2026-09-15 07:09:00+00:00,0.75,2,2,"N20,N21",5.93,5.285,10.57,n,0.6,D,INDIA,0.732
SATF-0592,2026-09-15_25_1,22.509,96.649,2026-09-15 07:09:00+00:00,2026-09-15 07:09:00+00:00,2026-09-15 07:09:00+00:00,0.0,1,1,N20,5.4,5.4,5.4,n,0.6,D,OUTSIDE_INDIA,0.703
SATF-0593,2026-09-15_12_1,22.052,88.126,2026-09-15 07:09:00+00:00,2026-09-15 07:54:00+00:00,2026-09-15 07:09:00+00:00,0.75,2,2,"N20,N21",5.39,3.925,7.85,n,0.6,D,INDIA,0.702
SATF-0594,2026-09-15_22_1,23.88,89.103,2026-09-15 07:09:00+00:00,2026-09-15 07:09:00+00:00,2026-09-15 07:09:00+00:00,0.0,1,1,N20,5.2,5.2,5.2,l,0.3,D,OUTSIDE_INDIA,0.605
SATF-0595,2026-09-15_26_1,24.242,90.394,2026-09-15 07:09:00+00:00,2026-09-15 07:09:00+00:00,2026-09-15 07:09:00+00:00,0.0,1,1,N20,4.28,4.28,4.28,l,0.3,D,OUTSIDE_INDIA,0.553
SATF-0596,2026-09-15_28_1,23.657,94.2,2026-09-15 07:09:00+00:00,2026-09-15 07:09:00+00:00,2026-09-15 07:09:00+00:00,0.0,1,1,N20,4.14,4.14,4.14,n,0.6,D,OUTSIDE_INDIA,0.634
SATF-0597,2026-09-15_17_1,24.976,97.208,2026-09-15 07:09:00+00:00,2026-09-15 07:09:00+00:00,2026-09-15 07:09:00+00:00,0.0,1,1,N20,4.1,4.1,4.1,n,0.6,D,OUTSIDE_INDIA,0.631
SATF-0598,2026-09-15_18_1,23.054,97.747,2026-09-15 07:09:00+00:00,2026-09-15 07:09:00+00:00,2026-09-15 07:09:00+00:00,0.0,1,1,N20,2.02,2.02,2.02,n,0.6,D,OUTSIDE_INDIA,0.421
SATF-0599,2026-09-15_32_1,37.017,82.776,2026-09-15 07:14:00+00:00,2026-09-15 07:14:00+00:00,2026-09-15 07:14:00+00:00,0.0,1,1,N20,11.62,11.62,11.62,l,0.3,D,OUTSIDE_INDIA,0.765
SATF-0600,2026-09-15_33_1,8.768,77.334,2026-09-15 07:50:00+00:00,2026-09-15 07:50:00+00:00,2026-09-15 07:50:00+00:00,0.0,2,1,N21,5.34,5.34,10.68,n,0.6,D,INDIA,0.7
SATF-0601,2026-09-15_36_1,14.999,77.216,2026-09-15 07:52:00+00:00,2026-09-15 07:52:00+00:00,2026-09-15 07:52:00+00:00,0.0,1,1,N21,14.44,14.44,14.44,l,0.3,D,INDIA,0.776
SATF-0602,2026-09-15_41_1,10.207,79.011,2026-09-15 07:52:00+00:00,2026-09-15 07:52:00+00:00,2026-09-15 07:52:00+00:00,0.0,1,1,N21,8.73,8.73,8.73,l,0.3,D,INDIA,0.726
SATF-0603,2026-09-15_34_1,9.854,76.45,2026-09-15 07:52:00+00:00,2026-09-15 07:52:00+00:00,2026-09-15 07:52:00+00:00,0.0,1,1,N21,7.48,7.48,7.48,n,0.6,D,INDIA,0.789
SATF-0604,2026-09-15_51_1,15.449,75.323,2026-09-15 07:52:00+00:00,2026-09-15 07:52:00+00:00,2026-09-15 07:52:00+00:00,0.0,1,1,N21,6.95,6.95,6.95,l,0.3,D,INDIA,0.683
SATF-0605,2026-09-15_49_1,16.743,80.724,2026-09-15 07:52:00+00:00,2026-09-15 07:52:00+00:00,2026-09-15 07:52:00+00:00,0.0,1,1,N21,6.76,6.76,6.76,n,0.6,D,INDIA,0.767
SATF-0606,2026-09-15_42_1,15.121,76.078,2026-09-15 07:52:00+00:00,2026-09-15 07:52:00+00:00,2026-09-15 07:52:00+00:00,0.0,1,1,N21,6.6,6.6,6.6,l,0.3,D,INDIA,0.672
SATF-0607,2026-09-15_40_1,10.869,79.847,2026-09-15 07:52:00+00:00,2026-09-15 07:52:00+00:00,2026-09-15 07:52:00+00:00,0.0,1,1,N21,5.97,5.97,5.97,n,0.6,D,OUTSIDE_INDIA,0.734
SATF-0608,2026-09-15_37_1,13.379,76.377,2026-09-15 07:52:00+00:00,2026-09-15 07:52:00+00:00,2026-09-15 07:52:00+00:00,0.0,1,1,N21,5.35,5.35,5.35,n,0.6,D,INDIA,0.701
SATF-0609,2026-09-15_48_1,15.178,76.657,2026-09-15 07:52:00+00:00,2026-09-15 07:52:00+00:00,2026-09-15 07:52:00+00:00,0.0,1,1,N21,5.12,5.12,5.12,n,0.6,D,INDIA,0.69
SATF-0610,2026-09-15_39_1,10.03,76.726,2026-09-15 07:52:00+00:00,2026-09-15 07:52:00+00:00,2026-09-15 07:52:00+00:00,0.0,1,1,N21,4.59,4.59,4.59,n,0.6,D,INDIA,0.665
SATF-0611,2026-09-15_45_1,17.864,83.368,2026-09-15 07:52:00+00:00,2026-09-15 07:52:00+00:00,2026-09-15 07:52:00+00:00,0.0,2,1,N21,4.32,4.32,8.64,n,0.6,D,INDIA,0.646
SATF-0612,2026-09-15_38_1,12.902,76.295,2026-09-15 07:52:00+00:00,2026-09-15 07:52:00+00:00,2026-09-15 07:52:00+00:00,0.0,2,1,N21,3.87,3.66,7.32,n,0.6,D,INDIA,0.611
SATF-0613,2026-09-15_46_1,15.32,75.172,2026-09-15 07:52:00+00:00,2026-09-15 07:52:00+00:00,2026-09-15 07:52:00+00:00,0.0,2,1,N21,3.18,3.015,6.03,n,0.6,D,INDIA,0.553
SATF-0614,2026-09-15_50_1,15.501,76.21,2026-09-15 07:52:00+00:00,2026-09-15 07:52:00+00:00,2026-09-15 07:52:00+00:00,0.0,1,1,N21,3.03,3.03,3.03,l,0.3,D,INDIA,0.453
SATF-0615,2026-09-15_35_1,11.968,78.918,2026-09-15 07:52:00+00:00,2026-09-15 07:52:00+00:00,2026-09-15 07:52:00+00:00,0.0,1,1,N21,2.81,2.81,2.81,n,0.6,D,INDIA,0.522
SATF-0616,2026-09-15_47_1,16.927,80.814,2026-09-15 07:52:00+00:00,2026-09-15 07:52:00+00:00,2026-09-15 07:52:00+00:00,0.0,1,1,N21,2.77,2.77,2.77,n,0.6,D,INDIA,0.517
SATF-0617,2026-09-15_52_1,16.859,80.815,2026-09-15 07:52:00+00:00,2026-09-15 07:52:00+00:00,2026-09-15 07:52:00+00:00,0.0,1,1,N21,2.48,2.48,2.48,l,0.3,D,INDIA,0.394
SATF-0618,2026-09-15_43_1,14.881,75.682,2026-09-15 07:52:00+00:00,2026-09-15 07:52:00+00:00,2026-09-15 07:52:00+00:00,0.0,1,1,N21,2.17,2.17,2.17,l,0.3,D,INDIA,0.354
SATF-0619,2026-09-15_44_1,15.163,75.67,2026-09-15 07:52:00+00:00,2026-09-15 07:52:00+00:00,2026-09-15 07:52:00+00:00,0.0,1,1,N21,0.75,0.75,0.75,l,0.3,D,INDIA,0.131
SATF-0620,2026-09-15_57_1,21.753,83.845,2026-09-15 07:54:00+00:00,2026-09-15 07:54:00+00:00,2026-09-15 07:54:00+00:00,0.0,4,1,N21,15.49,9.91,39.64,n,0.6,D,INDIA,0.867
SATF-0621,2026-09-15_53_1,23.501,91.714,2026-09-15 07:54:00+00:00,2026-09-15 07:54:00+00:00,2026-09-15 07:54:00+00:00,0.0,2,1,N21,11.96,9.87,19.74,n,0.6,D,INDIA,0.856
SATF-0622,2026-09-15_56_1,22.358,82.304,2026-09-15 07:54:00+00:00,2026-09-15 07:54:00+00:00,2026-09-15 07:54:00+00:00,0.0,1,1,N21,6.96,6.96,6.96,n,0.6,D,INDIA,0.774
SATF-0623,2026-09-15_70_1,17.168,76.215,2026-09-15 07:54:00+00:00,2026-09-15 07:54:00+00:00,2026-09-15 07:54:00+00:00,0.0,1,1,N21,6.81,6.81,6.81,l,0.3,D,INDIA,0.678
SATF-0624,2026-09-15_67_1,17.261,76.817,2026-09-15 07:54:00+00:00,2026-09-15 07:54:00+00:00,2026-09-15 07:54:00+00:00,0.0,1,1,N21,6.43,6.43,6.43,l,0.3,D,INDIA,0.665
SATF-0625,2026-09-15_68_1,20.824,75.083,2026-09-15 07:54:00+00:00,2026-09-15 07:54:00+00:00,2026-09-15 07:54:00+00:00,0.0,1,1,N21,5.84,5.84,5.84,n,0.6,D,INDIA,0.726
SATF-0626,2026-09-15_59_1,24.198,82.716,2026-09-15 07:54:00+00:00,2026-09-15 07:54:00+00:00,2026-09-15 07:54:00+00:00,0.0,1,1,N21,5.54,5.54,5.54,n,0.6,D,INDIA,0.709
SATF-0627,2026-09-15_54_1,23.165,82.34,2026-09-15 07:54:00+00:00,2026-09-15 07:54:00+00:00,2026-09-15 07:54:00+00:00,0.0,1,1,N21,5.19,5.19,5.19,n,0.6,D,INDIA,0.693
SATF-0628,2026-09-15_65_1,17.692,75.541,2026-09-15 07:54:00+00:00,2026-09-15 07:54:00+00:00,2026-09-15 07:54:00+00:00,0.0,1,1,N21,5.14,5.14,5.14,l,0.3,D,INDIA,0.602
SATF-0629,2026-09-15_61_1,20.888,84.982,2026-09-15 07:54:00+00:00,2026-09-15 07:54:00+00:00,2026-09-15 07:54:00+00:00,0.0,2,1,N21,5.11,5.11,10.22,n,0.6,D,INDIA,0.69
SATF-0630,2026-09-15_55_1,22.212,84.865,2026-09-15 07:54:00+00:00,2026-09-15 07:54:00+00:00,2026-09-15 07:54:00+00:00,0.0,2,1,N21,4.83,4.385,8.77,n,0.6,D,INDIA,0.678
SATF-0631,2026-09-15_66_1,17.618,75.937,2026-09-15 07:54:00+00:00,2026-09-15 07:54:00+00:00,2026-09-15 07:54:00+00:00,0.0,1,1,N21,4.38,4.38,4.38,l,0.3,D,INDIA,0.558
SATF-0632,2026-09-15_60_1,23.696,85.369,2026-09-15 07:54:00+00:00,2026-09-15 07:54:00+00:00,2026-09-15 07:54:00+00:00,0.0,1,1,N21,3.64,3.64,3.64,n,0.6,D,INDIA,0.59
SATF-0633,2026-09-15_69_1,17.958,80.796,2026-09-15 07:54:00+00:00,2026-09-15 07:54:00+00:00,2026-09-15 07:54:00+00:00,0.0,1,1,N21,3.23,3.23,3.23,n,0.6,D,INDIA,0.56
SATF-0634,2026-09-15_58_1,23.787,85.553,2026-09-15 07:54:00+00:00,2026-09-15 07:54:00+00:00,2026-09-15 07:54:00+00:00,0.0,1,1,N21,3.18,3.18,3.18,n,0.6,D,INDIA,0.553
SATF-0635,2026-09-15_64_1,18.311,75.881,2026-09-15 07:54:00+00:00,2026-09-15 07:54:00+00:00,2026-09-15 07:54:00+00:00,0.0,1,1,N21,2.52,2.52,2.52,l,0.3,D,INDIA,0.398
SATF-0636,2026-09-15_71_1,21.192,81.415,2026-09-15 07:54:00+00:00,2026-09-15 07:54:00+00:00,2026-09-15 07:54:00+00:00,0.0,1,1,N21,2.49,2.49,2.49,n,0.6,D,INDIA,0.485
SATF-0637,2026-09-15_62_1,18.412,74.763,2026-09-15 07:54:00+00:00,2026-09-15 07:54:00+00:00,2026-09-15 07:54:00+00:00,0.0,1,1,N21,2.17,2.17,2.17,n,0.6,D,INDIA,0.444
SATF-0638,2026-09-15_63_1,18.319,74.257,2026-09-15 07:54:00+00:00,2026-09-15 07:54:00+00:00,2026-09-15 07:54:00+00:00,0.0,1,1,N21,2.16,2.16,2.16,l,0.3,D,INDIA,0.351
SATF-0639,2026-09-15_73_1,28.459,68.036,2026-09-15 07:56:00+00:00,2026-09-15 07:56:00+00:00,2026-09-15 07:56:00+00:00,0.0,1,1,N21,6.75,6.75,6.75,n,0.6,D,OUTSIDE_INDIA,0.766
SATF-0640,2026-09-15_80_1,27.903,67.591,2026-09-15 07:56:00+00:00,2026-09-15 07:56:00+00:00,2026-09-15 07:56:00+00:00,0.0,1,1,N21,5.93,5.93,5.93,n,0.6,D,OUTSIDE_INDIA,0.732
SATF-0641,2026-09-15_74_1,30.268,75.174,2026-09-15 07:56:00+00:00,2026-09-15 07:56:00+00:00,2026-09-15 07:56:00+00:00,0.0,1,1,N21,5.81,5.81,5.81,l,0.3,D,INDIA,0.634
SATF-0642,2026-09-15_77_1,29.731,69.95,2026-09-15 07:56:00+00:00,2026-09-15 07:56:00+00:00,2026-09-15 07:56:00+00:00,0.0,1,1,N21,5.5,5.5,5.5,n,0.6,D,OUTSIDE_INDIA,0.707
SATF-0643,2026-09-15_78_1,27.42,70.868,2026-09-15 07:56:00+00:00,2026-09-15 07:56:00+00:00,2026-09-15 07:56:00+00:00,0.0,1,1,N21,5.08,5.08,5.08,n,0.6,D,INDIA,0.687
SATF-0644,2026-09-15_72_1,28.555,77.084,2026-09-15 07:56:00+00:00,2026-09-15 07:56:00+00:00,2026-09-15 07:56:00+00:00,0.0,1,1,N21,3.83,3.83,3.83,n,0.6,D,INDIA,0.606
SATF-0645,2026-09-15_81_1,26.377,78.601,2026-09-15 07:56:00+00:00,2026-09-15 07:56:00+00:00,2026-09-15 07:56:00+00:00,0.0,1,1,N21,3.74,3.74,3.74,n,0.6,D,INDIA,0.597
SATF-0646,2026-09-15_75_1,29.805,70.411,2026-09-15 07:56:00+00:00,2026-09-15 07:56:00+00:00,2026-09-15 07:56:00+00:00,0.0,1,1,N21,2.78,2.78,2.78,l,0.3,D,OUTSIDE_INDIA,0.428
SATF-0647,2026-09-15_79_1,28.186,67.716,2026-09-15 07:56:00+00:00,2026-09-15 07:56:00+00:00,2026-09-15 07:56:00+00:00,0.0,1,1,N21,2.29,2.29,2.29,n,0.6,D,OUTSIDE_INDIA,0.46
SATF-0648,2026-09-15_76_1,29.295,70.651,2026-09-15 07:56:00+00:00,2026-09-15 07:56:00+00:00,2026-09-15 07:56:00+00:00,0.0,1,1,N21,1.91,1.91,1.91,l,0.3,D,OUTSIDE_INDIA,0.316
SATF-0649,2026-09-15_86_1,31.462,72.19,2026-09-15 07:58:00+00:00,2026-09-15 07:58:00+00:00,2026-09-15 07:58:00+00:00,0.0,1,1,N21,12.68,12.68,12.68,n,0.6,D,OUTSIDE_INDIA,0.861
SATF-0650,2026-09-15_90_1,31.456,74.874,2026-09-15 07:58:00+00:00,2026-09-15 07:58:00+00:00,2026-09-15 07:58:00+00:00,0.0,1,1,N21,7.84,7.84,7.84,n,0.6,D,INDIA,0.798
SATF-0651,2026-09-15_89_1,31.051,74.481,2026-09-15 07:58:00+00:00,2026-09-15 07:58:00+00:00,2026-09-15 07:58:00+00:00,0.0,1,1,N21,4.5,4.5,4.5,n,0.6,D,OUTSIDE_INDIA,0.659
SATF-0652,2026-09-15_87_1,31.472,75.184,2026-09-15 07:58:00+00:00,2026-09-15 07:58:00+00:00,2026-09-15 07:58:00+00:00,0.0,1,1,N21,4.46,4.46,4.46,n,0.6,D,INDIA,0.656
SATF-0653,2026-09-15_88_1,31.129,74.628,2026-09-15 07:58:00+00:00,2026-09-15 07:58:00+00:00,2026-09-15 07:58:00+00:00,0.0,1,1,N21,4.4,4.4,4.4,n,0.6,D,INDIA,0.652
SATF-0654,2026-09-15_91_1,31.392,75.854,2026-09-15 07:58:00+00:00,2026-09-15 07:58:00+00:00,2026-09-15 07:58:00+00:00,0.0,1,1,N21,4.31,4.31,4.31,n,0.6,D,INDIA,0.645
SATF-0655,2026-09-15_85_1,31.57,75.112,2026-09-15 07:58:00+00:00,2026-09-15 07:58:00+00:00,2026-09-15 07:58:00+00:00,0.0,1,1,N21,3.87,3.87,3.87,n,0.6,D,INDIA,0.611
SATF-0656,2026-09-15_84_1,31.873,74.701,2026-09-15 07:58:00+00:00,2026-09-15 07:58:00+00:00,2026-09-15 07:58:00+00:00,0.0,1,1,N21,3.34,3.34,3.34,n,0.6,D,INDIA,0.571
SATF-0657,2026-09-15_82_1,31.648,74.988,2026-09-15 07:58:00+00:00,2026-09-15 07:58:00+00:00,2026-09-15 07:58:00+00:00,0.0,1,1,N21,2.82,2.82,2.82,n,0.6,D,INDIA,0.524
SATF-0658,2026-09-15_83_1,35.437,73.603,2026-09-15 07:58:00+00:00,2026-09-15 07:58:00+00:00,2026-09-15 07:58:00+00:00,0.0,1,1,N21,2.64,2.64,2.64,n,0.6,D,OUTSIDE_INDIA,0.503
SATF-0659,2026-09-15_98_1,15.161,77.524,2026-09-15 08:48:00+00:00,2026-09-15 08:48:00+00:00,2026-09-15 08:48:00+00:00,0.0,1,1,N20,8.48,8.48,8.48,n,0.6,D,INDIA,0.811
SATF-0660,2026-09-15_102_1,13.884,77.366,2026-09-15 08:48:00+00:00,2026-09-15 08:48:00+00:00,2026-09-15 08:48:00+00:00,0.0,1,1,N20,4.75,4.75,4.75,n,0.6,D,INDIA,0.673
SATF-0661,2026-09-15_104_1,11.019,79.298,2026-09-15 08:48:00+00:00,2026-09-15 08:48:00+00:00,2026-09-15 08:48:00+00:00,0.0,1,1,N20,3.96,3.96,3.96,n,0.6,D,INDIA,0.619
SATF-0662,2026-09-15_95_1,15.687,77.966,2026-09-15 08:48:00+00:00,2026-09-15 08:48:00+00:00,2026-09-15 08:48:00+00:00,0.0,2,1,N20,3.79,3.685,7.37,n,0.6,D,INDIA,0.601
SATF-0663,2026-09-15_100_1,14.181,77.807,2026-09-15 08:48:00+00:00,2026-09-15 08:48:00+00:00,2026-09-15 08:48:00+00:00,0.0,1,1,N20,3.62,3.62,3.62,n,0.6,D,INDIA,0.589
SATF-0664,2026-09-15_105_1,10.94,79.131,2026-09-15 08:48:00+00:00,2026-09-15 08:48:00+00:00,2026-09-15 08:48:00+00:00,0.0,1,1,N20,3.47,3.47,3.47,n,0.6,D,INDIA,0.581
SATF-0665,2026-09-15_92_1,14.81,79.021,2026-09-15 08:48:00+00:00,2026-09-15 08:48:00+00:00,2026-09-15 08:48:00+00:00,0.0,1,1,N20,3.33,3.33,3.33,n,0.6,D,INDIA,0.57
SATF-0666,2026-09-15_99_1,14.212,78.995,2026-09-15 08:48:00+00:00,2026-09-15 08:48:00+00:00,2026-09-15 08:48:00+00:00,0.0,2,1,N20,3.21,3.005,6.01,n,0.6,D,INDIA,0.557
SATF-0667,2026-09-15_96_1,15.97,77.584,2026-09-15 08:48:00+00:00,2026-09-15 08:48:00+00:00,2026-09-15 08:48:00+00:00,0.0,1,1,N20,2.8,2.8,2.8,n,0.6,D,INDIA,0.52
SATF-0668,2026-09-15_93_1,14.273,77.986,2026-09-15 08:48:00+00:00,2026-09-15 08:48:00+00:00,2026-09-15 08:48:00+00:00,0.0,1,1,N20,2.64,2.64,2.64,n,0.6,D,INDIA,0.503
SATF-0669,2026-09-15_101_1,13.974,76.725,2026-09-15 08:48:00+00:00,2026-09-15 08:48:00+00:00,2026-09-15 08:48:00+00:00,0.0,1,1,N20,2.36,2.36,2.36,l,0.3,D,INDIA,0.38
SATF-0670,2026-09-15_103_1,13.642,78.193,2026-09-15 08:48:00+00:00,2026-09-15 08:48:00+00:00,2026-09-15 08:48:00+00:00,0.0,1,1,N20,2.35,2.35,2.35,n,0.6,D,INDIA,0.469
SATF-0671,2026-09-15_97_1,15.163,76.842,2026-09-15 08:48:00+00:00,2026-09-15 08:48:00+00:00,2026-09-15 08:48:00+00:00,0.0,1,1,N20,2.35,2.35,2.35,n,0.6,D,INDIA,0.469
SATF-0672,2026-09-15_94_1,15.758,76.967,2026-09-15 08:48:00+00:00,2026-09-15 08:48:00+00:00,2026-09-15 08:48:00+00:00,0.0,1,1,N20,1.91,1.91,1.91,l,0.3,D,INDIA,0.316
SATF-0673,2026-09-15_107_1,17.753,75.415,2026-09-15 08:50:00+00:00,2026-09-15 08:50:00+00:00,2026-09-15 08:50:00+00:00,0.0,1,1,N20,4.84,4.84,4.84,n,0.6,D,INDIA,0.679
SATF-0674,2026-09-15_106_1,19.618,74.084,2026-09-15 08:50:00+00:00,2026-09-15 08:50:00+00:00,2026-09-15 08:50:00+00:00,0.0,1,1,N20,1.85,1.85,1.85,n,0.6,D,INDIA,0.398
SATF-0675,2026-09-15_112_1,27.394,67.584,2026-09-15 08:52:00+00:00,2026-09-15 08:52:00+00:00,2026-09-15 08:52:00+00:00,0.0,1,1,N20,11.99,11.99,11.99,l,0.3,D,OUTSIDE_INDIA,0.767
SATF-0676,2026-09-15_110_1,28.425,69.7,2026-09-15 08:52:00+00:00,2026-09-15 08:52:00+00:00,2026-09-15 08:52:00+00:00,0.0,1,1,N20,5.05,5.05,5.05,l,0.3,D,OUTSIDE_INDIA,0.596
SATF-0677,2026-09-15_108_1,30.059,75.33,2026-09-15 08:52:00+00:00,2026-09-15 08:52:00+00:00,2026-09-15 08:52:00+00:00,0.0,2,1,N20,4.32,3.745,7.49,n,0.6,D,INDIA,0.646
SATF-0678,2026-09-15_109_1,30.941,74.531,2026-09-15 08:52:00+00:00,2026-09-15 08:52:00+00:00,2026-09-15 08:52:00+00:00,0.0,2,1,N20,4.12,4.09,8.18,n,0.6,D,INDIA,0.632
SATF-0679,2026-09-15_111_1,28.297,67.732,2026-09-15 08:52:00+00:00,2026-09-15 08:52:00+00:00,2026-09-15 08:52:00+00:00,0.0,1,1,N20,3.4,3.4,3.4,l,0.3,D,OUTSIDE_INDIA,0.488
SATF-0680,2026-09-15_113_1,35.786,69.034,2026-09-15 08:54:00+00:00,2026-09-15 08:54:00+00:00,2026-09-15 08:54:00+00:00,0.0,2,1,N20,4.21,3.865,7.73,n,0.6,D,OUTSIDE_INDIA,0.638
SATF-0681,2026-09-15_114_1,22.355,96.703,2026-09-15 18:43:00+00:00,2026-09-15 18:43:00+00:00,2026-09-15 18:43:00+00:00,0.0,2,1,N21,1.96,1.7,3.4,n,0.6,N,OUTSIDE_INDIA,0.412
SATF-0682,2026-09-15_115_1,35.99,94.828,2026-09-15 19:34:00+00:00,2026-09-15 19:34:00+00:00,2026-09-15 19:34:00+00:00,0.0,1,1,N20,1.36,1.36,1.36,n,0.6,N,OUTSIDE_INDIA,0.333
SATF-0683,2026-09-15_30_2,22.369,87.291,2026-09-15 19:38:00+00:00,2026-09-15 20:21:00+00:00,2026-09-15 19:38:00+00:00,0.717,9,2,"N20,N21",9.24,5.137,46.23,n,0.6,N,INDIA,0.828
SATF-0684,2026-09-15_155_1,24.139,97.014,2026-09-15 19:38:00+00:00,2026-09-15 19:38:00+00:00,2026-09-15 19:38:00+00:00,0.0,1,1,N20,7.53,7.53,7.53,n,0.6,N,OUTSIDE_INDIA,0.792
SATF-0685,2026-09-15_71_2,21.189,81.396,2026-09-15 19:38:00+00:00,2026-09-15 20:23:00+00:00,2026-09-15 19:38:00+00:00,0.75,14,2,"N20,N21",7.4,2.461,34.46,n,0.6,N,INDIA,0.787
SATF-0686,2026-09-15_130_1,22.793,86.201,2026-09-15 19:38:00+00:00,2026-09-15 20:21:00+00:00,2026-09-15 19:38:00+00:00,0.717,7,2,"N20,N21",7.32,3.62,25.34,n,0.6,N,INDIA,0.784
SATF-0687,2026-09-15_57_2,21.754,83.844,2026-09-15 19:38:00+00:00,2026-09-15 20:21:00+00:00,2026-09-15 19:38:00+00:00,0.717,11,2,"N20,N21",7.06,3.753,41.28,n,0.6,N,INDIA,0.777
SATF-0688,2026-09-15_10_2,20.778,85.276,2026-09-15 19:38:00+00:00,2026-09-15 20:21:00+00:00,2026-09-15 19:38:00+00:00,0.717,13,2,"N20,N21",6.82,3.502,45.52,n,0.6,N,INDIA,0.768
SATF-0689,2026-09-15_137_1,20.964,86.022,2026-09-15 19:38:00+00:00,2026-09-15 20:21:00+00:00,2026-09-15 19:38:00+00:00,0.717,19,2,"N20,N21",6.12,3.29,62.51,n,0.6,N,INDIA,0.74
SATF-0690,2026-09-15_56_2,22.359,82.302,2026-09-15 19:38:00+00:00,2026-09-15 20:21:00+00:00,2026-09-15 19:38:00+00:00,0.717,4,2,"N20,N21",5.42,3.16,12.64,n,0.6,N,INDIA,0.704
SATF-0691,2026-09-15_124_1,21.922,83.348,2026-09-15 19:38:00+00:00,2026-09-15 20:21:00+00:00,2026-09-15 19:38:00+00:00,0.717,7,2,"N20,N21",4.78,2.916,20.41,n,0.6,N,INDIA,0.675
SATF-0692,2026-09-15_132_1,22.366,87.017,2026-09-15 19:38:00+00:00,2026-09-15 19:38:00+00:00,2026-09-15 19:38:00+00:00,0.0,2,1,N20,4.49,4.03,8.06,n,0.6,N,INDIA,0.659
SATF-0693,2026-09-15_11_2,20.968,85.17,2026-09-15 19:38:00+00:00,2026-09-15 20:21:00+00:00,2026-09-15 19:38:00+00:00,0.717,22,2,"N20,N21",4.45,2.614,57.51,n,0.6,N,INDIA,0.655
SATF-0694,2026-09-15_31_2,23.755,86.388,2026-09-15 19:38:00+00:00,2026-09-15 20:21:00+00:00,2026-09-15 19:38:00+00:00,0.717,60,2,"N20,N21",4.26,2.302,138.13,n,0.6,N,INDIA,0.641
SATF-0695,2026-09-15_116_1,21.762,84.021,2026-09-15 19:38:00+00:00,2026-09-15 20:21:00+00:00,2026-09-15 19:38:00+00:00,0.717,12,2,"N20,N21",4.15,2.453,29.44,n,0.6,N,INDIA,0.635
SATF-0696,2026-09-15_23_2,23.775,86.198,2026-09-15 19:38:00+00:00,2026-09-15 20:21:00+00:00,2026-09-15 19:38:00+00:00,0.717,12,2,"N20,N21",4.14,1.999,23.99,n,0.6,N,INDIA,0.634
SATF-0697,2026-09-15_140_1,21.68,84.038,2026-09-15 19:38:00+00:00,2026-09-15 20:21:00+00:00,2026-09-15 19:38:00+00:00,0.717,3,2,"N20,N21",4.05,3.283,9.85,n,0.6,N,INDIA,0.627
SATF-0698,2026-09-15_164_1,23.562,87.084,2026-09-15 19:38:00+00:00,2026-09-15 20:21:00+00:00,2026-09-15 19:38:00+00:00,0.717,5,2,"N20,N21",4.05,3.016,15.08,n,0.6,N,INDIA,0.627
SATF-0699,2026-09-15_159_1,23.687,87.12,2026-09-15 19:38:00+00:00,2026-09-15 20:21:00+00:00,2026-09-15 19:38:00+00:00,0.717,19,2,"N20,N21",4.03,2.038,38.73,n,0.6,N,INDIA,0.624
SATF-0700,2026-09-15_118_1,22.034,83.737,2026-09-15 19:38:00+00:00,2026-09-15 20:21:00+00:00,2026-09-15 19:38:00+00:00,0.717,12,2,"N20,N21",3.81,2.057,24.69,n,0.6,N,INDIA,0.604
SATF-0701,2026-09-15_133_1,22.322,82.571,2026-09-15 19:38:00+00:00,2026-09-15 20:21:00+00:00,2026-09-15 19:38:00+00:00,0.717,12,2,"N20,N21",3.81,2.256,27.07,n,0.6,N,INDIA,0.604
SATF-0702,2026-09-15_54_2,23.166,82.339,2026-09-15 19:38:00+00:00,2026-09-15 20:21:00+00:00,2026-09-15 19:38:00+00:00,0.717,5,2,"N20,N21",3.75,2.182,10.91,n,0.6,N,INDIA,0.598
SATF-0703,2026-09-15_160_1,23.648,85.438,2026-09-15 19:38:00+00:00,2026-09-15 20:21:00+00:00,2026-09-15 19:38:00+00:00,0.717,4,2,"N20,N21",3.42,2.11,8.44,n,0.6,N,INDIA,0.579
SATF-0704,2026-09-15_15_2,21.078,85.037,2026-09-15 19:38:00+00:00,2026-09-15 20:21:00+00:00,2026-09-15 19:38:00+00:00,0.717,3,2,"N20,N21",3.28,2.613,7.84,n,0.6,N,INDIA,0.564
SATF-0705,2026-09-15_24_2,23.755,85.854,2026-09-15 19:38:00+00:00,2026-09-15 20:21:00+00:00,2026-09-15 19:38:00+00:00,0.717,2,2,"N20,N21",3.26,2.33,4.66,n,0.6,N,INDIA,0.562
SATF-0706,2026-09-15_55_2,22.211,84.862,2026-09-15 19:38:00+00:00,2026-09-15 20:21:00+00:00,2026-09-15 19:38:00+00:00,0.717,10,2,"N20,N21",3.25,2.012,20.12,n,0.6,N,INDIA,0.561
SATF-0707,2026-09-15_134_1,21.375,81.667,2026-09-15 19:38:00+00:00,2026-09-15 20:21:00+00:00,2026-09-15 19:38:00+00:00,0.717,17,2,"N20,N21",2.93,1.352,22.99,n,0.6,N,INDIA,0.535
SATF-0708,2026-09-15_119_1,22.036,83.357,2026-09-15 19:38:00+00:00,2026-09-15 20:21:00+00:00,2026-09-15 19:38:00+00:00,0.717,5,2,"N20,N21",2.86,1.942,9.71,n,0.6,N,INDIA,0.527
SATF-0709,2026-09-15_131_1,22.222,84.751,2026-09-15 19:38:00+00:00,2026-09-15 20:21:00+00:00,2026-09-15 19:38:00+00:00,0.717,4,2,"N20,N21",2.8,2.138,8.55,n,0.6,N,INDIA,0.52
SATF-0710,2026-09-15_122_1,21.984,83.233,2026-09-15 19:38:00+00:00,2026-09-15 20:21:00+00:00,2026-09-15 19:38:00+00:00,0.717,2,2,"N20,N21",2.64,2.45,4.9,n,0.6,N,INDIA,0.503
SATF-0711,2026-09-15_12_2,22.055,88.124,2026-09-15 19:38:00+00:00,2026-09-15 20:21:00+00:00,2026-09-15 19:38:00+00:00,0.717,3,2,"N20,N21",2.61,2.49,7.47,n,0.6,N,INDIA,0.5
SATF-0712,2026-09-15_166_1,23.557,87.237,2026-09-15 19:38:00+00:00,2026-09-15 20:21:00+00:00,2026-09-15 19:38:00+00:00,0.717,3,2,"N20,N21",2.55,2.117,6.35,n,0.6,N,INDIA,0.493
SATF-0713,2026-09-15_167_1,21.337,78.966,2026-09-15 19:38:00+00:00,2026-09-15 21:21:00+00:00,2026-09-15 19:38:00+00:00,1.717,3,2,"N20,N21",2.54,1.643,4.93,n,0.6,N,INDIA,0.492
SATF-0714,2026-09-15_136_1,20.958,85.012,2026-09-15 19:38:00+00:00,2026-09-15 19:38:00+00:00,2026-09-15 19:38:00+00:00,0.0,1,1,N20,2.52,2.52,2.52,n,0.6,N,INDIA,0.488
SATF-0715,2026-09-15_128_1,22.585,85.901,2026-09-15 19:38:00+00:00,2026-09-15 20:21:00+00:00,2026-09-15 19:38:00+00:00,0.717,8,2,"N20,N21",2.51,1.93,15.44,n,0.6,N,INDIA,0.486
SATF-0716,2026-09-15_138_1,22.804,86.089,2026-09-15 19:38:00+00:00,2026-09-15 20:21:00+00:00,2026-09-15 19:38:00+00:00,0.717,4,2,"N20,N21",2.44,1.743,6.97,n,0.6,N,INDIA,0.48
SATF-0717,2026-09-15_165_1,23.482,87.364,2026-09-15 19:38:00+00:00,2026-09-15 19:38:00+00:00,2026-09-15 19:38:00+00:00,0.0,1,1,N20,2.43,2.43,2.43,n,0.6,N,INDIA,0.478
SATF-0718,2026-09-15_147_1,23.827,84.571,2026-09-15 19:38:00+00:00,2026-09-15 20:21:00+00:00,2026-09-15 19:38:00+00:00,0.717,3,2,"N20,N21",2.4,1.863,5.59,n,0.6,N,INDIA,0.473
SATF-0719,2026-09-15_125_1,21.928,85.221,2026-09-15 19:38:00+00:00,2026-09-15 20:21:00+00:00,2026-09-15 19:38:00+00:00,0.717,3,2,"N20,N21",2.12,1.647,4.94,n,0.6,N,INDIA,0.436
SATF-0720,2026-09-15_117_1,22.005,82.669,2026-09-15 19:38:00+00:00,2026-09-15 20:21:00+00:00,2026-09-15 19:38:00+00:00,0.717,5,2,"N20,N21",2.07,1.34,6.7,n,0.6,N,INDIA,0.428
SATF-0721,2026-09-15_158_1,23.667,85.0,2026-09-15 19:38:00+00:00,2026-09-15 19:38:00+00:00,2026-09-15 19:38:00+00:00,0.0,1,1,N20,1.99,1.99,1.99,n,0.6,N,INDIA,0.417
SATF-0722,2026-09-15_60_2,23.694,85.318,2026-09-15 19:38:00+00:00,2026-09-15 20:21:00+00:00,2026-09-15 19:38:00+00:00,0.717,9,2,"N20,N21",1.92,1.017,9.15,n,0.6,N,INDIA,0.407
SATF-0723,2026-09-15_163_1,23.583,86.726,2026-09-15 19:38:00+00:00,2026-09-15 20:21:00+00:00,2026-09-15 19:38:00+00:00,0.717,2,2,"N20,N21",1.87,1.44,2.88,n,0.6,N,INDIA,0.401
SATF-0724,2026-09-15_146_1,21.307,81.595,2026-09-15 19:38:00+00:00,2026-09-15 20:23:00+00:00,2026-09-15 19:38:00+00:00,0.75,3,2,"N20,N21",1.85,1.35,4.05,n,0.6,N,INDIA,0.398
SATF-0725,2026-09-15_161_1,23.622,86.81,2026-09-15 19:38:00+00:00,2026-09-15 20:21:00+00:00,2026-09-15 19:38:00+00:00,0.717,2,2,"N20,N21",1.81,1.295,2.59,n,0.6,N,INDIA,0.393
SATF-0726,2026-09-15_145_1,22.866,86.059,2026-09-15 19:38:00+00:00,2026-09-15 20:21:00+00:00,2026-09-15 19:38:00+00:00,0.717,4,2,"N20,N21",1.78,1.445,5.78,n,0.6,N,INDIA,0.388
SATF-0727,2026-09-15_153_1,24.206,82.525,2026-09-15 19:38:00+00:00,2026-09-15 20:21:00+00:00,2026-09-15 19:38:00+00:00,0.717,2,2,"N20,N21",1.63,1.245,2.49,n,0.6,N,INDIA,0.371
SATF-0728,2026-09-15_154_1,24.146,82.708,2026-09-15 19:38:00+00:00,2026-09-15 20:21:00+00:00,2026-09-15 19:38:00+00:00,0.717,3,2,"N20,N21",1.58,1.01,3.03,n,0.6,N,INDIA,0.359
SATF-0729,2026-09-15_127_1,21.801,82.039,2026-09-15 19:38:00+00:00,2026-09-15 20:21:00+00:00,2026-09-15 19:38:00+00:00,0.717,2,2,"N20,N21",1.57,1.43,2.86,n,0.6,N,INDIA,0.357
SATF-0730,2026-09-15_121_1,21.961,83.789,2026-09-15 19:38:00+00:00,2026-09-15 20:21:00+00:00,2026-09-15 19:38:00+00:00,0.717,2,2,"N20,N21",1.49,1.275,2.55,n,0.6,N,INDIA,0.35
SATF-0731,2026-09-15_59_2,24.199,82.714,2026-09-15 19:38:00+00:00,2026-09-15 20:21:00+00:00,2026-09-15 19:38:00+00:00,0.717,5,2,"N20,N21",1.44,1.276,6.38,n,0.6,N,INDIA,0.343
SATF-0732,2026-09-15_141_1,21.674,82.079,2026-09-15 19:38:00+00:00,2026-09-15 20:21:00+00:00,2026-09-15 19:38:00+00:00,0.717,2,2,"N20,N21",1.43,1.35,2.7,n,0.6,N,INDIA,0.341
SATF-0733,2026-09-15_150_1,26.76,83.198,2026-09-15 19:38:00+00:00,2026-09-15 20:21:00+00:00,2026-09-15 19:38:00+00:00,0.717,3,2,"N20,N21",1.39,1.31,3.93,n,0.6,N,INDIA,0.337
SATF-0734,2026-09-15_143_1,21.247,79.218,2026-09-15 19:38:00+00:00,2026-09-15 21:21:00+00:00,2026-09-15 19:38:00+00:00,1.717,5,2,"N20,N21",1.34,0.98,4.9,n,0.6,N,INDIA,0.332
SATF-0735,2026-09-15_156_1,23.841,84.948,2026-09-15 19:38:00+00:00,2026-09-15 19:38:00+00:00,2026-09-15 19:38:00+00:00,0.0,1,1,N20,1.26,1.26,1.26,n,0.6,N,INDIA,0.317
SATF-0736,2026-09-15_135_1,21.477,81.779,2026-09-15 19:38:00+00:00,2026-09-15 20:21:00+00:00,2026-09-15 19:38:00+00:00,0.717,3,2,"N20,N21",1.18,0.95,2.85,n,0.6,N,INDIA,0.301
SATF-0737,2026-09-15_126_1,21.888,95.269,2026-09-15 19:38:00+00:00,2026-09-15 19:38:00+00:00,2026-09-15 19:38:00+00:00,0.0,1,1,N20,1.05,1.05,1.05,n,0.6,N,OUTSIDE_INDIA,0.275
SATF-0738,2026-09-15_139_1,21.731,82.213,2026-09-15 19:38:00+00:00,2026-09-15 20:21:00+00:00,2026-09-15 19:38:00+00:00,0.717,2,2,"N20,N21",1.04,0.86,1.72,n,0.6,N,INDIA,0.271
SATF-0739,2026-09-15_129_1,22.133,85.382,2026-09-15 19:38:00+00:00,2026-09-15 20:21:00+00:00,2026-09-15 19:38:00+00:00,0.717,2,2,"N20,N21",1.02,0.985,1.97,n,0.6,N,INDIA,0.267
SATF-0740,2026-09-15_144_1,23.774,85.997,2026-09-15 19:38:00+00:00,2026-09-15 20:21:00+00:00,2026-09-15 19:38:00+00:00,0.717,2,2,"N20,N21",1.0,0.89,1.78,n,0.6,N,INDIA,0.263
SATF-0741,2026-09-15_120_1,21.989,82.013,2026-09-15 19:38:00+00:00,2026-09-15 19:38:00+00:00,2026-09-15 19:38:00+00:00,0.0,2,1,N20,0.88,0.85,1.7,n,0.6,N,INDIA,0.245
SATF-0742,2026-09-15_123_1,21.97,85.313,2026-09-15 19:38:00+00:00,2026-09-15 20:21:00+00:00,2026-09-15 19:38:00+00:00,0.717,2,2,"N20,N21",0.83,0.79,1.58,n,0.6,N,INDIA,0.236
SATF-0743,2026-09-15_142_1,24.119,86.861,2026-09-15 19:38:00+00:00,2026-09-15 19:38:00+00:00,2026-09-15 19:38:00+00:00,0.0,3,1,N20,0.68,0.42,1.26,n,0.6,N,INDIA,0.21
SATF-0744,2026-09-15_148_1,22.866,89.537,2026-09-15 19:38:00+00:00,2026-09-15 19:38:00+00:00,2026-09-15 19:38:00+00:00,0.0,1,1,N20,0.66,0.66,0.66,n,0.6,N,OUTSIDE_INDIA,0.208
SATF-0745,2026-09-15_151_1,25.541,91.236,2026-09-15 19:38:00+00:00,2026-09-15 19:38:00+00:00,2026-09-15 19:38:00+00:00,0.0,1,1,N20,0.6,0.6,0.6,n,0.6,N,INDIA,0.201
SATF-0746,2026-09-15_149_1,24.544,97.739,2026-09-15 19:38:00+00:00,2026-09-15 19:38:00+00:00,2026-09-15 19:38:00+00:00,0.0,1,1,N20,0.47,0.47,0.47,n,0.6,N,OUTSIDE_INDIA,0.19
SATF-0747,2026-09-15_157_1,24.411,97.774,2026-09-15 19:38:00+00:00,2026-09-15 19:38:00+00:00,2026-09-15 19:38:00+00:00,0.0,1,1,N20,0.44,0.44,0.44,n,0.6,N,OUTSIDE_INDIA,0.187
SATF-0748,2026-09-15_152_1,24.518,97.787,2026-09-15 19:38:00+00:00,2026-09-15 19:38:00+00:00,2026-09-15 19:38:00+00:00,0.0,1,1,N20,0.36,0.36,0.36,n,0.6,N,OUTSIDE_INDIA,0.184
SATF-0749,2026-09-15_162_1,23.611,85.674,2026-09-15 19:38:00+00:00,2026-09-15 19:38:00+00:00,2026-09-15 19:38:00+00:00,0.0,1,1,N20,0.28,0.28,0.28,n,0.6,N,INDIA,0.181
SATF-0750,2026-09-15_170_1,17.61,83.2,2026-09-15 19:40:00+00:00,2026-09-15 19:40:00+00:00,2026-09-15 19:40:00+00:00,0.0,2,1,N20,4.54,3.655,7.31,n,0.6,N,INDIA,0.661
SATF-0751,2026-09-15_69_2,17.961,80.801,2026-09-15 19:40:00+00:00,2026-09-15 20:23:00+00:00,2026-09-15 19:40:00+00:00,0.717,5,2,"N20,N21",2.71,1.616,8.08,n,0.6,N,INDIA,0.509
SATF-0752,2026-09-15_169_1,17.463,80.654,2026-09-15 19:40:00+00:00,2026-09-15 20:23:00+00:00,2026-09-15 19:40:00+00:00,0.717,2,2,"N20,N21",1.33,1.21,2.42,n,0.6,N,INDIA,0.33
SATF-0753,2026-09-15_168_1,16.873,80.022,2026-09-15 19:40:00+00:00,2026-09-15 20:23:00+00:00,2026-09-15 19:40:00+00:00,0.717,2,2,"N20,N21",1.28,1.045,2.09,n,0.6,N,INDIA,0.321
SATF-0754,2026-09-15_171_1,33.688,72.712,2026-09-15 20:19:00+00:00,2026-09-15 20:19:00+00:00,2026-09-15 20:19:00+00:00,0.0,2,1,N21,1.39,1.18,2.36,n,0.6,N,OUTSIDE_INDIA,0.337
SATF-0755,2026-09-15_177_1,33.296,71.184,2026-09-15 20:19:00+00:00,2026-09-15 21:59:00+00:00,2026-09-15 20:19:00+00:00,1.667,4,2,"N20,N21",1.05,0.792,3.17,n,0.6,N,OUTSIDE_INDIA,0.275
SATF-0756,2026-09-15_174_1,31.26,76.924,2026-09-15 20:19:00+00:00,2026-09-15 21:16:00+00:00,2026-09-15 20:19:00+00:00,0.95,2,2,"N20,N21",1.02,0.88,1.76,n,0.6,N,INDIA,0.267
SATF-0757,2026-09-15_173_1,33.725,74.656,2026-09-15 20:19:00+00:00,2026-09-15 20:19:00+00:00,2026-09-15 20:19:00+00:00,0.0,1,1,N21,0.89,0.89,0.89,n,0.6,N,INDIA,0.245
SATF-0758,2026-09-15_172_1,32.889,71.616,2026-09-15 20:19:00+00:00,2026-09-15 21:16:00+00:00,2026-09-15 20:19:00+00:00,0.95,2,2,"N20,N21",0.81,0.605,1.21,n,0.6,N,OUTSIDE_INDIA,0.233
SATF-0759,2026-09-15_176_1,31.769,70.108,2026-09-15 20:19:00+00:00,2026-09-15 20:19:00+00:00,2026-09-15 20:19:00+00:00,0.0,1,1,N21,0.64,0.64,0.64,n,0.6,N,OUTSIDE_INDIA,0.206
SATF-0760,2026-09-15_175_1,32.08,74.193,2026-09-15 20:19:00+00:00,2026-09-15 20:19:00+00:00,2026-09-15 20:19:00+00:00,0.0,1,1,N21,0.59,0.59,0.59,n,0.6,N,OUTSIDE_INDIA,0.199
SATF-0761,2026-09-15_191_1,28.708,76.857,2026-09-15 20:21:00+00:00,2026-09-15 20:21:00+00:00,2026-09-15 20:21:00+00:00,0.0,1,1,N21,3.09,3.09,3.09,n,0.6,N,INDIA,0.547
SATF-0762,2026-09-15_61_2,20.886,84.983,2026-09-15 20:21:00+00:00,2026-09-15 20:21:00+00:00,2026-09-15 20:21:00+00:00,0.0,1,1,N21,3.07,3.07,3.07,n,0.6,N,INDIA,0.545
SATF-0763,2026-09-15_190_1,28.743,76.928,2026-09-15 20:21:00+00:00,2026-09-15 20:21:00+00:00,2026-09-15 20:21:00+00:00,0.0,1,1,N21,2.76,2.76,2.76,n,0.6,N,INDIA,0.516
SATF-0764,2026-09-15_27_2,23.677,86.094,2026-09-15 20:21:00+00:00,2026-09-15 20:21:00+00:00,2026-09-15 20:21:00+00:00,0.0,5,1,N21,2.67,1.838,9.19,n,0.6,N,INDIA,0.506
SATF-0765,2026-09-15_200_1,24.448,83.041,2026-09-15 20:21:00+00:00,2026-09-15 20:21:00+00:00,2026-09-15 20:21:00+00:00,0.0,1,1,N21,2.58,2.58,2.58,n,0.6,N,INDIA,0.496
SATF-0766,2026-09-15_212_1,21.822,83.996,2026-09-15 20:21:00+00:00,2026-09-15 20:21:00+00:00,2026-09-15 20:21:00+00:00,0.0,1,1,N21,2.42,2.42,2.42,n,0.6,N,INDIA,0.476
SATF-0767,2026-09-15_202_1,26.704,77.848,2026-09-15 20:21:00+00:00,2026-09-15 20:21:00+00:00,2026-09-15 20:21:00+00:00,0.0,1,1,N21,2.36,2.36,2.36,n,0.6,N,INDIA,0.47
SATF-0768,2026-09-15_187_1,23.823,85.498,2026-09-15 20:21:00+00:00,2026-09-15 20:21:00+00:00,2026-09-15 20:21:00+00:00,0.0,1,1,N21,2.33,2.33,2.33,n,0.6,N,INDIA,0.465
SATF-0769,2026-09-15_210_1,21.86,83.966,2026-09-15 20:21:00+00:00,2026-09-15 20:21:00+00:00,2026-09-15 20:21:00+00:00,0.0,2,1,N21,2.23,2.015,4.03,n,0.6,N,INDIA,0.453
SATF-0770,2026-09-15_203_1,23.73,85.008,2026-09-15 20:21:00+00:00,2026-09-15 20:21:00+00:00,2026-09-15 20:21:00+00:00,0.0,2,1,N21,2.11,1.485,2.97,n,0.6,N,INDIA,0.434
SATF-0771,2026-09-15_199_1,24.528,81.169,2026-09-15 20:21:00+00:00,2026-09-15 20:21:00+00:00,2026-09-15 20:21:00+00:00,0.0,1,1,N21,2.09,2.09,2.09,n,0.6,N,INDIA,0.431
SATF-0772,2026-09-15_196_1,24.764,74.606,2026-09-15 20:21:00+00:00,2026-09-15 20:21:00+00:00,2026-09-15 20:21:00+00:00,0.0,1,1,N21,2.04,2.04,2.04,n,0.6,N,INDIA,0.424
SATF-0773,2026-09-15_194_1,26.628,79.528,2026-09-15 20:21:00+00:00,2026-09-15 20:21:00+00:00,2026-09-15 20:21:00+00:00,0.0,1,1,N21,1.99,1.99,1.99,n,0.6,N,INDIA,0.417
SATF-0774,2026-09-15_181_1,24.167,82.63,2026-09-15 20:21:00+00:00,2026-09-15 20:21:00+00:00,2026-09-15 20:21:00+00:00,0.0,7,1,N21,1.98,1.434,10.04,n,0.6,N,INDIA,0.415
SATF-0775,2026-09-15_178_1,23.55,86.542,2026-09-15 20:21:00+00:00,2026-09-15 20:21:00+00:00,2026-09-15 20:21:00+00:00,0.0,3,1,N21,1.97,1.33,3.99,n,0.6,N,INDIA,0.414
SATF-0776,2026-09-15_58_2,23.783,85.562,2026-09-15 20:21:00+00:00,2026-09-15 20:21:00+00:00,2026-09-15 20:21:00+00:00,0.0,2,1,N21,1.88,1.6,3.2,n,0.6,N,INDIA,0.402
SATF-0777,2026-09-15_180_1,22.207,84.552,2026-09-15 20:21:00+00:00,2026-09-15 20:21:00+00:00,2026-09-15 20:21:00+00:00,0.0,1,1,N21,1.78,1.78,1.78,n,0.6,N,INDIA,0.388
SATF-0778,2026-09-15_198_1,24.661,74.634,2026-09-15 20:21:00+00:00,2026-09-15 20:21:00+00:00,2026-09-15 20:21:00+00:00,0.0,1,1,N21,1.68,1.68,1.68,n,0.6,N,INDIA,0.378
SATF-0779,2026-09-15_188_1,24.326,81.327,2026-09-15 20:21:00+00:00,2026-09-15 20:21:00+00:00,2026-09-15 20:21:00+00:00,0.0,1,1,N21,1.66,1.66,1.66,n,0.6,N,INDIA,0.376
SATF-0780,2026-09-15_208_1,21.879,83.556,2026-09-15 20:21:00+00:00,2026-09-15 20:21:00+00:00,2026-09-15 20:21:00+00:00,0.0,1,1,N21,1.64,1.64,1.64,n,0.6,N,INDIA,0.373
SATF-0781,2026-09-15_184_1,24.052,80.614,2026-09-15 20:21:00+00:00,2026-09-15 20:21:00+00:00,2026-09-15 20:21:00+00:00,0.0,1,1,N21,1.6,1.6,1.6,n,0.6,N,INDIA,0.364
SATF-0782,2026-09-15_189_1,29.46,76.89,2026-09-15 20:21:00+00:00,2026-09-15 20:21:00+00:00,2026-09-15 20:21:00+00:00,0.0,1,1,N21,1.57,1.57,1.57,n,0.6,N,INDIA,0.357
SATF-0783,2026-09-15_185_1,24.199,80.798,2026-09-15 20:21:00+00:00,2026-09-15 20:21:00+00:00,2026-09-15 20:21:00+00:00,0.0,2,1,N21,1.5,1.325,2.65,n,0.6,N,INDIA,0.351
SATF-0784,2026-09-15_182_1,22.786,86.005,2026-09-15 20:21:00+00:00,2026-09-15 20:21:00+00:00,2026-09-15 20:21:00+00:00,0.0,1,1,N21,1.47,1.47,1.47,n,0.6,N,INDIA,0.347
SATF-0785,2026-09-15_183_1,23.811,84.847,2026-09-15 20:21:00+00:00,2026-09-15 20:21:00+00:00,2026-09-15 20:21:00+00:00,0.0,1,1,N21,1.46,1.46,1.46,n,0.6,N,INDIA,0.345
SATF-0786,2026-09-15_193_1,26.643,79.479,2026-09-15 20:21:00+00:00,2026-09-15 21:18:00+00:00,2026-09-15 20:21:00+00:00,0.95,2,2,"N20,N21",1.42,1.205,2.41,n,0.6,N,INDIA,0.34
SATF-0787,2026-09-15_211_1,21.874,83.498,2026-09-15 20:21:00+00:00,2026-09-15 20:21:00+00:00,2026-09-15 20:21:00+00:00,0.0,1,1,N21,1.39,1.39,1.39,n,0.6,N,INDIA,0.337
SATF-0788,2026-09-15_192_1,28.346,77.232,2026-09-15 20:21:00+00:00,2026-09-15 20:21:00+00:00,2026-09-15 20:21:00+00:00,0.0,1,1,N21,1.3,1.3,1.3,n,0.6,N,INDIA,0.324
SATF-0789,2026-09-15_197_1,24.715,75.952,2026-09-15 20:21:00+00:00,2026-09-15 20:21:00+00:00,2026-09-15 20:21:00+00:00,0.0,1,1,N21,1.23,1.23,1.23,n,0.6,N,INDIA,0.312
SATF-0790,2026-09-15_195_1,25.036,87.386,2026-09-15 20:21:00+00:00,2026-09-15 20:21:00+00:00,2026-09-15 20:21:00+00:00,0.0,1,1,N21,1.2,1.2,1.2,n,0.6,N,INDIA,0.306
SATF-0791,2026-09-15_201_1,26.27,74.191,2026-09-15 20:21:00+00:00,2026-09-15 20:21:00+00:00,2026-09-15 20:21:00+00:00,0.0,1,1,N21,1.17,1.17,1.17,n,0.6,N,INDIA,0.299
SATF-0792,2026-09-15_206_1,21.575,82.021,2026-09-15 20:21:00+00:00,2026-09-15 20:21:00+00:00,2026-09-15 20:21:00+00:00,0.0,1,1,N21,1.14,1.14,1.14,n,0.6,N,INDIA,0.292
SATF-0793,2026-09-15_207_1,21.622,81.794,2026-09-15 20:21:00+00:00,2026-09-15 20:21:00+00:00,2026-09-15 20:21:00+00:00,0.0,1,1,N21,1.07,1.07,1.07,n,0.6,N,INDIA,0.28
SATF-0794,2026-09-15_205_1,25.31,83.013,2026-09-15 20:21:00+00:00,2026-09-15 20:21:00+00:00,2026-09-15 20:21:00+00:00,0.0,1,1,N21,0.98,0.98,0.98,n,0.6,N,INDIA,0.258
SATF-0795,2026-09-15_204_1,22.054,85.466,2026-09-15 20:21:00+00:00,2026-09-15 20:21:00+00:00,2026-09-15 20:21:00+00:00,0.0,1,1,N21,0.93,0.93,0.93,n,0.6,N,INDIA,0.251
SATF-0796,2026-09-15_209_1,22.017,82.18,2026-09-15 20:21:00+00:00,2026-09-15 20:21:00+00:00,2026-09-15 20:21:00+00:00,0.0,1,1,N21,0.76,0.76,0.76,n,0.6,N,INDIA,0.224
SATF-0797,2026-09-15_179_1,23.107,70.188,2026-09-15 20:21:00+00:00,2026-09-15 20:21:00+00:00,2026-09-15 20:21:00+00:00,0.0,1,1,N21,0.74,0.74,0.74,n,0.6,N,INDIA,0.219
SATF-0798,2026-09-15_186_1,23.925,85.343,2026-09-15 20:21:00+00:00,2026-09-15 20:21:00+00:00,2026-09-15 20:21:00+00:00,0.0,1,1,N21,0.69,0.69,0.69,n,0.6,N,INDIA,0.212
SATF-0799,2026-09-15_214_1,18.685,73.035,2026-09-15 20:23:00+00:00,2026-09-15 21:21:00+00:00,2026-09-15 20:23:00+00:00,0.967,10,2,"N20,N21",4.17,2.243,22.43,n,0.6,N,INDIA,0.636
SATF-0800,2026-09-15_217_1,18.718,79.538,2026-09-15 20:23:00+00:00,2026-09-15 20:23:00+00:00,2026-09-15 20:23:00+00:00,0.0,2,1,N21,2.79,2.43,4.86,n,0.6,N,INDIA,0.519
SATF-0801,2026-09-15_218_1,17.062,76.979,2026-09-15 20:23:00+00:00,2026-09-15 20:23:00+00:00,2026-09-15 20:23:00+00:00,0.0,1,1,N21,1.65,1.65,1.65,n,0.6,N,INDIA,0.375
SATF-0802,2026-09-15_225_1,19.929,79.121,2026-09-15 20:23:00+00:00,2026-09-15 20:23:00+00:00,2026-09-15 20:23:00+00:00,0.0,1,1,N21,1.58,1.58,1.58,n,0.6,N,INDIA,0.359
SATF-0803,2026-09-15_222_1,22.264,75.134,2026-09-15 20:23:00+00:00,2026-09-15 21:21:00+00:00,2026-09-15 20:23:00+00:00,0.967,2,2,"N20,N21",1.51,1.47,2.94,n,0.6,N,INDIA,0.352
SATF-0804,2026-09-15_219_1,20.701,78.627,2026-09-15 20:23:00+00:00,2026-09-15 20:23:00+00:00,2026-09-15 20:23:00+00:00,0.0,3,1,N21,1.48,1.18,3.54,n,0.6,N,INDIA,0.349
SATF-0805,2026-09-15_223_1,19.937,73.713,2026-09-15 20:23:00+00:00,2026-09-15 20:23:00+00:00,2026-09-15 20:23:00+00:00,0.0,1,1,N21,1.47,1.47,1.47,n,0.6,N,INDIA,0.347
SATF-0806,2026-09-15_226_1,20.657,78.495,2026-09-15 20:23:00+00:00,2026-09-15 20:23:00+00:00,2026-09-15 20:23:00+00:00,0.0,1,1,N21,1.11,1.11,1.11,n,0.6,N,INDIA,0.289
SATF-0807,2026-09-15_221_1,17.145,78.223,2026-09-15 20:23:00+00:00,2026-09-15 20:23:00+00:00,2026-09-15 20:23:00+00:00,0.0,1,1,N21,1.04,1.04,1.04,n,0.6,N,INDIA,0.271
SATF-0808,2026-09-15_213_1,18.603,74.257,2026-09-15 20:23:00+00:00,2026-09-15 20:23:00+00:00,2026-09-15 20:23:00+00:00,0.0,1,1,N21,1.0,1.0,1.0,n,0.6,N,INDIA,0.263
SATF-0809,2026-09-15_220_1,19.081,73.036,2026-09-15 20:23:00+00:00,2026-09-15 20:23:00+00:00,2026-09-15 20:23:00+00:00,0.0,1,1,N21,1.0,1.0,1.0,n,0.6,N,INDIA,0.263
SATF-0810,2026-09-15_227_1,19.963,79.334,2026-09-15 20:23:00+00:00,2026-09-15 20:23:00+00:00,2026-09-15 20:23:00+00:00,0.0,1,1,N21,1.0,1.0,1.0,n,0.6,N,INDIA,0.263
SATF-0811,2026-09-15_216_1,17.372,77.445,2026-09-15 20:23:00+00:00,2026-09-15 20:23:00+00:00,2026-09-15 20:23:00+00:00,0.0,1,1,N21,0.83,0.83,0.83,n,0.6,N,INDIA,0.236
SATF-0812,2026-09-15_215_1,18.527,74.284,2026-09-15 20:23:00+00:00,2026-09-15 20:23:00+00:00,2026-09-15 20:23:00+00:00,0.0,1,1,N21,0.8,0.8,0.8,n,0.6,N,INDIA,0.231
SATF-0813,2026-09-15_224_1,18.882,72.969,2026-09-15 20:23:00+00:00,2026-09-15 20:23:00+00:00,2026-09-15 20:23:00+00:00,0.0,1,1,N21,0.8,0.8,0.8,n,0.6,N,INDIA,0.231
SATF-0814,2026-09-15_234_1,8.672,78.075,2026-09-15 20:25:00+00:00,2026-09-15 20:25:00+00:00,2026-09-15 20:25:00+00:00,0.0,1,1,N21,2.89,2.89,2.89,n,0.6,N,INDIA,0.53
SATF-0815,2026-09-15_48_2,15.175,76.671,2026-09-15 20:25:00+00:00,2026-09-15 20:25:00+00:00,2026-09-15 20:25:00+00:00,0.0,6,1,N21,2.58,1.608,9.65,n,0.6,N,INDIA,0.496
SATF-0816,2026-09-15_228_1,13.71,79.62,2026-09-15 20:25:00+00:00,2026-09-15 20:25:00+00:00,2026-09-15 20:25:00+00:00,0.0,1,1,N21,2.57,2.57,2.57,n,0.6,N,INDIA,0.495
SATF-0817,2026-09-15_232_1,13.393,80.1,2026-09-15 20:25:00+00:00,2026-09-15 20:25:00+00:00,2026-09-15 20:25:00+00:00,0.0,1,1,N21,2.02,2.02,2.02,n,0.6,N,INDIA,0.421
SATF-0818,2026-09-15_230_1,10.714,78.092,2026-09-15 20:25:00+00:00,2026-09-15 20:25:00+00:00,2026-09-15 20:25:00+00:00,0.0,1,1,N21,1.46,1.46,1.46,n,0.6,N,INDIA,0.345
SATF-0819,2026-09-15_231_1,12.118,78.955,2026-09-15 20:25:00+00:00,2026-09-15 20:25:00+00:00,2026-09-15 20:25:00+00:00,0.0,1,1,N21,1.44,1.44,1.44,n,0.6,N,INDIA,0.343
SATF-0820,2026-09-15_233_1,15.224,76.763,2026-09-15 20:25:00+00:00,2026-09-15 20:25:00+00:00,2026-09-15 20:25:00+00:00,0.0,1,1,N21,0.69,0.69,0.69,n,0.6,N,INDIA,0.212
SATF-0821,2026-09-15_229_1,14.631,75.624,2026-09-15 20:25:00+00:00,2026-09-15 20:25:00+00:00,2026-09-15 20:25:00+00:00,0.0,1,1,N21,0.51,0.51,0.51,n,0.6,N,INDIA,0.192
SATF-0822,2026-09-15_235_1,37.144,79.497,2026-09-15 21:14:00+00:00,2026-09-15 21:14:00+00:00,2026-09-15 21:14:00+00:00,0.0,2,1,N20,1.31,1.175,2.35,n,0.6,N,OUTSIDE_INDIA,0.326
SATF-0823,2026-09-15_240_1,32.718,72.777,2026-09-15 21:16:00+00:00,2026-09-15 21:16:00+00:00,2026-09-15 21:16:00+00:00,0.0,1,1,N20,0.97,0.97,0.97,n,0.6,N,OUTSIDE_INDIA,0.257
SATF-0824,2026-09-15_237_1,33.547,71.55,2026-09-15 21:16:00+00:00,2026-09-15 21:16:00+00:00,2026-09-15 21:16:00+00:00,0.0,1,1,N20,0.78,0.78,0.78,n,0.6,N,OUTSIDE_INDIA,0.227
SATF-0825,2026-09-15_239_1,32.38,72.137,2026-09-15 21:16:00+00:00,2026-09-15 21:16:00+00:00,2026-09-15 21:16:00+00:00,0.0,1,1,N20,0.65,0.65,0.65,n,0.6,N,OUTSIDE_INDIA,0.207
SATF-0826,2026-09-15_241_1,33.278,72.144,2026-09-15 21:16:00+00:00,2026-09-15 21:16:00+00:00,2026-09-15 21:16:00+00:00,0.0,1,1,N20,0.53,0.53,0.53,n,0.6,N,OUTSIDE_INDIA,0.193
SATF-0827,2026-09-15_236_1,34.251,71.481,2026-09-15 21:16:00+00:00,2026-09-15 21:16:00+00:00,2026-09-15 21:16:00+00:00,0.0,1,1,N20,0.51,0.51,0.51,n,0.6,N,OUTSIDE_INDIA,0.192
SATF-0828,2026-09-15_238_1,33.407,71.94,2026-09-15 21:16:00+00:00,2026-09-15 21:16:00+00:00,2026-09-15 21:16:00+00:00,0.0,1,1,N20,0.33,0.33,0.33,n,0.6,N,OUTSIDE_INDIA,0.182
SATF-0829,2026-09-15_110_2,28.425,69.701,2026-09-15 21:18:00+00:00,2026-09-15 21:18:00+00:00,2026-09-15 21:18:00+00:00,0.0,1,1,N20,3.97,3.97,3.97,n,0.6,N,OUTSIDE_INDIA,0.62
SATF-0830,2026-09-15_242_1,27.29,73.841,2026-09-15 21:18:00+00:00,2026-09-15 21:18:00+00:00,2026-09-15 21:18:00+00:00,0.0,1,1,N20,2.45,2.45,2.45,n,0.6,N,INDIA,0.482
SATF-0831,2026-09-15_243_1,24.936,74.632,2026-09-15 21:18:00+00:00,2026-09-15 21:18:00+00:00,2026-09-15 21:18:00+00:00,0.0,1,1,N20,1.22,1.22,1.22,n,0.6,N,INDIA,0.31
SATF-0832,2026-09-15_244_1,22.684,75.719,2026-09-15 21:18:00+00:00,2026-09-15 21:18:00+00:00,2026-09-15 21:18:00+00:00,0.0,1,1,N20,0.51,0.51,0.51,n,0.6,N,INDIA,0.192
SATF-0833,2026-09-15_245_1,22.331,69.751,2026-09-15 21:21:00+00:00,2026-09-15 21:21:00+00:00,2026-09-15 21:21:00+00:00,0.0,1,1,N20,1.32,1.32,1.32,n,0.6,N,INDIA,0.327
SATF-0834,2026-09-16_7_1,22.486,97.37,2026-09-16 06:50:00+00:00,2026-09-16 06:50:00+00:00,2026-09-16 06:50:00+00:00,0.0,1,1,N20,7.12,7.12,7.12,n,0.6,D,OUTSIDE_INDIA,0.78
SATF-0835,2026-09-16_0_1,22.373,87.287,2026-09-16 06:50:00+00:00,2026-09-16 07:35:00+00:00,2026-09-16 06:50:00+00:00,0.75,3,2,"N20,N21",7.07,6.117,18.35,n,0.6,D,INDIA,0.778
SATF-0836,2026-09-16_9_1,22.095,97.043,2026-09-16 06:50:00+00:00,2026-09-16 06:50:00+00:00,2026-09-16 06:50:00+00:00,0.0,1,1,N20,6.97,6.97,6.97,n,0.6,D,OUTSIDE_INDIA,0.774
SATF-0837,2026-09-16_3_1,20.968,85.174,2026-09-16 06:50:00+00:00,2026-09-16 07:33:00+00:00,2026-09-16 06:50:00+00:00,0.717,11,2,"N20,N21",6.83,5.495,60.45,n,0.6,D,INDIA,0.769
SATF-0838,2026-09-16_6_1,22.713,97.882,2026-09-16 06:50:00+00:00,2026-09-16 06:50:00+00:00,2026-09-16 06:50:00+00:00,0.0,1,1,N20,4.28,4.28,4.28,n,0.6,D,OUTSIDE_INDIA,0.643
SATF-0839,2026-09-16_8_1,22.248,96.705,2026-09-16 06:50:00+00:00,2026-09-16 06:50:00+00:00,2026-09-16 06:50:00+00:00,0.0,1,1,N20,3.78,3.78,3.78,n,0.6,D,OUTSIDE_INDIA,0.599
SATF-0840,2026-09-16_4_1,20.648,97.861,2026-09-16 06:50:00+00:00,2026-09-16 06:50:00+00:00,2026-09-16 06:50:00+00:00,0.0,1,1,N20,3.3,3.3,3.3,n,0.6,D,OUTSIDE_INDIA,0.566
SATF-0841,2026-09-16_2_1,21.99,97.115,2026-09-16 06:50:00+00:00,2026-09-16 06:50:00+00:00,2026-09-16 06:50:00+00:00,0.0,1,1,N20,3.02,3.02,3.02,n,0.6,D,OUTSIDE_INDIA,0.542
SATF-0842,2026-09-16_1_1,20.224,97.702,2026-09-16 06:50:00+00:00,2026-09-16 06:50:00+00:00,2026-09-16 06:50:00+00:00,0.0,1,1,N20,2.18,2.18,2.18,l,0.3,D,OUTSIDE_INDIA,0.356
SATF-0843,2026-09-16_5_1,19.95,97.26,2026-09-16 06:50:00+00:00,2026-09-16 06:50:00+00:00,2026-09-16 06:50:00+00:00,0.0,1,1,N20,2.1,2.1,2.1,n,0.6,D,OUTSIDE_INDIA,0.432
SATF-0844,2026-09-16_10_1,29.643,91.294,2026-09-16 06:52:00+00:00,2026-09-16 06:52:00+00:00,2026-09-16 06:52:00+00:00,0.0,1,1,N20,9.19,9.19,9.19,n,0.6,D,OUTSIDE_INDIA,0.827
SATF-0845,2026-09-16_15_1,23.686,86.088,2026-09-16 06:52:00+00:00,2026-09-16 07:35:00+00:00,2026-09-16 06:52:00+00:00,0.717,4,2,"N20,N21",7.98,4.988,19.95,n,0.6,D,INDIA,0.802
SATF-0846,2026-09-16_17_1,23.557,87.24,2026-09-16 06:52:00+00:00,2026-09-16 06:52:00+00:00,2026-09-16 06:52:00+00:00,0.0,1,1,N20,6.34,6.34,6.34,n,0.6,D,INDIA,0.751
SATF-0847,2026-09-16_16_1,23.648,85.439,2026-09-16 06:52:00+00:00,2026-09-16 07:35:00+00:00,2026-09-16 06:52:00+00:00,0.717,3,2,"N20,N21",5.95,4.903,14.71,n,0.6,D,INDIA,0.734
SATF-0848,2026-09-16_12_1,29.661,91.187,2026-09-16 06:52:00+00:00,2026-09-16 06:52:00+00:00,2026-09-16 06:52:00+00:00,0.0,2,1,N20,3.83,2.96,5.92,n,0.6,D,OUTSIDE_INDIA,0.606
SATF-0849,2026-09-16_11_1,29.709,91.109,2026-09-16 06:52:00+00:00,2026-09-16 06:52:00+00:00,2026-09-16 06:52:00+00:00,0.0,1,1,N20,3.62,3.62,3.62,l,0.3,D,OUTSIDE_INDIA,0.499
SATF-0850,2026-09-16_13_1,29.632,91.047,2026-09-16 06:52:00+00:00,2026-09-16 06:52:00+00:00,2026-09-16 06:52:00+00:00,0.0,2,1,N20,3.31,3.045,6.09,n,0.6,D,OUTSIDE_INDIA,0.568
SATF-0851,2026-09-16_14_1,29.561,91.06,2026-09-16 06:52:00+00:00,2026-09-16 06:52:00+00:00,2026-09-16 06:52:00+00:00,0.0,1,1,N20,2.53,2.53,2.53,n,0.6,D,OUTSIDE_INDIA,0.49
SATF-0852,2026-09-16_36_1,11.872,79.465,2026-09-16 07:31:00+00:00,2026-09-16 07:31:00+00:00,2026-09-16 07:31:00+00:00,0.0,1,1,N21,9.82,9.82,9.82,l,0.3,D,INDIA,0.746
SATF-0853,2026-09-16_28_1,10.644,79.77,2026-09-16 07:31:00+00:00,2026-09-16 07:31:00+00:00,2026-09-16 07:31:00+00:00,0.0,1,1,N21,7.67,7.67,7.67,n,0.6,D,INDIA,0.794
SATF-0854,2026-09-16_24_1,8.495,77.311,2026-09-16 07:31:00+00:00,2026-09-16 08:28:00+00:00,2026-09-16 07:31:00+00:00,0.95,3,2,"N20,N21",7.2,5.067,15.2,n,0.6,D,INDIA,0.781
SATF-0855,2026-09-16_29_1,8.633,80.5,2026-09-16 07:31:00+00:00,2026-09-16 07:31:00+00:00,2026-09-16 07:31:00+00:00,0.0,1,1,N21,6.49,6.49,6.49,n,0.6,D,OUTSIDE_INDIA,0.757
SATF-0856,2026-09-16_18_1,12.212,79.928,2026-09-16 07:31:00+00:00,2026-09-16 07:31:00+00:00,2026-09-16 07:31:00+00:00,0.0,1,1,N21,6.29,6.29,6.29,n,0.6,D,INDIA,0.75
SATF-0857,2026-09-16_31_1,9.473,80.467,2026-09-16 07:31:00+00:00,2026-09-16 07:31:00+00:00,2026-09-16 07:31:00+00:00,0.0,1,1,N21,6.24,6.24,6.24,n,0.6,D,OUTSIDE_INDIA,0.746
SATF-0858,2026-09-16_35_1,9.499,78.906,2026-09-16 07:31:00+00:00,2026-09-16 07:31:00+00:00,2026-09-16 07:31:00+00:00,0.0,1,1,N21,5.95,5.95,5.95,n,0.6,D,INDIA,0.734
SATF-0859,2026-09-16_25_1,10.865,78.581,2026-09-16 07:31:00+00:00,2026-09-16 08:28:00+00:00,2026-09-16 07:31:00+00:00,0.95,2,2,"N20,N21",5.56,3.84,7.68,n,0.6,D,INDIA,0.71
SATF-0860,2026-09-16_33_1,7.572,80.998,2026-09-16 07:31:00+00:00,2026-09-16 07:31:00+00:00,2026-09-16 07:31:00+00:00,0.0,1,1,N21,4.99,4.99,4.99,n,0.6,D,OUTSIDE_INDIA,0.683
SATF-0861,2026-09-16_32_1,9.404,80.484,2026-09-16 07:31:00+00:00,2026-09-16 07:31:00+00:00,2026-09-16 07:31:00+00:00,0.0,1,1,N21,4.98,4.98,4.98,n,0.6,D,OUTSIDE_INDIA,0.682
SATF-0862,2026-09-16_30_1,8.606,77.973,2026-09-16 07:31:00+00:00,2026-09-16 08:28:00+00:00,2026-09-16 07:31:00+00:00,0.95,2,2,"N20,N21",4.11,3.89,7.78,n,0.6,D,INDIA,0.632
SATF-0863,2026-09-16_23_1,12.68,79.698,2026-09-16 07:31:00+00:00,2026-09-16 07:31:00+00:00,2026-09-16 07:31:00+00:00,0.0,1,1,N21,4.07,4.07,4.07,n,0.6,D,INDIA,0.629
SATF-0864,2026-09-16_26_1,8.442,77.589,2026-09-16 07:31:00+00:00,2026-09-16 07:31:00+00:00,2026-09-16 07:31:00+00:00,0.0,2,1,N21,3.74,3.59,7.18,n,0.6,D,INDIA,0.597
SATF-0865,2026-09-16_27_1,11.062,77.643,2026-09-16 07:31:00+00:00,2026-09-16 07:31:00+00:00,2026-09-16 07:31:00+00:00,0.0,1,1,N21,3.24,3.24,3.24,n,0.6,D,INDIA,0.56
SATF-0866,2026-09-16_20_1,12.05,79.086,2026-09-16 07:31:00+00:00,2026-09-16 07:31:00+00:00,2026-09-16 07:31:00+00:00,0.0,1,1,N21,2.62,2.62,2.62,n,0.6,D,INDIA,0.5
SATF-0867,2026-09-16_21_1,10.816,77.83,2026-09-16 07:31:00+00:00,2026-09-16 07:31:00+00:00,2026-09-16 07:31:00+00:00,0.0,2,1,N21,2.43,2.43,4.86,n,0.6,D,INDIA,0.478
SATF-0868,2026-09-16_22_1,12.519,80.017,2026-09-16 07:31:00+00:00,2026-09-16 07:31:00+00:00,2026-09-16 07:31:00+00:00,0.0,1,1,N21,2.28,2.28,2.28,n,0.6,D,INDIA,0.458
SATF-0869,2026-09-16_19_1,10.887,77.813,2026-09-16 07:31:00+00:00,2026-09-16 07:31:00+00:00,2026-09-16 07:31:00+00:00,0.0,1,1,N21,1.93,1.93,1.93,n,0.6,D,INDIA,0.409
SATF-0870,2026-09-16_34_1,8.275,80.768,2026-09-16 07:31:00+00:00,2026-09-16 07:31:00+00:00,2026-09-16 07:31:00+00:00,0.0,1,1,N21,1.26,1.26,1.26,n,0.6,D,OUTSIDE_INDIA,0.317
SATF-0871,2026-09-16_62_1,14.759,77.259,2026-09-16 07:33:00+00:00,2026-09-16 07:33:00+00:00,2026-09-16 07:33:00+00:00,0.0,1,1,N21,17.12,17.12,17.12,n,0.6,D,INDIA,0.871
SATF-0872,2026-09-16_48_1,19.099,82.166,2026-09-16 07:33:00+00:00,2026-09-16 07:33:00+00:00,2026-09-16 07:33:00+00:00,0.0,1,1,N21,8.91,8.91,8.91,l,0.3,D,INDIA,0.731
SATF-0873,2026-09-16_42_1,17.631,77.909,2026-09-16 07:33:00+00:00,2026-09-16 07:33:00+00:00,2026-09-16 07:33:00+00:00,0.0,1,1,N21,8.61,8.61,8.61,n,0.6,D,INDIA,0.812
SATF-0874,2026-09-16_46_1,20.966,86.01,2026-09-16 07:33:00+00:00,2026-09-16 07:33:00+00:00,2026-09-16 07:33:00+00:00,0.0,1,1,N21,6.69,6.69,6.69,n,0.6,D,INDIA,0.765
SATF-0875,2026-09-16_39_1,16.126,78.179,2026-09-16 07:33:00+00:00,2026-09-16 07:33:00+00:00,2026-09-16 07:33:00+00:00,0.0,1,1,N21,6.67,6.67,6.67,n,0.6,D,INDIA,0.764
SATF-0876,2026-09-16_45_1,20.875,84.988,2026-09-16 07:33:00+00:00,2026-09-16 07:33:00+00:00,2026-09-16 07:33:00+00:00,0.0,5,1,N21,6.36,4.942,24.71,n,0.6,D,INDIA,0.752
SATF-0877,2026-09-16_52_1,15.826,80.051,2026-09-16 07:33:00+00:00,2026-09-16 07:33:00+00:00,2026-09-16 07:33:00+00:00,0.0,1,1,N21,6.16,6.16,6.16,n,0.6,D,INDIA,0.743
SATF-0878,2026-09-16_40_1,17.582,75.708,2026-09-16 07:33:00+00:00,2026-09-16 07:33:00+00:00,2026-09-16 07:33:00+00:00,0.0,1,1,N21,5.9,5.9,5.9,n,0.6,D,INDIA,0.73
SATF-0879,2026-09-16_37_1,20.8,85.257,2026-09-16 07:33:00+00:00,2026-09-16 07:33:00+00:00,2026-09-16 07:33:00+00:00,0.0,3,1,N21,5.87,5.54,16.62,n,0.6,D,INDIA,0.727
SATF-0880,2026-09-16_50_1,12.837,79.94,2026-09-16 07:33:00+00:00,2026-09-16 07:33:00+00:00,2026-09-16 07:33:00+00:00,0.0,1,1,N21,5.83,5.83,5.83,l,0.3,D,INDIA,0.636
SATF-0881,2026-09-16_63_1,14.197,79.815,2026-09-16 07:33:00+00:00,2026-09-16 07:33:00+00:00,2026-09-16 07:33:00+00:00,0.0,1,1,N21,5.77,5.77,5.77,n,0.6,D,INDIA,0.722
SATF-0882,2026-09-16_55_1,12.879,79.907,2026-09-16 07:33:00+00:00,2026-09-16 07:33:00+00:00,2026-09-16 07:33:00+00:00,0.0,1,1,N21,5.66,5.66,5.66,n,0.6,D,INDIA,0.717
SATF-0883,2026-09-16_61_1,14.424,77.483,2026-09-16 07:33:00+00:00,2026-09-16 07:33:00+00:00,2026-09-16 07:33:00+00:00,0.0,1,1,N21,5.59,5.59,5.59,n,0.6,D,INDIA,0.714
SATF-0884,2026-09-16_59_1,14.39,77.744,2026-09-16 07:33:00+00:00,2026-09-16 07:33:00+00:00,2026-09-16 07:33:00+00:00,0.0,1,1,N21,4.77,4.77,4.77,n,0.6,D,INDIA,0.674
SATF-0885,2026-09-16_49_1,13.812,79.523,2026-09-16 07:33:00+00:00,2026-09-16 07:33:00+00:00,2026-09-16 07:33:00+00:00,0.0,1,1,N21,4.73,4.73,4.73,n,0.6,D,INDIA,0.672
SATF-0886,2026-09-16_41_1,17.615,81.036,2026-09-16 07:33:00+00:00,2026-09-16 07:33:00+00:00,2026-09-16 07:33:00+00:00,0.0,1,1,N21,4.63,4.63,4.63,n,0.6,D,INDIA,0.668
SATF-0887,2026-09-16_44_1,19.602,74.814,2026-09-16 07:33:00+00:00,2026-09-16 07:33:00+00:00,2026-09-16 07:33:00+00:00,0.0,1,1,N21,4.56,4.56,4.56,n,0.6,D,INDIA,0.662
SATF-0888,2026-09-16_51_1,21.076,85.042,2026-09-16 07:33:00+00:00,2026-09-16 07:33:00+00:00,2026-09-16 07:33:00+00:00,0.0,3,1,N21,4.43,4.173,12.52,l,0.3,D,INDIA,0.562
SATF-0889,2026-09-16_54_1,14.91,79.904,2026-09-16 07:33:00+00:00,2026-09-16 07:33:00+00:00,2026-09-16 07:33:00+00:00,0.0,2,1,N21,4.29,3.505,7.01,n,0.6,D,INDIA,0.644
SATF-0890,2026-09-16_47_1,15.87,80.6,2026-09-16 07:33:00+00:00,2026-09-16 07:33:00+00:00,2026-09-16 07:33:00+00:00,0.0,1,1,N21,4.24,4.24,4.24,n,0.6,D,OUTSIDE_INDIA,0.64
SATF-0891,2026-09-16_58_1,14.507,77.24,2026-09-16 07:33:00+00:00,2026-09-16 07:33:00+00:00,2026-09-16 07:33:00+00:00,0.0,1,1,N21,3.4,3.4,3.4,n,0.6,D,INDIA,0.578
SATF-0892,2026-09-16_60_1,14.59,76.824,2026-09-16 07:33:00+00:00,2026-09-16 07:33:00+00:00,2026-09-16 07:33:00+00:00,0.0,2,1,N21,2.94,2.7,5.4,n,0.6,D,INDIA,0.536
SATF-0893,2026-09-16_43_1,18.195,83.869,2026-09-16 07:33:00+00:00,2026-09-16 07:33:00+00:00,2026-09-16 07:33:00+00:00,0.0,1,1,N21,2.84,2.84,2.84,n,0.6,D,INDIA,0.525
SATF-0894,2026-09-16_53_1,15.759,76.954,2026-09-16 07:33:00+00:00,2026-09-16 07:33:00+00:00,2026-09-16 07:33:00+00:00,0.0,1,1,N21,2.05,2.05,2.05,n,0.6,D,INDIA,0.425
SATF-0895,2026-09-16_57_1,14.541,77.097,2026-09-16 07:33:00+00:00,2026-09-16 07:33:00+00:00,2026-09-16 07:33:00+00:00,0.0,1,1,N21,2.01,2.01,2.01,l,0.3,D,INDIA,0.33
SATF-0896,2026-09-16_38_1,15.974,77.678,2026-09-16 07:33:00+00:00,2026-09-16 07:33:00+00:00,2026-09-16 07:33:00+00:00,0.0,1,1,N21,1.9,1.9,1.9,n,0.6,D,INDIA,0.405
SATF-0897,2026-09-16_56_1,14.043,76.982,2026-09-16 07:33:00+00:00,2026-09-16 07:33:00+00:00,2026-09-16 07:33:00+00:00,0.0,1,1,N21,0.75,0.75,0.75,l,0.3,D,INDIA,0.131
SATF-0898,2026-09-16_75_1,21.104,72.642,2026-09-16 07:35:00+00:00,2026-09-16 09:15:00+00:00,2026-09-16 07:35:00+00:00,1.667,9,2,"N20,N21",22.73,13.154,118.39,n,0.6,D,INDIA,0.876
SATF-0899,2026-09-16_69_1,22.359,82.304,2026-09-16 07:35:00+00:00,2026-09-16 08:33:00+00:00,2026-09-16 07:35:00+00:00,0.967,2,2,"N20,N21",10.85,7.945,15.89,n,0.6,D,INDIA,0.845
SATF-0900,2026-09-16_73_1,23.693,87.098,2026-09-16 07:35:00+00:00,2026-09-16 07:35:00+00:00,2026-09-16 07:35:00+00:00,0.0,2,1,N21,9.23,8.625,17.25,n,0.6,D,INDIA,0.828
SATF-0901,2026-09-16_67_1,23.759,86.396,2026-09-16 07:35:00+00:00,2026-09-16 07:35:00+00:00,2026-09-16 07:35:00+00:00,0.0,5,1,N21,8.96,6.312,31.56,n,0.6,D,INDIA,0.822
SATF-0902,2026-09-16_71_1,23.68,86.397,2026-09-16 07:35:00+00:00,2026-09-16 07:35:00+00:00,2026-09-16 07:35:00+00:00,0.0,5,1,N21,8.43,6.306,31.53,n,0.6,D,INDIA,0.81
SATF-0903,2026-09-16_77_1,21.754,83.845,2026-09-16 07:35:00+00:00,2026-09-16 08:33:00+00:00,2026-09-16 07:35:00+00:00,0.967,9,2,"N20,N21",7.95,6.269,56.42,n,0.6,D,INDIA,0.801
SATF-0904,2026-09-16_65_1,21.92,83.352,2026-09-16 07:35:00+00:00,2026-09-16 08:33:00+00:00,2026-09-16 07:35:00+00:00,0.967,3,2,"N20,N21",7.73,6.757,20.27,n,0.6,D,INDIA,0.796
SATF-0905,2026-09-16_76_1,21.708,84.034,2026-09-16 07:35:00+00:00,2026-09-16 08:33:00+00:00,2026-09-16 07:35:00+00:00,0.967,3,2,"N20,N21",7.12,6.4,19.2,n,0.6,D,INDIA,0.78
SATF-0906,2026-09-16_80_1,21.348,81.665,2026-09-16 07:35:00+00:00,2026-09-16 07:35:00+00:00,2026-09-16 07:35:00+00:00,0.0,1,1,N21,5.99,5.99,5.99,l,0.3,D,INDIA,0.645
SATF-0907,2026-09-16_78_1,23.783,85.564,2026-09-16 07:35:00+00:00,2026-09-16 07:35:00+00:00,2026-09-16 07:35:00+00:00,0.0,2,1,N21,5.92,5.0,10.0,n,0.6,D,INDIA,0.731
SATF-0908,2026-09-16_70_1,23.167,82.342,2026-09-16 07:35:00+00:00,2026-09-16 07:35:00+00:00,2026-09-16 07:35:00+00:00,0.0,1,1,N21,5.0,5.0,5.0,n,0.6,D,INDIA,0.684
SATF-0909,2026-09-16_79_1,23.827,84.572,2026-09-16 07:35:00+00:00,2026-09-16 07:35:00+00:00,2026-09-16 07:35:00+00:00,0.0,1,1,N21,4.93,4.93,4.93,l,0.3,D,INDIA,0.591
SATF-0910,2026-09-16_72_1,23.712,85.286,2026-09-16 07:35:00+00:00,2026-09-16 07:35:00+00:00,2026-09-16 07:35:00+00:00,0.0,1,1,N21,4.34,4.34,4.34,n,0.6,D,INDIA,0.647
SATF-0911,2026-09-16_66_1,22.038,83.351,2026-09-16 07:35:00+00:00,2026-09-16 07:35:00+00:00,2026-09-16 07:35:00+00:00,0.0,1,1,N21,4.16,4.16,4.16,n,0.6,D,INDIA,0.636
SATF-0912,2026-09-16_64_1,23.629,86.29,2026-09-16 07:35:00+00:00,2026-09-16 07:35:00+00:00,2026-09-16 07:35:00+00:00,0.0,1,1,N21,3.94,3.94,3.94,n,0.6,D,INDIA,0.616
SATF-0913,2026-09-16_74_1,22.054,88.125,2026-09-16 07:35:00+00:00,2026-09-16 07:35:00+00:00,2026-09-16 07:35:00+00:00,0.0,1,1,N21,3.49,3.49,3.49,l,0.3,D,INDIA,0.492
SATF-0914,2026-09-16_68_1,22.208,84.861,2026-09-16 07:35:00+00:00,2026-09-16 07:35:00+00:00,2026-09-16 07:35:00+00:00,0.0,1,1,N21,2.88,2.88,2.88,l,0.3,D,INDIA,0.439
SATF-0915,2026-09-16_85_1,34.361,79.14,2026-09-16 07:37:00+00:00,2026-09-16 07:37:00+00:00,2026-09-16 07:37:00+00:00,0.0,1,1,N21,17.24,17.24,17.24,n,0.6,D,OUTSIDE_INDIA,0.872
SATF-0916,2026-09-16_83_1,31.752,74.092,2026-09-16 07:37:00+00:00,2026-09-16 07:37:00+00:00,2026-09-16 07:37:00+00:00,0.0,1,1,N21,6.5,6.5,6.5,n,0.6,D,OUTSIDE_INDIA,0.757
SATF-0917,2026-09-16_81_1,31.329,74.516,2026-09-16 07:37:00+00:00,2026-09-16 07:37:00+00:00,2026-09-16 07:37:00+00:00,0.0,2,1,N21,5.29,4.495,8.99,n,0.6,D,OUTSIDE_INDIA,0.698
SATF-0918,2026-09-16_82_1,31.707,78.271,2026-09-16 07:37:00+00:00,2026-09-16 07:37:00+00:00,2026-09-16 07:37:00+00:00,0.0,1,1,N21,4.26,4.26,4.26,n,0.6,D,INDIA,0.641
SATF-0919,2026-09-16_84_1,31.667,75.153,2026-09-16 07:37:00+00:00,2026-09-16 07:37:00+00:00,2026-09-16 07:37:00+00:00,0.0,1,1,N21,1.88,1.88,1.88,n,0.6,D,INDIA,0.402
SATF-0920,2026-09-16_89_1,8.982,77.769,2026-09-16 08:28:00+00:00,2026-09-16 08:28:00+00:00,2026-09-16 08:28:00+00:00,0.0,1,1,N20,8.05,8.05,8.05,n,0.6,D,INDIA,0.802
SATF-0921,2026-09-16_87_1,8.931,78.167,2026-09-16 08:28:00+00:00,2026-09-16 08:28:00+00:00,2026-09-16 08:28:00+00:00,0.0,1,1,N20,7.34,7.34,7.34,n,0.6,D,INDIA,0.785
SATF-0922,2026-09-16_93_1,7.843,79.841,2026-09-16 08:28:00+00:00,2026-09-16 08:28:00+00:00,2026-09-16 08:28:00+00:00,0.0,1,1,N20,7.05,7.05,7.05,n,0.6,D,OUTSIDE_INDIA,0.777
SATF-0923,2026-09-16_99_1,9.585,78.575,2026-09-16 08:28:00+00:00,2026-09-16 08:28:00+00:00,2026-09-16 08:28:00+00:00,0.0,1,1,N20,5.78,5.78,5.78,n,0.6,D,INDIA,0.723
SATF-0924,2026-09-16_91_1,10.687,79.378,2026-09-16 08:28:00+00:00,2026-09-16 08:28:00+00:00,2026-09-16 08:28:00+00:00,0.0,1,1,N20,5.53,5.53,5.53,n,0.6,D,INDIA,0.709
SATF-0925,2026-09-16_88_1,8.962,77.679,2026-09-16 08:28:00+00:00,2026-09-16 08:28:00+00:00,2026-09-16 08:28:00+00:00,0.0,1,1,N20,5.28,5.28,5.28,n,0.6,D,INDIA,0.698
SATF-0926,2026-09-16_96_1,12.528,76.393,2026-09-16 08:28:00+00:00,2026-09-16 08:28:00+00:00,2026-09-16 08:28:00+00:00,0.0,1,1,N20,5.12,5.12,5.12,n,0.6,D,INDIA,0.69
SATF-0927,2026-09-16_92_1,10.844,78.673,2026-09-16 08:28:00+00:00,2026-09-16 08:28:00+00:00,2026-09-16 08:28:00+00:00,0.0,1,1,N20,4.53,4.53,4.53,n,0.6,D,INDIA,0.66
SATF-0928,2026-09-16_100_1,10.96,78.125,2026-09-16 08:28:00+00:00,2026-09-16 08:28:00+00:00,2026-09-16 08:28:00+00:00,0.0,1,1,N20,3.99,3.99,3.99,n,0.6,D,INDIA,0.622
SATF-0929,2026-09-16_94_1,10.963,79.112,2026-09-16 08:28:00+00:00,2026-09-16 08:28:00+00:00,2026-09-16 08:28:00+00:00,0.0,2,1,N20,3.59,3.59,7.18,n,0.6,D,INDIA,0.587
SATF-0930,2026-09-16_95_1,12.412,79.096,2026-09-16 08:28:00+00:00,2026-09-16 08:28:00+00:00,2026-09-16 08:28:00+00:00,0.0,1,1,N20,3.39,3.39,3.39,n,0.6,D,INDIA,0.576
SATF-0931,2026-09-16_97_1,12.566,79.885,2026-09-16 08:28:00+00:00,2026-09-16 08:28:00+00:00,2026-09-16 08:28:00+00:00,0.0,2,1,N20,3.21,2.885,5.77,n,0.6,D,INDIA,0.557
SATF-0932,2026-09-16_86_1,10.84,79.615,2026-09-16 08:28:00+00:00,2026-09-16 08:28:00+00:00,2026-09-16 08:28:00+00:00,0.0,1,1,N20,3.08,3.08,3.08,n,0.6,D,INDIA,0.546
SATF-0933,2026-09-16_98_1,12.892,76.465,2026-09-16 08:28:00+00:00,2026-09-16 08:28:00+00:00,2026-09-16 08:28:00+00:00,0.0,1,1,N20,2.72,2.72,2.72,n,0.6,D,INDIA,0.511
SATF-0934,2026-09-16_90_1,9.042,77.309,2026-09-16 08:28:00+00:00,2026-09-16 08:28:00+00:00,2026-09-16 08:28:00+00:00,0.0,1,1,N20,2.15,2.15,2.15,l,0.3,D,INDIA,0.35
SATF-0935,2026-09-16_104_1,15.446,75.324,2026-09-16 08:30:00+00:00,2026-09-16 08:30:00+00:00,2026-09-16 08:30:00+00:00,0.0,1,1,N20,16.69,16.69,16.69,n,0.6,D,INDIA,0.87
SATF-0936,2026-09-16_120_1,15.944,76.58,2026-09-16 08:30:00+00:00,2026-09-16 08:30:00+00:00,2026-09-16 08:30:00+00:00,0.0,1,1,N20,12.3,12.3,12.3,n,0.6,D,INDIA,0.858
SATF-0937,2026-09-16_101_1,15.178,76.663,2026-09-16 08:30:00+00:00,2026-09-16 08:30:00+00:00,2026-09-16 08:30:00+00:00,0.0,2,1,N20,11.3,8.895,17.79,n,0.6,D,INDIA,0.851
SATF-0938,2026-09-16_111_1,13.742,79.659,2026-09-16 08:30:00+00:00,2026-09-16 08:30:00+00:00,2026-09-16 08:30:00+00:00,0.0,1,1,N20,10.54,10.54,10.54,n,0.6,D,INDIA,0.842
SATF-0939,2026-09-16_113_1,14.089,77.481,2026-09-16 08:30:00+00:00,2026-09-16 08:30:00+00:00,2026-09-16 08:30:00+00:00,0.0,1,1,N20,9.87,9.87,9.87,n,0.6,D,INDIA,0.837
SATF-0940,2026-09-16_105_1,16.33,77.349,2026-09-16 08:30:00+00:00,2026-09-16 08:30:00+00:00,2026-09-16 08:30:00+00:00,0.0,2,1,N20,9.66,8.58,17.16,n,0.6,D,INDIA,0.834
SATF-0941,2026-09-16_110_1,15.165,77.421,2026-09-16 08:30:00+00:00,2026-09-16 08:30:00+00:00,2026-09-16 08:30:00+00:00,0.0,1,1,N20,7.47,7.47,7.47,n,0.6,D,INDIA,0.789
SATF-0942,2026-09-16_103_1,15.388,76.605,2026-09-16 08:30:00+00:00,2026-09-16 08:30:00+00:00,2026-09-16 08:30:00+00:00,0.0,1,1,N20,7.36,7.36,7.36,l,0.3,D,INDIA,0.696
SATF-0943,2026-09-16_116_1,13.119,76.051,2026-09-16 08:30:00+00:00,2026-09-16 08:30:00+00:00,2026-09-16 08:30:00+00:00,0.0,2,1,N20,5.6,5.16,10.32,n,0.6,D,INDIA,0.715
SATF-0944,2026-09-16_115_1,13.676,79.6,2026-09-16 08:30:00+00:00,2026-09-16 08:30:00+00:00,2026-09-16 08:30:00+00:00,0.0,1,1,N20,5.46,5.46,5.46,n,0.6,D,INDIA,0.706
SATF-0945,2026-09-16_118_1,13.784,77.771,2026-09-16 08:30:00+00:00,2026-09-16 08:30:00+00:00,2026-09-16 08:30:00+00:00,0.0,2,1,N20,5.45,5.205,10.41,n,0.6,D,INDIA,0.705
SATF-0946,2026-09-16_117_1,13.761,79.743,2026-09-16 08:30:00+00:00,2026-09-16 08:30:00+00:00,2026-09-16 08:30:00+00:00,0.0,1,1,N20,4.58,4.58,4.58,n,0.6,D,INDIA,0.664
SATF-0947,2026-09-16_119_1,13.866,79.546,2026-09-16 08:30:00+00:00,2026-09-16 08:30:00+00:00,2026-09-16 08:30:00+00:00,0.0,1,1,N20,4.4,4.4,4.4,n,0.6,D,INDIA,0.652
SATF-0948,2026-09-16_102_1,15.272,75.195,2026-09-16 08:30:00+00:00,2026-09-16 08:30:00+00:00,2026-09-16 08:30:00+00:00,0.0,2,1,N20,4.39,4.14,8.28,n,0.6,D,INDIA,0.65
SATF-0949,2026-09-16_114_1,13.537,76.913,2026-09-16 08:30:00+00:00,2026-09-16 08:30:00+00:00,2026-09-16 08:30:00+00:00,0.0,1,1,N20,3.98,3.98,3.98,n,0.6,D,INDIA,0.621
SATF-0950,2026-09-16_107_1,17.584,78.696,2026-09-16 08:30:00+00:00,2026-09-16 08:30:00+00:00,2026-09-16 08:30:00+00:00,0.0,1,1,N20,3.89,3.89,3.89,n,0.6,D,INDIA,0.613
SATF-0951,2026-09-16_112_1,14.888,77.777,2026-09-16 08:30:00+00:00,2026-09-16 08:30:00+00:00,2026-09-16 08:30:00+00:00,0.0,1,1,N20,3.89,3.89,3.89,n,0.6,D,INDIA,0.613
SATF-0952,2026-09-16_108_1,16.427,78.575,2026-09-16 08:30:00+00:00,2026-09-16 08:30:00+00:00,2026-09-16 08:30:00+00:00,0.0,1,1,N20,3.22,3.22,3.22,n,0.6,D,INDIA,0.559
SATF-0953,2026-09-16_109_1,16.631,77.832,2026-09-16 08:30:00+00:00,2026-09-16 08:30:00+00:00,2026-09-16 08:30:00+00:00,0.0,1,1,N20,2.59,2.59,2.59,n,0.6,D,INDIA,0.498
SATF-0954,2026-09-16_106_1,18.428,74.541,2026-09-16 08:30:00+00:00,2026-09-16 08:30:00+00:00,2026-09-16 08:30:00+00:00,0.0,1,1,N20,1.61,1.61,1.61,l,0.3,D,INDIA,0.276
SATF-0955,2026-09-16_121_1,19.368,71.354,2026-09-16 08:33:00+00:00,2026-09-16 08:33:00+00:00,2026-09-16 08:33:00+00:00,0.0,1,1,N20,3.53,3.53,3.53,n,0.6,D,OUTSIDE_INDIA,0.585
SATF-0956,2026-09-16_132_1,27.981,69.002,2026-09-16 08:35:00+00:00,2026-09-16 08:35:00+00:00,2026-09-16 08:35:00+00:00,0.0,1,1,N20,9.68,9.68,9.68,n,0.6,D,OUTSIDE_INDIA,0.835
SATF-0957,2026-09-16_136_1,34.003,75.515,2026-09-16 08:35:00+00:00,2026-09-16 08:35:00+00:00,2026-09-16 08:35:00+00:00,0.0,1,1,N20,7.43,7.43,7.43,n,0.6,D,INDIA,0.787
SATF-0958,2026-09-16_124_1,31.876,74.705,2026-09-16 08:35:00+00:00,2026-09-16 08:35:00+00:00,2026-09-16 08:35:00+00:00,0.0,1,1,N20,6.14,6.14,6.14,n,0.6,D,INDIA,0.741
SATF-0959,2026-09-16_128_1,31.358,75.919,2026-09-16 08:35:00+00:00,2026-09-16 08:35:00+00:00,2026-09-16 08:35:00+00:00,0.0,1,1,N20,5.66,5.66,5.66,n,0.6,D,INDIA,0.717
SATF-0960,2026-09-16_138_1,29.794,72.827,2026-09-16 08:35:00+00:00,2026-09-16 08:35:00+00:00,2026-09-16 08:35:00+00:00,0.0,1,1,N20,4.04,4.04,4.04,n,0.6,D,OUTSIDE_INDIA,0.625
SATF-0961,2026-09-16_131_1,28.052,69.368,2026-09-16 08:35:00+00:00,2026-09-16 08:35:00+00:00,2026-09-16 08:35:00+00:00,0.0,1,1,N20,3.92,3.92,3.92,n,0.6,D,OUTSIDE_INDIA,0.614
SATF-0962,2026-09-16_133_1,27.929,68.948,2026-09-16 08:35:00+00:00,2026-09-16 08:35:00+00:00,2026-09-16 08:35:00+00:00,0.0,1,1,N20,3.86,3.86,3.86,n,0.6,D,OUTSIDE_INDIA,0.61
SATF-0963,2026-09-16_123_1,31.899,74.764,2026-09-16 08:35:00+00:00,2026-09-16 08:35:00+00:00,2026-09-16 08:35:00+00:00,0.0,1,1,N20,3.85,3.85,3.85,n,0.6,D,INDIA,0.608
SATF-0964,2026-09-16_135_1,30.429,71.522,2026-09-16 08:35:00+00:00,2026-09-16 08:35:00+00:00,2026-09-16 08:35:00+00:00,0.0,1,1,N20,3.83,3.83,3.83,l,0.3,D,OUTSIDE_INDIA,0.516
SATF-0965,2026-09-16_129_1,30.581,76.671,2026-09-16 08:35:00+00:00,2026-09-16 08:35:00+00:00,2026-09-16 08:35:00+00:00,0.0,1,1,N20,3.69,3.69,3.69,n,0.6,D,INDIA,0.592
SATF-0966,2026-09-16_137_1,31.327,74.972,2026-09-16 08:35:00+00:00,2026-09-16 08:35:00+00:00,2026-09-16 08:35:00+00:00,0.0,1,1,N20,3.39,3.39,3.39,n,0.6,D,INDIA,0.576
SATF-0967,2026-09-16_127_1,31.602,70.669,2026-09-16 08:35:00+00:00,2026-09-16 08:35:00+00:00,2026-09-16 08:35:00+00:00,0.0,1,1,N20,2.72,2.72,2.72,n,0.6,D,OUTSIDE_INDIA,0.511
SATF-0968,2026-09-16_130_1,28.426,69.703,2026-09-16 08:35:00+00:00,2026-09-16 08:35:00+00:00,2026-09-16 08:35:00+00:00,0.0,1,1,N20,2.44,2.44,2.44,l,0.3,D,OUTSIDE_INDIA,0.39
SATF-0969,2026-09-16_126_1,31.712,75.023,2026-09-16 08:35:00+00:00,2026-09-16 08:35:00+00:00,2026-09-16 08:35:00+00:00,0.0,1,1,N20,2.15,2.15,2.15,n,0.6,D,INDIA,0.44
SATF-0970,2026-09-16_122_1,29.84,72.172,2026-09-16 08:35:00+00:00,2026-09-16 08:35:00+00:00,2026-09-16 08:35:00+00:00,0.0,1,1,N20,2.06,2.06,2.06,n,0.6,D,OUTSIDE_INDIA,0.427
SATF-0971,2026-09-16_134_1,31.985,70.501,2026-09-16 08:35:00+00:00,2026-09-16 08:35:00+00:00,2026-09-16 08:35:00+00:00,0.0,1,1,N20,1.87,1.87,1.87,l,0.3,D,OUTSIDE_INDIA,0.311
SATF-0972,2026-09-16_125_1,31.809,72.339,2026-09-16 08:35:00+00:00,2026-09-16 08:35:00+00:00,2026-09-16 08:35:00+00:00,0.0,1,1,N20,1.77,1.77,1.77,n,0.6,D,OUTSIDE_INDIA,0.386
SATF-0973,2026-09-16_139_1,35.435,73.605,2026-09-16 08:37:00+00:00,2026-09-16 08:37:00+00:00,2026-09-16 08:37:00+00:00,0.0,1,1,N20,2.14,2.14,2.14,n,0.6,D,OUTSIDE_INDIA,0.438
SATF-0974,2026-09-16_140_1,24.267,97.225,2026-09-16 18:21:00+00:00,2026-09-16 18:21:00+00:00,2026-09-16 18:21:00+00:00,0.0,2,1,N21,2.57,2.385,4.77,n,0.6,N,OUTSIDE_INDIA,0.495
SATF-0975,2026-09-16_141_1,30.069,96.978,2026-09-16 19:15:00+00:00,2026-09-16 19:15:00+00:00,2026-09-16 19:15:00+00:00,0.0,1,1,N20,0.98,0.98,0.98,n,0.6,N,OUTSIDE_INDIA,0.258
SATF-0976,2026-09-16_142_1,29.662,90.906,2026-09-16 19:15:00+00:00,2026-09-16 19:15:00+00:00,2026-09-16 19:15:00+00:00,0.0,1,1,N20,0.67,0.67,0.67,n,0.6,N,OUTSIDE_INDIA,0.209
SATF-0977,2026-09-16_78_2,23.806,85.525,2026-09-16 19:17:00+00:00,2026-09-16 20:59:00+00:00,2026-09-16 19:17:00+00:00,1.7,13,2,"N20,N21",2.19,1.399,18.19,n,0.6,N,INDIA,0.447
SATF-0978,2026-09-16_3_2,20.968,85.17,2026-09-16 19:19:00+00:00,2026-09-16 20:59:00+00:00,2026-09-16 19:19:00+00:00,1.667,40,2,"N20,N21",8.1,2.389,95.55,n,0.6,N,INDIA,0.803
SATF-0979,2026-09-16_37_2,20.785,85.269,2026-09-16 19:19:00+00:00,2026-09-16 20:59:00+00:00,2026-09-16 19:19:00+00:00,1.667,20,2,"N20,N21",6.47,2.44,48.79,n,0.6,N,INDIA,0.756
SATF-0980,2026-09-16_46_2,20.969,86.022,2026-09-16 19:19:00+00:00,2026-09-16 20:04:00+00:00,2026-09-16 19:19:00+00:00,0.75,30,2,"N20,N21",6.26,2.207,66.21,n,0.6,N,INDIA,0.748
SATF-0981,2026-09-16_77_2,21.756,83.843,2026-09-16 19:19:00+00:00,2026-09-16 20:59:00+00:00,2026-09-16 19:19:00+00:00,1.667,16,2,"N20,N21",4.34,3.011,48.18,n,0.6,N,INDIA,0.647
SATF-0982,2026-09-16_76_2,21.731,84.027,2026-09-16 19:19:00+00:00,2026-09-16 20:59:00+00:00,2026-09-16 19:19:00+00:00,1.667,12,2,"N20,N21",3.86,2.303,27.64,n,0.6,N,INDIA,0.61
SATF-0983,2026-09-16_45_2,20.874,84.986,2026-09-16 19:19:00+00:00,2026-09-16 20:59:00+00:00,2026-09-16 19:19:00+00:00,1.667,17,2,"N20,N21",3.39,1.654,28.11,n,0.6,N,INDIA,0.576
SATF-0984,2026-09-16_147_1,22.322,82.568,2026-09-16 19:19:00+00:00,2026-09-16 20:59:00+00:00,2026-09-16 19:19:00+00:00,1.667,17,2,"N20,N21",3.19,1.762,29.96,n,0.6,N,INDIA,0.554
SATF-0985,2026-09-16_65_2,21.923,83.346,2026-09-16 19:19:00+00:00,2026-09-16 20:59:00+00:00,2026-09-16 19:19:00+00:00,1.667,10,2,"N20,N21",3.11,2.018,20.18,n,0.6,N,INDIA,0.549
SATF-0986,2026-09-16_68_2,22.211,84.863,2026-09-16 19:19:00+00:00,2026-09-16 20:04:00+00:00,2026-09-16 19:19:00+00:00,0.75,9,2,"N20,N21",2.93,1.994,17.95,n,0.6,N,INDIA,0.535
SATF-0987,2026-09-16_150_1,22.04,83.729,2026-09-16 19:19:00+00:00,2026-09-16 20:59:00+00:00,2026-09-16 19:19:00+00:00,1.667,9,2,"N20,N21",2.73,1.48,13.32,n,0.6,N,INDIA,0.512
SATF-0988,2026-09-16_146_1,22.006,82.669,2026-09-16 19:19:00+00:00,2026-09-16 20:59:00+00:00,2026-09-16 19:19:00+00:00,1.667,5,2,"N20,N21",2.5,1.74,8.7,n,0.6,N,INDIA,0.486
SATF-0989,2026-09-16_143_1,21.674,82.079,2026-09-16 19:19:00+00:00,2026-09-16 20:59:00+00:00,2026-09-16 19:19:00+00:00,1.667,3,2,"N20,N21",2.43,1.873,5.62,n,0.6,N,INDIA,0.478
SATF-0990,2026-09-16_51_2,21.079,85.038,2026-09-16 19:19:00+00:00,2026-09-16 20:04:00+00:00,2026-09-16 19:19:00+00:00,0.75,9,2,"N20,N21",2.41,1.876,16.88,n,0.6,N,INDIA,0.475
SATF-0991,2026-09-16_148_1,22.585,85.9,2026-09-16 19:19:00+00:00,2026-09-16 20:59:00+00:00,2026-09-16 19:19:00+00:00,1.667,10,2,"N20,N21",2.33,1.655,16.55,n,0.6,N,INDIA,0.465
SATF-0992,2026-09-16_66_2,22.037,83.355,2026-09-16 19:19:00+00:00,2026-09-16 20:59:00+00:00,2026-09-16 19:19:00+00:00,1.667,4,2,"N20,N21",2.26,1.85,7.4,n,0.6,N,INDIA,0.454
SATF-0993,2026-09-16_80_2,21.37,81.667,2026-09-16 19:19:00+00:00,2026-09-16 20:59:00+00:00,2026-09-16 19:19:00+00:00,1.667,14,2,"N20,N21",2.2,1.372,19.21,n,0.6,N,INDIA,0.449
SATF-0994,2026-09-16_72_2,23.692,85.331,2026-09-16 19:19:00+00:00,2026-09-16 20:59:00+00:00,2026-09-16 19:19:00+00:00,1.667,9,2,"N20,N21",2.02,1.286,11.57,n,0.6,N,INDIA,0.421
SATF-0995,2026-09-16_16_2,23.649,85.437,2026-09-16 19:19:00+00:00,2026-09-16 20:59:00+00:00,2026-09-16 19:19:00+00:00,1.667,6,2,"N20,N21",1.98,1.395,8.37,n,0.6,N,INDIA,0.415
SATF-0996,2026-09-16_144_1,21.767,97.142,2026-09-16 19:19:00+00:00,2026-09-16 19:19:00+00:00,2026-09-16 19:19:00+00:00,0.0,2,1,N20,1.89,1.4,2.8,n,0.6,N,OUTSIDE_INDIA,0.404
SATF-0997,2026-09-16_74_2,22.054,88.124,2026-09-16 19:19:00+00:00,2026-09-16 20:04:00+00:00,2026-09-16 19:19:00+00:00,0.75,2,2,"N20,N21",1.78,1.65,3.3,n,0.6,N,INDIA,0.388
SATF-0998,2026-09-16_145_1,21.803,82.038,2026-09-16 19:19:00+00:00,2026-09-16 20:59:00+00:00,2026-09-16 19:19:00+00:00,1.667,3,2,"N20,N21",1.5,1.31,3.93,n,0.6,N,INDIA,0.351
SATF-0999,2026-09-16_149_1,21.985,83.231,2026-09-16 19:19:00+00:00,2026-09-16 20:04:00+00:00,2026-09-16 19:19:00+00:00,0.75,3,2,"N20,N21",1.47,1.373,4.12,n,0.6,N,INDIA,0.347
SATF-1000,2026-09-16_151_1,17.618,83.199,2026-09-16 19:19:00+00:00,2026-09-16 20:06:00+00:00,2026-09-16 19:19:00+00:00,0.783,2,2,"N20,N21",0.9,0.81,1.62,n,0.6,N,INDIA,0.247
SATF-1001,2026-09-16_152_1,37.346,97.408,2026-09-16 20:00:00+00:00,2026-09-16 20:00:00+00:00,2026-09-16 20:00:00+00:00,0.0,1,1,N21,1.75,1.75,1.75,n,0.6,N,OUTSIDE_INDIA,0.383
SATF-1002,2026-09-16_156_1,26.642,79.478,2026-09-16 20:02:00+00:00,2026-09-16 20:57:00+00:00,2026-09-16 20:02:00+00:00,0.917,3,2,"N20,N21",2.87,1.6,4.8,n,0.6,N,INDIA,0.528
SATF-1003,2026-09-16_154_1,26.758,83.2,2026-09-16 20:02:00+00:00,2026-09-16 20:02:00+00:00,2026-09-16 20:02:00+00:00,0.0,1,1,N21,2.69,2.69,2.69,n,0.6,N,INDIA,0.507
SATF-1004,2026-09-16_153_1,28.748,77.161,2026-09-16 20:02:00+00:00,2026-09-16 20:02:00+00:00,2026-09-16 20:02:00+00:00,0.0,1,1,N21,1.16,1.16,1.16,n,0.6,N,INDIA,0.297
SATF-1005,2026-09-16_157_1,26.63,79.529,2026-09-16 20:02:00+00:00,2026-09-16 20:02:00+00:00,2026-09-16 20:02:00+00:00,0.0,1,1,N21,1.12,1.12,1.12,n,0.6,N,INDIA,0.291
SATF-1006,2026-09-16_155_1,29.224,88.349,2026-09-16 20:02:00+00:00,2026-09-16 20:02:00+00:00,2026-09-16 20:02:00+00:00,0.0,1,1,N21,1.07,1.07,1.07,n,0.6,N,OUTSIDE_INDIA,0.28
SATF-1007,2026-09-16_75_2,21.105,72.641,2026-09-16 20:04:00+00:00,2026-09-16 20:59:00+00:00,2026-09-16 20:04:00+00:00,0.917,11,2,"N20,N21",7.6,4.507,49.58,n,0.6,N,INDIA,0.793
SATF-1008,2026-09-16_69_2,22.359,82.301,2026-09-16 20:04:00+00:00,2026-09-16 20:59:00+00:00,2026-09-16 20:04:00+00:00,0.917,7,2,"N20,N21",6.67,3.711,25.98,n,0.6,N,INDIA,0.764
SATF-1009,2026-09-16_203_1,23.78,86.207,2026-09-16 20:04:00+00:00,2026-09-16 20:57:00+00:00,2026-09-16 20:04:00+00:00,0.883,11,2,"N20,N21",4.39,2.305,25.36,n,0.6,N,INDIA,0.65
SATF-1010,2026-09-16_70_2,23.166,82.34,2026-09-16 20:04:00+00:00,2026-09-16 20:59:00+00:00,2026-09-16 20:04:00+00:00,0.917,6,2,"N20,N21",3.71,2.192,13.15,n,0.6,N,INDIA,0.594
SATF-1011,2026-09-16_185_1,19.963,79.334,2026-09-16 20:04:00+00:00,2026-09-16 20:04:00+00:00,2026-09-16 20:04:00+00:00,0.0,1,1,N21,3.52,3.52,3.52,n,0.6,N,INDIA,0.584
SATF-1012,2026-09-16_174_1,21.832,83.986,2026-09-16 20:04:00+00:00,2026-09-16 20:59:00+00:00,2026-09-16 20:04:00+00:00,0.917,3,2,"N20,N21",3.51,2.26,6.78,n,0.6,N,INDIA,0.583
SATF-1013,2026-09-16_165_1,24.198,82.715,2026-09-16 20:04:00+00:00,2026-09-16 20:59:00+00:00,2026-09-16 20:04:00+00:00,0.917,3,2,"N20,N21",3.3,1.7,5.1,n,0.6,N,INDIA,0.566
SATF-1014,2026-09-16_172_1,21.336,78.968,2026-09-16 20:04:00+00:00,2026-09-16 20:59:00+00:00,2026-09-16 20:04:00+00:00,0.917,2,2,"N20,N21",3.27,2.49,4.98,n,0.6,N,INDIA,0.563
SATF-1015,2026-09-16_188_1,22.804,86.089,2026-09-16 20:04:00+00:00,2026-09-16 20:59:00+00:00,2026-09-16 20:04:00+00:00,0.917,4,2,"N20,N21",3.26,1.8,7.2,n,0.6,N,INDIA,0.562
SATF-1016,2026-09-16_15_2,23.683,86.09,2026-09-16 20:04:00+00:00,2026-09-16 20:59:00+00:00,2026-09-16 20:04:00+00:00,0.917,7,2,"N20,N21",3.16,1.383,9.68,n,0.6,N,INDIA,0.552
SATF-1017,2026-09-16_67_2,23.762,86.396,2026-09-16 20:04:00+00:00,2026-09-16 20:57:00+00:00,2026-09-16 20:04:00+00:00,0.883,33,2,"N20,N21",3.15,1.446,47.71,n,0.6,N,INDIA,0.551
SATF-1018,2026-09-16_206_1,23.757,85.855,2026-09-16 20:04:00+00:00,2026-09-16 20:04:00+00:00,2026-09-16 20:04:00+00:00,0.0,2,1,N21,2.43,2.0,4.0,n,0.6,N,INDIA,0.478
SATF-1019,2026-09-16_158_1,21.186,81.386,2026-09-16 20:04:00+00:00,2026-09-16 20:59:00+00:00,2026-09-16 20:04:00+00:00,0.917,4,2,"N20,N21",2.3,1.77,7.08,n,0.6,N,INDIA,0.461
SATF-1020,2026-09-16_189_1,22.788,86.201,2026-09-16 20:04:00+00:00,2026-09-16 20:59:00+00:00,2026-09-16 20:04:00+00:00,0.917,4,2,"N20,N21",2.27,1.662,6.65,n,0.6,N,INDIA,0.456
SATF-1021,2026-09-16_183_1,20.957,85.011,2026-09-16 20:04:00+00:00,2026-09-16 20:04:00+00:00,2026-09-16 20:04:00+00:00,0.0,2,1,N21,2.2,1.82,3.64,n,0.6,N,INDIA,0.449
SATF-1022,2026-09-16_162_1,24.169,82.633,2026-09-16 20:04:00+00:00,2026-09-16 20:04:00+00:00,2026-09-16 20:04:00+00:00,0.0,4,1,N21,2.15,1.378,5.51,n,0.6,N,INDIA,0.44
SATF-1023,2026-09-16_202_1,21.959,83.784,2026-09-16 20:04:00+00:00,2026-09-16 20:59:00+00:00,2026-09-16 20:04:00+00:00,0.917,4,2,"N20,N21",1.99,1.642,6.57,n,0.6,N,INDIA,0.417
SATF-1024,2026-09-16_169_1,21.271,72.867,2026-09-16 20:04:00+00:00,2026-09-16 20:04:00+00:00,2026-09-16 20:04:00+00:00,0.0,1,1,N21,1.94,1.94,1.94,n,0.6,N,INDIA,0.41
SATF-1025,2026-09-16_166_1,21.248,79.214,2026-09-16 20:04:00+00:00,2026-09-16 20:59:00+00:00,2026-09-16 20:04:00+00:00,0.917,2,2,"N20,N21",1.83,1.55,3.1,n,0.6,N,INDIA,0.396
SATF-1026,2026-09-16_48_2,19.096,82.169,2026-09-16 20:04:00+00:00,2026-09-16 20:59:00+00:00,2026-09-16 20:04:00+00:00,0.917,6,2,"N20,N21",1.81,1.113,6.68,n,0.6,N,INDIA,0.393
SATF-1027,2026-09-16_182_1,18.721,79.536,2026-09-16 20:04:00+00:00,2026-09-16 21:01:00+00:00,2026-09-16 20:04:00+00:00,0.95,2,2,"N20,N21",1.76,1.13,2.26,n,0.6,N,INDIA,0.385
SATF-1028,2026-09-16_208_1,23.73,85.011,2026-09-16 20:04:00+00:00,2026-09-16 20:04:00+00:00,2026-09-16 20:04:00+00:00,0.0,2,1,N21,1.76,1.525,3.05,n,0.6,N,INDIA,0.385
SATF-1029,2026-09-16_184_1,20.704,78.62,2026-09-16 20:04:00+00:00,2026-09-16 20:04:00+00:00,2026-09-16 20:04:00+00:00,0.0,1,1,N21,1.72,1.72,1.72,n,0.6,N,INDIA,0.381
SATF-1030,2026-09-16_187_1,21.927,85.223,2026-09-16 20:04:00+00:00,2026-09-16 20:04:00+00:00,2026-09-16 20:04:00+00:00,0.0,2,1,N21,1.64,1.64,3.28,n,0.6,N,INDIA,0.373
SATF-1031,2026-09-16_179_1,21.484,81.792,2026-09-16 20:04:00+00:00,2026-09-16 20:59:00+00:00,2026-09-16 20:04:00+00:00,0.917,8,2,"N20,N21",1.59,0.904,7.23,n,0.6,N,INDIA,0.362
SATF-1032,2026-09-16_195_1,21.987,82.015,2026-09-16 20:04:00+00:00,2026-09-16 20:59:00+00:00,2026-09-16 20:04:00+00:00,0.917,2,2,"N20,N21",1.59,1.15,2.3,n,0.6,N,INDIA,0.362
SATF-1033,2026-09-16_196_1,22.205,84.565,2026-09-16 20:04:00+00:00,2026-09-16 20:04:00+00:00,2026-09-16 20:04:00+00:00,0.0,2,1,N21,1.53,1.425,2.85,n,0.6,N,INDIA,0.354
SATF-1034,2026-09-16_180_1,21.575,82.021,2026-09-16 20:04:00+00:00,2026-09-16 20:04:00+00:00,2026-09-16 20:04:00+00:00,0.0,1,1,N21,1.4,1.4,1.4,n,0.6,N,INDIA,0.338
SATF-1035,2026-09-16_0_2,22.372,87.29,2026-09-16 20:04:00+00:00,2026-09-16 20:04:00+00:00,2026-09-16 20:04:00+00:00,0.0,6,1,N21,1.39,1.36,8.16,n,0.6,N,INDIA,0.337
SATF-1036,2026-09-16_167_1,24.662,74.634,2026-09-16 20:04:00+00:00,2026-09-16 20:59:00+00:00,2026-09-16 20:04:00+00:00,0.917,2,2,"N20,N21",1.37,1.235,2.47,n,0.6,N,INDIA,0.334
SATF-1037,2026-09-16_200_1,23.656,85.508,2026-09-16 20:04:00+00:00,2026-09-16 20:04:00+00:00,2026-09-16 20:04:00+00:00,0.0,1,1,N21,1.33,1.33,1.33,n,0.6,N,INDIA,0.33
SATF-1038,2026-09-16_190_1,22.365,87.018,2026-09-16 20:04:00+00:00,2026-09-16 20:04:00+00:00,2026-09-16 20:04:00+00:00,0.0,2,1,N21,1.32,1.32,2.64,n,0.6,N,INDIA,0.327
SATF-1039,2026-09-16_71_2,23.68,86.395,2026-09-16 20:04:00+00:00,2026-09-16 20:59:00+00:00,2026-09-16 20:04:00+00:00,0.917,8,2,"N20,N21",1.32,1.223,9.78,n,0.6,N,INDIA,0.327
SATF-1040,2026-09-16_186_1,19.786,79.065,2026-09-16 20:04:00+00:00,2026-09-16 20:04:00+00:00,2026-09-16 20:04:00+00:00,0.0,1,1,N21,1.28,1.28,1.28,n,0.6,N,INDIA,0.321
SATF-1041,2026-09-16_199_1,22.313,84.767,2026-09-16 20:04:00+00:00,2026-09-16 20:04:00+00:00,2026-09-16 20:04:00+00:00,0.0,1,1,N21,1.26,1.26,1.26,n,0.6,N,INDIA,0.317
SATF-1042,2026-09-16_201_1,23.666,84.998,2026-09-16 20:04:00+00:00,2026-09-16 20:04:00+00:00,2026-09-16 20:04:00+00:00,0.0,2,1,N21,1.26,1.13,2.26,n,0.6,N,INDIA,0.317
SATF-1043,2026-09-16_79_2,23.826,84.571,2026-09-16 20:04:00+00:00,2026-09-16 20:04:00+00:00,2026-09-16 20:04:00+00:00,0.0,2,1,N21,1.24,1.24,2.48,n,0.6,N,INDIA,0.314
SATF-1044,2026-09-16_161_1,24.764,74.606,2026-09-16 20:04:00+00:00,2026-09-16 20:04:00+00:00,2026-09-16 20:04:00+00:00,0.0,1,1,N21,1.21,1.21,1.21,n,0.6,N,INDIA,0.308
SATF-1045,2026-09-16_192_1,23.562,87.085,2026-09-16 20:04:00+00:00,2026-09-16 20:04:00+00:00,2026-09-16 20:04:00+00:00,0.0,1,1,N21,1.2,1.2,1.2,n,0.6,N,INDIA,0.306
SATF-1046,2026-09-16_181_1,21.624,81.793,2026-09-16 20:04:00+00:00,2026-09-16 20:59:00+00:00,2026-09-16 20:04:00+00:00,0.917,2,2,"N20,N21",1.19,0.995,1.99,n,0.6,N,INDIA,0.303
SATF-1047,2026-09-16_177_1,21.31,81.59,2026-09-16 20:04:00+00:00,2026-09-16 20:59:00+00:00,2026-09-16 20:04:00+00:00,0.917,3,2,"N20,N21",1.16,1.1,3.3,n,0.6,N,INDIA,0.297
SATF-1048,2026-09-16_164_1,24.206,82.526,2026-09-16 20:04:00+00:00,2026-09-16 20:59:00+00:00,2026-09-16 20:04:00+00:00,0.917,2,2,"N20,N21",1.1,0.985,1.97,n,0.6,N,INDIA,0.288
SATF-1049,2026-09-16_168_1,21.244,81.77,2026-09-16 20:04:00+00:00,2026-09-16 20:04:00+00:00,2026-09-16 20:04:00+00:00,0.0,1,1,N21,1.08,1.08,1.08,n,0.6,N,INDIA,0.283
SATF-1050,2026-09-16_163_1,24.326,81.329,2026-09-16 20:04:00+00:00,2026-09-16 20:04:00+00:00,2026-09-16 20:04:00+00:00,0.0,1,1,N21,1.06,1.06,1.06,n,0.6,N,INDIA,0.277
SATF-1051,2026-09-16_175_1,21.879,83.552,2026-09-16 20:04:00+00:00,2026-09-16 20:04:00+00:00,2026-09-16 20:04:00+00:00,0.0,2,1,N21,1.04,0.89,1.78,n,0.6,N,INDIA,0.271
SATF-1052,2026-09-16_176_1,21.877,83.495,2026-09-16 20:04:00+00:00,2026-09-16 20:59:00+00:00,2026-09-16 20:04:00+00:00,0.917,2,2,"N20,N21",1.04,1.035,2.07,n,0.6,N,INDIA,0.271
SATF-1053,2026-09-16_160_1,24.924,84.156,2026-09-16 20:04:00+00:00,2026-09-16 20:04:00+00:00,2026-09-16 20:04:00+00:00,0.0,1,1,N21,0.99,0.99,0.99,n,0.6,N,INDIA,0.261
SATF-1054,2026-09-16_197_1,22.095,83.117,2026-09-16 20:04:00+00:00,2026-09-16 20:59:00+00:00,2026-09-16 20:04:00+00:00,0.917,3,2,"N20,N21",0.99,0.92,2.76,n,0.6,N,INDIA,0.261
SATF-1055,2026-09-16_205_1,23.811,84.845,2026-09-16 20:04:00+00:00,2026-09-16 20:04:00+00:00,2026-09-16 20:04:00+00:00,0.0,1,1,N21,0.91,0.91,0.91,n,0.6,N,INDIA,0.248
SATF-1056,2026-09-16_198_1,21.923,81.749,2026-09-16 20:04:00+00:00,2026-09-16 20:04:00+00:00,2026-09-16 20:04:00+00:00,0.0,1,1,N21,0.84,0.84,0.84,n,0.6,N,INDIA,0.24
SATF-1057,2026-09-16_64_2,23.631,86.294,2026-09-16 20:04:00+00:00,2026-09-16 20:04:00+00:00,2026-09-16 20:04:00+00:00,0.0,1,1,N21,0.84,0.84,0.84,n,0.6,N,INDIA,0.24
SATF-1058,2026-09-16_207_1,23.745,85.504,2026-09-16 20:04:00+00:00,2026-09-16 20:04:00+00:00,2026-09-16 20:04:00+00:00,0.0,1,1,N21,0.81,0.81,0.81,n,0.6,N,INDIA,0.233
SATF-1059,2026-09-16_159_1,21.189,81.197,2026-09-16 20:04:00+00:00,2026-09-16 20:04:00+00:00,2026-09-16 20:04:00+00:00,0.0,1,1,N21,0.8,0.8,0.8,n,0.6,N,INDIA,0.231
SATF-1060,2026-09-16_171_1,23.839,85.305,2026-09-16 20:04:00+00:00,2026-09-16 20:04:00+00:00,2026-09-16 20:04:00+00:00,0.0,1,1,N21,0.8,0.8,0.8,n,0.6,N,INDIA,0.231
SATF-1061,2026-09-16_178_1,21.371,81.447,2026-09-16 20:04:00+00:00,2026-09-16 20:04:00+00:00,2026-09-16 20:04:00+00:00,0.0,1,1,N21,0.78,0.78,0.78,n,0.6,N,INDIA,0.227
SATF-1062,2026-09-16_191_1,22.874,86.064,2026-09-16 20:04:00+00:00,2026-09-16 20:04:00+00:00,2026-09-16 20:04:00+00:00,0.0,1,1,N21,0.78,0.78,0.78,n,0.6,N,INDIA,0.227
SATF-1063,2026-09-16_204_1,23.776,85.998,2026-09-16 20:04:00+00:00,2026-09-16 20:04:00+00:00,2026-09-16 20:04:00+00:00,0.0,1,1,N21,0.77,0.77,0.77,n,0.6,N,INDIA,0.225
SATF-1064,2026-09-16_170_1,23.839,84.947,2026-09-16 20:04:00+00:00,2026-09-16 20:04:00+00:00,2026-09-16 20:04:00+00:00,0.0,1,1,N21,0.75,0.75,0.75,n,0.6,N,INDIA,0.221
SATF-1065,2026-09-16_193_1,23.582,86.724,2026-09-16 20:04:00+00:00,2026-09-16 20:04:00+00:00,2026-09-16 20:04:00+00:00,0.0,1,1,N21,0.54,0.54,0.54,n,0.6,N,INDIA,0.194
SATF-1066,2026-09-16_194_1,23.638,85.663,2026-09-16 20:04:00+00:00,2026-09-16 20:04:00+00:00,2026-09-16 20:04:00+00:00,0.0,1,1,N21,0.54,0.54,0.54,n,0.6,N,INDIA,0.194
SATF-1067,2026-09-16_173_1,21.73,82.216,2026-09-16 20:04:00+00:00,2026-09-16 20:04:00+00:00,2026-09-16 20:04:00+00:00,0.0,1,1,N21,0.51,0.51,0.51,n,0.6,N,INDIA,0.192
SATF-1068,2026-09-16_121_2,19.371,71.354,2026-09-16 20:06:00+00:00,2026-09-16 21:46:00+00:00,2026-09-16 20:06:00+00:00,1.667,5,2,"N20,N21",6.04,4.646,23.23,n,0.6,N,OUTSIDE_INDIA,0.737
SATF-1069,2026-09-16_224_1,15.021,78.015,2026-09-16 20:06:00+00:00,2026-09-16 20:06:00+00:00,2026-09-16 20:06:00+00:00,0.0,1,1,N21,5.9,5.9,5.9,n,0.6,N,INDIA,0.73
SATF-1070,2026-09-16_214_1,15.179,77.102,2026-09-16 20:06:00+00:00,2026-09-16 20:06:00+00:00,2026-09-16 20:06:00+00:00,0.0,1,1,N21,4.07,4.07,4.07,n,0.6,N,INDIA,0.629
SATF-1071,2026-09-16_212_1,16.87,80.02,2026-09-16 20:06:00+00:00,2026-09-16 20:06:00+00:00,2026-09-16 20:06:00+00:00,0.0,1,1,N21,3.54,3.54,3.54,n,0.6,N,INDIA,0.585
SATF-1072,2026-09-16_101_2,15.178,76.669,2026-09-16 20:06:00+00:00,2026-09-16 21:01:00+00:00,2026-09-16 20:06:00+00:00,0.917,12,2,"N20,N21",3.15,2.352,28.22,n,0.6,N,INDIA,0.551
SATF-1073,2026-09-16_215_1,17.063,76.979,2026-09-16 20:06:00+00:00,2026-09-16 20:06:00+00:00,2026-09-16 20:06:00+00:00,0.0,1,1,N21,2.93,2.93,2.93,n,0.6,N,INDIA,0.535
SATF-1074,2026-09-16_221_1,17.958,80.794,2026-09-16 20:06:00+00:00,2026-09-16 21:01:00+00:00,2026-09-16 20:06:00+00:00,0.917,5,2,"N20,N21",2.63,1.804,9.02,n,0.6,N,INDIA,0.501
SATF-1075,2026-09-16_115_2,13.71,79.619,2026-09-16 20:06:00+00:00,2026-09-16 21:01:00+00:00,2026-09-16 20:06:00+00:00,0.917,2,2,"N20,N21",2.47,1.96,3.92,n,0.6,N,INDIA,0.483
SATF-1076,2026-09-16_213_1,15.175,76.786,2026-09-16 20:06:00+00:00,2026-09-16 20:06:00+00:00,2026-09-16 20:06:00+00:00,0.0,1,1,N21,2.28,2.28,2.28,n,0.6,N,INDIA,0.458
SATF-1077,2026-09-16_105_2,16.304,77.359,2026-09-16 20:06:00+00:00,2026-09-16 20:06:00+00:00,2026-09-16 20:06:00+00:00,0.0,1,1,N21,2.05,2.05,2.05,n,0.6,N,INDIA,0.425
SATF-1078,2026-09-16_209_1,15.337,76.27,2026-09-16 20:06:00+00:00,2026-09-16 21:01:00+00:00,2026-09-16 20:06:00+00:00,0.917,3,2,"N20,N21",1.86,1.42,4.26,n,0.6,N,INDIA,0.399
SATF-1079,2026-09-16_219_1,15.224,76.763,2026-09-16 20:06:00+00:00,2026-09-16 20:06:00+00:00,2026-09-16 20:06:00+00:00,0.0,1,1,N21,1.76,1.76,1.76,n,0.6,N,INDIA,0.385
SATF-1080,2026-09-16_210_1,15.111,76.807,2026-09-16 20:06:00+00:00,2026-09-16 21:01:00+00:00,2026-09-16 20:06:00+00:00,0.917,2,2,"N20,N21",1.64,1.56,3.12,n,0.6,N,INDIA,0.373
SATF-1081,2026-09-16_218_1,17.14,77.185,2026-09-16 20:06:00+00:00,2026-09-16 20:06:00+00:00,2026-09-16 20:06:00+00:00,0.0,1,1,N21,1.62,1.62,1.62,n,0.6,N,INDIA,0.368
SATF-1082,2026-09-16_220_1,17.464,80.656,2026-09-16 20:06:00+00:00,2026-09-16 20:06:00+00:00,2026-09-16 20:06:00+00:00,0.0,1,1,N21,1.56,1.56,1.56,n,0.6,N,INDIA,0.356
SATF-1083,2026-09-16_228_1,17.159,77.293,2026-09-16 20:06:00+00:00,2026-09-16 20:06:00+00:00,2026-09-16 20:06:00+00:00,0.0,1,1,N21,1.26,1.26,1.26,n,0.6,N,INDIA,0.317
SATF-1084,2026-09-16_216_1,15.172,76.381,2026-09-16 20:06:00+00:00,2026-09-16 20:06:00+00:00,2026-09-16 20:06:00+00:00,0.0,2,1,N21,1.25,1.25,2.5,n,0.6,N,INDIA,0.315
SATF-1085,2026-09-16_227_1,13.345,76.99,2026-09-16 20:06:00+00:00,2026-09-16 20:06:00+00:00,2026-09-16 20:06:00+00:00,0.0,1,1,N21,1.21,1.21,1.21,n,0.6,N,INDIA,0.308
SATF-1086,2026-09-16_211_1,15.303,76.221,2026-09-16 20:06:00+00:00,2026-09-16 20:06:00+00:00,2026-09-16 20:06:00+00:00,0.0,1,1,N21,1.19,1.19,1.19,n,0.6,N,INDIA,0.303
SATF-1087,2026-09-16_222_1,16.817,80.865,2026-09-16 20:06:00+00:00,2026-09-16 20:06:00+00:00,2026-09-16 20:06:00+00:00,0.0,1,1,N21,1.09,1.09,1.09,n,0.6,N,INDIA,0.286
SATF-1088,2026-09-16_217_1,17.145,78.224,2026-09-16 20:06:00+00:00,2026-09-16 20:06:00+00:00,2026-09-16 20:06:00+00:00,0.0,2,1,N21,0.98,0.92,1.84,n,0.6,N,INDIA,0.258
SATF-1089,2026-09-16_229_1,13.001,77.413,2026-09-16 20:06:00+00:00,2026-09-16 20:06:00+00:00,2026-09-16 20:06:00+00:00,0.0,1,1,N21,0.87,0.87,0.87,n,0.6,N,INDIA,0.244
SATF-1090,2026-09-16_223_1,13.391,80.103,2026-09-16 20:06:00+00:00,2026-09-16 20:06:00+00:00,2026-09-16 20:06:00+00:00,0.0,1,1,N21,0.8,0.8,0.8,n,0.6,N,INDIA,0.231
SATF-1091,2026-09-16_226_1,13.516,80.066,2026-09-16 20:06:00+00:00,2026-09-16 20:06:00+00:00,2026-09-16 20:06:00+00:00,0.0,1,1,N21,0.75,0.75,0.75,n,0.6,N,INDIA,0.221
SATF-1092,2026-09-16_225_1,14.1,76.533,2026-09-16 20:06:00+00:00,2026-09-16 20:06:00+00:00,2026-09-16 20:06:00+00:00,0.0,1,1,N21,0.59,0.59,0.59,n,0.6,N,INDIA,0.199
SATF-1093,2026-09-16_231_1,36.998,80.193,2026-09-16 20:55:00+00:00,2026-09-16 20:55:00+00:00,2026-09-16 20:55:00+00:00,0.0,1,1,N20,1.7,1.7,1.7,n,0.6,N,OUTSIDE_INDIA,0.38
SATF-1094,2026-09-16_233_1,37.142,79.498,2026-09-16 20:55:00+00:00,2026-09-16 20:55:00+00:00,2026-09-16 20:55:00+00:00,0.0,1,1,N20,1.19,1.19,1.19,n,0.6,N,OUTSIDE_INDIA,0.303
SATF-1095,2026-09-16_232_1,37.203,79.302,2026-09-16 20:55:00+00:00,2026-09-16 20:55:00+00:00,2026-09-16 20:55:00+00:00,0.0,2,1,N20,0.85,0.83,1.66,n,0.6,N,OUTSIDE_INDIA,0.242
SATF-1096,2026-09-16_230_1,35.97,68.685,2026-09-16 20:55:00+00:00,2026-09-16 20:55:00+00:00,2026-09-16 20:55:00+00:00,0.0,2,1,N20,0.75,0.685,1.37,n,0.6,N,OUTSIDE_INDIA,0.221
SATF-1097,2026-09-16_236_1,33.69,72.713,2026-09-16 20:57:00+00:00,2026-09-16 20:57:00+00:00,2026-09-16 20:57:00+00:00,0.0,1,1,N20,1.44,1.44,1.44,n,0.6,N,OUTSIDE_INDIA,0.343
SATF-1098,2026-09-16_234_1,29.974,77.522,2026-09-16 20:57:00+00:00,2026-09-16 20:57:00+00:00,2026-09-16 20:57:00+00:00,0.0,1,1,N20,0.63,0.63,0.63,n,0.6,N,INDIA,0.204
SATF-1099,2026-09-16_235_1,30.448,70.569,2026-09-16 20:57:00+00:00,2026-09-16 20:57:00+00:00,2026-09-16 20:57:00+00:00,0.0,1,1,N20,0.6,0.6,0.6,n,0.6,N,OUTSIDE_INDIA,0.201
SATF-1100,2026-09-16_237_1,31.251,76.928,2026-09-16 20:57:00+00:00,2026-09-16 20:57:00+00:00,2026-09-16 20:57:00+00:00,0.0,1,1,N20,0.3,0.3,0.3,n,0.6,N,INDIA,0.182
SATF-1101,2026-09-16_245_1,22.225,84.751,2026-09-16 20:59:00+00:00,2026-09-16 20:59:00+00:00,2026-09-16 20:59:00+00:00,0.0,2,1,N20,2.8,2.465,4.93,n,0.6,N,INDIA,0.52
SATF-1102,2026-09-16_246_1,22.338,69.859,2026-09-16 20:59:00+00:00,2026-09-16 21:44:00+00:00,2026-09-16 20:59:00+00:00,0.75,4,2,"N20,N21",2.58,1.808,7.23,n,0.6,N,INDIA,0.496
SATF-1103,2026-09-16_238_1,24.82,73.093,2026-09-16 20:59:00+00:00,2026-09-16 20:59:00+00:00,2026-09-16 20:59:00+00:00,0.0,1,1,N20,1.65,1.65,1.65,n,0.6,N,INDIA,0.375
SATF-1104,2026-09-16_253_1,21.564,72.915,2026-09-16 20:59:00+00:00,2026-09-16 20:59:00+00:00,2026-09-16 20:59:00+00:00,0.0,1,1,N20,1.62,1.62,1.62,n,0.6,N,INDIA,0.368
SATF-1105,2026-09-16_250_1,24.692,73.001,2026-09-16 20:59:00+00:00,2026-09-16 20:59:00+00:00,2026-09-16 20:59:00+00:00,0.0,1,1,N20,1.29,1.29,1.29,n,0.6,N,INDIA,0.323
SATF-1106,2026-09-16_247_1,22.266,75.135,2026-09-16 20:59:00+00:00,2026-09-16 20:59:00+00:00,2026-09-16 20:59:00+00:00,0.0,1,1,N20,1.15,1.15,1.15,n,0.6,N,INDIA,0.294
SATF-1107,2026-09-16_251_1,20.358,72.949,2026-09-16 20:59:00+00:00,2026-09-16 20:59:00+00:00,2026-09-16 20:59:00+00:00,0.0,1,1,N20,1.11,1.11,1.11,n,0.6,N,INDIA,0.289
SATF-1108,2026-09-16_252_1,20.867,70.566,2026-09-16 20:59:00+00:00,2026-09-16 20:59:00+00:00,2026-09-16 20:59:00+00:00,0.0,1,1,N20,1.07,1.07,1.07,n,0.6,N,INDIA,0.28
SATF-1109,2026-09-16_239_1,24.055,80.613,2026-09-16 20:59:00+00:00,2026-09-16 20:59:00+00:00,2026-09-16 20:59:00+00:00,0.0,1,1,N20,0.93,0.93,0.93,n,0.6,N,INDIA,0.251
SATF-1110,2026-09-16_249_1,23.497,68.576,2026-09-16 20:59:00+00:00,2026-09-16 20:59:00+00:00,2026-09-16 20:59:00+00:00,0.0,1,1,N20,0.92,0.92,0.92,n,0.6,N,INDIA,0.249
SATF-1111,2026-09-16_248_1,23.316,70.485,2026-09-16 20:59:00+00:00,2026-09-16 20:59:00+00:00,2026-09-16 20:59:00+00:00,0.0,1,1,N20,0.83,0.83,0.83,n,0.6,N,INDIA,0.236
SATF-1112,2026-09-16_241_1,24.691,74.679,2026-09-16 20:59:00+00:00,2026-09-16 20:59:00+00:00,2026-09-16 20:59:00+00:00,0.0,1,1,N20,0.8,0.8,0.8,n,0.6,N,INDIA,0.231
SATF-1113,2026-09-16_243_1,24.934,74.635,2026-09-16 20:59:00+00:00,2026-09-16 20:59:00+00:00,2026-09-16 20:59:00+00:00,0.0,2,1,N20,0.63,0.5,1.0,n,0.6,N,INDIA,0.204
SATF-1114,2026-09-16_242_1,24.659,73.879,2026-09-16 20:59:00+00:00,2026-09-16 20:59:00+00:00,2026-09-16 20:59:00+00:00,0.0,1,1,N20,0.59,0.59,0.59,n,0.6,N,INDIA,0.199
SATF-1115,2026-09-16_244_1,25.968,71.272,2026-09-16 20:59:00+00:00,2026-09-16 20:59:00+00:00,2026-09-16 20:59:00+00:00,0.0,1,1,N20,0.58,0.58,0.58,n,0.6,N,INDIA,0.197
SATF-1116,2026-09-16_240_1,24.198,80.796,2026-09-16 20:59:00+00:00,2026-09-16 20:59:00+00:00,2026-09-16 20:59:00+00:00,0.0,1,1,N20,0.35,0.35,0.35,n,0.6,N,INDIA,0.184
SATF-1117,2026-09-16_258_1,13.089,79.982,2026-09-16 21:01:00+00:00,2026-09-16 21:01:00+00:00,2026-09-16 21:01:00+00:00,0.0,1,1,N20,2.79,2.79,2.79,n,0.6,N,INDIA,0.519
SATF-1118,2026-09-16_259_1,13.159,80.286,2026-09-16 21:01:00+00:00,2026-09-16 21:01:00+00:00,2026-09-16 21:01:00+00:00,0.0,1,1,N20,2.77,2.77,2.77,n,0.6,N,INDIA,0.517
SATF-1119,2026-09-16_256_1,19.418,71.391,2026-09-16 21:01:00+00:00,2026-09-16 21:01:00+00:00,2026-09-16 21:01:00+00:00,0.0,1,1,N20,2.53,2.53,2.53,n,0.6,N,OUTSIDE_INDIA,0.49
SATF-1120,2026-09-16_254_1,19.177,70.946,2026-09-16 21:01:00+00:00,2026-09-16 21:01:00+00:00,2026-09-16 21:01:00+00:00,0.0,1,1,N20,2.29,2.29,2.29,n,0.6,N,OUTSIDE_INDIA,0.46
SATF-1121,2026-09-16_255_1,19.282,71.431,2026-09-16 21:01:00+00:00,2026-09-16 21:01:00+00:00,2026-09-16 21:01:00+00:00,0.0,2,1,N20,2.28,2.12,4.24,n,0.6,N,OUTSIDE_INDIA,0.458
SATF-1122,2026-09-16_260_1,15.686,78.457,2026-09-16 21:01:00+00:00,2026-09-16 21:01:00+00:00,2026-09-16 21:01:00+00:00,0.0,1,1,N20,1.74,1.74,1.74,n,0.6,N,INDIA,0.382
SATF-1123,2026-09-16_257_1,15.358,76.71,2026-09-16 21:01:00+00:00,2026-09-16 21:01:00+00:00,2026-09-16 21:01:00+00:00,0.0,1,1,N20,1.09,1.09,1.09,n,0.6,N,INDIA,0.286
SATF-1124,2026-09-16_261_1,11.184,79.098,2026-09-16 21:04:00+00:00,2026-09-16 21:04:00+00:00,2026-09-16 21:04:00+00:00,0.0,2,1,N20,1.27,1.145,2.29,n,0.6,N,INDIA,0.32
SATF-1125,2026-09-16_262_1,33.268,71.311,2026-09-16 21:42:00+00:00,2026-09-16 21:42:00+00:00,2026-09-16 21:42:00+00:00,0.0,2,1,N21,1.96,1.715,3.43,n,0.6,N,OUTSIDE_INDIA,0.412
SATF-1126,2026-09-16_263_1,33.297,71.189,2026-09-16 21:42:00+00:00,2026-09-16 21:42:00+00:00,2026-09-16 21:42:00+00:00,0.0,1,1,N21,0.93,0.93,0.93,n,0.6,N,OUTSIDE_INDIA,0.251
SATF-1127,2026-09-16_264_1,33.544,71.551,2026-09-16 21:42:00+00:00,2026-09-16 21:42:00+00:00,2026-09-16 21:42:00+00:00,0.0,1,1,N21,0.78,0.78,0.78,n,0.6,N,OUTSIDE_INDIA,0.227
SATF-1128,2026-09-16_131_2,28.051,69.367,2026-09-16 21:44:00+00:00,2026-09-16 21:44:00+00:00,2026-09-16 21:44:00+00:00,0.0,1,1,N21,1.04,1.04,1.04,n,0.6,N,OUTSIDE_INDIA,0.271
SATF-1129,2026-09-17_0_1,18.018,96.841,2026-09-17 06:29:00+00:00,2026-09-17 06:29:00+00:00,2026-09-17 06:29:00+00:00,0.0,1,1,N20,2.12,2.12,2.12,n,0.6,D,OUTSIDE_INDIA,0.436
SATF-1130,2026-09-17_3_1,24.599,97.839,2026-09-17 06:31:00+00:00,2026-09-17 06:31:00+00:00,2026-09-17 06:31:00+00:00,0.0,2,1,N20,5.33,4.45,8.9,n,0.6,D,OUTSIDE_INDIA,0.699
SATF-1131,2026-09-17_5_1,23.614,97.564,2026-09-17 06:31:00+00:00,2026-09-17 06:31:00+00:00,2026-09-17 06:31:00+00:00,0.0,1,1,N20,3.29,3.29,3.29,n,0.6,D,OUTSIDE_INDIA,0.565
SATF-1132,2026-09-17_1_1,23.894,97.729,2026-09-17 06:31:00+00:00,2026-09-17 06:31:00+00:00,2026-09-17 06:31:00+00:00,0.0,1,1,N20,3.27,3.27,3.27,n,0.6,D,OUTSIDE_INDIA,0.563
SATF-1133,2026-09-17_2_1,23.899,97.92,2026-09-17 06:31:00+00:00,2026-09-17 06:31:00+00:00,2026-09-17 06:31:00+00:00,0.0,1,1,N20,2.52,2.52,2.52,n,0.6,D,OUTSIDE_INDIA,0.488
SATF-1134,2026-09-17_4_1,24.526,97.761,2026-09-17 06:31:00+00:00,2026-09-17 06:31:00+00:00,2026-09-17 06:31:00+00:00,0.0,1,1,N20,2.25,2.25,2.25,n,0.6,D,OUTSIDE_INDIA,0.454
SATF-1135,2026-09-17_7_1,29.652,90.988,2026-09-17 06:33:00+00:00,2026-09-17 06:33:00+00:00,2026-09-17 06:33:00+00:00,0.0,2,1,N20,4.77,3.825,7.65,n,0.6,D,OUTSIDE_INDIA,0.674
SATF-1136,2026-09-17_6_1,30.734,96.852,2026-09-17 06:33:00+00:00,2026-09-17 06:33:00+00:00,2026-09-17 06:33:00+00:00,0.0,1,1,N20,3.45,3.45,3.45,n,0.6,D,OUTSIDE_INDIA,0.58
SATF-1137,2026-09-17_8_1,13.425,79.933,2026-09-17 07:14:00+00:00,2026-09-17 07:14:00+00:00,2026-09-17 07:14:00+00:00,0.0,1,1,N21,11.3,11.3,11.3,n,0.6,D,INDIA,0.851
SATF-1138,2026-09-17_10_1,14.695,79.363,2026-09-17 07:14:00+00:00,2026-09-17 07:14:00+00:00,2026-09-17 07:14:00+00:00,0.0,1,1,N21,6.68,6.68,6.68,n,0.6,D,INDIA,0.764
SATF-1139,2026-09-17_12_1,14.251,77.794,2026-09-17 07:14:00+00:00,2026-09-17 08:09:00+00:00,2026-09-17 07:14:00+00:00,0.917,2,2,"N20,N21",6.27,4.71,9.42,n,0.6,D,INDIA,0.749
SATF-1140,2026-09-17_11_1,14.71,77.634,2026-09-17 07:14:00+00:00,2026-09-17 07:14:00+00:00,2026-09-17 07:14:00+00:00,0.0,1,1,N21,5.6,5.6,5.6,n,0.6,D,INDIA,0.715
SATF-1141,2026-09-17_9_1,13.881,79.625,2026-09-17 07:14:00+00:00,2026-09-17 07:14:00+00:00,2026-09-17 07:14:00+00:00,0.0,1,1,N21,2.44,2.44,2.44,n,0.6,D,INDIA,0.48
SATF-1142,2026-09-17_22_1,20.414,94.742,2026-09-17 07:16:00+00:00,2026-09-17 07:16:00+00:00,2026-09-17 07:16:00+00:00,0.0,1,1,N21,8.42,8.42,8.42,l,0.3,D,OUTSIDE_INDIA,0.719
SATF-1143,2026-09-17_13_1,23.68,86.397,2026-09-17 07:16:00+00:00,2026-09-17 07:16:00+00:00,2026-09-17 07:16:00+00:00,0.0,5,1,N21,7.49,4.958,24.79,n,0.6,D,INDIA,0.79
SATF-1144,2026-09-17_14_1,21.081,85.036,2026-09-17 07:16:00+00:00,2026-09-17 07:16:00+00:00,2026-09-17 07:16:00+00:00,0.0,1,1,N21,6.73,6.73,6.73,n,0.6,D,INDIA,0.766
SATF-1145,2026-09-17_25_1,22.053,88.126,2026-09-17 07:16:00+00:00,2026-09-17 07:16:00+00:00,2026-09-17 07:16:00+00:00,0.0,1,1,N21,6.54,6.54,6.54,n,0.6,D,INDIA,0.759
SATF-1146,2026-09-17_17_1,20.97,85.158,2026-09-17 07:16:00+00:00,2026-09-17 08:11:00+00:00,2026-09-17 07:16:00+00:00,0.917,5,2,"N20,N21",5.77,5.192,25.96,n,0.6,D,INDIA,0.722
SATF-1147,2026-09-17_20_1,17.919,83.456,2026-09-17 07:16:00+00:00,2026-09-17 07:16:00+00:00,2026-09-17 07:16:00+00:00,0.0,1,1,N21,4.8,4.8,4.8,n,0.6,D,INDIA,0.676
SATF-1148,2026-09-17_19_1,23.795,86.355,2026-09-17 07:16:00+00:00,2026-09-17 07:16:00+00:00,2026-09-17 07:16:00+00:00,0.0,1,1,N21,4.47,4.47,4.47,n,0.6,D,INDIA,0.657
SATF-1149,2026-09-17_16_1,22.377,87.28,2026-09-17 07:16:00+00:00,2026-09-17 07:16:00+00:00,2026-09-17 07:16:00+00:00,0.0,3,1,N21,4.45,4.45,13.35,n,0.6,D,INDIA,0.655
SATF-1150,2026-09-17_21_1,23.697,87.096,2026-09-17 07:16:00+00:00,2026-09-17 07:16:00+00:00,2026-09-17 07:16:00+00:00,0.0,1,1,N21,3.79,3.79,3.79,n,0.6,D,INDIA,0.601
SATF-1151,2026-09-17_24_1,16.886,80.1,2026-09-17 07:16:00+00:00,2026-09-17 07:16:00+00:00,2026-09-17 07:16:00+00:00,0.0,1,1,N21,3.39,3.39,3.39,n,0.6,D,INDIA,0.576
SATF-1152,2026-09-17_26_1,18.005,83.521,2026-09-17 07:16:00+00:00,2026-09-17 07:16:00+00:00,2026-09-17 07:16:00+00:00,0.0,1,1,N21,3.35,3.35,3.35,n,0.6,D,INDIA,0.572
SATF-1153,2026-09-17_18_1,22.396,97.421,2026-09-17 07:16:00+00:00,2026-09-17 07:16:00+00:00,2026-09-17 07:16:00+00:00,0.0,1,1,N21,2.7,2.7,2.7,n,0.6,D,OUTSIDE_INDIA,0.508
SATF-1154,2026-09-17_15_1,22.323,97.456,2026-09-17 07:16:00+00:00,2026-09-17 07:16:00+00:00,2026-09-17 07:16:00+00:00,0.0,1,1,N21,2.27,2.27,2.27,n,0.6,D,OUTSIDE_INDIA,0.456
SATF-1155,2026-09-17_23_1,15.901,79.416,2026-09-17 07:16:00+00:00,2026-09-17 07:16:00+00:00,2026-09-17 07:16:00+00:00,0.0,1,1,N21,1.8,1.8,1.8,n,0.6,D,INDIA,0.391
SATF-1156,2026-09-17_27_1,25.308,86.492,2026-09-17 07:18:00+00:00,2026-09-17 07:18:00+00:00,2026-09-17 07:18:00+00:00,0.0,1,1,N21,3.72,3.72,3.72,n,0.6,D,INDIA,0.595
SATF-1157,2026-09-17_32_1,8.164,80.744,2026-09-17 08:07:00+00:00,2026-09-17 08:07:00+00:00,2026-09-17 08:07:00+00:00,0.0,1,1,N20,9.01,9.01,9.01,n,0.6,D,OUTSIDE_INDIA,0.824
SATF-1158,2026-09-17_33_1,8.391,80.414,2026-09-17 08:07:00+00:00,2026-09-17 08:07:00+00:00,2026-09-17 08:07:00+00:00,0.0,1,1,N20,5.64,5.64,5.64,n,0.6,D,OUTSIDE_INDIA,0.716
SATF-1159,2026-09-17_31_1,8.285,80.303,2026-09-17 08:07:00+00:00,2026-09-17 08:07:00+00:00,2026-09-17 08:07:00+00:00,0.0,2,1,N20,4.09,3.86,7.72,n,0.6,D,OUTSIDE_INDIA,0.63
SATF-1160,2026-09-17_35_1,7.844,80.325,2026-09-17 08:07:00+00:00,2026-09-17 08:07:00+00:00,2026-09-17 08:07:00+00:00,0.0,1,1,N20,3.95,3.95,3.95,n,0.6,D,OUTSIDE_INDIA,0.618
SATF-1161,2026-09-17_28_1,8.359,80.755,2026-09-17 08:07:00+00:00,2026-09-17 08:07:00+00:00,2026-09-17 08:07:00+00:00,0.0,1,1,N20,3.85,3.85,3.85,n,0.6,D,OUTSIDE_INDIA,0.608
SATF-1162,2026-09-17_36_1,8.015,81.177,2026-09-17 08:07:00+00:00,2026-09-17 08:07:00+00:00,2026-09-17 08:07:00+00:00,0.0,1,1,N20,2.97,2.97,2.97,n,0.6,D,OUTSIDE_INDIA,0.539
SATF-1163,2026-09-17_30_1,8.262,80.578,2026-09-17 08:07:00+00:00,2026-09-17 08:07:00+00:00,2026-09-17 08:07:00+00:00,0.0,1,1,N20,2.0,2.0,2.0,n,0.6,D,OUTSIDE_INDIA,0.419
SATF-1164,2026-09-17_34_1,8.407,80.752,2026-09-17 08:07:00+00:00,2026-09-17 08:07:00+00:00,2026-09-17 08:07:00+00:00,0.0,1,1,N20,1.86,1.86,1.86,n,0.6,D,OUTSIDE_INDIA,0.399
SATF-1165,2026-09-17_29_1,8.062,80.996,2026-09-17 08:07:00+00:00,2026-09-17 08:07:00+00:00,2026-09-17 08:07:00+00:00,0.0,1,1,N20,1.78,1.78,1.78,n,0.6,D,OUTSIDE_INDIA,0.388
SATF-1166,2026-09-17_49_1,15.77,79.613,2026-09-17 08:09:00+00:00,2026-09-17 08:09:00+00:00,2026-09-17 08:09:00+00:00,0.0,3,1,N20,12.62,8.287,24.86,n,0.6,D,INDIA,0.86
SATF-1167,2026-09-17_55_1,8.566,77.679,2026-09-17 08:09:00+00:00,2026-09-17 08:09:00+00:00,2026-09-17 08:09:00+00:00,0.0,1,1,N20,12.27,12.27,12.27,l,0.3,D,INDIA,0.768
SATF-1168,2026-09-17_41_1,13.91,78.024,2026-09-17 08:09:00+00:00,2026-09-17 08:09:00+00:00,2026-09-17 08:09:00+00:00,0.0,1,1,N20,11.33,11.33,11.33,n,0.6,D,INDIA,0.852
SATF-1169,2026-09-17_60_1,15.217,77.558,2026-09-17 08:09:00+00:00,2026-09-17 08:09:00+00:00,2026-09-17 08:09:00+00:00,0.0,1,1,N20,11.01,11.01,11.01,n,0.6,D,INDIA,0.847
SATF-1170,2026-09-17_43_1,14.474,78.255,2026-09-17 08:09:00+00:00,2026-09-17 08:09:00+00:00,2026-09-17 08:09:00+00:00,0.0,1,1,N20,9.03,9.03,9.03,n,0.6,D,INDIA,0.824
SATF-1171,2026-09-17_59_1,15.604,79.721,2026-09-17 08:09:00+00:00,2026-09-17 08:09:00+00:00,2026-09-17 08:09:00+00:00,0.0,1,1,N20,7.82,7.82,7.82,n,0.6,D,INDIA,0.798
SATF-1172,2026-09-17_50_1,15.819,79.637,2026-09-17 08:09:00+00:00,2026-09-17 08:09:00+00:00,2026-09-17 08:09:00+00:00,0.0,1,1,N20,7.68,7.68,7.68,n,0.6,D,INDIA,0.795
SATF-1173,2026-09-17_64_1,9.204,77.605,2026-09-17 08:09:00+00:00,2026-09-17 08:09:00+00:00,2026-09-17 08:09:00+00:00,0.0,1,1,N20,7.04,7.04,7.04,l,0.3,D,INDIA,0.686
SATF-1174,2026-09-17_71_1,15.719,78.205,2026-09-17 08:09:00+00:00,2026-09-17 08:09:00+00:00,2026-09-17 08:09:00+00:00,0.0,1,1,N20,6.91,6.91,6.91,n,0.6,D,INDIA,0.772
SATF-1175,2026-09-17_54_1,8.969,78.085,2026-09-17 08:09:00+00:00,2026-09-17 08:09:00+00:00,2026-09-17 08:09:00+00:00,0.0,1,1,N20,6.39,6.39,6.39,n,0.6,D,INDIA,0.753
SATF-1176,2026-09-17_52_1,14.2,77.303,2026-09-17 08:09:00+00:00,2026-09-17 08:09:00+00:00,2026-09-17 08:09:00+00:00,0.0,1,1,N20,6.29,6.29,6.29,n,0.6,D,INDIA,0.75
SATF-1177,2026-09-17_48_1,15.178,76.665,2026-09-17 08:09:00+00:00,2026-09-17 08:09:00+00:00,2026-09-17 08:09:00+00:00,0.0,4,1,N20,6.19,5.438,21.75,n,0.6,D,INDIA,0.744
SATF-1178,2026-09-17_44_1,14.684,79.569,2026-09-17 08:09:00+00:00,2026-09-17 08:09:00+00:00,2026-09-17 08:09:00+00:00,0.0,1,1,N20,6.08,6.08,6.08,n,0.6,D,INDIA,0.739
SATF-1179,2026-09-17_62_1,15.307,78.995,2026-09-17 08:09:00+00:00,2026-09-17 08:09:00+00:00,2026-09-17 08:09:00+00:00,0.0,1,1,N20,5.76,5.76,5.76,n,0.6,D,INDIA,0.721
SATF-1180,2026-09-17_47_1,16.464,79.606,2026-09-17 08:09:00+00:00,2026-09-17 08:09:00+00:00,2026-09-17 08:09:00+00:00,0.0,3,1,N20,4.27,3.317,9.95,n,0.6,D,INDIA,0.642
SATF-1181,2026-09-17_46_1,16.195,78.207,2026-09-17 08:09:00+00:00,2026-09-17 08:09:00+00:00,2026-09-17 08:09:00+00:00,0.0,2,1,N20,4.15,4.015,8.03,n,0.6,D,INDIA,0.635
SATF-1182,2026-09-17_67_1,12.242,78.896,2026-09-17 08:09:00+00:00,2026-09-17 08:09:00+00:00,2026-09-17 08:09:00+00:00,0.0,1,1,N20,3.97,3.97,3.97,n,0.6,D,INDIA,0.62
SATF-1183,2026-09-17_37_1,15.73,77.625,2026-09-17 08:09:00+00:00,2026-09-17 08:09:00+00:00,2026-09-17 08:09:00+00:00,0.0,1,1,N20,3.94,3.94,3.94,n,0.6,D,INDIA,0.616
SATF-1184,2026-09-17_65_1,9.368,78.661,2026-09-17 08:09:00+00:00,2026-09-17 08:09:00+00:00,2026-09-17 08:09:00+00:00,0.0,1,1,N20,3.77,3.77,3.77,n,0.6,D,INDIA,0.599
SATF-1185,2026-09-17_56_1,15.726,78.389,2026-09-17 08:09:00+00:00,2026-09-17 08:09:00+00:00,2026-09-17 08:09:00+00:00,0.0,1,1,N20,3.66,3.66,3.66,n,0.6,D,INDIA,0.59
SATF-1186,2026-09-17_38_1,12.823,79.948,2026-09-17 08:09:00+00:00,2026-09-17 08:09:00+00:00,2026-09-17 08:09:00+00:00,0.0,2,1,N20,3.61,2.91,5.82,l,0.3,D,INDIA,0.498
SATF-1187,2026-09-17_63_1,11.094,79.686,2026-09-17 08:09:00+00:00,2026-09-17 08:09:00+00:00,2026-09-17 08:09:00+00:00,0.0,1,1,N20,3.46,3.46,3.46,n,0.6,D,INDIA,0.581
SATF-1188,2026-09-17_42_1,13.939,76.376,2026-09-17 08:09:00+00:00,2026-09-17 08:09:00+00:00,2026-09-17 08:09:00+00:00,0.0,1,1,N20,2.74,2.74,2.74,n,0.6,D,INDIA,0.515
SATF-1189,2026-09-17_68_1,11.242,79.222,2026-09-17 08:09:00+00:00,2026-09-17 08:09:00+00:00,2026-09-17 08:09:00+00:00,0.0,1,1,N20,2.74,2.74,2.74,n,0.6,D,INDIA,0.515
SATF-1190,2026-09-17_57_1,14.685,78.716,2026-09-17 08:09:00+00:00,2026-09-17 08:09:00+00:00,2026-09-17 08:09:00+00:00,0.0,1,1,N20,2.56,2.56,2.56,n,0.6,D,INDIA,0.494
SATF-1191,2026-09-17_70_1,11.384,79.242,2026-09-17 08:09:00+00:00,2026-09-17 08:09:00+00:00,2026-09-17 08:09:00+00:00,0.0,1,1,N20,2.53,2.53,2.53,n,0.6,D,INDIA,0.49
SATF-1192,2026-09-17_66_1,10.182,79.011,2026-09-17 08:09:00+00:00,2026-09-17 08:09:00+00:00,2026-09-17 08:09:00+00:00,0.0,1,1,N20,2.49,2.49,2.49,n,0.6,D,INDIA,0.485
SATF-1193,2026-09-17_40_1,13.366,79.748,2026-09-17 08:09:00+00:00,2026-09-17 08:09:00+00:00,2026-09-17 08:09:00+00:00,0.0,1,1,N20,2.33,2.33,2.33,n,0.6,D,INDIA,0.465
SATF-1194,2026-09-17_61_1,11.861,79.551,2026-09-17 08:09:00+00:00,2026-09-17 08:09:00+00:00,2026-09-17 08:09:00+00:00,0.0,1,1,N20,2.2,2.2,2.2,n,0.6,D,INDIA,0.449
SATF-1195,2026-09-17_45_1,16.13,78.297,2026-09-17 08:09:00+00:00,2026-09-17 08:09:00+00:00,2026-09-17 08:09:00+00:00,0.0,1,1,N20,2.16,2.16,2.16,n,0.6,D,INDIA,0.441
SATF-1196,2026-09-17_58_1,15.454,78.593,2026-09-17 08:09:00+00:00,2026-09-17 08:09:00+00:00,2026-09-17 08:09:00+00:00,0.0,1,1,N20,2.06,2.06,2.06,n,0.6,D,INDIA,0.427
SATF-1197,2026-09-17_39_1,13.139,78.678,2026-09-17 08:09:00+00:00,2026-09-17 08:09:00+00:00,2026-09-17 08:09:00+00:00,0.0,1,1,N20,1.98,1.98,1.98,n,0.6,D,INDIA,0.415
SATF-1198,2026-09-17_72_1,11.84,79.022,2026-09-17 08:09:00+00:00,2026-09-17 08:09:00+00:00,2026-09-17 08:09:00+00:00,0.0,1,1,N20,1.59,1.59,1.59,l,0.3,D,INDIA,0.272
SATF-1199,2026-09-17_53_1,13.041,79.825,2026-09-17 08:09:00+00:00,2026-09-17 08:09:00+00:00,2026-09-17 08:09:00+00:00,0.0,1,1,N20,1.51,1.51,1.51,n,0.6,D,INDIA,0.352
SATF-1200,2026-09-17_69_1,11.359,79.146,2026-09-17 08:09:00+00:00,2026-09-17 08:09:00+00:00,2026-09-17 08:09:00+00:00,0.0,1,1,N20,1.09,1.09,1.09,l,0.3,D,INDIA,0.196
SATF-1201,2026-09-17_51_1,12.817,79.275,2026-09-17 08:09:00+00:00,2026-09-17 08:09:00+00:00,2026-09-17 08:09:00+00:00,0.0,1,1,N20,0.9,0.9,0.9,n,0.6,D,INDIA,0.247
SATF-1202,2026-09-17_84_1,21.103,72.642,2026-09-17 08:11:00+00:00,2026-09-17 08:58:00+00:00,2026-09-17 08:11:00+00:00,0.783,3,2,"N20,N21",13.62,9.387,28.16,h,1.0,D,INDIA,0.984
SATF-1203,2026-09-17_78_1,17.21,75.139,2026-09-17 08:11:00+00:00,2026-09-17 08:11:00+00:00,2026-09-17 08:11:00+00:00,0.0,1,1,N20,11.0,11.0,11.0,l,0.3,D,INDIA,0.756
SATF-1204,2026-09-17_75_1,18.691,79.777,2026-09-17 08:11:00+00:00,2026-09-17 08:11:00+00:00,2026-09-17 08:11:00+00:00,0.0,1,1,N20,8.98,8.98,8.98,l,0.3,D,INDIA,0.733
SATF-1205,2026-09-17_87_1,21.92,83.351,2026-09-17 08:11:00+00:00,2026-09-17 08:11:00+00:00,2026-09-17 08:11:00+00:00,0.0,1,1,N20,8.97,8.97,8.97,n,0.6,D,INDIA,0.822
SATF-1206,2026-09-17_73_1,19.101,82.166,2026-09-17 08:11:00+00:00,2026-09-17 08:11:00+00:00,2026-09-17 08:11:00+00:00,0.0,1,1,N20,7.5,7.5,7.5,n,0.6,D,INDIA,0.79
SATF-1207,2026-09-17_79_1,20.874,84.989,2026-09-17 08:11:00+00:00,2026-09-17 08:11:00+00:00,2026-09-17 08:11:00+00:00,0.0,3,1,N20,7.13,5.327,15.98,n,0.6,D,INDIA,0.781
SATF-1208,2026-09-17_80_1,16.827,79.298,2026-09-17 08:11:00+00:00,2026-09-17 08:11:00+00:00,2026-09-17 08:11:00+00:00,0.0,1,1,N20,6.58,6.58,6.58,n,0.6,D,INDIA,0.761
SATF-1209,2026-09-17_85_1,21.233,79.633,2026-09-17 08:11:00+00:00,2026-09-17 08:11:00+00:00,2026-09-17 08:11:00+00:00,0.0,1,1,N20,5.89,5.89,5.89,l,0.3,D,INDIA,0.638
SATF-1210,2026-09-17_77_1,17.022,81.395,2026-09-17 08:11:00+00:00,2026-09-17 08:11:00+00:00,2026-09-17 08:11:00+00:00,0.0,1,1,N20,5.13,5.13,5.13,n,0.6,D,INDIA,0.691
SATF-1211,2026-09-17_88_1,22.036,83.353,2026-09-17 08:11:00+00:00,2026-09-17 08:11:00+00:00,2026-09-17 08:11:00+00:00,0.0,1,1,N20,4.67,4.67,4.67,n,0.6,D,INDIA,0.67
SATF-1212,2026-09-17_76_1,18.613,74.2,2026-09-17 08:11:00+00:00,2026-09-17 08:11:00+00:00,2026-09-17 08:11:00+00:00,0.0,1,1,N20,4.09,4.09,4.09,n,0.6,D,INDIA,0.63
SATF-1213,2026-09-17_83_1,16.548,78.651,2026-09-17 08:11:00+00:00,2026-09-17 08:11:00+00:00,2026-09-17 08:11:00+00:00,0.0,1,1,N20,3.94,3.94,3.94,l,0.3,D,INDIA,0.526
SATF-1214,2026-09-17_74_1,18.772,78.966,2026-09-17 08:11:00+00:00,2026-09-17 08:11:00+00:00,2026-09-17 08:11:00+00:00,0.0,1,1,N20,3.69,3.69,3.69,n,0.6,D,INDIA,0.592
SATF-1215,2026-09-17_81_1,18.367,79.313,2026-09-17 08:11:00+00:00,2026-09-17 08:11:00+00:00,2026-09-17 08:11:00+00:00,0.0,1,1,N20,3.56,3.56,3.56,n,0.6,D,INDIA,0.586
SATF-1216,2026-09-17_86_1,21.336,78.968,2026-09-17 08:11:00+00:00,2026-09-17 08:11:00+00:00,2026-09-17 08:11:00+00:00,0.0,1,1,N20,2.91,2.91,2.91,n,0.6,D,INDIA,0.531
SATF-1217,2026-09-17_82_1,16.39,78.041,2026-09-17 08:11:00+00:00,2026-09-17 08:11:00+00:00,2026-09-17 08:11:00+00:00,0.0,1,1,N20,2.47,2.47,2.47,n,0.6,D,INDIA,0.483
SATF-1218,2026-09-17_93_1,27.551,68.302,2026-09-17 08:13:00+00:00,2026-09-17 09:00:00+00:00,2026-09-17 08:13:00+00:00,0.783,3,2,"N20,N21",13.76,11.0,33.0,n,0.6,D,OUTSIDE_INDIA,0.865
SATF-1219,2026-09-17_96_1,23.777,86.212,2026-09-17 08:13:00+00:00,2026-09-17 08:13:00+00:00,2026-09-17 08:13:00+00:00,0.0,1,1,N20,7.74,7.74,7.74,n,0.6,D,INDIA,0.796
SATF-1220,2026-09-17_95_1,26.608,72.627,2026-09-17 08:13:00+00:00,2026-09-17 08:13:00+00:00,2026-09-17 08:13:00+00:00,0.0,2,1,N20,6.43,6.43,12.86,n,0.6,D,INDIA,0.755
SATF-1221,2026-09-17_94_1,26.89,68.188,2026-09-17 08:13:00+00:00,2026-09-17 08:13:00+00:00,2026-09-17 08:13:00+00:00,0.0,1,1,N20,4.44,4.44,4.44,l,0.3,D,OUTSIDE_INDIA,0.563
SATF-1222,2026-09-17_91_1,27.961,67.705,2026-09-17 08:13:00+00:00,2026-09-17 08:13:00+00:00,2026-09-17 08:13:00+00:00,0.0,1,1,N20,4.39,4.39,4.39,n,0.6,D,OUTSIDE_INDIA,0.65
SATF-1223,2026-09-17_92_1,27.8,68.88,2026-09-17 08:13:00+00:00,2026-09-17 08:13:00+00:00,2026-09-17 08:13:00+00:00,0.0,1,1,N20,3.52,3.52,3.52,n,0.6,D,OUTSIDE_INDIA,0.584
SATF-1224,2026-09-17_89_1,27.744,68.723,2026-09-17 08:13:00+00:00,2026-09-17 08:13:00+00:00,2026-09-17 08:13:00+00:00,0.0,1,1,N20,3.01,3.01,3.01,n,0.6,D,OUTSIDE_INDIA,0.542
SATF-1225,2026-09-17_90_1,27.73,68.957,2026-09-17 08:13:00+00:00,2026-09-17 08:13:00+00:00,2026-09-17 08:13:00+00:00,0.0,1,1,N20,1.85,1.85,1.85,n,0.6,D,OUTSIDE_INDIA,0.398
SATF-1226,2026-09-17_99_1,31.38,72.476,2026-09-17 08:16:00+00:00,2026-09-17 08:16:00+00:00,2026-09-17 08:16:00+00:00,0.0,1,1,N20,4.92,4.92,4.92,n,0.6,D,OUTSIDE_INDIA,0.68
SATF-1227,2026-09-17_98_1,34.614,69.715,2026-09-17 08:16:00+00:00,2026-09-17 08:16:00+00:00,2026-09-17 08:16:00+00:00,0.0,1,1,N20,2.63,2.63,2.63,n,0.6,D,OUTSIDE_INDIA,0.501
SATF-1228,2026-09-17_97_1,31.372,72.343,2026-09-17 08:16:00+00:00,2026-09-17 08:16:00+00:00,2026-09-17 08:16:00+00:00,0.0,1,1,N20,2.04,2.04,2.04,n,0.6,D,OUTSIDE_INDIA,0.424
SATF-1229,2026-09-17_100_1,9.081,77.901,2026-09-17 08:54:00+00:00,2026-09-17 08:54:00+00:00,2026-09-17 08:54:00+00:00,0.0,1,1,N21,5.09,5.09,5.09,n,0.6,D,INDIA,0.688
SATF-1230,2026-09-17_101_1,15.55,77.89,2026-09-17 08:56:00+00:00,2026-09-17 08:56:00+00:00,2026-09-17 08:56:00+00:00,0.0,2,1,N21,4.45,4.035,8.07,n,0.6,D,INDIA,0.655
SATF-1231,2026-09-17_102_1,25.051,67.495,2026-09-17 08:58:00+00:00,2026-09-17 08:58:00+00:00,2026-09-17 08:58:00+00:00,0.0,1,1,N21,3.82,3.82,3.82,l,0.3,D,OUTSIDE_INDIA,0.515
SATF-1232,2026-09-17_103_1,28.45,67.791,2026-09-17 09:00:00+00:00,2026-09-17 09:00:00+00:00,2026-09-17 09:00:00+00:00,0.0,1,1,N21,8.1,8.1,8.1,n,0.6,D,OUTSIDE_INDIA,0.803
SATF-1233,2026-09-17_106_1,28.038,69.674,2026-09-17 09:00:00+00:00,2026-09-17 09:00:00+00:00,2026-09-17 09:00:00+00:00,0.0,1,1,N21,7.44,7.44,7.44,n,0.6,D,OUTSIDE_INDIA,0.788
SATF-1234,2026-09-17_105_1,27.969,68.95,2026-09-17 09:00:00+00:00,2026-09-17 09:00:00+00:00,2026-09-17 09:00:00+00:00,0.0,1,1,N21,4.7,4.7,4.7,n,0.6,D,OUTSIDE_INDIA,0.671
SATF-1235,2026-09-17_104_1,28.289,67.804,2026-09-17 09:00:00+00:00,2026-09-17 09:00:00+00:00,2026-09-17 09:00:00+00:00,0.0,1,1,N21,3.39,3.39,3.39,n,0.6,D,OUTSIDE_INDIA,0.576
SATF-1236,2026-09-17_111_1,27.377,95.335,2026-09-17 18:58:00+00:00,2026-09-17 19:45:00+00:00,2026-09-17 18:58:00+00:00,0.783,2,2,"N20,N21",2.11,2.11,4.22,n,0.6,N,INDIA,0.434
SATF-1237,2026-09-17_109_1,26.188,91.804,2026-09-17 18:58:00+00:00,2026-09-17 18:58:00+00:00,2026-09-17 18:58:00+00:00,0.0,2,1,N20,1.75,1.29,2.58,n,0.6,N,INDIA,0.383
SATF-1238,2026-09-17_108_1,27.606,95.402,2026-09-17 18:58:00+00:00,2026-09-17 18:58:00+00:00,2026-09-17 18:58:00+00:00,0.0,1,1,N20,1.09,1.09,1.09,n,0.6,N,INDIA,0.286
SATF-1239,2026-09-17_110_1,27.326,95.274,2026-09-17 18:58:00+00:00,2026-09-17 18:58:00+00:00,2026-09-17 18:58:00+00:00,0.0,1,1,N20,0.87,0.87,0.87,n,0.6,N,INDIA,0.244
SATF-1240,2026-09-17_107_1,27.46,95.476,2026-09-17 18:58:00+00:00,2026-09-17 18:58:00+00:00,2026-09-17 18:58:00+00:00,0.0,1,1,N20,0.67,0.67,0.67,n,0.6,N,INDIA,0.209
SATF-1241,2026-09-17_114_1,21.577,96.232,2026-09-17 19:00:00+00:00,2026-09-17 19:00:00+00:00,2026-09-17 19:00:00+00:00,0.0,1,1,N20,1.52,1.52,1.52,n,0.6,N,OUTSIDE_INDIA,0.354
SATF-1242,2026-09-17_115_1,22.355,96.702,2026-09-17 19:00:00+00:00,2026-09-17 19:00:00+00:00,2026-09-17 19:00:00+00:00,0.0,2,1,N20,1.28,1.2,2.4,n,0.6,N,OUTSIDE_INDIA,0.321
SATF-1243,2026-09-17_116_1,22.476,91.733,2026-09-17 19:00:00+00:00,2026-09-17 19:00:00+00:00,2026-09-17 19:00:00+00:00,0.0,2,1,N20,1.17,1.125,2.25,n,0.6,N,OUTSIDE_INDIA,0.299
SATF-1244,2026-09-17_4_2,24.542,97.739,2026-09-17 19:00:00+00:00,2026-09-17 19:00:00+00:00,2026-09-17 19:00:00+00:00,0.0,1,1,N20,1.12,1.12,1.12,n,0.6,N,OUTSIDE_INDIA,0.291
SATF-1245,2026-09-17_113_1,25.542,91.235,2026-09-17 19:00:00+00:00,2026-09-17 20:40:00+00:00,2026-09-17 19:00:00+00:00,1.667,5,2,"N20,N21",1.1,0.896,4.48,n,0.6,N,INDIA,0.288
SATF-1246,2026-09-17_112_1,24.667,91.595,2026-09-17 19:00:00+00:00,2026-09-17 19:45:00+00:00,2026-09-17 19:00:00+00:00,0.75,3,2,"N20,N21",1.02,0.76,2.28,n,0.6,N,OUTSIDE_INDIA,0.267
SATF-1247,2026-09-17_117_1,35.989,94.832,2026-09-17 19:40:00+00:00,2026-09-17 19:40:00+00:00,2026-09-17 19:40:00+00:00,0.0,1,1,N21,1.15,1.15,1.15,n,0.6,N,OUTSIDE_INDIA,0.294
SATF-1248,2026-09-17_16_2,22.37,87.292,2026-09-17 19:45:00+00:00,2026-09-17 19:45:00+00:00,2026-09-17 19:45:00+00:00,0.0,7,1,N21,3.75,2.337,16.36,n,0.6,N,INDIA,0.598
SATF-1249,2026-09-17_21_2,23.683,87.129,2026-09-17 19:45:00+00:00,2026-09-17 19:45:00+00:00,2026-09-17 19:45:00+00:00,0.0,11,1,N21,2.66,0.97,10.67,n,0.6,N,INDIA,0.505
SATF-1250,2026-09-17_122_1,24.199,82.715,2026-09-17 19:45:00+00:00,2026-09-17 20:40:00+00:00,2026-09-17 19:45:00+00:00,0.917,4,2,"N20,N21",2.32,1.518,6.07,n,0.6,N,INDIA,0.463
SATF-1251,2026-09-17_131_1,22.365,87.017,2026-09-17 19:45:00+00:00,2026-09-17 20:40:00+00:00,2026-09-17 19:45:00+00:00,0.917,4,2,"N20,N21",2.17,1.932,7.73,n,0.6,N,INDIA,0.444
SATF-1252,2026-09-17_119_1,23.166,82.34,2026-09-17 19:45:00+00:00,2026-09-17 20:40:00+00:00,2026-09-17 19:45:00+00:00,0.917,7,2,"N20,N21",2.04,1.584,11.09,n,0.6,N,INDIA,0.424
SATF-1253,2026-09-17_132_1,22.794,86.197,2026-09-17 19:45:00+00:00,2026-09-17 19:45:00+00:00,2026-09-17 19:45:00+00:00,0.0,2,1,N21,1.95,1.64,3.28,n,0.6,N,INDIA,0.411
SATF-1254,2026-09-17_133_1,22.599,85.909,2026-09-17 19:45:00+00:00,2026-09-17 20:40:00+00:00,2026-09-17 19:45:00+00:00,0.917,3,2,"N20,N21",1.76,1.307,3.92,n,0.6,N,INDIA,0.385
SATF-1255,2026-09-17_118_1,23.667,84.998,2026-09-17 19:45:00+00:00,2026-09-17 19:45:00+00:00,2026-09-17 19:45:00+00:00,0.0,2,1,N21,1.64,1.415,2.83,n,0.6,N,INDIA,0.373
SATF-1256,2026-09-17_120_1,23.484,87.362,2026-09-17 19:45:00+00:00,2026-09-17 19:45:00+00:00,2026-09-17 19:45:00+00:00,0.0,3,1,N21,1.62,1.32,3.96,n,0.6,N,INDIA,0.368
SATF-1257,2026-09-17_130_1,29.374,91.149,2026-09-17 19:45:00+00:00,2026-09-17 19:45:00+00:00,2026-09-17 19:45:00+00:00,0.0,1,1,N21,1.52,1.52,1.52,n,0.6,N,OUTSIDE_INDIA,0.354
SATF-1258,2026-09-17_121_1,24.163,82.643,2026-09-17 19:45:00+00:00,2026-09-17 20:40:00+00:00,2026-09-17 19:45:00+00:00,0.917,6,2,"N20,N21",1.26,0.775,4.65,n,0.6,N,INDIA,0.317
SATF-1259,2026-09-17_124_1,23.827,84.571,2026-09-17 19:45:00+00:00,2026-09-17 19:45:00+00:00,2026-09-17 19:45:00+00:00,0.0,1,1,N21,1.23,1.23,1.23,n,0.6,N,INDIA,0.312
SATF-1260,2026-09-17_125_1,23.738,85.012,2026-09-17 19:45:00+00:00,2026-09-17 19:45:00+00:00,2026-09-17 19:45:00+00:00,0.0,1,1,N21,1.23,1.23,1.23,n,0.6,N,INDIA,0.312
SATF-1261,2026-09-17_123_1,23.563,87.083,2026-09-17 19:45:00+00:00,2026-09-17 19:45:00+00:00,2026-09-17 19:45:00+00:00,0.0,1,1,N21,1.22,1.22,1.22,n,0.6,N,INDIA,0.31
SATF-1262,2026-09-17_129_1,29.226,88.349,2026-09-17 19:45:00+00:00,2026-09-17 20:38:00+00:00,2026-09-17 19:45:00+00:00,0.883,2,2,"N20,N21",1.18,1.045,2.09,n,0.6,N,OUTSIDE_INDIA,0.301
SATF-1263,2026-09-17_126_1,22.833,86.038,2026-09-17 19:45:00+00:00,2026-09-17 20:40:00+00:00,2026-09-17 19:45:00+00:00,0.917,6,2,"N20,N21",1.15,0.942,5.65,n,0.6,N,INDIA,0.294
SATF-1264,2026-09-17_127_1,24.278,91.386,2026-09-17 19:45:00+00:00,2026-09-17 19:45:00+00:00,2026-09-17 19:45:00+00:00,0.0,1,1,N21,1.11,1.11,1.11,n,0.6,N,OUTSIDE_INDIA,0.289
SATF-1265,2026-09-17_128_1,27.267,95.125,2026-09-17 19:45:00+00:00,2026-09-17 19:45:00+00:00,2026-09-17 19:45:00+00:00,0.0,1,1,N21,0.78,0.78,0.78,n,0.6,N,INDIA,0.227
SATF-1266,2026-09-17_143_1,20.79,85.27,2026-09-17 19:47:00+00:00,2026-09-17 20:42:00+00:00,2026-09-17 19:47:00+00:00,0.917,12,2,"N20,N21",11.18,2.492,29.9,n,0.6,N,INDIA,0.848
SATF-1267,2026-09-17_156_1,17.609,83.203,2026-09-17 19:47:00+00:00,2026-09-17 20:42:00+00:00,2026-09-17 19:47:00+00:00,0.917,6,2,"N20,N21",5.03,2.52,15.12,n,0.6,N,INDIA,0.685
SATF-1268,2026-09-17_25_2,22.054,88.125,2026-09-17 19:47:00+00:00,2026-09-17 19:47:00+00:00,2026-09-17 19:47:00+00:00,0.0,2,1,N21,3.12,3.12,6.24,n,0.6,N,INDIA,0.549
SATF-1269,2026-09-17_79_2,20.865,84.991,2026-09-17 19:47:00+00:00,2026-09-17 20:42:00+00:00,2026-09-17 19:47:00+00:00,0.917,6,2,"N20,N21",2.93,1.668,10.01,n,0.6,N,INDIA,0.535
SATF-1270,2026-09-17_139_1,21.929,85.222,2026-09-17 19:47:00+00:00,2026-09-17 20:40:00+00:00,2026-09-17 19:47:00+00:00,0.883,5,2,"N20,N21",2.88,1.758,8.79,n,0.6,N,INDIA,0.529
SATF-1271,2026-09-17_86_2,21.336,78.969,2026-09-17 19:47:00+00:00,2026-09-17 19:47:00+00:00,2026-09-17 19:47:00+00:00,0.0,2,1,N21,2.82,2.75,5.5,n,0.6,N,INDIA,0.524
SATF-1272,2026-09-17_142_1,21.678,84.036,2026-09-17 19:47:00+00:00,2026-09-17 19:47:00+00:00,2026-09-17 19:47:00+00:00,0.0,1,1,N21,2.7,2.7,2.7,n,0.6,N,INDIA,0.508
SATF-1273,2026-09-17_140_1,22.324,82.578,2026-09-17 19:47:00+00:00,2026-09-17 20:40:00+00:00,2026-09-17 19:47:00+00:00,0.883,5,2,"N20,N21",2.56,1.552,7.76,n,0.6,N,INDIA,0.494
SATF-1274,2026-09-17_147_1,22.36,82.301,2026-09-17 19:47:00+00:00,2026-09-17 20:40:00+00:00,2026-09-17 19:47:00+00:00,0.883,4,2,"N20,N21",2.43,2.06,8.24,n,0.6,N,INDIA,0.478
SATF-1275,2026-09-17_157_1,22.212,84.855,2026-09-17 19:47:00+00:00,2026-09-17 19:47:00+00:00,2026-09-17 19:47:00+00:00,0.0,2,1,N21,2.21,1.715,3.43,n,0.6,N,INDIA,0.451
SATF-1276,2026-09-17_136_1,21.763,84.022,2026-09-17 19:47:00+00:00,2026-09-17 19:47:00+00:00,2026-09-17 19:47:00+00:00,0.0,3,1,N21,2.2,1.56,4.68,n,0.6,N,INDIA,0.449
SATF-1277,2026-09-17_14_2,21.077,85.038,2026-09-17 19:47:00+00:00,2026-09-17 19:47:00+00:00,2026-09-17 19:47:00+00:00,0.0,4,1,N21,2.11,2.085,8.34,n,0.6,N,INDIA,0.434
SATF-1278,2026-09-17_144_1,21.312,81.587,2026-09-17 19:47:00+00:00,2026-09-17 20:42:00+00:00,2026-09-17 19:47:00+00:00,0.917,6,2,"N20,N21",2.07,1.102,6.61,n,0.6,N,INDIA,0.428
SATF-1279,2026-09-17_145_1,21.376,81.664,2026-09-17 19:47:00+00:00,2026-09-17 20:42:00+00:00,2026-09-17 19:47:00+00:00,0.917,7,2,"N20,N21",2.03,1.569,10.98,n,0.6,N,INDIA,0.423
SATF-1280,2026-09-17_135_1,21.753,83.843,2026-09-17 19:47:00+00:00,2026-09-17 20:40:00+00:00,2026-09-17 19:47:00+00:00,0.883,13,2,"N20,N21",1.92,1.213,15.77,n,0.6,N,INDIA,0.407
SATF-1281,2026-09-17_160_1,22.034,83.735,2026-09-17 19:47:00+00:00,2026-09-17 20:40:00+00:00,2026-09-17 19:47:00+00:00,0.883,4,2,"N20,N21",1.83,1.342,5.37,n,0.6,N,INDIA,0.396
SATF-1282,2026-09-17_154_1,18.541,83.345,2026-09-17 19:47:00+00:00,2026-09-17 19:47:00+00:00,2026-09-17 19:47:00+00:00,0.0,1,1,N21,1.8,1.8,1.8,n,0.6,N,INDIA,0.391
SATF-1283,2026-09-17_148_1,21.984,83.232,2026-09-17 19:47:00+00:00,2026-09-17 19:47:00+00:00,2026-09-17 19:47:00+00:00,0.0,1,1,N21,1.69,1.69,1.69,n,0.6,N,INDIA,0.379
SATF-1284,2026-09-17_146_1,21.672,82.081,2026-09-17 19:47:00+00:00,2026-09-17 20:42:00+00:00,2026-09-17 19:47:00+00:00,0.917,2,2,"N20,N21",1.64,1.395,2.79,n,0.6,N,INDIA,0.373
SATF-1285,2026-09-17_149_1,18.801,74.253,2026-09-17 19:47:00+00:00,2026-09-17 21:25:00+00:00,2026-09-17 19:47:00+00:00,1.633,3,2,"N20,N21",1.63,1.223,3.67,n,0.6,N,INDIA,0.371
SATF-1286,2026-09-17_141_1,22.265,75.133,2026-09-17 19:47:00+00:00,2026-09-17 19:47:00+00:00,2026-09-17 19:47:00+00:00,0.0,2,1,N21,1.62,1.44,2.88,n,0.6,N,INDIA,0.368
SATF-1287,2026-09-17_152_1,20.698,85.557,2026-09-17 19:47:00+00:00,2026-09-17 19:47:00+00:00,2026-09-17 19:47:00+00:00,0.0,1,1,N21,1.62,1.62,1.62,n,0.6,N,INDIA,0.368
SATF-1288,2026-09-17_155_1,22.005,82.669,2026-09-17 19:47:00+00:00,2026-09-17 20:40:00+00:00,2026-09-17 19:47:00+00:00,0.883,2,2,"N20,N21",1.43,1.15,2.3,n,0.6,N,INDIA,0.341
SATF-1289,2026-09-17_88_2,22.036,83.354,2026-09-17 19:47:00+00:00,2026-09-17 20:40:00+00:00,2026-09-17 19:47:00+00:00,0.883,5,2,"N20,N21",1.29,0.88,4.4,n,0.6,N,INDIA,0.323
SATF-1290,2026-09-17_138_1,21.875,83.495,2026-09-17 19:47:00+00:00,2026-09-17 20:40:00+00:00,2026-09-17 19:47:00+00:00,0.883,3,2,"N20,N21",1.15,1.033,3.1,n,0.6,N,INDIA,0.294
SATF-1291,2026-09-17_158_1,22.055,85.464,2026-09-17 19:47:00+00:00,2026-09-17 20:40:00+00:00,2026-09-17 19:47:00+00:00,0.883,2,2,"N20,N21",1.06,0.91,1.82,n,0.6,N,INDIA,0.277
SATF-1292,2026-09-17_134_1,21.765,85.581,2026-09-17 19:47:00+00:00,2026-09-17 19:47:00+00:00,2026-09-17 19:47:00+00:00,0.0,1,1,N21,1.05,1.05,1.05,n,0.6,N,INDIA,0.275
SATF-1293,2026-09-17_153_1,20.125,79.021,2026-09-17 19:47:00+00:00,2026-09-17 19:47:00+00:00,2026-09-17 19:47:00+00:00,0.0,1,1,N21,0.86,0.86,0.86,n,0.6,N,INDIA,0.243
SATF-1294,2026-09-17_150_1,19.964,79.334,2026-09-17 19:47:00+00:00,2026-09-17 19:47:00+00:00,2026-09-17 19:47:00+00:00,0.0,1,1,N21,0.84,0.84,0.84,n,0.6,N,INDIA,0.24
SATF-1295,2026-09-17_159_1,22.132,85.383,2026-09-17 19:47:00+00:00,2026-09-17 20:40:00+00:00,2026-09-17 19:47:00+00:00,0.883,2,2,"N20,N21",0.84,0.74,1.48,n,0.6,N,INDIA,0.24
SATF-1296,2026-09-17_137_1,21.969,85.314,2026-09-17 19:47:00+00:00,2026-09-17 20:40:00+00:00,2026-09-17 19:47:00+00:00,0.883,3,2,"N20,N21",0.76,0.71,2.13,n,0.6,N,INDIA,0.224
SATF-1297,2026-09-17_151_1,19.93,79.121,2026-09-17 19:47:00+00:00,2026-09-17 19:47:00+00:00,2026-09-17 19:47:00+00:00,0.0,1,1,N21,0.63,0.63,0.63,n,0.6,N,INDIA,0.204
SATF-1298,2026-09-17_165_1,33.296,71.186,2026-09-17 20:38:00+00:00,2026-09-17 21:23:00+00:00,2026-09-17 20:38:00+00:00,0.75,3,2,"N20,N21",1.57,1.187,3.56,n,0.6,N,OUTSIDE_INDIA,0.357
SATF-1299,2026-09-17_169_1,33.689,72.712,2026-09-17 20:38:00+00:00,2026-09-17 20:38:00+00:00,2026-09-17 20:38:00+00:00,0.0,1,1,N20,1.38,1.38,1.38,n,0.6,N,OUTSIDE_INDIA,0.335
SATF-1300,2026-09-17_166_1,31.257,76.926,2026-09-17 20:38:00+00:00,2026-09-17 21:25:00+00:00,2026-09-17 20:38:00+00:00,0.783,4,2,"N20,N21",1.22,0.738,2.95,n,0.6,N,INDIA,0.31
SATF-1301,2026-09-17_163_1,32.575,72.564,2026-09-17 20:38:00+00:00,2026-09-17 21:25:00+00:00,2026-09-17 20:38:00+00:00,0.783,2,2,"N20,N21",1.2,1.065,2.13,n,0.6,N,OUTSIDE_INDIA,0.306
SATF-1302,2026-09-17_167_1,33.816,72.72,2026-09-17 20:38:00+00:00,2026-09-17 21:23:00+00:00,2026-09-17 20:38:00+00:00,0.75,2,2,"N20,N21",1.02,0.91,1.82,n,0.6,N,OUTSIDE_INDIA,0.267
SATF-1303,2026-09-17_161_1,32.717,72.774,2026-09-17 20:38:00+00:00,2026-09-17 20:38:00+00:00,2026-09-17 20:38:00+00:00,0.0,1,1,N20,0.84,0.84,0.84,n,0.6,N,OUTSIDE_INDIA,0.24
SATF-1304,2026-09-17_162_1,33.802,72.098,2026-09-17 20:38:00+00:00,2026-09-17 21:23:00+00:00,2026-09-17 20:38:00+00:00,0.75,2,2,"N20,N21",0.78,0.7,1.4,n,0.6,N,OUTSIDE_INDIA,0.227
SATF-1305,2026-09-17_168_1,31.328,76.892,2026-09-17 20:38:00+00:00,2026-09-17 20:38:00+00:00,2026-09-17 20:38:00+00:00,0.0,1,1,N20,0.74,0.74,0.74,n,0.6,N,INDIA,0.219
SATF-1306,2026-09-17_164_1,33.276,72.142,2026-09-17 20:38:00+00:00,2026-09-17 20:38:00+00:00,2026-09-17 20:38:00+00:00,0.0,1,1,N20,0.63,0.63,0.63,n,0.6,N,OUTSIDE_INDIA,0.204
SATF-1307,2026-09-17_106_2,28.04,69.669,2026-09-17 20:40:00+00:00,2026-09-17 21:23:00+00:00,2026-09-17 20:40:00+00:00,0.717,2,2,"N20,N21",6.26,4.965,9.93,n,0.6,N,OUTSIDE_INDIA,0.748
SATF-1308,2026-09-17_87_2,21.923,83.347,2026-09-17 20:40:00+00:00,2026-09-17 20:40:00+00:00,2026-09-17 20:40:00+00:00,0.0,4,1,N20,2.92,1.825,7.3,n,0.6,N,INDIA,0.533
SATF-1309,2026-09-17_176_1,25.158,67.703,2026-09-17 20:40:00+00:00,2026-09-17 21:25:00+00:00,2026-09-17 20:40:00+00:00,0.75,2,2,"N20,N21",2.36,1.63,3.26,n,0.6,N,OUTSIDE_INDIA,0.47
SATF-1310,2026-09-17_179_1,28.652,77.588,2026-09-17 20:40:00+00:00,2026-09-17 21:23:00+00:00,2026-09-17 20:40:00+00:00,0.717,4,2,"N20,N21",2.19,1.392,5.57,n,0.6,N,INDIA,0.447
SATF-1311,2026-09-17_172_1,25.389,68.584,2026-09-17 20:40:00+00:00,2026-09-17 21:25:00+00:00,2026-09-17 20:40:00+00:00,0.75,2,2,"N20,N21",2.08,1.95,3.9,n,0.6,N,OUTSIDE_INDIA,0.43
SATF-1312,2026-09-17_177_1,28.838,77.137,2026-09-17 20:40:00+00:00,2026-09-17 20:40:00+00:00,2026-09-17 20:40:00+00:00,0.0,1,1,N20,1.62,1.62,1.62,n,0.6,N,INDIA,0.368
SATF-1313,2026-09-17_181_1,24.765,74.609,2026-09-17 20:40:00+00:00,2026-09-17 20:40:00+00:00,2026-09-17 20:40:00+00:00,0.0,1,1,N20,1.6,1.6,1.6,n,0.6,N,INDIA,0.364
SATF-1314,2026-09-17_174_1,25.351,68.64,2026-09-17 20:40:00+00:00,2026-09-17 20:40:00+00:00,2026-09-17 20:40:00+00:00,0.0,1,1,N20,1.58,1.58,1.58,n,0.6,N,OUTSIDE_INDIA,0.359
SATF-1315,2026-09-17_173_1,27.669,76.131,2026-09-17 20:40:00+00:00,2026-09-17 20:40:00+00:00,2026-09-17 20:40:00+00:00,0.0,2,1,N20,1.34,1.0,2.0,n,0.6,N,INDIA,0.332
SATF-1316,2026-09-17_183_1,26.879,73.514,2026-09-17 20:40:00+00:00,2026-09-17 20:40:00+00:00,2026-09-17 20:40:00+00:00,0.0,1,1,N20,1.2,1.2,1.2,n,0.6,N,INDIA,0.306
SATF-1317,2026-09-17_182_1,27.288,73.839,2026-09-17 20:40:00+00:00,2026-09-17 21:23:00+00:00,2026-09-17 20:40:00+00:00,0.717,2,2,"N20,N21",1.07,1.02,2.04,n,0.6,N,INDIA,0.28
SATF-1318,2026-09-17_187_1,24.58,74.803,2026-09-17 20:40:00+00:00,2026-09-17 20:40:00+00:00,2026-09-17 20:40:00+00:00,0.0,1,1,N20,1.0,1.0,1.0,n,0.6,N,INDIA,0.263
SATF-1319,2026-09-17_171_1,22.246,87.389,2026-09-17 20:40:00+00:00,2026-09-17 20:40:00+00:00,2026-09-17 20:40:00+00:00,0.0,1,1,N20,0.93,0.93,0.93,n,0.6,N,INDIA,0.251
SATF-1320,2026-09-17_175_1,21.966,83.773,2026-09-17 20:40:00+00:00,2026-09-17 20:40:00+00:00,2026-09-17 20:40:00+00:00,0.0,1,1,N20,0.93,0.93,0.93,n,0.6,N,INDIA,0.251
SATF-1321,2026-09-17_180_1,28.372,77.225,2026-09-17 20:40:00+00:00,2026-09-17 20:40:00+00:00,2026-09-17 20:40:00+00:00,0.0,1,1,N20,0.84,0.84,0.84,n,0.6,N,INDIA,0.24
SATF-1322,2026-09-17_184_1,26.607,73.682,2026-09-17 20:40:00+00:00,2026-09-17 20:40:00+00:00,2026-09-17 20:40:00+00:00,0.0,1,1,N20,0.84,0.84,0.84,n,0.6,N,INDIA,0.24
SATF-1323,2026-09-17_186_1,26.093,68.879,2026-09-17 20:40:00+00:00,2026-09-17 20:40:00+00:00,2026-09-17 20:40:00+00:00,0.0,1,1,N20,0.57,0.57,0.57,n,0.6,N,OUTSIDE_INDIA,0.196
SATF-1324,2026-09-17_178_1,28.785,76.95,2026-09-17 20:40:00+00:00,2026-09-17 20:40:00+00:00,2026-09-17 20:40:00+00:00,0.0,1,1,N20,0.5,0.5,0.5,n,0.6,N,INDIA,0.191
SATF-1325,2026-09-17_185_1,24.206,82.525,2026-09-17 20:40:00+00:00,2026-09-17 20:40:00+00:00,2026-09-17 20:40:00+00:00,0.0,1,1,N20,0.5,0.5,0.5,n,0.6,N,INDIA,0.191
SATF-1326,2026-09-17_170_1,22.107,83.125,2026-09-17 20:40:00+00:00,2026-09-17 20:40:00+00:00,2026-09-17 20:40:00+00:00,0.0,1,1,N20,0.39,0.39,0.39,n,0.6,N,INDIA,0.185
SATF-1327,2026-09-17_192_1,20.959,86.034,2026-09-17 20:42:00+00:00,2026-09-17 20:42:00+00:00,2026-09-17 20:42:00+00:00,0.0,5,1,N20,5.49,2.76,13.8,n,0.6,N,INDIA,0.707
SATF-1328,2026-09-17_84_2,21.107,72.64,2026-09-17 20:42:00+00:00,2026-09-17 20:42:00+00:00,2026-09-17 20:42:00+00:00,0.0,7,1,N20,5.13,3.531,24.72,n,0.6,N,INDIA,0.691
SATF-1329,2026-09-17_190_1,18.685,73.035,2026-09-17 20:42:00+00:00,2026-09-17 21:25:00+00:00,2026-09-17 20:42:00+00:00,0.717,4,2,"N20,N21",4.06,3.485,13.94,n,0.6,N,INDIA,0.628
SATF-1330,2026-09-17_189_1,21.189,81.393,2026-09-17 20:42:00+00:00,2026-09-17 20:42:00+00:00,2026-09-17 20:42:00+00:00,0.0,5,1,N20,3.37,2.254,11.27,n,0.6,N,INDIA,0.573
SATF-1331,2026-09-17_196_1,23.121,70.084,2026-09-17 20:42:00+00:00,2026-09-17 20:42:00+00:00,2026-09-17 20:42:00+00:00,0.0,2,1,N20,3.22,2.135,4.27,n,0.6,N,INDIA,0.559
SATF-1332,2026-09-17_200_1,21.433,72.978,2026-09-17 20:42:00+00:00,2026-09-17 21:25:00+00:00,2026-09-17 20:42:00+00:00,0.717,2,2,"N20,N21",2.92,1.925,3.85,n,0.6,N,INDIA,0.533
SATF-1333,2026-09-17_197_1,22.417,69.038,2026-09-17 20:42:00+00:00,2026-09-17 21:25:00+00:00,2026-09-17 20:42:00+00:00,0.717,2,2,"N20,N21",2.81,1.98,3.96,n,0.6,N,INDIA,0.522
SATF-1334,2026-09-17_203_1,18.615,73.722,2026-09-17 20:42:00+00:00,2026-09-17 20:42:00+00:00,2026-09-17 20:42:00+00:00,0.0,1,1,N20,2.63,2.63,2.63,n,0.6,N,INDIA,0.501
SATF-1335,2026-09-17_195_1,17.969,80.81,2026-09-17 20:42:00+00:00,2026-09-17 20:42:00+00:00,2026-09-17 20:42:00+00:00,0.0,2,1,N20,2.41,2.005,4.01,n,0.6,N,INDIA,0.475
SATF-1336,2026-09-17_194_1,21.25,79.21,2026-09-17 20:42:00+00:00,2026-09-17 20:42:00+00:00,2026-09-17 20:42:00+00:00,0.0,1,1,N20,2.34,2.34,2.34,n,0.6,N,INDIA,0.468
SATF-1337,2026-09-17_85_2,21.235,79.629,2026-09-17 20:42:00+00:00,2026-09-17 20:42:00+00:00,2026-09-17 20:42:00+00:00,0.0,1,1,N20,2.23,2.23,2.23,n,0.6,N,INDIA,0.453
SATF-1338,2026-09-17_191_1,20.7,78.63,2026-09-17 20:42:00+00:00,2026-09-17 20:42:00+00:00,2026-09-17 20:42:00+00:00,0.0,2,1,N20,2.17,1.94,3.88,n,0.6,N,INDIA,0.444
SATF-1339,2026-09-17_188_1,20.26,86.602,2026-09-17 20:42:00+00:00,2026-09-17 20:42:00+00:00,2026-09-17 20:42:00+00:00,0.0,2,1,N20,2.14,1.83,3.66,n,0.6,N,INDIA,0.438
SATF-1340,2026-09-17_17_2,20.967,85.176,2026-09-17 20:42:00+00:00,2026-09-17 20:42:00+00:00,2026-09-17 20:42:00+00:00,0.0,12,1,N20,1.82,1.167,14.0,n,0.6,N,INDIA,0.394
SATF-1341,2026-09-17_193_1,18.882,72.968,2026-09-17 20:42:00+00:00,2026-09-17 20:42:00+00:00,2026-09-17 20:42:00+00:00,0.0,1,1,N20,1.77,1.77,1.77,n,0.6,N,INDIA,0.386
SATF-1342,2026-09-17_202_1,21.576,82.022,2026-09-17 20:42:00+00:00,2026-09-17 20:42:00+00:00,2026-09-17 20:42:00+00:00,0.0,1,1,N20,1.34,1.34,1.34,n,0.6,N,INDIA,0.332
SATF-1343,2026-09-17_199_1,21.489,81.768,2026-09-17 20:42:00+00:00,2026-09-17 20:42:00+00:00,2026-09-17 20:42:00+00:00,0.0,1,1,N20,1.2,1.2,1.2,n,0.6,N,INDIA,0.306
SATF-1344,2026-09-17_198_1,21.804,82.04,2026-09-17 20:42:00+00:00,2026-09-17 20:42:00+00:00,2026-09-17 20:42:00+00:00,0.0,1,1,N20,1.08,1.08,1.08,n,0.6,N,INDIA,0.283
SATF-1345,2026-09-17_201_1,18.271,83.541,2026-09-17 20:42:00+00:00,2026-09-17 20:42:00+00:00,2026-09-17 20:42:00+00:00,0.0,1,1,N20,0.4,0.4,0.4,n,0.6,N,INDIA,0.186
SATF-1346,2026-09-17_205_1,9.848,78.132,2026-09-17 20:44:00+00:00,2026-09-17 20:44:00+00:00,2026-09-17 20:44:00+00:00,0.0,2,1,N20,2.38,2.225,4.45,n,0.6,N,INDIA,0.472
SATF-1347,2026-09-17_206_1,15.658,73.989,2026-09-17 20:44:00+00:00,2026-09-17 21:27:00+00:00,2026-09-17 20:44:00+00:00,0.717,2,2,"N20,N21",1.6,1.18,2.36,n,0.6,N,INDIA,0.364
SATF-1348,2026-09-17_204_1,8.672,77.992,2026-09-17 20:44:00+00:00,2026-09-17 20:44:00+00:00,2026-09-17 20:44:00+00:00,0.0,1,1,N20,1.01,1.01,1.01,n,0.6,N,INDIA,0.265
SATF-1349,2026-09-17_207_1,12.748,77.617,2026-09-17 20:44:00+00:00,2026-09-17 20:44:00+00:00,2026-09-17 20:44:00+00:00,0.0,1,1,N20,0.44,0.44,0.44,n,0.6,N,INDIA,0.187
SATF-1350,2026-09-17_211_1,26.255,74.095,2026-09-17 21:23:00+00:00,2026-09-17 21:23:00+00:00,2026-09-17 21:23:00+00:00,0.0,1,1,N21,1.48,1.48,1.48,n,0.6,N,INDIA,0.349
SATF-1351,2026-09-17_209_1,36.685,70.84,2026-09-17 21:23:00+00:00,2026-09-17 21:23:00+00:00,2026-09-17 21:23:00+00:00,0.0,1,1,N21,1.31,1.31,1.31,n,0.6,N,OUTSIDE_INDIA,0.326
SATF-1352,2026-09-17_208_1,32.721,72.923,2026-09-17 21:23:00+00:00,2026-09-17 21:23:00+00:00,2026-09-17 21:23:00+00:00,0.0,2,1,N21,1.09,0.945,1.89,n,0.6,N,OUTSIDE_INDIA,0.286
SATF-1353,2026-09-17_210_1,28.425,69.699,2026-09-17 21:23:00+00:00,2026-09-17 21:23:00+00:00,2026-09-17 21:23:00+00:00,0.0,1,1,N21,0.94,0.94,0.94,n,0.6,N,OUTSIDE_INDIA,0.254
SATF-1354,2026-09-17_212_1,22.932,69.697,2026-09-17 21:25:00+00:00,2026-09-17 21:25:00+00:00,2026-09-17 21:25:00+00:00,0.0,2,1,N21,5.33,4.435,8.87,n,0.6,N,INDIA,0.699
SATF-1355,2026-09-17_213_1,32.89,71.615,2026-09-17 21:25:00+00:00,2026-09-17 21:25:00+00:00,2026-09-17 21:25:00+00:00,0.0,1,1,N21,1.24,1.24,1.24,n,0.6,N,OUTSIDE_INDIA,0.314
SATF-1356,2026-09-17_214_1,18.52,74.452,2026-09-17 21:25:00+00:00,2026-09-17 21:25:00+00:00,2026-09-17 21:25:00+00:00,0.0,2,1,N21,1.04,0.85,1.7,n,0.6,N,INDIA,0.271
