station_id,station,locality,latitude,longitude,sensor_id,pollutant,display_name,units,datetime_first,datetime_last,latest_datetime,latest_value
12,SPARTAN - IIT Kanpur,,26.519,80.233,23,pm25,PM2.5,µg/m³,,,,
13,"Delhi Technological University, Delhi - CPCB",,28.744,77.12,13866,no2,NO₂ mass,µg/m³,,,,
13,"Delhi Technological University, Delhi - CPCB",,28.744,77.12,24,o3,O₃ mass,µg/m³,,,,
13,"Delhi Technological University, Delhi - CPCB",,28.744,77.12,13864,pm25,PM2.5,µg/m³,,,,
15,IGI Airport,,28.56,77.094,27,co,CO mass,µg/m³,,,,
15,IGI Airport,,28.56,77.094,28,no2,NO₂ mass,µg/m³,,,,
15,IGI Airport,,28.56,77.094,29,o3,O₃ mass,µg/m³,,,,
15,IGI Airport,,28.56,77.094,26,pm10,PM10,µg/m³,,,,
15,IGI Airport,,28.56,77.094,30,pm25,PM2.5,µg/m³,,,,
16,Civil Lines,,28.6787,77.2262,33,co,CO mass,µg/m³,,,,
16,Civil Lines,,28.6787,77.2262,32,no2,NO₂ mass,µg/m³,,,,
16,Civil Lines,,28.6787,77.2262,31,pm10,PM10,µg/m³,,,,
16,Civil Lines,,28.6787,77.2262,34,pm25,PM2.5,µg/m³,,,,
17,"R K Puram, Delhi - DPCC",,28.563262,77.186937,392,co,CO mass,µg/m³,,,,
17,"R K Puram, Delhi - DPCC",,28.563262,77.186937,12234782,co,CO,ppb,,,,
17,"R K Puram, Delhi - DPCC",,28.563262,77.186937,36,no2,NO₂ mass,µg/m³,,,,
17,"R K Puram, Delhi - DPCC",,28.563262,77.186937,12234784,no2,NO₂,ppb,,,,
17,"R K Puram, Delhi - DPCC",,28.563262,77.186937,394,o3,O₃ mass,µg/m³,,,,
17,"R K Puram, Delhi - DPCC",,28.563262,77.186937,12234785,o3,O₃ mass,µg/m³,,,,
17,"R K Puram, Delhi - DPCC",,28.563262,77.186937,399,pm10,PM10,µg/m³,,,,
17,"R K Puram, Delhi - DPCC",,28.563262,77.186937,12234786,pm10,PM10,µg/m³,,,,
17,"R K Puram, Delhi - DPCC",,28.563262,77.186937,35,pm25,PM2.5,µg/m³,,,,
17,"R K Puram, Delhi - DPCC",,28.563262,77.186937,12234787,pm25,PM2.5,µg/m³,,,,
17,"R K Puram, Delhi - DPCC",,28.563262,77.186937,12234789,so2,SO₂,ppb,,,,
17,"R K Puram, Delhi - DPCC",,28.563262,77.186937,393,so2,SO₂ mass,µg/m³,,,,
50,"Punjabi Bagh, Delhi - DPCC",,28.674045,77.131023,398,co,CO mass,µg/m³,,,,
50,"Punjabi Bagh, Delhi - DPCC",,28.674045,77.131023,12234791,co,CO,ppb,,,,
50,"Punjabi Bagh, Delhi - DPCC",,28.674045,77.131023,12234793,no2,NO₂,ppb,,,,
50,"Punjabi Bagh, Delhi - DPCC",,28.674045,77.131023,400,no2,NO₂ mass,µg/m³,,,,
50,"Punjabi Bagh, Delhi - DPCC",,28.674045,77.131023,71,o3,O₃ mass,µg/m³,,,,
50,"Punjabi Bagh, Delhi - DPCC",,28.674045,77.131023,12234794,o3,O₃ mass,µg/m³,,,,
50,"Punjabi Bagh, Delhi - DPCC",,28.674045,77.131023,395,pm10,PM10,µg/m³,,,,
50,"Punjabi Bagh, Delhi - DPCC",,28.674045,77.131023,12234795,pm10,PM10,µg/m³,,,,
50,"Punjabi Bagh, Delhi - DPCC",,28.674045,77.131023,396,pm25,PM2.5,µg/m³,,,,
50,"Punjabi Bagh, Delhi - DPCC",,28.674045,77.131023,12234796,pm25,PM2.5,µg/m³,,,,
50,"Punjabi Bagh, Delhi - DPCC",,28.674045,77.131023,397,so2,SO₂ mass,µg/m³,,,,
50,"Punjabi Bagh, Delhi - DPCC",,28.674045,77.131023,12234798,so2,SO₂,ppb,,,,
103,"Income Tax Office, Delhi - CPCB",,28.623499999999996,77.2494,169,co,CO mass,µg/m³,,,,
103,"Income Tax Office, Delhi - CPCB",,28.623499999999996,77.2494,13863,no2,NO₂ mass,µg/m³,,,,
103,"Income Tax Office, Delhi - CPCB",,28.623499999999996,77.2494,168,o3,O₃ mass,µg/m³,,,,
103,"Income Tax Office, Delhi - CPCB",,28.623499999999996,77.2494,13862,pm10,PM10,µg/m³,,,,
103,"Income Tax Office, Delhi - CPCB",,28.623499999999996,77.2494,13861,pm25,PM2.5,µg/m³,,,,
235,"Anand Vihar, New Delhi - DPCC",,28.646835,77.316032,385,co,CO mass,µg/m³,,,,
235,"Anand Vihar, New Delhi - DPCC",,28.646835,77.316032,12235605,co,CO,ppb,,,,
235,"Anand Vihar, New Delhi - DPCC",,28.646835,77.316032,12235607,no2,NO₂,ppb,,,,
235,"Anand Vihar, New Delhi - DPCC",,28.646835,77.316032,382,no2,NO₂ mass,µg/m³,,,,
235,"Anand Vihar, New Delhi - DPCC",,28.646835,77.316032,12235608,o3,O₃ mass,µg/m³,,,,
235,"Anand Vihar, New Delhi - DPCC",,28.646835,77.316032,380,o3,O₃ mass,µg/m³,,,,
235,"Anand Vihar, New Delhi - DPCC",,28.646835,77.316032,12235609,pm10,PM10,µg/m³,,,,
235,"Anand Vihar, New Delhi - DPCC",,28.646835,77.316032,381,pm10,PM10,µg/m³,,,,
235,"Anand Vihar, New Delhi - DPCC",,28.646835,77.316032,12235610,pm25,PM2.5,µg/m³,,,,
235,"Anand Vihar, New Delhi - DPCC",,28.646835,77.316032,384,pm25,PM2.5,µg/m³,,,,
235,"Anand Vihar, New Delhi - DPCC",,28.646835,77.316032,12235612,so2,SO₂,ppb,,,,
235,"Anand Vihar, New Delhi - DPCC",,28.646835,77.316032,383,so2,SO₂ mass,µg/m³,,,,
236,"Mandir Marg, Delhi - DPCC",,28.6341,77.2005,386,co,CO mass,µg/m³,,,,
236,"Mandir Marg, Delhi - DPCC",,28.6341,77.2005,389,no2,NO₂ mass,µg/m³,,,,
236,"Mandir Marg, Delhi - DPCC",,28.6341,77.2005,390,o3,O₃ mass,µg/m³,,,,
236,"Mandir Marg, Delhi - DPCC",,28.6341,77.2005,391,pm10,PM10,µg/m³,,,,
236,"Mandir Marg, Delhi - DPCC",,28.6341,77.2005,388,pm25,PM2.5,µg/m³,,,,
236,"Mandir Marg, Delhi - DPCC",,28.6341,77.2005,387,so2,SO₂ mass,µg/m³,,,,
286,Collectorate - Gaya - BSPCB,,24.7489694,84.9438395,564,co,CO mass,µg/m³,,,,
286,Collectorate - Gaya - BSPCB,,24.7489694,84.9438395,565,no2,NO₂ mass,µg/m³,,,,
286,Collectorate - Gaya - BSPCB,,24.7489694,84.9438395,474,o3,O₃ mass,µg/m³,,,,
286,Collectorate - Gaya - BSPCB,,24.7489694,84.9438395,562,pm25,PM2.5,µg/m³,,,,
286,Collectorate - Gaya - BSPCB,,24.7489694,84.9438395,563,so2,SO₂ mass,µg/m³,,,,
301,"Vikas Sadan, Gurugram - HSPCB",,28.4501238,77.0263051,5396,co,CO mass,µg/m³,,,,
301,"Vikas Sadan, Gurugram - HSPCB",,28.4501238,77.0263051,14258983,co,CO,ppb,,,,
301,"Vikas Sadan, Gurugram - HSPCB",,28.4501238,77.0263051,5409,no2,NO₂ mass,µg/m³,,,,
301,"Vikas Sadan, Gurugram - HSPCB",,28.4501238,77.0263051,14258985,no2,NO₂,ppb,,,,
301,"Vikas Sadan, Gurugram - HSPCB",,28.4501238,77.0263051,5407,o3,O₃ mass,µg/m³,,,,
301,"Vikas Sadan, Gurugram - HSPCB",,28.4501238,77.0263051,14258986,o3,O₃ mass,µg/m³,,,,
301,"Vikas Sadan, Gurugram - HSPCB",,28.4501238,77.0263051,506,pm10,PM10,µg/m³,,,,
301,"Vikas Sadan, Gurugram - HSPCB",,28.4501238,77.0263051,14258987,pm10,PM10,µg/m³,,,,
301,"Vikas Sadan, Gurugram - HSPCB",,28.4501238,77.0263051,1166,pm25,PM2.5,µg/m³,,,,
301,"Vikas Sadan, Gurugram - HSPCB",,28.4501238,77.0263051,14258988,pm25,PM2.5,µg/m³,,,,
301,"Vikas Sadan, Gurugram - HSPCB",,28.4501238,77.0263051,5405,so2,SO₂ mass,µg/m³,,,,
301,"Vikas Sadan, Gurugram - HSPCB",,28.4501238,77.0263051,14258990,so2,SO₂,ppb,,,,
346,"MD University, Rohtak - HSPCB",,28.876028,76.619464,614,co,CO mass,µg/m³,,,,
346,"MD University, Rohtak - HSPCB",,28.876028,76.619464,593,no2,NO₂ mass,µg/m³,,,,
346,"MD University, Rohtak - HSPCB",,28.876028,76.619464,612,o3,O₃ mass,µg/m³,,,,
346,"MD University, Rohtak - HSPCB",,28.876028,76.619464,13545,pm10,PM10,µg/m³,,,,
346,"MD University, Rohtak - HSPCB",,28.876028,76.619464,14306,pm25,PM2.5,µg/m³,,,,
346,"MD University, Rohtak - HSPCB",,28.876028,76.619464,613,so2,SO₂ mass,µg/m³,,,,
354,"Lalbagh, DN Park",,26.84578611,80.93874444,604,co,CO mass,µg/m³,,,,
354,"Lalbagh, DN Park",,26.84578611,80.93874444,606,no2,NO₂ mass,µg/m³,,,,
354,"Lalbagh, DN Park",,26.84578611,80.93874444,605,o3,O₃ mass,µg/m³,,,,
354,"Lalbagh, DN Park",,26.84578611,80.93874444,14362,pm25,PM2.5,µg/m³,,,,
354,"Lalbagh, DN Park",,26.84578611,80.93874444,14363,so2,SO₂ mass,µg/m³,,,,
378,Alandur Bus Depot,,12.99711389,80.19151667,661,co,CO mass,µg/m³,,,,
378,Alandur Bus Depot,,12.99711389,80.19151667,5374,no2,NO₂ mass,µg/m³,,,,
378,Alandur Bus Depot,,12.99711389,80.19151667,5352,o3,O₃ mass,µg/m³,,,,
378,Alandur Bus Depot,,12.99711389,80.19151667,14304,pm25,PM2.5,µg/m³,,,,
378,Alandur Bus Depot,,12.99711389,80.19151667,14305,so2,SO₂ mass,µg/m³,,,,
407,"Zoo Park, Hyderabad - TSPCB",,17.349694,78.451437,12235578,co,CO,ppb,,,,
407,"Zoo Park, Hyderabad - TSPCB",,17.349694,78.451437,710,co,CO mass,µg/m³,,,,
407,"Zoo Park, Hyderabad - TSPCB",,17.349694,78.451437,12235580,no2,NO₂,ppb,,,,
407,"Zoo Park, Hyderabad - TSPCB",,17.349694,78.451437,712,no2,NO₂ mass,µg/m³,,,,
407,"Zoo Park, Hyderabad - TSPCB",,17.349694,78.451437,711,o3,O₃ mass,µg/m³,,,,
407,"Zoo Park, Hyderabad - TSPCB",,17.349694,78.451437,12235581,o3,O₃ mass,µg/m³,,,,
407,"Zoo Park, Hyderabad - TSPCB",,17.349694,78.451437,715,pm10,PM10,µg/m³,,,,
407,"Zoo Park, Hyderabad - TSPCB",,17.349694,78.451437,12235582,pm10,PM10,µg/m³,,,,
407,"Zoo Park, Hyderabad - TSPCB",,17.349694,78.451437,714,pm25,PM2.5,µg/m³,,,,
407,"Zoo Park, Hyderabad - TSPCB",,17.349694,78.451437,12235583,pm25,PM2.5,µg/m³,,,,
407,"Zoo Park, Hyderabad - TSPCB",,17.349694,78.451437,12235585,so2,SO₂,ppb,,,,
407,"Zoo Park, Hyderabad - TSPCB",,17.349694,78.451437,713,so2,SO₂ mass,µg/m³,,,,
412,"Peenya, Bengaluru - KSPCB",,13.0339,77.51321111,722,co,CO mass,µg/m³,,,,
412,"Peenya, Bengaluru - KSPCB",,13.0339,77.51321111,1518,no2,NO₂ mass,µg/m³,,,,
412,"Peenya, Bengaluru - KSPCB",,13.0339,77.51321111,13852,pm25,PM2.5,µg/m³,,,,
412,"Peenya, Bengaluru - KSPCB",,13.0339,77.51321111,13853,so2,SO₂ mass,µg/m³,,,,
431,"IHBAS, Delhi - CPCB",,28.6821,77.305,5361,co,CO mass,µg/m³,,,,
431,"IHBAS, Delhi - CPCB",,28.6821,77.305,747,no2,NO₂ mass,µg/m³,,,,
431,"IHBAS, Delhi - CPCB",,28.6821,77.305,13868,pm25,PM2.5,µg/m³,,,,
431,"IHBAS, Delhi - CPCB",,28.6821,77.305,13867,so2,SO₂ mass,µg/m³,,,,
594,"BTM Layout, Bengaluru - KSPCB",,12.912811110000002,77.60921944,1048,co,CO mass,µg/m³,,,,
594,"BTM Layout, Bengaluru - KSPCB",,12.912811110000002,77.60921944,1427,no2,NO₂ mass,µg/m³,,,,
594,"BTM Layout, Bengaluru - KSPCB",,12.912811110000002,77.60921944,4886,o3,O₃ mass,µg/m³,,,,
594,"BTM Layout, Bengaluru - KSPCB",,12.912811110000002,77.60921944,13836,pm25,PM2.5,µg/m³,,,,
594,"BTM Layout, Bengaluru - KSPCB",,12.912811110000002,77.60921944,13837,so2,SO₂ mass,µg/m³,,,,
697,"Haldia, Haldia - WBPCB",,22.06047,88.109737,1207,co,CO mass,µg/m³,,,,
697,"Haldia, Haldia - WBPCB",,22.06047,88.109737,1205,no2,NO₂ mass,µg/m³,,,,
697,"Haldia, Haldia - WBPCB",,22.06047,88.109737,1206,o3,O₃ mass,µg/m³,,,,
697,"Haldia, Haldia - WBPCB",,22.06047,88.109737,1209,pm10,PM10,µg/m³,,,,
697,"Haldia, Haldia - WBPCB",,22.06047,88.109737,234638,pm25,PM2.5,µg/m³,,,,
697,"Haldia, Haldia - WBPCB",,22.06047,88.109737,1208,so2,SO₂ mass,µg/m³,,,,
703,Collectorate Jodhpur - RSPCB,,26.2920639,73.0379111111111,1220,co,CO mass,µg/m³,,,,
703,Collectorate Jodhpur - RSPCB,,26.2920639,73.0379111111111,1226,no2,NO₂ mass,µg/m³,,,,
703,Collectorate Jodhpur - RSPCB,,26.2920639,73.0379111111111,1223,o3,O₃ mass,µg/m³,,,,
703,Collectorate Jodhpur - RSPCB,,26.2920639,73.0379111111111,1225,pm10,PM10,µg/m³,,,,
703,Collectorate Jodhpur - RSPCB,,26.2920639,73.0379111111111,1224,pm25,PM2.5,µg/m³,,,,
703,Collectorate Jodhpur - RSPCB,,26.2920639,73.0379111111111,1222,so2,SO₂ mass,µg/m³,,,,
716,"Rabindra Bharati University, Kolkata - WBSPCB",,22.627875,88.3804,5504,co,CO mass,µg/m³,,,,
716,"Rabindra Bharati University, Kolkata - WBSPCB",,22.627875,88.3804,5505,no2,NO₂ mass,µg/m³,,,,
716,"Rabindra Bharati University, Kolkata - WBSPCB",,22.627875,88.3804,5502,o3,O₃ mass,µg/m³,,,,
716,"Rabindra Bharati University, Kolkata - WBSPCB",,22.627875,88.3804,5503,pm10,PM10,µg/m³,,,,
716,"Rabindra Bharati University, Kolkata - WBSPCB",,22.627875,88.3804,1242,pm25,PM2.5,µg/m³,,,,
716,"Rabindra Bharati University, Kolkata - WBSPCB",,22.627875,88.3804,1241,so2,SO₂ mass,µg/m³,,,,
797,City Railway Station - KSPCB,,12.9773472,77.5706972222222,1384,co,CO mass,µg/m³,,,,
797,City Railway Station - KSPCB,,12.9773472,77.5706972222222,1383,no2,NO₂ mass,µg/m³,,,,
797,City Railway Station - KSPCB,,12.9773472,77.5706972222222,1382,pm10,PM10,µg/m³,,,,
797,City Railway Station - KSPCB,,12.9773472,77.5706972222222,14096,so2,SO₂ mass,µg/m³,,,,
854,Chandrapur,,19.95,79.3,1525,co,CO mass,µg/m³,,,,
854,Chandrapur,,19.95,79.3,1528,no2,NO₂ mass,µg/m³,,,,
854,Chandrapur,,19.95,79.3,1524,o3,O₃ mass,µg/m³,,,,
854,Chandrapur,,19.95,79.3,1529,pm10,PM10,µg/m³,,,,
854,Chandrapur,,19.95,79.3,1527,pm25,PM2.5,µg/m³,,,,
854,Chandrapur,,19.95,79.3,1526,so2,SO₂ mass,µg/m³,,,,
860,"Sanjay Palace, Agra - UPPCB",,27.19865833,78.00598056,1546,co,CO mass,µg/m³,,,,
860,"Sanjay Palace, Agra - UPPCB",,27.19865833,78.00598056,12235657,co,CO,ppb,,,,
860,"Sanjay Palace, Agra - UPPCB",,27.19865833,78.00598056,12235659,no2,NO₂,ppb,,,,
860,"Sanjay Palace, Agra - UPPCB",,27.19865833,78.00598056,15024,no2,NO₂ mass,µg/m³,,,,
860,"Sanjay Palace, Agra - UPPCB",,27.19865833,78.00598056,1544,o3,O₃ mass,µg/m³,,,,
860,"Sanjay Palace, Agra - UPPCB",,27.19865833,78.00598056,12235660,o3,O₃ mass,µg/m³,,,,
860,"Sanjay Palace, Agra - UPPCB",,27.19865833,78.00598056,1342956,pm10,PM10,µg/m³,,,,
860,"Sanjay Palace, Agra - UPPCB",,27.19865833,78.00598056,12235661,pm10,PM10,µg/m³,,,,
860,"Sanjay Palace, Agra - UPPCB",,27.19865833,78.00598056,12235662,pm25,PM2.5,µg/m³,,,,
860,"Sanjay Palace, Agra - UPPCB",,27.19865833,78.00598056,1545,pm25,PM2.5,µg/m³,,,,
860,"Sanjay Palace, Agra - UPPCB",,27.19865833,78.00598056,14322,so2,SO₂ mass,µg/m³,,,,
860,"Sanjay Palace, Agra - UPPCB",,27.19865833,78.00598056,12235664,so2,SO₂,ppb,,,,
910,Victoria Memorial - WBSPCB,,22.572646,88.36389499999996,1668,co,CO mass,µg/m³,,,,
910,Victoria Memorial - WBSPCB,,22.572646,88.36389499999996,1670,no2,NO₂ mass,µg/m³,,,,
910,Victoria Memorial - WBSPCB,,22.572646,88.36389499999996,1667,o3,O₃ mass,µg/m³,,,,
910,Victoria Memorial - WBSPCB,,22.572646,88.36389499999996,1669,pm10,PM10,µg/m³,,,,
910,Victoria Memorial - WBSPCB,,22.572646,88.36389499999996,13556,pm25,PM2.5,µg/m³,,,,
910,Victoria Memorial - WBSPCB,,22.572646,88.36389499999996,13559,so2,SO₂ mass,µg/m³,,,,
985,Collectorate - Muzaffarpur - BSPCB,,26.0762,85.4115,1785,co,CO mass,µg/m³,,,,
985,Collectorate - Muzaffarpur - BSPCB,,26.0762,85.4115,1782,no2,NO₂ mass,µg/m³,,,,
985,Collectorate - Muzaffarpur - BSPCB,,26.0762,85.4115,1780,o3,O₃ mass,µg/m³,,,,
985,Collectorate - Muzaffarpur - BSPCB,,26.0762,85.4115,1786,pm25,PM2.5,µg/m³,,,,
985,Collectorate - Muzaffarpur - BSPCB,,26.0762,85.4115,1787,so2,SO₂ mass,µg/m³,,,,
2345,VK Industrial Area Jaipur - RSPCB,,26.9738778,75.7738777777777,4298,co,CO mass,µg/m³,,,,
2345,VK Industrial Area Jaipur - RSPCB,,26.9738778,75.7738777777777,4926,no2,NO₂ mass,µg/m³,,,,
2345,VK Industrial Area Jaipur - RSPCB,,26.9738778,75.7738777777777,4925,o3,O₃ mass,µg/m³,,,,
2345,VK Industrial Area Jaipur - RSPCB,,26.9738778,75.7738777777777,4924,pm10,PM10,µg/m³,,,,
2345,VK Industrial Area Jaipur - RSPCB,,26.9738778,75.7738777777777,4922,pm25,PM2.5,µg/m³,,,,
2345,VK Industrial Area Jaipur - RSPCB,,26.9738778,75.7738777777777,4921,so2,SO₂ mass,µg/m³,,,,
2456,"Talkatora District Industries Center, Lucknow - CPCB",,26.83399722,80.8917361,4712,co,CO mass,µg/m³,,,,
2456,"Talkatora District Industries Center, Lucknow - CPCB",,26.83399722,80.8917361,12235569,co,CO,ppb,,,,
2456,"Talkatora District Industries Center, Lucknow - CPCB",,26.83399722,80.8917361,12235571,no2,NO₂,ppb,,,,
2456,"Talkatora District Industries Center, Lucknow - CPCB",,26.83399722,80.8917361,5231,no2,NO₂ mass,µg/m³,,,,
2456,"Talkatora District Industries Center, Lucknow - CPCB",,26.83399722,80.8917361,36695,o3,O₃ mass,µg/m³,,,,
2456,"Talkatora District Industries Center, Lucknow - CPCB",,26.83399722,80.8917361,12235572,o3,O₃ mass,µg/m³,,,,
2456,"Talkatora District Industries Center, Lucknow - CPCB",,26.83399722,80.8917361,36696,pm10,PM10,µg/m³,,,,
2456,"Talkatora District Industries Center, Lucknow - CPCB",,26.83399722,80.8917361,12235573,pm10,PM10,µg/m³,,,,
2456,"Talkatora District Industries Center, Lucknow - CPCB",,26.83399722,80.8917361,14237,pm25,PM2.5,µg/m³,,,,
2456,"Talkatora District Industries Center, Lucknow - CPCB",,26.83399722,80.8917361,12235574,pm25,PM2.5,µg/m³,,,,
2456,"Talkatora District Industries Center, Lucknow - CPCB",,26.83399722,80.8917361,14238,so2,SO₂ mass,µg/m³,,,,
2456,"Talkatora District Industries Center, Lucknow - CPCB",,26.83399722,80.8917361,12235576,so2,SO₂,ppb,,,,
2459,US Diplomatic Post: Hyderabad,,17.443464,78.47489,4720,pm25,PM2.5,µg/m³,,,,
2460,US Diplomatic Post: Kolkata,,22.547142,88.351048,4724,pm25,PM2.5,µg/m³,,,,
2461,US Diplomatic Post: Chennai,,13.052371,80.251932,4725,pm25,PM2.5,µg/m³,,,,
2463,Central School,,26.85272778,80.99632778,4734,co,CO mass,µg/m³,,,,
2463,Central School,,26.85272778,80.99632778,4731,no2,NO₂ mass,µg/m³,,,,
2463,Central School,,26.85272778,80.99632778,4729,o3,O₃ mass,µg/m³,,,,
2463,Central School,,26.85272778,80.99632778,5326,pm25,PM2.5,µg/m³,,,,
2463,Central School,,26.85272778,80.99632778,14364,so2,SO₂ mass,µg/m³,,,,
2503,"Shadipur, Delhi - CPCB",,28.651699999999998,77.1581,4851,co,CO mass,µg/m³,,,,
2503,"Shadipur, Delhi - CPCB",,28.651699999999998,77.1581,4852,no2,NO₂ mass,µg/m³,,,,
2503,"Shadipur, Delhi - CPCB",,28.651699999999998,77.1581,4853,o3,O₃ mass,µg/m³,,,,
2503,"Shadipur, Delhi - CPCB",,28.651699999999998,77.1581,13860,pm25,PM2.5,µg/m³,,,,
2503,"Shadipur, Delhi - CPCB",,28.651699999999998,77.1581,13859,so2,SO₂ mass,µg/m³,,,,
2549,IIT,,12.992513890000001,80.23744722,5141,co,CO mass,µg/m³,,,,
2549,IIT,,12.992513890000001,80.23744722,5142,no2,NO₂ mass,µg/m³,,,,
2549,IIT,,12.992513890000001,80.23744722,5144,o3,O₃ mass,µg/m³,,,,
2549,IIT,,12.992513890000001,80.23744722,14320,pm25,PM2.5,µg/m³,,,,
2549,IIT,,12.992513890000001,80.23744722,14313,so2,SO₂ mass,µg/m³,,,,
2583,"Sector-6, Panchkula - HSPCB",,30.7057778,76.8531805555555,12328439,co,CO,ppb,,,,
2583,"Sector-6, Panchkula - HSPCB",,30.7057778,76.8531805555555,5359,co,CO mass,µg/m³,,,,
2583,"Sector-6, Panchkula - HSPCB",,30.7057778,76.8531805555555,12328441,no2,NO₂,ppb,,,,
2583,"Sector-6, Panchkula - HSPCB",,30.7057778,76.8531805555555,5357,no2,NO₂ mass,µg/m³,,,,
2583,"Sector-6, Panchkula - HSPCB",,30.7057778,76.8531805555555,12328442,o3,O₃ mass,µg/m³,,,,
2583,"Sector-6, Panchkula - HSPCB",,30.7057778,76.8531805555555,5336,o3,O₃ mass,µg/m³,,,,
2583,"Sector-6, Panchkula - HSPCB",,30.7057778,76.8531805555555,5343,pm25,PM2.5,µg/m³,,,,
2583,"Sector-6, Panchkula - HSPCB",,30.7057778,76.8531805555555,12328443,pm25,PM2.5,µg/m³,,,,
2583,"Sector-6, Panchkula - HSPCB",,30.7057778,76.8531805555555,12328445,so2,SO₂,ppb,,,,
2583,"Sector-6, Panchkula - HSPCB",,30.7057778,76.8531805555555,5345,so2,SO₂ mass,µg/m³,,,,
2585,AAQMS Karve Road Pune,,18.497484,73.81349,5338,co,CO mass,µg/m³,,,,
2585,AAQMS Karve Road Pune,,18.497484,73.81349,5372,o3,O₃ mass,µg/m³,,,,
2585,AAQMS Karve Road Pune,,18.497484,73.81349,5355,pm10,PM10,µg/m³,,,,
2585,AAQMS Karve Road Pune,,18.497484,73.81349,5354,pm25,PM2.5,µg/m³,,,,
2585,AAQMS Karve Road Pune,,18.497484,73.81349,14235,so2,SO₂ mass,µg/m³,,,,
2586,"Manali, Chennai - CPCB",,13.164544,80.26285,5339,co,CO mass,µg/m³,,,,
2586,"Manali, Chennai - CPCB",,13.164544,80.26285,12235648,co,CO,ppb,,,,
2586,"Manali, Chennai - CPCB",,13.164544,80.26285,12235650,no2,NO₂,ppb,,,,
2586,"Manali, Chennai - CPCB",,13.164544,80.26285,5340,no2,NO₂ mass,µg/m³,,,,
2586,"Manali, Chennai - CPCB",,13.164544,80.26285,1305375,o3,O₃ mass,µg/m³,,,,
2586,"Manali, Chennai - CPCB",,13.164544,80.26285,12235651,o3,O₃ mass,µg/m³,,,,
2586,"Manali, Chennai - CPCB",,13.164544,80.26285,1305374,pm10,PM10,µg/m³,,,,
2586,"Manali, Chennai - CPCB",,13.164544,80.26285,12235652,pm10,PM10,µg/m³,,,,
2586,"Manali, Chennai - CPCB",,13.164544,80.26285,14319,pm25,PM2.5,µg/m³,,,,
2586,"Manali, Chennai - CPCB",,13.164544,80.26285,12235653,pm25,PM2.5,µg/m³,,,,
2586,"Manali, Chennai - CPCB",,13.164544,80.26285,12235655,so2,SO₂,ppb,,,,
2586,"Manali, Chennai - CPCB",,13.164544,80.26285,14311,so2,SO₂ mass,µg/m³,,,,
2587,"Sector16A, Faridabad - HSPCB",,28.410122219999998,77.313775,5347,co,CO mass,µg/m³,,,,
2587,"Sector16A, Faridabad - HSPCB",,28.410122219999998,77.313775,5341,no2,NO₂ mass,µg/m³,,,,
2587,"Sector16A, Faridabad - HSPCB",,28.410122219999998,77.313775,5344,o3,O₃ mass,µg/m³,,,,
2587,"Sector16A, Faridabad - HSPCB",,28.410122219999998,77.313775,40563,pm10,PM10,µg/m³,,,,
2587,"Sector16A, Faridabad - HSPCB",,28.410122219999998,77.313775,13900,pm25,PM2.5,µg/m³,,,,
2587,"Sector16A, Faridabad - HSPCB",,28.410122219999998,77.313775,13901,so2,SO₂ mass,µg/m³,,,,
2589,SaneguravaHalli - KSPCB,,12.9916694,77.5458305555555,5350,co,CO mass,µg/m³,,,,
2589,SaneguravaHalli - KSPCB,,12.9916694,77.5458305555555,5349,no2,NO₂ mass,µg/m³,,,,
2589,SaneguravaHalli - KSPCB,,12.9916694,77.5458305555555,5348,pm10,PM10,µg/m³,,,,
2589,SaneguravaHalli - KSPCB,,12.9916694,77.5458305555555,14129,so2,SO₂ mass,µg/m³,,,,
2591,Ardhali Bazar,,25.35055556,82.97833333,5369,co,CO mass,µg/m³,,,,
2591,Ardhali Bazar,,25.35055556,82.97833333,5367,no2,NO₂ mass,µg/m³,,,,
2591,Ardhali Bazar,,25.35055556,82.97833333,5365,o3,O₃ mass,µg/m³,,,,
2591,Ardhali Bazar,,25.35055556,82.97833333,5364,pm10,PM10,µg/m³,,,,
2591,Ardhali Bazar,,25.35055556,82.97833333,5362,pm25,PM2.5,µg/m³,,,,
2591,Ardhali Bazar,,25.35055556,82.97833333,14234,so2,SO₂ mass,µg/m³,,,,
2592,"BWSSB Kadabesanahalli, Bengaluru - KSPCB",,12.93890556,77.69727222,5381,co,CO mass,µg/m³,,,,
2592,"BWSSB Kadabesanahalli, Bengaluru - KSPCB",,12.93890556,77.69727222,5380,no2,NO₂ mass,µg/m³,,,,
2592,"BWSSB Kadabesanahalli, Bengaluru - KSPCB",,12.93890556,77.69727222,5375,o3,O₃ mass,µg/m³,,,,
2592,"BWSSB Kadabesanahalli, Bengaluru - KSPCB",,12.93890556,77.69727222,13898,pm25,PM2.5,µg/m³,,,,
2592,"BWSSB Kadabesanahalli, Bengaluru - KSPCB",,12.93890556,77.69727222,13888,so2,SO₂ mass,µg/m³,,,,
2593,IGSC Planetarium Complex - Patna - BSPCB,,25.3636,85.0755,5383,co,CO mass,µg/m³,,,,
2593,IGSC Planetarium Complex - Patna - BSPCB,,25.3636,85.0755,5386,no2,NO₂ mass,µg/m³,,,,
2593,IGSC Planetarium Complex - Patna - BSPCB,,25.3636,85.0755,5384,o3,O₃ mass,µg/m³,,,,
2593,IGSC Planetarium Complex - Patna - BSPCB,,25.3636,85.0755,5385,pm25,PM2.5,µg/m³,,,,
2593,IGSC Planetarium Complex - Patna - BSPCB,,25.3636,85.0755,14315,so2,SO₂ mass,µg/m³,,,,
2594,"Sanathnagar, Hyderabad - TSPCB",,17.42329722,78.47469722,5387,co,CO mass,µg/m³,,,,
2594,"Sanathnagar, Hyderabad - TSPCB",,17.42329722,78.47469722,5389,o3,O₃ mass,µg/m³,,,,
2594,"Sanathnagar, Hyderabad - TSPCB",,17.42329722,78.47469722,9127,pm25,PM2.5,µg/m³,,,,
2594,"Sanathnagar, Hyderabad - TSPCB",,17.42329722,78.47469722,9128,so2,SO₂ mass,µg/m³,,,,
2595,Nehru Nagar,,26.470308800000005,80.3251749,5392,co,CO mass,µg/m³,,,,
2595,Nehru Nagar,,26.470308800000005,80.3251749,5393,no2,NO₂ mass,µg/m³,,,,
2595,Nehru Nagar,,26.470308800000005,80.3251749,5395,o3,O₃ mass,µg/m³,,,,
2595,Nehru Nagar,,26.470308800000005,80.3251749,5391,pm25,PM2.5,µg/m³,,,,
2595,Nehru Nagar,,26.470308800000005,80.3251749,5394,so2,SO₂ mass,µg/m³,,,,
2596,"Solapur, Solapur - MPCB",,17.6599188,75.9063906,5406,co,CO mass,µg/m³,,,,
2596,"Solapur, Solapur - MPCB",,17.6599188,75.9063906,5402,no2,NO₂ mass,µg/m³,,,,
2596,"Solapur, Solapur - MPCB",,17.6599188,75.9063906,12235615,no2,NO₂,ppb,,,,
2596,"Solapur, Solapur - MPCB",,17.6599188,75.9063906,5401,o3,O₃ mass,µg/m³,,,,
2596,"Solapur, Solapur - MPCB",,17.6599188,75.9063906,5399,pm10,PM10,µg/m³,,,,
2596,"Solapur, Solapur - MPCB",,17.6599188,75.9063906,12235616,pm10,PM10,µg/m³,,,,
2596,"Solapur, Solapur - MPCB",,17.6599188,75.9063906,5397,pm25,PM2.5,µg/m³,,,,
2596,"Solapur, Solapur - MPCB",,17.6599188,75.9063906,12235617,pm25,PM2.5,µg/m³,,,,
2596,"Solapur, Solapur - MPCB",,17.6599188,75.9063906,5403,so2,SO₂ mass,µg/m³,,,,
2596,"Solapur, Solapur - MPCB",,17.6599188,75.9063906,12235619,so2,SO₂,ppb,,,,
2597,US Diplomatic Post: New Delhi,,28.598096,77.189066,5398,pm25,PM2.5,µg/m³,,,,
2598,Navi Mumbai Municipal Corporation Airoli,,19.1494,72.9986,5400,co,CO mass,µg/m³,,,,
2598,Navi Mumbai Municipal Corporation Airoli,,19.1494,72.9986,5408,pm10,PM10,µg/m³,,,,
2598,Navi Mumbai Municipal Corporation Airoli,,19.1494,72.9986,5404,pm25,PM2.5,µg/m³,,,,
2598,Navi Mumbai Municipal Corporation Airoli,,19.1494,72.9986,13523,so2,SO₂ mass,µg/m³,,,,
5404,"Pusa, Delhi - IMD",,28.639645,77.146263,14086,co,CO mass,µg/m³,,,,
5404,"Pusa, Delhi - IMD",,28.639645,77.146263,12234697,co,CO,ppb,,,,
5404,"Pusa, Delhi - IMD",,28.639645,77.146263,14084,no2,NO₂ mass,µg/m³,,,,
5404,"Pusa, Delhi - IMD",,28.639645,77.146263,12234699,no2,NO₂,ppb,,,,
5404,"Pusa, Delhi - IMD",,28.639645,77.146263,12234700,o3,O₃ mass,µg/m³,,,,
5404,"Pusa, Delhi - IMD",,28.639645,77.146263,14085,pm10,PM10,µg/m³,,,,
5404,"Pusa, Delhi - IMD",,28.639645,77.146263,12234701,pm10,PM10,µg/m³,,,,
5404,"Pusa, Delhi - IMD",,28.639645,77.146263,14087,pm25,PM2.5,µg/m³,,,,
5404,"Pusa, Delhi - IMD",,28.639645,77.146263,12234702,pm25,PM2.5,µg/m³,,,,
5408,"Secretariat, Amaravati - APPCB",,16.5150833,80.5181667,12234943,co,CO,ppb,,,,
5408,"Secretariat, Amaravati - APPCB",,16.5150833,80.5181667,12234945,no2,NO₂,ppb,,,,
5408,"Secretariat, Amaravati - APPCB",,16.5150833,80.5181667,12234946,o3,O₃ mass,µg/m³,,,,
5408,"Secretariat, Amaravati - APPCB",,16.5150833,80.5181667,12234947,pm10,PM10,µg/m³,,,,
5408,"Secretariat, Amaravati - APPCB",,16.5150833,80.5181667,12234948,pm25,PM2.5,µg/m³,,,,
5408,"Secretariat, Amaravati - APPCB",,16.5150833,80.5181667,12234950,so2,SO₂,ppb,,,,
5443,"Mahakaleshwar Temple, Ujjain - MPPCB",,23.182719,75.768218,12234898,co,CO,ppb,,,,
5443,"Mahakaleshwar Temple, Ujjain - MPPCB",,23.182719,75.768218,14326,co,CO mass,µg/m³,,,,
5443,"Mahakaleshwar Temple, Ujjain - MPPCB",,23.182719,75.768218,14327,no2,NO₂ mass,µg/m³,,,,
5443,"Mahakaleshwar Temple, Ujjain - MPPCB",,23.182719,75.768218,12234900,no2,NO₂,ppb,,,,
5443,"Mahakaleshwar Temple, Ujjain - MPPCB",,23.182719,75.768218,14328,o3,O₃ mass,µg/m³,,,,
5443,"Mahakaleshwar Temple, Ujjain - MPPCB",,23.182719,75.768218,12234901,o3,O₃ mass,µg/m³,,,,
5443,"Mahakaleshwar Temple, Ujjain - MPPCB",,23.182719,75.768218,12234902,pm10,PM10,µg/m³,,,,
5443,"Mahakaleshwar Temple, Ujjain - MPPCB",,23.182719,75.768218,14330,pm10,PM10,µg/m³,,,,
5443,"Mahakaleshwar Temple, Ujjain - MPPCB",,23.182719,75.768218,12234903,pm25,PM2.5,µg/m³,,,,
5443,"Mahakaleshwar Temple, Ujjain - MPPCB",,23.182719,75.768218,14331,pm25,PM2.5,µg/m³,,,,
5443,"Mahakaleshwar Temple, Ujjain - MPPCB",,23.182719,75.768218,14329,so2,SO₂ mass,µg/m³,,,,
5443,"Mahakaleshwar Temple, Ujjain - MPPCB",,23.182719,75.768218,12234905,so2,SO₂,ppb,,,,
5505,"Birla Staff colony, Satna - MPPCB",,24.5908256,80.8574279,14511,co,CO mass,µg/m³,,,,
5505,"Birla Staff colony, Satna - MPPCB",,24.5908256,80.8574279,14512,pm10,PM10,µg/m³,,,,
5505,"Birla Staff colony, Satna - MPPCB",,24.5908256,80.8574279,14509,pm25,PM2.5,µg/m³,,,,
5505,"Birla Staff colony, Satna - MPPCB",,24.5908256,80.8574279,14510,so2,SO₂ mass,µg/m³,,,,
5509,"Anand Vihar, Delhi - DPCC",,28.647622000000002,77.315809,14519,co,CO mass,µg/m³,,,,
5509,"Anand Vihar, Delhi - DPCC",,28.647622000000002,77.315809,14523,no2,NO₂ mass,µg/m³,,,,
5509,"Anand Vihar, Delhi - DPCC",,28.647622000000002,77.315809,14524,o3,O₃ mass,µg/m³,,,,
5509,"Anand Vihar, Delhi - DPCC",,28.647622000000002,77.315809,14522,pm10,PM10,µg/m³,,,,
5509,"Anand Vihar, Delhi - DPCC",,28.647622000000002,77.315809,14521,pm25,PM2.5,µg/m³,,,,
5509,"Anand Vihar, Delhi - DPCC",,28.647622000000002,77.315809,14520,so2,SO₂ mass,µg/m³,,,,
5540,"Punjabi Bagh, Delhi - DPCC",,28.6670856,77.1301247,14616,co,CO mass,µg/m³,,,,
5540,"Punjabi Bagh, Delhi - DPCC",,28.6670856,77.1301247,14613,no2,NO₂ mass,µg/m³,,,,
5540,"Punjabi Bagh, Delhi - DPCC",,28.6670856,77.1301247,14614,o3,O₃ mass,µg/m³,,,,
5540,"Punjabi Bagh, Delhi - DPCC",,28.6670856,77.1301247,14612,pm10,PM10,µg/m³,,,,
5540,"Punjabi Bagh, Delhi - DPCC",,28.6670856,77.1301247,14617,pm25,PM2.5,µg/m³,,,,
5540,"Punjabi Bagh, Delhi - DPCC",,28.6670856,77.1301247,14615,so2,SO₂ mass,µg/m³,,,,
5541,"Burari Crossing, New Delhi - IMD",,28.7256504,77.2011573,12234679,co,CO,ppb,,,,
5541,"Burari Crossing, New Delhi - IMD",,28.7256504,77.2011573,14958,co,CO mass,µg/m³,,,,
5541,"Burari Crossing, New Delhi - IMD",,28.7256504,77.2011573,12234681,no2,NO₂,ppb,,,,
5541,"Burari Crossing, New Delhi - IMD",,28.7256504,77.2011573,14936,no2,NO₂ mass,µg/m³,,,,
5541,"Burari Crossing, New Delhi - IMD",,28.7256504,77.2011573,12234682,o3,O₃ mass,µg/m³,,,,
5541,"Burari Crossing, New Delhi - IMD",,28.7256504,77.2011573,14931,o3,O₃ mass,µg/m³,,,,
5541,"Burari Crossing, New Delhi - IMD",,28.7256504,77.2011573,12234683,pm10,PM10,µg/m³,,,,
5541,"Burari Crossing, New Delhi - IMD",,28.7256504,77.2011573,14620,pm10,PM10,µg/m³,,,,
5541,"Burari Crossing, New Delhi - IMD",,28.7256504,77.2011573,14912,pm25,PM2.5,µg/m³,,,,
5541,"Burari Crossing, New Delhi - IMD",,28.7256504,77.2011573,12234684,pm25,PM2.5,µg/m³,,,,
5542,"Civil Line, Jalandhar - PPCB",,31.321907,75.578914,12235146,co,CO,ppb,,,,
5542,"Civil Line, Jalandhar - PPCB",,31.321907,75.578914,15124,co,CO mass,µg/m³,,,,
5542,"Civil Line, Jalandhar - PPCB",,31.321907,75.578914,12235148,no2,NO₂,ppb,,,,
5542,"Civil Line, Jalandhar - PPCB",,31.321907,75.578914,15133,no2,NO₂ mass,µg/m³,,,,
5542,"Civil Line, Jalandhar - PPCB",,31.321907,75.578914,12235149,o3,O₃ mass,µg/m³,,,,
5542,"Civil Line, Jalandhar - PPCB",,31.321907,75.578914,15150,o3,O₃ mass,µg/m³,,,,
5542,"Civil Line, Jalandhar - PPCB",,31.321907,75.578914,15187,pm10,PM10,µg/m³,,,,
5542,"Civil Line, Jalandhar - PPCB",,31.321907,75.578914,12235150,pm10,PM10,µg/m³,,,,
5542,"Civil Line, Jalandhar - PPCB",,31.321907,75.578914,15192,pm25,PM2.5,µg/m³,,,,
5542,"Civil Line, Jalandhar - PPCB",,31.321907,75.578914,12235151,pm25,PM2.5,µg/m³,,,,
5542,"Civil Line, Jalandhar - PPCB",,31.321907,75.578914,12235153,so2,SO₂,ppb,,,,
5542,"Civil Line, Jalandhar - PPCB",,31.321907,75.578914,14623,so2,SO₂ mass,µg/m³,,,,
5544,"Model Town, Patiala - PPCB",,30.349388,76.366642,14874,co,CO mass,µg/m³,,,,
5544,"Model Town, Patiala - PPCB",,30.349388,76.366642,12235137,co,CO,ppb,,,,
5544,"Model Town, Patiala - PPCB",,30.349388,76.366642,14852,no2,NO₂ mass,µg/m³,,,,
5544,"Model Town, Patiala - PPCB",,30.349388,76.366642,12235139,no2,NO₂,ppb,,,,
5544,"Model Town, Patiala - PPCB",,30.349388,76.366642,14848,o3,O₃ mass,µg/m³,,,,
5544,"Model Town, Patiala - PPCB",,30.349388,76.366642,12235140,o3,O₃ mass,µg/m³,,,,
5544,"Model Town, Patiala - PPCB",,30.349388,76.366642,15260,pm10,PM10,µg/m³,,,,
5544,"Model Town, Patiala - PPCB",,30.349388,76.366642,12235141,pm10,PM10,µg/m³,,,,
5544,"Model Town, Patiala - PPCB",,30.349388,76.366642,15243,pm25,PM2.5,µg/m³,,,,
5544,"Model Town, Patiala - PPCB",,30.349388,76.366642,12235142,pm25,PM2.5,µg/m³,,,,
5544,"Model Town, Patiala - PPCB",,30.349388,76.366642,12235144,so2,SO₂,ppb,,,,
5544,"Model Town, Patiala - PPCB",,30.349388,76.366642,14629,so2,SO₂ mass,µg/m³,,,,
5546,Tata Stadium - Jorapokhar - JSPCB,,23.707909,86.41467,14780,co,CO mass,µg/m³,,,,
5546,Tata Stadium - Jorapokhar - JSPCB,,23.707909,86.41467,12242969,co,CO,ppb,,,,
5546,Tata Stadium - Jorapokhar - JSPCB,,23.707909,86.41467,12242971,no2,NO₂,ppb,,,,
5546,Tata Stadium - Jorapokhar - JSPCB,,23.707909,86.41467,14633,no2,NO₂ mass,µg/m³,,,,
5546,Tata Stadium - Jorapokhar - JSPCB,,23.707909,86.41467,12242972,o3,O₃ mass,µg/m³,,,,
5546,Tata Stadium - Jorapokhar - JSPCB,,23.707909,86.41467,14782,o3,O₃ mass,µg/m³,,,,
5546,Tata Stadium - Jorapokhar - JSPCB,,23.707909,86.41467,12242973,pm10,PM10,µg/m³,,,,
5546,Tata Stadium - Jorapokhar - JSPCB,,23.707909,86.41467,14643,pm10,PM10,µg/m³,,,,
5546,Tata Stadium - Jorapokhar - JSPCB,,23.707909,86.41467,12242974,pm25,PM2.5,µg/m³,,,,
5546,Tata Stadium - Jorapokhar - JSPCB,,23.707909,86.41467,22695,pm25,PM2.5,µg/m³,,,,
5546,Tata Stadium - Jorapokhar - JSPCB,,23.707909,86.41467,14632,so2,SO₂ mass,µg/m³,,,,
5546,Tata Stadium - Jorapokhar - JSPCB,,23.707909,86.41467,12242976,so2,SO₂,ppb,,,,
5547,"BWSSB Kadabesanahalli, Bengaluru - CPCB",,12.9352049,77.6814488,14637,co,CO mass,µg/m³,,,,
5547,"BWSSB Kadabesanahalli, Bengaluru - CPCB",,12.9352049,77.6814488,14636,no2,NO₂ mass,µg/m³,,,,
5547,"BWSSB Kadabesanahalli, Bengaluru - CPCB",,12.9352049,77.6814488,14640,o3,O₃ mass,µg/m³,,,,
5547,"BWSSB Kadabesanahalli, Bengaluru - CPCB",,12.9352049,77.6814488,1303004,pm10,PM10,µg/m³,,,,
5547,"BWSSB Kadabesanahalli, Bengaluru - CPCB",,12.9352049,77.6814488,14641,pm25,PM2.5,µg/m³,,,,
5547,"BWSSB Kadabesanahalli, Bengaluru - CPCB",,12.9352049,77.6814488,14634,so2,SO₂ mass,µg/m³,,,,
5548,"BTM Layout, Bengaluru - CPCB",,12.9135218,77.5950804,12235356,co,CO,ppb,,,,
5548,"BTM Layout, Bengaluru - CPCB",,12.9135218,77.5950804,14657,co,CO mass,µg/m³,,,,
5548,"BTM Layout, Bengaluru - CPCB",,12.9135218,77.5950804,14639,no2,NO₂ mass,µg/m³,,,,
5548,"BTM Layout, Bengaluru - CPCB",,12.9135218,77.5950804,12235358,no2,NO₂,ppb,,,,
5548,"BTM Layout, Bengaluru - CPCB",,12.9135218,77.5950804,14658,o3,O₃ mass,µg/m³,,,,
5548,"BTM Layout, Bengaluru - CPCB",,12.9135218,77.5950804,12235359,o3,O₃ mass,µg/m³,,,,
5548,"BTM Layout, Bengaluru - CPCB",,12.9135218,77.5950804,1305377,pm10,PM10,µg/m³,,,,
5548,"BTM Layout, Bengaluru - CPCB",,12.9135218,77.5950804,12235360,pm10,PM10,µg/m³,,,,
5548,"BTM Layout, Bengaluru - CPCB",,12.9135218,77.5950804,14635,pm25,PM2.5,µg/m³,,,,
5548,"BTM Layout, Bengaluru - CPCB",,12.9135218,77.5950804,12235361,pm25,PM2.5,µg/m³,,,,
5548,"BTM Layout, Bengaluru - CPCB",,12.9135218,77.5950804,12235363,so2,SO₂,ppb,,,,
5548,"BTM Layout, Bengaluru - CPCB",,12.9135218,77.5950804,14642,so2,SO₂ mass,µg/m³,,,,
5551,"Golden Temple, Amritsar - PPCB",,31.62,74.876512,15062,co,CO mass,µg/m³,,,,
5551,"Golden Temple, Amritsar - PPCB",,31.62,74.876512,12235438,co,CO,ppb,,,,
5551,"Golden Temple, Amritsar - PPCB",,31.62,74.876512,12235440,no2,NO₂,ppb,,,,
5551,"Golden Temple, Amritsar - PPCB",,31.62,74.876512,15067,no2,NO₂ mass,µg/m³,,,,
5551,"Golden Temple, Amritsar - PPCB",,31.62,74.876512,12235441,o3,O₃ mass,µg/m³,,,,
5551,"Golden Temple, Amritsar - PPCB",,31.62,74.876512,14659,o3,O₃ mass,µg/m³,,,,
5551,"Golden Temple, Amritsar - PPCB",,31.62,74.876512,12235442,pm10,PM10,µg/m³,,,,
5551,"Golden Temple, Amritsar - PPCB",,31.62,74.876512,15083,pm10,PM10,µg/m³,,,,
5551,"Golden Temple, Amritsar - PPCB",,31.62,74.876512,12235443,pm25,PM2.5,µg/m³,,,,
5551,"Golden Temple, Amritsar - PPCB",,31.62,74.876512,15088,pm25,PM2.5,µg/m³,,,,
5551,"Golden Temple, Amritsar - PPCB",,31.62,74.876512,15108,so2,SO₂ mass,µg/m³,,,,
5551,"Golden Temple, Amritsar - PPCB",,31.62,74.876512,12235445,so2,SO₂,ppb,,,,
5552,"MD University, Rohtak - HSPCB",,28.870083,76.6205,14670,co,CO mass,µg/m³,,,,
5552,"MD University, Rohtak - HSPCB",,28.870083,76.6205,14668,no2,NO₂ mass,µg/m³,,,,
5552,"MD University, Rohtak - HSPCB",,28.870083,76.6205,14667,o3,O₃ mass,µg/m³,,,,
5552,"MD University, Rohtak - HSPCB",,28.870083,76.6205,14660,pm25,PM2.5,µg/m³,,,,
5552,"MD University, Rohtak - HSPCB",,28.870083,76.6205,14669,so2,SO₂ mass,µg/m³,,,,
5558,"Alandur Bus Depot, Chennai - CPCB",,12.909916100000002,80.1076538,14690,co,CO mass,µg/m³,,,,
5558,"Alandur Bus Depot, Chennai - CPCB",,12.909916100000002,80.1076538,14681,no2,NO₂ mass,µg/m³,,,,
5558,"Alandur Bus Depot, Chennai - CPCB",,12.909916100000002,80.1076538,14689,o3,O₃ mass,µg/m³,,,,
5558,"Alandur Bus Depot, Chennai - CPCB",,12.909916100000002,80.1076538,1305373,pm10,PM10,µg/m³,,,,
5558,"Alandur Bus Depot, Chennai - CPCB",,12.909916100000002,80.1076538,14680,pm25,PM2.5,µg/m³,,,,
5558,"Alandur Bus Depot, Chennai - CPCB",,12.909916100000002,80.1076538,14682,so2,SO₂ mass,µg/m³,,,,
5559,"Collectorate, Gaya - BSPCB",,24.7955,84.9994,12242115,co,CO,ppb,,,,
5559,"Collectorate, Gaya - BSPCB",,24.7955,84.9994,14738,co,CO mass,µg/m³,,,,
5559,"Collectorate, Gaya - BSPCB",,24.7955,84.9994,14685,no2,NO₂ mass,µg/m³,,,,
5559,"Collectorate, Gaya - BSPCB",,24.7955,84.9994,12235350,no2,NO₂,ppb,,,,
5559,"Collectorate, Gaya - BSPCB",,24.7955,84.9994,12235351,o3,O₃ mass,µg/m³,,,,
5559,"Collectorate, Gaya - BSPCB",,24.7955,84.9994,14744,o3,O₃ mass,µg/m³,,,,
5559,"Collectorate, Gaya - BSPCB",,24.7955,84.9994,12235352,pm25,PM2.5,µg/m³,,,,
5559,"Collectorate, Gaya - BSPCB",,24.7955,84.9994,14683,pm25,PM2.5,µg/m³,,,,
5559,"Collectorate, Gaya - BSPCB",,24.7955,84.9994,14684,so2,SO₂ mass,µg/m³,,,,
5559,"Collectorate, Gaya - BSPCB",,24.7955,84.9994,12235354,so2,SO₂,ppb,,,,
5565,"MIDC Khutala, Chandrapur - MPCB",,19.9775302,79.2337086,12235551,co,CO,ppb,,,,
5565,"MIDC Khutala, Chandrapur - MPCB",,19.9775302,79.2337086,14766,co,CO mass,µg/m³,,,,
5565,"MIDC Khutala, Chandrapur - MPCB",,19.9775302,79.2337086,14704,no2,NO₂ mass,µg/m³,,,,
5565,"MIDC Khutala, Chandrapur - MPCB",,19.9775302,79.2337086,12235553,no2,NO₂,ppb,,,,
5565,"MIDC Khutala, Chandrapur - MPCB",,19.9775302,79.2337086,14764,o3,O₃ mass,µg/m³,,,,
5565,"MIDC Khutala, Chandrapur - MPCB",,19.9775302,79.2337086,12235554,o3,O₃ mass,µg/m³,,,,
5565,"MIDC Khutala, Chandrapur - MPCB",,19.9775302,79.2337086,14703,pm10,PM10,µg/m³,,,,
5565,"MIDC Khutala, Chandrapur - MPCB",,19.9775302,79.2337086,12235555,pm10,PM10,µg/m³,,,,
5565,"MIDC Khutala, Chandrapur - MPCB",,19.9775302,79.2337086,14702,pm25,PM2.5,µg/m³,,,,
5565,"MIDC Khutala, Chandrapur - MPCB",,19.9775302,79.2337086,12235556,pm25,PM2.5,µg/m³,,,,
5565,"MIDC Khutala, Chandrapur - MPCB",,19.9775302,79.2337086,14701,so2,SO₂ mass,µg/m³,,,,
5565,"MIDC Khutala, Chandrapur - MPCB",,19.9775302,79.2337086,12235558,so2,SO₂,ppb,,,,
5566,"Talcher Coalfields,Talcher - OSPCB",,20.9360711,85.1707021,12234952,co,CO,ppb,,,,
5566,"Talcher Coalfields,Talcher - OSPCB",,20.9360711,85.1707021,14737,co,CO mass,µg/m³,,,,
5566,"Talcher Coalfields,Talcher - OSPCB",,20.9360711,85.1707021,14705,no2,NO₂ mass,µg/m³,,,,
5566,"Talcher Coalfields,Talcher - OSPCB",,20.9360711,85.1707021,12234954,no2,NO₂,ppb,,,,
5566,"Talcher Coalfields,Talcher - OSPCB",,20.9360711,85.1707021,12234955,o3,O₃ mass,µg/m³,,,,
5566,"Talcher Coalfields,Talcher - OSPCB",,20.9360711,85.1707021,14742,o3,O₃ mass,µg/m³,,,,
5566,"Talcher Coalfields,Talcher - OSPCB",,20.9360711,85.1707021,12234956,pm10,PM10,µg/m³,,,,
5566,"Talcher Coalfields,Talcher - OSPCB",,20.9360711,85.1707021,14741,pm10,PM10,µg/m³,,,,
5566,"Talcher Coalfields,Talcher - OSPCB",,20.9360711,85.1707021,14743,pm25,PM2.5,µg/m³,,,,
5566,"Talcher Coalfields,Talcher - OSPCB",,20.9360711,85.1707021,12234957,pm25,PM2.5,µg/m³,,,,
5566,"Talcher Coalfields,Talcher - OSPCB",,20.9360711,85.1707021,14739,so2,SO₂ mass,µg/m³,,,,
5566,"Talcher Coalfields,Talcher - OSPCB",,20.9360711,85.1707021,12234959,so2,SO₂,ppb,,,,
5569,"Punjab Agricultural University, Ludhiana - PPCB",,30.9028,75.8086,14832,co,CO mass,µg/m³,,,,
5569,"Punjab Agricultural University, Ludhiana - PPCB",,30.9028,75.8086,12235421,co,CO,ppb,,,,
5569,"Punjab Agricultural University, Ludhiana - PPCB",,30.9028,75.8086,12235423,no2,NO₂,ppb,,,,
5569,"Punjab Agricultural University, Ludhiana - PPCB",,30.9028,75.8086,14831,no2,NO₂ mass,µg/m³,,,,
5569,"Punjab Agricultural University, Ludhiana - PPCB",,30.9028,75.8086,14715,o3,O₃ mass,µg/m³,,,,
5569,"Punjab Agricultural University, Ludhiana - PPCB",,30.9028,75.8086,12235424,o3,O₃ mass,µg/m³,,,,
5569,"Punjab Agricultural University, Ludhiana - PPCB",,30.9028,75.8086,14827,pm10,PM10,µg/m³,,,,
5569,"Punjab Agricultural University, Ludhiana - PPCB",,30.9028,75.8086,12235425,pm10,PM10,µg/m³,,,,
5569,"Punjab Agricultural University, Ludhiana - PPCB",,30.9028,75.8086,14826,pm25,PM2.5,µg/m³,,,,
5569,"Punjab Agricultural University, Ludhiana - PPCB",,30.9028,75.8086,12235426,pm25,PM2.5,µg/m³,,,,
5569,"Punjab Agricultural University, Ludhiana - PPCB",,30.9028,75.8086,12235428,so2,SO₂,ppb,,,,
5569,"Punjab Agricultural University, Ludhiana - PPCB",,30.9028,75.8086,14824,so2,SO₂ mass,µg/m³,,,,
5570,"Aya Nagar, New Delhi - IMD",,28.474261,77.131606,12234703,co,CO,ppb,,,,
5570,"Aya Nagar, New Delhi - IMD",,28.474261,77.131606,15010,co,CO mass,µg/m³,,,,
5570,"Aya Nagar, New Delhi - IMD",,28.474261,77.131606,15019,no2,NO₂ mass,µg/m³,,,,
5570,"Aya Nagar, New Delhi - IMD",,28.474261,77.131606,12234705,no2,NO₂,ppb,,,,
5570,"Aya Nagar, New Delhi - IMD",,28.474261,77.131606,12234706,o3,O₃ mass,µg/m³,,,,
5570,"Aya Nagar, New Delhi - IMD",,28.474261,77.131606,15021,o3,O₃ mass,µg/m³,,,,
5570,"Aya Nagar, New Delhi - IMD",,28.474261,77.131606,15027,pm10,PM10,µg/m³,,,,
5570,"Aya Nagar, New Delhi - IMD",,28.474261,77.131606,12234707,pm10,PM10,µg/m³,,,,
5570,"Aya Nagar, New Delhi - IMD",,28.474261,77.131606,14717,pm25,PM2.5,µg/m³,,,,
5570,"Aya Nagar, New Delhi - IMD",,28.474261,77.131606,12234708,pm25,PM2.5,µg/m³,,,,
5574,"City Railway Station, Bengaluru - KSPCB",,12.9756843,77.5660749,12235374,co,CO,ppb,,,,
5574,"City Railway Station, Bengaluru - KSPCB",,12.9756843,77.5660749,14779,co,CO mass,µg/m³,,,,
5574,"City Railway Station, Bengaluru - KSPCB",,12.9756843,77.5660749,12235376,no2,NO₂,ppb,,,,
5574,"City Railway Station, Bengaluru - KSPCB",,12.9756843,77.5660749,14773,no2,NO₂ mass,µg/m³,,,,
5574,"City Railway Station, Bengaluru - KSPCB",,12.9756843,77.5660749,14775,pm10,PM10,µg/m³,,,,
5574,"City Railway Station, Bengaluru - KSPCB",,12.9756843,77.5660749,12235377,pm10,PM10,µg/m³,,,,
5574,"City Railway Station, Bengaluru - KSPCB",,12.9756843,77.5660749,14732,so2,SO₂ mass,µg/m³,,,,
5574,"City Railway Station, Bengaluru - KSPCB",,12.9756843,77.5660749,12235378,so2,SO₂,ppb,,,,
5576,"Moti Doongri, Alwar - RSPCB",,27.554793,76.611536,15171,co,CO mass,µg/m³,,,,
5576,"Moti Doongri, Alwar - RSPCB",,27.554793,76.611536,12234818,co,CO,ppb,,,,
5576,"Moti Doongri, Alwar - RSPCB",,27.554793,76.611536,12234820,no2,NO₂,ppb,,,,
5576,"Moti Doongri, Alwar - RSPCB",,27.554793,76.611536,15160,no2,NO₂ mass,µg/m³,,,,
5576,"Moti Doongri, Alwar - RSPCB",,27.554793,76.611536,17867,o3,O₃ mass,µg/m³,,,,
5576,"Moti Doongri, Alwar - RSPCB",,27.554793,76.611536,12234821,o3,O₃ mass,µg/m³,,,,
5576,"Moti Doongri, Alwar - RSPCB",,27.554793,76.611536,15144,pm10,PM10,µg/m³,,,,
5576,"Moti Doongri, Alwar - RSPCB",,27.554793,76.611536,12234822,pm10,PM10,µg/m³,,,,
5576,"Moti Doongri, Alwar - RSPCB",,27.554793,76.611536,12234823,pm25,PM2.5,µg/m³,,,,
5576,"Moti Doongri, Alwar - RSPCB",,27.554793,76.611536,15131,pm25,PM2.5,µg/m³,,,,
5576,"Moti Doongri, Alwar - RSPCB",,27.554793,76.611536,14740,so2,SO₂ mass,µg/m³,,,,
5576,"Moti Doongri, Alwar - RSPCB",,27.554793,76.611536,12234825,so2,SO₂,ppb,,,,
5581,"Pusa, New Delhi - IMD",,28.610304,77.0996943,15266,co,CO mass,µg/m³,,,,
5581,"Pusa, New Delhi - IMD",,28.610304,77.0996943,14800,no2,NO₂ mass,µg/m³,,,,
5581,"Pusa, New Delhi - IMD",,28.610304,77.0996943,14752,o3,O₃ mass,µg/m³,,,,
5581,"Pusa, New Delhi - IMD",,28.610304,77.0996943,14851,pm10,PM10,µg/m³,,,,
5581,"Pusa, New Delhi - IMD",,28.610304,77.0996943,14853,pm25,PM2.5,µg/m³,,,,
5585,"Ashok Nagar, Udaipur - RSPCB",,24.5886166,73.6321397,14817,co,CO mass,µg/m³,,,,
5585,"Ashok Nagar, Udaipur - RSPCB",,24.5886166,73.6321397,12234880,co,CO,ppb,,,,
5585,"Ashok Nagar, Udaipur - RSPCB",,24.5886166,73.6321397,12234882,no2,NO₂,ppb,,,,
5585,"Ashok Nagar, Udaipur - RSPCB",,24.5886166,73.6321397,14768,no2,NO₂ mass,µg/m³,,,,
5585,"Ashok Nagar, Udaipur - RSPCB",,24.5886166,73.6321397,35446,o3,O₃ mass,µg/m³,,,,
5585,"Ashok Nagar, Udaipur - RSPCB",,24.5886166,73.6321397,12234883,o3,O₃ mass,µg/m³,,,,
5585,"Ashok Nagar, Udaipur - RSPCB",,24.5886166,73.6321397,12234884,pm10,PM10,µg/m³,,,,
5585,"Ashok Nagar, Udaipur - RSPCB",,24.5886166,73.6321397,14770,pm10,PM10,µg/m³,,,,
5585,"Ashok Nagar, Udaipur - RSPCB",,24.5886166,73.6321397,12234885,pm25,PM2.5,µg/m³,,,,
5585,"Ashok Nagar, Udaipur - RSPCB",,24.5886166,73.6321397,14772,pm25,PM2.5,µg/m³,,,,
5585,"Ashok Nagar, Udaipur - RSPCB",,24.5886166,73.6321397,12234887,so2,SO₂,ppb,,,,
5585,"Ashok Nagar, Udaipur - RSPCB",,24.5886166,73.6321397,14767,so2,SO₂ mass,µg/m³,,,,
5586,"Sirifort, Delhi - CPCB",,28.5504249,77.2159377,12234764,co,CO,ppb,,,,
5586,"Sirifort, Delhi - CPCB",,28.5504249,77.2159377,12234766,no2,NO₂,ppb,,,,
5586,"Sirifort, Delhi - CPCB",,28.5504249,77.2159377,12234767,o3,O₃ mass,µg/m³,,,,
5586,"Sirifort, Delhi - CPCB",,28.5504249,77.2159377,12234768,pm10,PM10,µg/m³,,,,
5586,"Sirifort, Delhi - CPCB",,28.5504249,77.2159377,12234769,pm25,PM2.5,µg/m³,,,,
5586,"Sirifort, Delhi - CPCB",,28.5504249,77.2159377,12234771,so2,SO₂,ppb,,,,
5587,"Collectorate, Jodhpur - RSPCB",,26.268249,73.0193853,12234809,co,CO,ppb,,,,
5587,"Collectorate, Jodhpur - RSPCB",,26.268249,73.0193853,15211,co,CO mass,µg/m³,,,,
5587,"Collectorate, Jodhpur - RSPCB",,26.268249,73.0193853,15212,no2,NO₂ mass,µg/m³,,,,
5587,"Collectorate, Jodhpur - RSPCB",,26.268249,73.0193853,12234811,no2,NO₂,ppb,,,,
5587,"Collectorate, Jodhpur - RSPCB",,26.268249,73.0193853,15214,o3,O₃ mass,µg/m³,,,,
5587,"Collectorate, Jodhpur - RSPCB",,26.268249,73.0193853,12234812,o3,O₃ mass,µg/m³,,,,
5587,"Collectorate, Jodhpur - RSPCB",,26.268249,73.0193853,12234813,pm10,PM10,µg/m³,,,,
5587,"Collectorate, Jodhpur - RSPCB",,26.268249,73.0193853,15225,pm10,PM10,µg/m³,,,,
5587,"Collectorate, Jodhpur - RSPCB",,26.268249,73.0193853,12234814,pm25,PM2.5,µg/m³,,,,
5587,"Collectorate, Jodhpur - RSPCB",,26.268249,73.0193853,15227,pm25,PM2.5,µg/m³,,,,
5587,"Collectorate, Jodhpur - RSPCB",,26.268249,73.0193853,12234816,so2,SO₂,ppb,,,,
5587,"Collectorate, Jodhpur - RSPCB",,26.268249,73.0193853,14774,so2,SO₂ mass,µg/m³,,,,
5588,"RIICO Ind. Area III, Bhiwadi - RSPCB",,28.194909,76.862296,12234827,co,CO,ppb,,,,
5588,"RIICO Ind. Area III, Bhiwadi - RSPCB",,28.194909,76.862296,12234829,no2,NO₂,ppb,,,,
5588,"RIICO Ind. Area III, Bhiwadi - RSPCB",,28.194909,76.862296,12234830,o3,O₃ mass,µg/m³,,,,
5588,"RIICO Ind. Area III, Bhiwadi - RSPCB",,28.194909,76.862296,12234831,pm10,PM10,µg/m³,,,,
5588,"RIICO Ind. Area III, Bhiwadi - RSPCB",,28.194909,76.862296,12234832,pm25,PM2.5,µg/m³,,,,
5588,"RIICO Ind. Area III, Bhiwadi - RSPCB",,28.194909,76.862296,12234834,so2,SO₂,ppb,,,,
5590,"Ardhali Bazar, Varanasi - UPPCB",,25.3505986,82.9083074,12235482,co,CO,ppb,,,,
5590,"Ardhali Bazar, Varanasi - UPPCB",,25.3505986,82.9083074,14805,co,CO mass,µg/m³,,,,
5590,"Ardhali Bazar, Varanasi - UPPCB",,25.3505986,82.9083074,14788,no2,NO₂ mass,µg/m³,,,,
5590,"Ardhali Bazar, Varanasi - UPPCB",,25.3505986,82.9083074,12235484,no2,NO₂,ppb,,,,
5590,"Ardhali Bazar, Varanasi - UPPCB",,25.3505986,82.9083074,12235485,o3,O₃ mass,µg/m³,,,,
5590,"Ardhali Bazar, Varanasi - UPPCB",,25.3505986,82.9083074,14807,o3,O₃ mass,µg/m³,,,,
5590,"Ardhali Bazar, Varanasi - UPPCB",,25.3505986,82.9083074,14790,pm10,PM10,µg/m³,,,,
5590,"Ardhali Bazar, Varanasi - UPPCB",,25.3505986,82.9083074,12235486,pm10,PM10,µg/m³,,,,
5590,"Ardhali Bazar, Varanasi - UPPCB",,25.3505986,82.9083074,12235487,pm25,PM2.5,µg/m³,,,,
5590,"Ardhali Bazar, Varanasi - UPPCB",,25.3505986,82.9083074,14799,pm25,PM2.5,µg/m³,,,,
5590,"Ardhali Bazar, Varanasi - UPPCB",,25.3505986,82.9083074,14797,so2,SO₂ mass,µg/m³,,,,
5590,"Ardhali Bazar, Varanasi - UPPCB",,25.3505986,82.9083074,12235489,so2,SO₂,ppb,,,,
5592,"Gangapur Road, Nashik - MPCB",,20.0073285,73.7762427,14868,co,CO mass,µg/m³,,,,
5592,"Gangapur Road, Nashik - MPCB",,20.0073285,73.7762427,12235630,co,CO,ppb,,,,
5592,"Gangapur Road, Nashik - MPCB",,20.0073285,73.7762427,12235632,no2,NO₂,ppb,,,,
5592,"Gangapur Road, Nashik - MPCB",,20.0073285,73.7762427,14798,no2,NO₂ mass,µg/m³,,,,
5592,"Gangapur Road, Nashik - MPCB",,20.0073285,73.7762427,12235633,o3,O₃ mass,µg/m³,,,,
5592,"Gangapur Road, Nashik - MPCB",,20.0073285,73.7762427,15265,o3,O₃ mass,µg/m³,,,,
5592,"Gangapur Road, Nashik - MPCB",,20.0073285,73.7762427,14795,pm10,PM10,µg/m³,,,,
5592,"Gangapur Road, Nashik - MPCB",,20.0073285,73.7762427,12235634,pm10,PM10,µg/m³,,,,
5592,"Gangapur Road, Nashik - MPCB",,20.0073285,73.7762427,14794,pm25,PM2.5,µg/m³,,,,
5592,"Gangapur Road, Nashik - MPCB",,20.0073285,73.7762427,12235635,pm25,PM2.5,µg/m³,,,,
5592,"Gangapur Road, Nashik - MPCB",,20.0073285,73.7762427,12235637,so2,SO₂,ppb,,,,
5592,"Gangapur Road, Nashik - MPCB",,20.0073285,73.7762427,14793,so2,SO₂ mass,µg/m³,,,,
5593,"Pimpleshwar Mandir, Thane - MPCB",,19.192056,72.9585188,14830,co,CO mass,µg/m³,,,,
5593,"Pimpleshwar Mandir, Thane - MPCB",,19.192056,72.9585188,14802,no2,NO₂ mass,µg/m³,,,,
5593,"Pimpleshwar Mandir, Thane - MPCB",,19.192056,72.9585188,15198,o3,O₃ mass,µg/m³,,,,
5593,"Pimpleshwar Mandir, Thane - MPCB",,19.192056,72.9585188,14801,pm10,PM10,µg/m³,,,,
5593,"Pimpleshwar Mandir, Thane - MPCB",,19.192056,72.9585188,14806,pm25,PM2.5,µg/m³,,,,
5593,"Pimpleshwar Mandir, Thane - MPCB",,19.192056,72.9585188,14804,so2,SO₂ mass,µg/m³,,,,
5594,"Muzaffarpur Collectorate, Muzaffarpur - BSPCB",,26.1209,85.3647,15176,co,CO mass,µg/m³,,,,
5594,"Muzaffarpur Collectorate, Muzaffarpur - BSPCB",,26.1209,85.3647,12235341,co,CO,ppb,,,,
5594,"Muzaffarpur Collectorate, Muzaffarpur - BSPCB",,26.1209,85.3647,15175,no2,NO₂ mass,µg/m³,,,,
5594,"Muzaffarpur Collectorate, Muzaffarpur - BSPCB",,26.1209,85.3647,12235343,no2,NO₂,ppb,,,,
5594,"Muzaffarpur Collectorate, Muzaffarpur - BSPCB",,26.1209,85.3647,12235344,o3,O₃ mass,µg/m³,,,,
5594,"Muzaffarpur Collectorate, Muzaffarpur - BSPCB",,26.1209,85.3647,15174,o3,O₃ mass,µg/m³,,,,
5594,"Muzaffarpur Collectorate, Muzaffarpur - BSPCB",,26.1209,85.3647,14803,pm25,PM2.5,µg/m³,,,,
5594,"Muzaffarpur Collectorate, Muzaffarpur - BSPCB",,26.1209,85.3647,12235345,pm25,PM2.5,µg/m³,,,,
5594,"Muzaffarpur Collectorate, Muzaffarpur - BSPCB",,26.1209,85.3647,12235347,so2,SO₂,ppb,,,,
5594,"Muzaffarpur Collectorate, Muzaffarpur - BSPCB",,26.1209,85.3647,15170,so2,SO₂ mass,µg/m³,,,,
5596,"Secretariat, Amaravati - APPCB",,16.5150833,80.5181667,14814,co,CO mass,µg/m³,,,,
5596,"Secretariat, Amaravati - APPCB",,16.5150833,80.5181667,14810,no2,NO₂ mass,µg/m³,,,,
5596,"Secretariat, Amaravati - APPCB",,16.5150833,80.5181667,14834,o3,O₃ mass,µg/m³,,,,
5596,"Secretariat, Amaravati - APPCB",,16.5150833,80.5181667,14821,pm10,PM10,µg/m³,,,,
5596,"Secretariat, Amaravati - APPCB",,16.5150833,80.5181667,14825,pm25,PM2.5,µg/m³,,,,
5596,"Secretariat, Amaravati - APPCB",,16.5150833,80.5181667,14829,so2,SO₂ mass,µg/m³,,,,
5598,"Sector - 125, Noida, UP - UPPCB",,28.5447608,77.3231257,12235182,co,CO,ppb,,,,
5598,"Sector - 125, Noida, UP - UPPCB",,28.5447608,77.3231257,12235184,no2,NO₂,ppb,,,,
5598,"Sector - 125, Noida, UP - UPPCB",,28.5447608,77.3231257,12235185,o3,O₃ mass,µg/m³,,,,
5598,"Sector - 125, Noida, UP - UPPCB",,28.5447608,77.3231257,12235186,pm10,PM10,µg/m³,,,,
5598,"Sector - 125, Noida, UP - UPPCB",,28.5447608,77.3231257,12235187,pm25,PM2.5,µg/m³,,,,
5598,"Sector - 125, Noida, UP - UPPCB",,28.5447608,77.3231257,12235189,so2,SO₂,ppb,,,,
5599,"Bollaram Industrial Area, Hyderabad - TSPCB",,17.540891,78.358528,12235395,co,CO,ppb,,,,
5599,"Bollaram Industrial Area, Hyderabad - TSPCB",,17.540891,78.358528,14820,co,CO mass,µg/m³,,,,
5599,"Bollaram Industrial Area, Hyderabad - TSPCB",,17.540891,78.358528,12235397,no2,NO₂,ppb,,,,
5599,"Bollaram Industrial Area, Hyderabad - TSPCB",,17.540891,78.358528,14842,no2,NO₂ mass,µg/m³,,,,
5599,"Bollaram Industrial Area, Hyderabad - TSPCB",,17.540891,78.358528,14843,o3,O₃ mass,µg/m³,,,,
5599,"Bollaram Industrial Area, Hyderabad - TSPCB",,17.540891,78.358528,12235398,o3,O₃ mass,µg/m³,,,,
5599,"Bollaram Industrial Area, Hyderabad - TSPCB",,17.540891,78.358528,12235399,pm10,PM10,µg/m³,,,,
5599,"Bollaram Industrial Area, Hyderabad - TSPCB",,17.540891,78.358528,14813,pm10,PM10,µg/m³,,,,
5599,"Bollaram Industrial Area, Hyderabad - TSPCB",,17.540891,78.358528,12235400,pm25,PM2.5,µg/m³,,,,
5599,"Bollaram Industrial Area, Hyderabad - TSPCB",,17.540891,78.358528,15217,pm25,PM2.5,µg/m³,,,,
5599,"Bollaram Industrial Area, Hyderabad - TSPCB",,17.540891,78.358528,12235402,so2,SO₂,ppb,,,,
5599,"Bollaram Industrial Area, Hyderabad - TSPCB",,17.540891,78.358528,15221,so2,SO₂ mass,µg/m³,,,,
5601,"Lajpat Nagar, Moradabad - UPPCB",,28.825341,78.7213009,15189,co,CO mass,µg/m³,,,,
5601,"Lajpat Nagar, Moradabad - UPPCB",,28.825341,78.7213009,15190,no2,NO₂ mass,µg/m³,,,,
5601,"Lajpat Nagar, Moradabad - UPPCB",,28.825341,78.7213009,15194,o3,O₃ mass,µg/m³,,,,
5601,"Lajpat Nagar, Moradabad - UPPCB",,28.825341,78.7213009,15202,pm10,PM10,µg/m³,,,,
5601,"Lajpat Nagar, Moradabad - UPPCB",,28.825341,78.7213009,15207,pm25,PM2.5,µg/m³,,,,
5601,"Lajpat Nagar, Moradabad - UPPCB",,28.825341,78.7213009,14819,so2,SO₂ mass,µg/m³,,,,
5602,"Asansol Court Area, Asansol - WBPCB",,23.685297,86.945968,12234979,co,CO,ppb,,,,
5602,"Asansol Court Area, Asansol - WBPCB",,23.685297,86.945968,14822,co,CO mass,µg/m³,,,,
5602,"Asansol Court Area, Asansol - WBPCB",,23.685297,86.945968,14823,no2,NO₂ mass,µg/m³,,,,
5602,"Asansol Court Area, Asansol - WBPCB",,23.685297,86.945968,12234981,no2,NO₂,ppb,,,,
5602,"Asansol Court Area, Asansol - WBPCB",,23.685297,86.945968,14828,o3,O₃ mass,µg/m³,,,,
5602,"Asansol Court Area, Asansol - WBPCB",,23.685297,86.945968,12234982,o3,O₃ mass,µg/m³,,,,
5602,"Asansol Court Area, Asansol - WBPCB",,23.685297,86.945968,14833,pm10,PM10,µg/m³,,,,
5602,"Asansol Court Area, Asansol - WBPCB",,23.685297,86.945968,12234983,pm10,PM10,µg/m³,,,,
5602,"Asansol Court Area, Asansol - WBPCB",,23.685297,86.945968,14835,pm25,PM2.5,µg/m³,,,,
5602,"Asansol Court Area, Asansol - WBPCB",,23.685297,86.945968,12234984,pm25,PM2.5,µg/m³,,,,
5602,"Asansol Court Area, Asansol - WBPCB",,23.685297,86.945968,14837,so2,SO₂ mass,µg/m³,,,,
5602,"Asansol Court Area, Asansol - WBPCB",,23.685297,86.945968,12234986,so2,SO₂,ppb,,,,
5603,"Sector-2 Industrial Area, Pithampur - MPPCB",,22.624758,75.675238,12234916,co,CO,ppb,,,,
5603,"Sector-2 Industrial Area, Pithampur - MPPCB",,22.624758,75.675238,14839,co,CO mass,µg/m³,,,,
5603,"Sector-2 Industrial Area, Pithampur - MPPCB",,22.624758,75.675238,14836,no2,NO₂ mass,µg/m³,,,,
5603,"Sector-2 Industrial Area, Pithampur - MPPCB",,22.624758,75.675238,12234918,no2,NO₂,ppb,,,,
5603,"Sector-2 Industrial Area, Pithampur - MPPCB",,22.624758,75.675238,12234919,o3,O₃ mass,µg/m³,,,,
5603,"Sector-2 Industrial Area, Pithampur - MPPCB",,22.624758,75.675238,15268,o3,O₃ mass,µg/m³,,,,
5603,"Sector-2 Industrial Area, Pithampur - MPPCB",,22.624758,75.675238,14856,pm10,PM10,µg/m³,,,,
5603,"Sector-2 Industrial Area, Pithampur - MPPCB",,22.624758,75.675238,12234920,pm10,PM10,µg/m³,,,,
5603,"Sector-2 Industrial Area, Pithampur - MPPCB",,22.624758,75.675238,14891,pm25,PM2.5,µg/m³,,,,
5603,"Sector-2 Industrial Area, Pithampur - MPPCB",,22.624758,75.675238,12234921,pm25,PM2.5,µg/m³,,,,
5603,"Sector-2 Industrial Area, Pithampur - MPPCB",,22.624758,75.675238,14903,so2,SO₂ mass,µg/m³,,,,
5603,"Sector-2 Industrial Area, Pithampur - MPPCB",,22.624758,75.675238,12234923,so2,SO₂,ppb,,,,
5604,"Nishant Ganj, Lucknow - UPPCB",,26.871428,80.957145,14896,co,CO mass,µg/m³,,,,
5604,"Nishant Ganj, Lucknow - UPPCB",,26.871428,80.957145,15139,no2,NO₂ mass,µg/m³,,,,
5604,"Nishant Ganj, Lucknow - UPPCB",,26.871428,80.957145,15078,o3,O₃ mass,µg/m³,,,,
5604,"Nishant Ganj, Lucknow - UPPCB",,26.871428,80.957145,14845,pm25,PM2.5,µg/m³,,,,
5604,"Nishant Ganj, Lucknow - UPPCB",,26.871428,80.957145,14880,so2,SO₂ mass,µg/m³,,,,
5607,"Peenya, Bengaluru - CPCB",,13.0270199,77.494094,12235365,co,CO,ppb,,,,
5607,"Peenya, Bengaluru - CPCB",,13.0270199,77.494094,15270,co,CO mass,µg/m³,,,,
5607,"Peenya, Bengaluru - CPCB",,13.0270199,77.494094,14850,no2,NO₂ mass,µg/m³,,,,
5607,"Peenya, Bengaluru - CPCB",,13.0270199,77.494094,12235367,no2,NO₂,ppb,,,,
5607,"Peenya, Bengaluru - CPCB",,13.0270199,77.494094,40537,o3,O₃ mass,µg/m³,,,,
5607,"Peenya, Bengaluru - CPCB",,13.0270199,77.494094,12235368,o3,O₃ mass,µg/m³,,,,
5607,"Peenya, Bengaluru - CPCB",,13.0270199,77.494094,1303005,pm10,PM10,µg/m³,,,,
5607,"Peenya, Bengaluru - CPCB",,13.0270199,77.494094,12235369,pm10,PM10,µg/m³,,,,
5607,"Peenya, Bengaluru - CPCB",,13.0270199,77.494094,14859,pm25,PM2.5,µg/m³,,,,
5607,"Peenya, Bengaluru - CPCB",,13.0270199,77.494094,12235370,pm25,PM2.5,µg/m³,,,,
5607,"Peenya, Bengaluru - CPCB",,13.0270199,77.494094,12235372,so2,SO₂,ppb,,,,
5607,"Peenya, Bengaluru - CPCB",,13.0270199,77.494094,14862,so2,SO₂ mass,µg/m³,,,,
5608,"GM Office, Brajrajnagar - OSPCB",,21.8004996,83.8396977,15048,co,CO mass,µg/m³,,,,
5608,"GM Office, Brajrajnagar - OSPCB",,21.8004996,83.8396977,12234961,co,CO,ppb,,,,
5608,"GM Office, Brajrajnagar - OSPCB",,21.8004996,83.8396977,14987,no2,NO₂ mass,µg/m³,,,,
5608,"GM Office, Brajrajnagar - OSPCB",,21.8004996,83.8396977,12234963,no2,NO₂,ppb,,,,
5608,"GM Office, Brajrajnagar - OSPCB",,21.8004996,83.8396977,14954,o3,O₃ mass,µg/m³,,,,
5608,"GM Office, Brajrajnagar - OSPCB",,21.8004996,83.8396977,12234964,o3,O₃ mass,µg/m³,,,,
5608,"GM Office, Brajrajnagar - OSPCB",,21.8004996,83.8396977,14895,pm10,PM10,µg/m³,,,,
5608,"GM Office, Brajrajnagar - OSPCB",,21.8004996,83.8396977,12234965,pm10,PM10,µg/m³,,,,
5608,"GM Office, Brajrajnagar - OSPCB",,21.8004996,83.8396977,12234966,pm25,PM2.5,µg/m³,,,,
5608,"GM Office, Brajrajnagar - OSPCB",,21.8004996,83.8396977,14855,pm25,PM2.5,µg/m³,,,,
5608,"GM Office, Brajrajnagar - OSPCB",,21.8004996,83.8396977,15269,so2,SO₂ mass,µg/m³,,,,
5608,"GM Office, Brajrajnagar - OSPCB",,21.8004996,83.8396977,12234968,so2,SO₂,ppb,,,,
5609,"Anam Kala Kendram, Rajamahendravaram - APPCB",,16.9872867,81.7363176,12234889,co,CO,ppb,,,,
5609,"Anam Kala Kendram, Rajamahendravaram - APPCB",,16.9872867,81.7363176,14858,co,CO mass,µg/m³,,,,
5609,"Anam Kala Kendram, Rajamahendravaram - APPCB",,16.9872867,81.7363176,12234891,no2,NO₂,ppb,,,,
5609,"Anam Kala Kendram, Rajamahendravaram - APPCB",,16.9872867,81.7363176,14871,no2,NO₂ mass,µg/m³,,,,
5609,"Anam Kala Kendram, Rajamahendravaram - APPCB",,16.9872867,81.7363176,12234892,o3,O₃ mass,µg/m³,,,,
5609,"Anam Kala Kendram, Rajamahendravaram - APPCB",,16.9872867,81.7363176,14892,o3,O₃ mass,µg/m³,,,,
5609,"Anam Kala Kendram, Rajamahendravaram - APPCB",,16.9872867,81.7363176,14899,pm10,PM10,µg/m³,,,,
5609,"Anam Kala Kendram, Rajamahendravaram - APPCB",,16.9872867,81.7363176,12234893,pm10,PM10,µg/m³,,,,
5609,"Anam Kala Kendram, Rajamahendravaram - APPCB",,16.9872867,81.7363176,14907,pm25,PM2.5,µg/m³,,,,
5609,"Anam Kala Kendram, Rajamahendravaram - APPCB",,16.9872867,81.7363176,12234894,pm25,PM2.5,µg/m³,,,,
5609,"Anam Kala Kendram, Rajamahendravaram - APPCB",,16.9872867,81.7363176,12234896,so2,SO₂,ppb,,,,
5609,"Anam Kala Kendram, Rajamahendravaram - APPCB",,16.9872867,81.7363176,14925,so2,SO₂ mass,µg/m³,,,,
5610,"North Campus, DU, Delhi - IMD",,28.6573814,77.1585447,14909,co,CO mass,µg/m³,,,,
5610,"North Campus, DU, Delhi - IMD",,28.6573814,77.1585447,12234685,co,CO,ppb,,,,
5610,"North Campus, DU, Delhi - IMD",,28.6573814,77.1585447,14902,no2,NO₂ mass,µg/m³,,,,
5610,"North Campus, DU, Delhi - IMD",,28.6573814,77.1585447,12234687,no2,NO₂,ppb,,,,
5610,"North Campus, DU, Delhi - IMD",,28.6573814,77.1585447,12234688,o3,O₃ mass,µg/m³,,,,
5610,"North Campus, DU, Delhi - IMD",,28.6573814,77.1585447,14889,o3,O₃ mass,µg/m³,,,,
5610,"North Campus, DU, Delhi - IMD",,28.6573814,77.1585447,2007703,o3,O₃,ppm,,,,
5610,"North Campus, DU, Delhi - IMD",,28.6573814,77.1585447,12234689,pm10,PM10,µg/m³,,,,
5610,"North Campus, DU, Delhi - IMD",,28.6573814,77.1585447,14886,pm10,PM10,µg/m³,,,,
5610,"North Campus, DU, Delhi - IMD",,28.6573814,77.1585447,14860,pm25,PM2.5,µg/m³,,,,
5610,"North Campus, DU, Delhi - IMD",,28.6573814,77.1585447,12234690,pm25,PM2.5,µg/m³,,,,
5611,"Chandrapur, Chandrapur - MPCB",,19.645324,77.6345232,15125,co,CO mass,µg/m³,,,,
5611,"Chandrapur, Chandrapur - MPCB",,19.645324,77.6345232,15121,no2,NO₂ mass,µg/m³,,,,
5611,"Chandrapur, Chandrapur - MPCB",,19.645324,77.6345232,15114,o3,O₃ mass,µg/m³,,,,
5611,"Chandrapur, Chandrapur - MPCB",,19.645324,77.6345232,15029,pm10,PM10,µg/m³,,,,
5611,"Chandrapur, Chandrapur - MPCB",,19.645324,77.6345232,14937,pm25,PM2.5,µg/m³,,,,
5611,"Chandrapur, Chandrapur - MPCB",,19.645324,77.6345232,14863,so2,SO₂ mass,µg/m³,,,,
5612,"Shastri Nagar, Jaipur - RSPCB",,26.9502929,75.730943,12234871,co,CO,ppb,,,,
5612,"Shastri Nagar, Jaipur - RSPCB",,26.9502929,75.730943,14864,co,CO mass,µg/m³,,,,
5612,"Shastri Nagar, Jaipur - RSPCB",,26.9502929,75.730943,12234873,no2,NO₂,ppb,,,,
5612,"Shastri Nagar, Jaipur - RSPCB",,26.9502929,75.730943,14873,no2,NO₂ mass,µg/m³,,,,
5612,"Shastri Nagar, Jaipur - RSPCB",,26.9502929,75.730943,14888,o3,O₃ mass,µg/m³,,,,
5612,"Shastri Nagar, Jaipur - RSPCB",,26.9502929,75.730943,12234874,o3,O₃ mass,µg/m³,,,,
5612,"Shastri Nagar, Jaipur - RSPCB",,26.9502929,75.730943,12234875,pm10,PM10,µg/m³,,,,
5612,"Shastri Nagar, Jaipur - RSPCB",,26.9502929,75.730943,14894,pm10,PM10,µg/m³,,,,
5612,"Shastri Nagar, Jaipur - RSPCB",,26.9502929,75.730943,12234876,pm25,PM2.5,µg/m³,,,,
5612,"Shastri Nagar, Jaipur - RSPCB",,26.9502929,75.730943,15005,pm25,PM2.5,µg/m³,,,,
5612,"Shastri Nagar, Jaipur - RSPCB",,26.9502929,75.730943,12234878,so2,SO₂,ppb,,,,
5612,"Shastri Nagar, Jaipur - RSPCB",,26.9502929,75.730943,15134,so2,SO₂ mass,µg/m³,,,,
5613,"ITO, New Delhi - CPCB",,28.628624,77.24106,17782,co,CO mass,µg/m³,,,,
5613,"ITO, New Delhi - CPCB",,28.628624,77.24106,12234748,co,CO,ppb,,,,
5613,"ITO, New Delhi - CPCB",,28.628624,77.24106,14866,no2,NO₂ mass,µg/m³,,,,
5613,"ITO, New Delhi - CPCB",,28.628624,77.24106,12234750,no2,NO₂,ppb,,,,
5613,"ITO, New Delhi - CPCB",,28.628624,77.24106,12234751,o3,O₃ mass,µg/m³,,,,
5613,"ITO, New Delhi - CPCB",,28.628624,77.24106,17785,o3,O₃ mass,µg/m³,,,,
5613,"ITO, New Delhi - CPCB",,28.628624,77.24106,14869,pm10,PM10,µg/m³,,,,
5613,"ITO, New Delhi - CPCB",,28.628624,77.24106,12234752,pm10,PM10,µg/m³,,,,
5613,"ITO, New Delhi - CPCB",,28.628624,77.24106,14878,pm25,PM2.5,µg/m³,,,,
5613,"ITO, New Delhi - CPCB",,28.628624,77.24106,12234753,pm25,PM2.5,µg/m³,,,,
5613,"ITO, New Delhi - CPCB",,28.628624,77.24106,12234754,so2,SO₂,ppb,,,,
5613,"ITO, New Delhi - CPCB",,28.628624,77.24106,17781,so2,SO₂ mass,µg/m³,,,,
5614,"Padmapukur, Howrah - WBPCB",,22.5687319,88.2797276,14870,co,CO mass,µg/m³,,,,
5614,"Padmapukur, Howrah - WBPCB",,22.5687319,88.2797276,12234970,co,CO,ppb,,,,
5614,"Padmapukur, Howrah - WBPCB",,22.5687319,88.2797276,12234972,no2,NO₂,ppb,,,,
5614,"Padmapukur, Howrah - WBPCB",,22.5687319,88.2797276,14875,no2,NO₂ mass,µg/m³,,,,
5614,"Padmapukur, Howrah - WBPCB",,22.5687319,88.2797276,12234973,o3,O₃ mass,µg/m³,,,,
5614,"Padmapukur, Howrah - WBPCB",,22.5687319,88.2797276,14876,o3,O₃ mass,µg/m³,,,,
5614,"Padmapukur, Howrah - WBPCB",,22.5687319,88.2797276,12234974,pm10,PM10,µg/m³,,,,
5614,"Padmapukur, Howrah - WBPCB",,22.5687319,88.2797276,14882,pm10,PM10,µg/m³,,,,
5614,"Padmapukur, Howrah - WBPCB",,22.5687319,88.2797276,12234975,pm25,PM2.5,µg/m³,,,,
5614,"Padmapukur, Howrah - WBPCB",,22.5687319,88.2797276,14883,pm25,PM2.5,µg/m³,,,,
5614,"Padmapukur, Howrah - WBPCB",,22.5687319,88.2797276,14885,so2,SO₂ mass,µg/m³,,,,
5614,"Padmapukur, Howrah - WBPCB",,22.5687319,88.2797276,12234977,so2,SO₂,ppb,,,,
5615,"Sidhu Kanhu Indoor Stadium, Durgapur - WBPCB",,23.5404352,87.2892225,14901,co,CO mass,µg/m³,,,,
5615,"Sidhu Kanhu Indoor Stadium, Durgapur - WBPCB",,23.5404352,87.2892225,12235587,co,CO,ppb,,,,
5615,"Sidhu Kanhu Indoor Stadium, Durgapur - WBPCB",,23.5404352,87.2892225,12235589,no2,NO₂,ppb,,,,
5615,"Sidhu Kanhu Indoor Stadium, Durgapur - WBPCB",,23.5404352,87.2892225,14900,no2,NO₂ mass,µg/m³,,,,
5615,"Sidhu Kanhu Indoor Stadium, Durgapur - WBPCB",,23.5404352,87.2892225,12235590,o3,O₃ mass,µg/m³,,,,
5615,"Sidhu Kanhu Indoor Stadium, Durgapur - WBPCB",,23.5404352,87.2892225,14897,o3,O₃ mass,µg/m³,,,,
5615,"Sidhu Kanhu Indoor Stadium, Durgapur - WBPCB",,23.5404352,87.2892225,14890,pm10,PM10,µg/m³,,,,
5615,"Sidhu Kanhu Indoor Stadium, Durgapur - WBPCB",,23.5404352,87.2892225,12235591,pm10,PM10,µg/m³,,,,
5615,"Sidhu Kanhu Indoor Stadium, Durgapur - WBPCB",,23.5404352,87.2892225,12235592,pm25,PM2.5,µg/m³,,,,
5615,"Sidhu Kanhu Indoor Stadium, Durgapur - WBPCB",,23.5404352,87.2892225,234003,pm25,PM2.5,µg/m³,,,,
5615,"Sidhu Kanhu Indoor Stadium, Durgapur - WBPCB",,23.5404352,87.2892225,12235594,so2,SO₂,ppb,,,,
5615,"Sidhu Kanhu Indoor Stadium, Durgapur - WBPCB",,23.5404352,87.2892225,14872,so2,SO₂ mass,µg/m³,,,,
5616,"Sector - 62, Noida, UP - IMD",,28.6245479,77.3577104,12234715,co,CO,ppb,,,,
5616,"Sector - 62, Noida, UP - IMD",,28.6245479,77.3577104,12234717,no2,NO₂,ppb,,,,
5616,"Sector - 62, Noida, UP - IMD",,28.6245479,77.3577104,12234718,o3,O₃ mass,µg/m³,,,,
5616,"Sector - 62, Noida, UP - IMD",,28.6245479,77.3577104,12234719,pm10,PM10,µg/m³,,,,
5616,"Sector - 62, Noida, UP - IMD",,28.6245479,77.3577104,12234720,pm25,PM2.5,µg/m³,,,,
5617,"Sector- 16A, Faridabad - HSPCB",,28.4088421,77.3099081,17865,co,CO mass,µg/m³,,,,
5617,"Sector- 16A, Faridabad - HSPCB",,28.4088421,77.3099081,14887,no2,NO₂ mass,µg/m³,,,,
5617,"Sector- 16A, Faridabad - HSPCB",,28.4088421,77.3099081,15229,o3,O₃ mass,µg/m³,,,,
5617,"Sector- 16A, Faridabad - HSPCB",,28.4088421,77.3099081,17547,pm10,PM10,µg/m³,,,,
5617,"Sector- 16A, Faridabad - HSPCB",,28.4088421,77.3099081,14930,pm25,PM2.5,µg/m³,,,,
5617,"Sector- 16A, Faridabad - HSPCB",,28.4088421,77.3099081,15107,so2,SO₂ mass,µg/m³,,,,
5619,"Vindhyachal STPS, Singrauli - MPPCB",,24.10897,82.64558,14904,co,CO mass,µg/m³,,,,
5619,"Vindhyachal STPS, Singrauli - MPPCB",,24.10897,82.64558,12234907,co,CO,ppb,,,,
5619,"Vindhyachal STPS, Singrauli - MPPCB",,24.10897,82.64558,12234909,no2,NO₂,ppb,,,,
5619,"Vindhyachal STPS, Singrauli - MPPCB",,24.10897,82.64558,14906,no2,NO₂ mass,µg/m³,,,,
5619,"Vindhyachal STPS, Singrauli - MPPCB",,24.10897,82.64558,12234910,o3,O₃ mass,µg/m³,,,,
5619,"Vindhyachal STPS, Singrauli - MPPCB",,24.10897,82.64558,14910,o3,O₃ mass,µg/m³,,,,
5619,"Vindhyachal STPS, Singrauli - MPPCB",,24.10897,82.64558,12234911,pm10,PM10,µg/m³,,,,
5619,"Vindhyachal STPS, Singrauli - MPPCB",,24.10897,82.64558,14913,pm10,PM10,µg/m³,,,,
5619,"Vindhyachal STPS, Singrauli - MPPCB",,24.10897,82.64558,14914,pm25,PM2.5,µg/m³,,,,
5619,"Vindhyachal STPS, Singrauli - MPPCB",,24.10897,82.64558,12234912,pm25,PM2.5,µg/m³,,,,
5619,"Vindhyachal STPS, Singrauli - MPPCB",,24.10897,82.64558,14915,so2,SO₂ mass,µg/m³,,,,
5619,"Vindhyachal STPS, Singrauli - MPPCB",,24.10897,82.64558,12234914,so2,SO₂,ppb,,,,
5621,"Opp GPO Civil Lines, Nagpur - MPCB",,21.152875,79.0517531,12235621,co,CO,ppb,,,,
5621,"Opp GPO Civil Lines, Nagpur - MPCB",,21.152875,79.0517531,14940,co,CO mass,µg/m³,,,,
5621,"Opp GPO Civil Lines, Nagpur - MPCB",,21.152875,79.0517531,12235623,no2,NO₂,ppb,,,,
5621,"Opp GPO Civil Lines, Nagpur - MPCB",,21.152875,79.0517531,14927,no2,NO₂ mass,µg/m³,,,,
5621,"Opp GPO Civil Lines, Nagpur - MPCB",,21.152875,79.0517531,14908,o3,O₃ mass,µg/m³,,,,
5621,"Opp GPO Civil Lines, Nagpur - MPCB",,21.152875,79.0517531,12235624,o3,O₃ mass,µg/m³,,,,
5621,"Opp GPO Civil Lines, Nagpur - MPCB",,21.152875,79.0517531,12235625,pm10,PM10,µg/m³,,,,
5621,"Opp GPO Civil Lines, Nagpur - MPCB",,21.152875,79.0517531,15259,pm10,PM10,µg/m³,,,,
5621,"Opp GPO Civil Lines, Nagpur - MPCB",,21.152875,79.0517531,12235626,pm25,PM2.5,µg/m³,,,,
5621,"Opp GPO Civil Lines, Nagpur - MPCB",,21.152875,79.0517531,15258,pm25,PM2.5,µg/m³,,,,
5621,"Opp GPO Civil Lines, Nagpur - MPCB",,21.152875,79.0517531,15245,so2,SO₂ mass,µg/m³,,,,
5621,"Opp GPO Civil Lines, Nagpur - MPCB",,21.152875,79.0517531,12235628,so2,SO₂,ppb,,,,
5622,"NSIT Dwarka, Delhi - CPCB",,28.60909,77.0325413,12234739,co,CO,ppb,,,,
5622,"NSIT Dwarka, Delhi - CPCB",,28.60909,77.0325413,14916,co,CO mass,µg/m³,,,,
5622,"NSIT Dwarka, Delhi - CPCB",,28.60909,77.0325413,14919,no2,NO₂ mass,µg/m³,,,,
5622,"NSIT Dwarka, Delhi - CPCB",,28.60909,77.0325413,12234741,no2,NO₂,ppb,,,,
5622,"NSIT Dwarka, Delhi - CPCB",,28.60909,77.0325413,14920,o3,O₃ mass,µg/m³,,,,
5622,"NSIT Dwarka, Delhi - CPCB",,28.60909,77.0325413,12234742,o3,O₃ mass,µg/m³,,,,
5622,"NSIT Dwarka, Delhi - CPCB",,28.60909,77.0325413,34957,pm10,PM10,µg/m³,,,,
5622,"NSIT Dwarka, Delhi - CPCB",,28.60909,77.0325413,12234743,pm10,PM10,µg/m³,,,,
5622,"NSIT Dwarka, Delhi - CPCB",,28.60909,77.0325413,12234744,pm25,PM2.5,µg/m³,,,,
5622,"NSIT Dwarka, Delhi - CPCB",,28.60909,77.0325413,14922,pm25,PM2.5,µg/m³,,,,
5622,"NSIT Dwarka, Delhi - CPCB",,28.60909,77.0325413,14923,so2,SO₂ mass,µg/m³,,,,
5622,"NSIT Dwarka, Delhi - CPCB",,28.60909,77.0325413,12234746,so2,SO₂,ppb,,,,
5623,"Central University, Hyderabad - TSPCB",,17.460103,78.334361,15193,co,CO mass,µg/m³,,,,
5623,"Central University, Hyderabad - TSPCB",,17.460103,78.334361,12242116,co,CO,ppb,,,,
5623,"Central University, Hyderabad - TSPCB",,17.460103,78.334361,14918,no2,NO₂ mass,µg/m³,,,,
5623,"Central University, Hyderabad - TSPCB",,17.460103,78.334361,12242118,no2,NO₂,ppb,,,,
5623,"Central University, Hyderabad - TSPCB",,17.460103,78.334361,15034,o3,O₃ mass,µg/m³,,,,
5623,"Central University, Hyderabad - TSPCB",,17.460103,78.334361,12242119,o3,O₃ mass,µg/m³,,,,
5623,"Central University, Hyderabad - TSPCB",,17.460103,78.334361,12242120,pm10,PM10,µg/m³,,,,
5623,"Central University, Hyderabad - TSPCB",,17.460103,78.334361,15046,pm10,PM10,µg/m³,,,,
5623,"Central University, Hyderabad - TSPCB",,17.460103,78.334361,12242121,pm25,PM2.5,µg/m³,,,,
5623,"Central University, Hyderabad - TSPCB",,17.460103,78.334361,15178,pm25,PM2.5,µg/m³,,,,
5623,"Central University, Hyderabad - TSPCB",,17.460103,78.334361,15167,so2,SO₂ mass,µg/m³,,,,
5623,"Central University, Hyderabad - TSPCB",,17.460103,78.334361,12242123,so2,SO₂,ppb,,,,
5624,"IDA Pashamylaram, Hyderabad - TSPCB",,17.5316895,78.218939,15228,co,CO mass,µg/m³,,,,
5624,"IDA Pashamylaram, Hyderabad - TSPCB",,17.5316895,78.218939,12235500,co,CO,ppb,,,,
5624,"IDA Pashamylaram, Hyderabad - TSPCB",,17.5316895,78.218939,12235502,no2,NO₂,ppb,,,,
5624,"IDA Pashamylaram, Hyderabad - TSPCB",,17.5316895,78.218939,15226,no2,NO₂ mass,µg/m³,,,,
5624,"IDA Pashamylaram, Hyderabad - TSPCB",,17.5316895,78.218939,12235503,o3,O₃ mass,µg/m³,,,,
5624,"IDA Pashamylaram, Hyderabad - TSPCB",,17.5316895,78.218939,15220,o3,O₃ mass,µg/m³,,,,
5624,"IDA Pashamylaram, Hyderabad - TSPCB",,17.5316895,78.218939,15230,pm10,PM10,µg/m³,,,,
5624,"IDA Pashamylaram, Hyderabad - TSPCB",,17.5316895,78.218939,12235504,pm10,PM10,µg/m³,,,,
5624,"IDA Pashamylaram, Hyderabad - TSPCB",,17.5316895,78.218939,15213,pm25,PM2.5,µg/m³,,,,
5624,"IDA Pashamylaram, Hyderabad - TSPCB",,17.5316895,78.218939,12235505,pm25,PM2.5,µg/m³,,,,
5624,"IDA Pashamylaram, Hyderabad - TSPCB",,17.5316895,78.218939,12235507,so2,SO₂,ppb,,,,
5624,"IDA Pashamylaram, Hyderabad - TSPCB",,17.5316895,78.218939,14928,so2,SO₂ mass,µg/m³,,,,
5625,"RIMT University, Mandi Gobindgarh - PPCB",,30.649961,76.331442,15101,co,CO mass,µg/m³,,,,
5625,"RIMT University, Mandi Gobindgarh - PPCB",,30.649961,76.331442,12235429,co,CO,ppb,,,,
5625,"RIMT University, Mandi Gobindgarh - PPCB",,30.649961,76.331442,12235431,no2,NO₂,ppb,,,,
5625,"RIMT University, Mandi Gobindgarh - PPCB",,30.649961,76.331442,15009,no2,NO₂ mass,µg/m³,,,,
5625,"RIMT University, Mandi Gobindgarh - PPCB",,30.649961,76.331442,12235432,o3,O₃ mass,µg/m³,,,,
5625,"RIMT University, Mandi Gobindgarh - PPCB",,30.649961,76.331442,14992,o3,O₃ mass,µg/m³,,,,
5625,"RIMT University, Mandi Gobindgarh - PPCB",,30.649961,76.331442,12235433,pm10,PM10,µg/m³,,,,
5625,"RIMT University, Mandi Gobindgarh - PPCB",,30.649961,76.331442,14960,pm10,PM10,µg/m³,,,,
5625,"RIMT University, Mandi Gobindgarh - PPCB",,30.649961,76.331442,14945,pm25,PM2.5,µg/m³,,,,
5625,"RIMT University, Mandi Gobindgarh - PPCB",,30.649961,76.331442,12235434,pm25,PM2.5,µg/m³,,,,
5625,"RIMT University, Mandi Gobindgarh - PPCB",,30.649961,76.331442,12235436,so2,SO₂,ppb,,,,
5625,"RIMT University, Mandi Gobindgarh - PPCB",,30.649961,76.331442,14932,so2,SO₂ mass,µg/m³,,,,
5626,"DTU, New Delhi - CPCB",,28.7500499,77.1112615,14933,co,CO mass,µg/m³,,,,
5626,"DTU, New Delhi - CPCB",,28.7500499,77.1112615,12234755,co,CO,ppb,,,,
5626,"DTU, New Delhi - CPCB",,28.7500499,77.1112615,14941,no2,NO₂ mass,µg/m³,,,,
5626,"DTU, New Delhi - CPCB",,28.7500499,77.1112615,12234757,no2,NO₂,ppb,,,,
5626,"DTU, New Delhi - CPCB",,28.7500499,77.1112615,12234758,o3,O₃ mass,µg/m³,,,,
5626,"DTU, New Delhi - CPCB",,28.7500499,77.1112615,14949,o3,O₃ mass,µg/m³,,,,
5626,"DTU, New Delhi - CPCB",,28.7500499,77.1112615,12234759,pm10,PM10,µg/m³,,,,
5626,"DTU, New Delhi - CPCB",,28.7500499,77.1112615,14974,pm10,PM10,µg/m³,,,,
5626,"DTU, New Delhi - CPCB",,28.7500499,77.1112615,14985,pm25,PM2.5,µg/m³,,,,
5626,"DTU, New Delhi - CPCB",,28.7500499,77.1112615,12234760,pm25,PM2.5,µg/m³,,,,
5626,"DTU, New Delhi - CPCB",,28.7500499,77.1112615,12234762,so2,SO₂,ppb,,,,
5626,"DTU, New Delhi - CPCB",,28.7500499,77.1112615,17766,so2,SO₂ mass,µg/m³,,,,
5627,"CRRI Mathura Road, New Delhi - IMD",,28.5512005,77.2735737,12234673,co,CO,ppb,,,,
5627,"CRRI Mathura Road, New Delhi - IMD",,28.5512005,77.2735737,15098,co,CO mass,µg/m³,,,,
5627,"CRRI Mathura Road, New Delhi - IMD",,28.5512005,77.2735737,15082,no2,NO₂ mass,µg/m³,,,,
5627,"CRRI Mathura Road, New Delhi - IMD",,28.5512005,77.2735737,12234675,no2,NO₂,ppb,,,,
5627,"CRRI Mathura Road, New Delhi - IMD",,28.5512005,77.2735737,15063,o3,O₃ mass,µg/m³,,,,
5627,"CRRI Mathura Road, New Delhi - IMD",,28.5512005,77.2735737,12234676,o3,O₃ mass,µg/m³,,,,
5627,"CRRI Mathura Road, New Delhi - IMD",,28.5512005,77.2735737,14946,pm10,PM10,µg/m³,,,,
5627,"CRRI Mathura Road, New Delhi - IMD",,28.5512005,77.2735737,12234677,pm10,PM10,µg/m³,,,,
5627,"CRRI Mathura Road, New Delhi - IMD",,28.5512005,77.2735737,12234678,pm25,PM2.5,µg/m³,,,,
5627,"CRRI Mathura Road, New Delhi - IMD",,28.5512005,77.2735737,14935,pm25,PM2.5,µg/m³,,,,
5628,"GVM Corporation, Visakhapatnam - APPCB",,17.722682,83.308197,12235455,co,CO,ppb,,,,
5628,"GVM Corporation, Visakhapatnam - APPCB",,17.722682,83.308197,14969,co,CO mass,µg/m³,,,,
5628,"GVM Corporation, Visakhapatnam - APPCB",,17.722682,83.308197,12235457,no2,NO₂,ppb,,,,
5628,"GVM Corporation, Visakhapatnam - APPCB",,17.722682,83.308197,14957,no2,NO₂ mass,µg/m³,,,,
5628,"GVM Corporation, Visakhapatnam - APPCB",,17.722682,83.308197,12235458,o3,O₃ mass,µg/m³,,,,
5628,"GVM Corporation, Visakhapatnam - APPCB",,17.722682,83.308197,14950,o3,O₃ mass,µg/m³,,,,
5628,"GVM Corporation, Visakhapatnam - APPCB",,17.722682,83.308197,14947,pm10,PM10,µg/m³,,,,
5628,"GVM Corporation, Visakhapatnam - APPCB",,17.722682,83.308197,12235459,pm10,PM10,µg/m³,,,,
5628,"GVM Corporation, Visakhapatnam - APPCB",,17.722682,83.308197,14944,pm25,PM2.5,µg/m³,,,,
5628,"GVM Corporation, Visakhapatnam - APPCB",,17.722682,83.308197,12235460,pm25,PM2.5,µg/m³,,,,
5628,"GVM Corporation, Visakhapatnam - APPCB",,17.722682,83.308197,12235462,so2,SO₂,ppb,,,,
5628,"GVM Corporation, Visakhapatnam - APPCB",,17.722682,83.308197,14939,so2,SO₂ mass,µg/m³,,,,
5630,"Shadipur, Delhi - CPCB",,28.6514781,77.1473105,12234721,co,CO,ppb,,,,
5630,"Shadipur, Delhi - CPCB",,28.6514781,77.1473105,15119,co,CO mass,µg/m³,,,,
5630,"Shadipur, Delhi - CPCB",,28.6514781,77.1473105,15053,no2,NO₂ mass,µg/m³,,,,
5630,"Shadipur, Delhi - CPCB",,28.6514781,77.1473105,12234723,no2,NO₂,ppb,,,,
5630,"Shadipur, Delhi - CPCB",,28.6514781,77.1473105,12234724,o3,O₃ mass,µg/m³,,,,
5630,"Shadipur, Delhi - CPCB",,28.6514781,77.1473105,15011,o3,O₃ mass,µg/m³,,,,
5630,"Shadipur, Delhi - CPCB",,28.6514781,77.1473105,36210,pm10,PM10,µg/m³,,,,
5630,"Shadipur, Delhi - CPCB",,28.6514781,77.1473105,12234725,pm10,PM10,µg/m³,,,,
5630,"Shadipur, Delhi - CPCB",,28.6514781,77.1473105,12234726,pm25,PM2.5,µg/m³,,,,
5630,"Shadipur, Delhi - CPCB",,28.6514781,77.1473105,14959,pm25,PM2.5,µg/m³,,,,
5630,"Shadipur, Delhi - CPCB",,28.6514781,77.1473105,12234728,so2,SO₂,ppb,,,,
5630,"Shadipur, Delhi - CPCB",,28.6514781,77.1473105,14952,so2,SO₂ mass,µg/m³,,,,
5631,"Maninagar, Ahmedabad - GPCB",,23.002657,72.591912,12235666,co,CO,ppb,,,,
5631,"Maninagar, Ahmedabad - GPCB",,23.002657,72.591912,14996,co,CO mass,µg/m³,,,,
5631,"Maninagar, Ahmedabad - GPCB",,23.002657,72.591912,12235668,no2,NO₂,ppb,,,,
5631,"Maninagar, Ahmedabad - GPCB",,23.002657,72.591912,14991,no2,NO₂ mass,µg/m³,,,,
5631,"Maninagar, Ahmedabad - GPCB",,23.002657,72.591912,14986,o3,O₃ mass,µg/m³,,,,
5631,"Maninagar, Ahmedabad - GPCB",,23.002657,72.591912,12235669,o3,O₃ mass,µg/m³,,,,
5631,"Maninagar, Ahmedabad - GPCB",,23.002657,72.591912,12235670,pm10,PM10,µg/m³,,,,
5631,"Maninagar, Ahmedabad - GPCB",,23.002657,72.591912,35977,pm10,PM10,µg/m³,,,,
5631,"Maninagar, Ahmedabad - GPCB",,23.002657,72.591912,12235671,pm25,PM2.5,µg/m³,,,,
5631,"Maninagar, Ahmedabad - GPCB",,23.002657,72.591912,14964,pm25,PM2.5,µg/m³,,,,
5631,"Maninagar, Ahmedabad - GPCB",,23.002657,72.591912,14963,so2,SO₂ mass,µg/m³,,,,
5631,"Maninagar, Ahmedabad - GPCB",,23.002657,72.591912,12235673,so2,SO₂,ppb,,,,
5632,"Sector-D Industrial Area, Mandideep - MPPCB",,23.10844,77.511428,14965,co,CO mass,µg/m³,,,,
5632,"Sector-D Industrial Area, Mandideep - MPPCB",,23.10844,77.511428,12234925,co,CO,ppb,,,,
5632,"Sector-D Industrial Area, Mandideep - MPPCB",,23.10844,77.511428,14968,no2,NO₂ mass,µg/m³,,,,
5632,"Sector-D Industrial Area, Mandideep - MPPCB",,23.10844,77.511428,12234927,no2,NO₂,ppb,,,,
5632,"Sector-D Industrial Area, Mandideep - MPPCB",,23.10844,77.511428,14972,o3,O₃ mass,µg/m³,,,,
5632,"Sector-D Industrial Area, Mandideep - MPPCB",,23.10844,77.511428,12234928,o3,O₃ mass,µg/m³,,,,
5632,"Sector-D Industrial Area, Mandideep - MPPCB",,23.10844,77.511428,14989,pm10,PM10,µg/m³,,,,
5632,"Sector-D Industrial Area, Mandideep - MPPCB",,23.10844,77.511428,12234929,pm10,PM10,µg/m³,,,,
5632,"Sector-D Industrial Area, Mandideep - MPPCB",,23.10844,77.511428,12234930,pm25,PM2.5,µg/m³,,,,
5632,"Sector-D Industrial Area, Mandideep - MPPCB",,23.10844,77.511428,14995,pm25,PM2.5,µg/m³,,,,
5632,"Sector-D Industrial Area, Mandideep - MPPCB",,23.10844,77.511428,15001,so2,SO₂ mass,µg/m³,,,,
5632,"Sector-D Industrial Area, Mandideep - MPPCB",,23.10844,77.511428,12234932,so2,SO₂,ppb,,,,
5633,"Police Commissionerate, Jaipur - RSPCB",,26.9164092,75.7994901,12234800,co,CO,ppb,,,,
5633,"Police Commissionerate, Jaipur - RSPCB",,26.9164092,75.7994901,14982,co,CO mass,µg/m³,,,,
5633,"Police Commissionerate, Jaipur - RSPCB",,26.9164092,75.7994901,12234802,no2,NO₂,ppb,,,,
5633,"Police Commissionerate, Jaipur - RSPCB",,26.9164092,75.7994901,14977,no2,NO₂ mass,µg/m³,,,,
5633,"Police Commissionerate, Jaipur - RSPCB",,26.9164092,75.7994901,12234803,o3,O₃ mass,µg/m³,,,,
5633,"Police Commissionerate, Jaipur - RSPCB",,26.9164092,75.7994901,14975,o3,O₃ mass,µg/m³,,,,
5633,"Police Commissionerate, Jaipur - RSPCB",,26.9164092,75.7994901,14973,pm10,PM10,µg/m³,,,,
5633,"Police Commissionerate, Jaipur - RSPCB",,26.9164092,75.7994901,12234804,pm10,PM10,µg/m³,,,,
5633,"Police Commissionerate, Jaipur - RSPCB",,26.9164092,75.7994901,12234805,pm25,PM2.5,µg/m³,,,,
5633,"Police Commissionerate, Jaipur - RSPCB",,26.9164092,75.7994901,14971,pm25,PM2.5,µg/m³,,,,
5633,"Police Commissionerate, Jaipur - RSPCB",,26.9164092,75.7994901,12234807,so2,SO₂,ppb,,,,
5633,"Police Commissionerate, Jaipur - RSPCB",,26.9164092,75.7994901,14970,so2,SO₂ mass,µg/m³,,,,
5634,"Lodhi Road, New Delhi - IMD",,28.5918245,77.2273074,14978,co,CO mass,µg/m³,,,,
5634,"Lodhi Road, New Delhi - IMD",,28.5918245,77.2273074,12234709,co,CO,ppb,,,,
5634,"Lodhi Road, New Delhi - IMD",,28.5918245,77.2273074,14980,no2,NO₂ mass,µg/m³,,,,
5634,"Lodhi Road, New Delhi - IMD",,28.5918245,77.2273074,12234711,no2,NO₂,ppb,,,,
5634,"Lodhi Road, New Delhi - IMD",,28.5918245,77.2273074,14981,o3,O₃ mass,µg/m³,,,,
5634,"Lodhi Road, New Delhi - IMD",,28.5918245,77.2273074,12234712,o3,O₃ mass,µg/m³,,,,
5634,"Lodhi Road, New Delhi - IMD",,28.5918245,77.2273074,12234713,pm10,PM10,µg/m³,,,,
5634,"Lodhi Road, New Delhi - IMD",,28.5918245,77.2273074,14983,pm10,PM10,µg/m³,,,,
5634,"Lodhi Road, New Delhi - IMD",,28.5918245,77.2273074,12234714,pm25,PM2.5,µg/m³,,,,
5634,"Lodhi Road, New Delhi - IMD",,28.5918245,77.2273074,14984,pm25,PM2.5,µg/m³,,,,
5635,"Adarsh Nagar, Jaipur - RSPCB",,26.902909,75.836858,14988,co,CO mass,µg/m³,,,,
5635,"Adarsh Nagar, Jaipur - RSPCB",,26.902909,75.836858,12234845,co,CO,ppb,,,,
5635,"Adarsh Nagar, Jaipur - RSPCB",,26.902909,75.836858,12234847,no2,NO₂,ppb,,,,
5635,"Adarsh Nagar, Jaipur - RSPCB",,26.902909,75.836858,15122,no2,NO₂ mass,µg/m³,,,,
5635,"Adarsh Nagar, Jaipur - RSPCB",,26.902909,75.836858,15127,o3,O₃ mass,µg/m³,,,,
5635,"Adarsh Nagar, Jaipur - RSPCB",,26.902909,75.836858,12234848,o3,O₃ mass,µg/m³,,,,
5635,"Adarsh Nagar, Jaipur - RSPCB",,26.902909,75.836858,12234849,pm10,PM10,µg/m³,,,,
5635,"Adarsh Nagar, Jaipur - RSPCB",,26.902909,75.836858,15162,pm10,PM10,µg/m³,,,,
5635,"Adarsh Nagar, Jaipur - RSPCB",,26.902909,75.836858,15195,pm25,PM2.5,µg/m³,,,,
5635,"Adarsh Nagar, Jaipur - RSPCB",,26.902909,75.836858,12234850,pm25,PM2.5,µg/m³,,,,
5635,"Adarsh Nagar, Jaipur - RSPCB",,26.902909,75.836858,15186,so2,SO₂ mass,µg/m³,,,,
5635,"Adarsh Nagar, Jaipur - RSPCB",,26.902909,75.836858,12234851,so2,SO₂,ppb,,,,
5636,"Shrinath Puram, Kota - RSPCB",,25.14389,75.821256,15054,co,CO mass,µg/m³,,,,
5636,"Shrinath Puram, Kota - RSPCB",,25.14389,75.821256,12234853,co,CO,ppb,,,,
5636,"Shrinath Puram, Kota - RSPCB",,25.14389,75.821256,12234855,no2,NO₂,ppb,,,,
5636,"Shrinath Puram, Kota - RSPCB",,25.14389,75.821256,15000,no2,NO₂ mass,µg/m³,,,,
5636,"Shrinath Puram, Kota - RSPCB",,25.14389,75.821256,20047,o3,O₃ mass,µg/m³,,,,
5636,"Shrinath Puram, Kota - RSPCB",,25.14389,75.821256,12234856,o3,O₃ mass,µg/m³,,,,
5636,"Shrinath Puram, Kota - RSPCB",,25.14389,75.821256,12234857,pm10,PM10,µg/m³,,,,
5636,"Shrinath Puram, Kota - RSPCB",,25.14389,75.821256,14999,pm10,PM10,µg/m³,,,,
5636,"Shrinath Puram, Kota - RSPCB",,25.14389,75.821256,14997,pm25,PM2.5,µg/m³,,,,
5636,"Shrinath Puram, Kota - RSPCB",,25.14389,75.821256,12234858,pm25,PM2.5,µg/m³,,,,
5636,"Shrinath Puram, Kota - RSPCB",,25.14389,75.821256,14994,so2,SO₂ mass,µg/m³,,,,
5636,"Shrinath Puram, Kota - RSPCB",,25.14389,75.821256,12234860,so2,SO₂,ppb,,,,
5638,"Indira Colony Vistar, Pali - RSPCB",,25.771061,73.340227,12234862,co,CO,ppb,,,,
5638,"Indira Colony Vistar, Pali - RSPCB",,25.771061,73.340227,15006,co,CO mass,µg/m³,,,,
5638,"Indira Colony Vistar, Pali - RSPCB",,25.771061,73.340227,12234864,no2,NO₂,ppb,,,,
5638,"Indira Colony Vistar, Pali - RSPCB",,25.771061,73.340227,15018,no2,NO₂ mass,µg/m³,,,,
5638,"Indira Colony Vistar, Pali - RSPCB",,25.771061,73.340227,12234865,o3,O₃ mass,µg/m³,,,,
5638,"Indira Colony Vistar, Pali - RSPCB",,25.771061,73.340227,15036,o3,O₃ mass,µg/m³,,,,
5638,"Indira Colony Vistar, Pali - RSPCB",,25.771061,73.340227,12234866,pm10,PM10,µg/m³,,,,
5638,"Indira Colony Vistar, Pali - RSPCB",,25.771061,73.340227,15040,pm10,PM10,µg/m³,,,,
5638,"Indira Colony Vistar, Pali - RSPCB",,25.771061,73.340227,15043,pm25,PM2.5,µg/m³,,,,
5638,"Indira Colony Vistar, Pali - RSPCB",,25.771061,73.340227,12234867,pm25,PM2.5,µg/m³,,,,
5638,"Indira Colony Vistar, Pali - RSPCB",,25.771061,73.340227,12234869,so2,SO₂,ppb,,,,
5638,"Indira Colony Vistar, Pali - RSPCB",,25.771061,73.340227,15044,so2,SO₂ mass,µg/m³,,,,
5639,"R K Puram, New Delhi - DPCC",,28.5646102,77.1670103,15008,co,CO mass,µg/m³,,,,
5639,"R K Puram, New Delhi - DPCC",,28.5646102,77.1670103,15030,no2,NO₂ mass,µg/m³,,,,
5639,"R K Puram, New Delhi - DPCC",,28.5646102,77.1670103,15042,o3,O₃ mass,µg/m³,,,,
5639,"R K Puram, New Delhi - DPCC",,28.5646102,77.1670103,15059,pm10,PM10,µg/m³,,,,
5639,"R K Puram, New Delhi - DPCC",,28.5646102,77.1670103,15071,pm25,PM2.5,µg/m³,,,,
5639,"R K Puram, New Delhi - DPCC",,28.5646102,77.1670103,15092,so2,SO₂ mass,µg/m³,,,,
5641,"Mandir Marg, New Delhi - DPCC",,28.6372688,77.2005604,15028,co,CO mass,µg/m³,,,,
5641,"Mandir Marg, New Delhi - DPCC",,28.6372688,77.2005604,15025,no2,NO₂ mass,µg/m³,,,,
5641,"Mandir Marg, New Delhi - DPCC",,28.6372688,77.2005604,15023,o3,O₃ mass,µg/m³,,,,
5641,"Mandir Marg, New Delhi - DPCC",,28.6372688,77.2005604,15022,pm10,PM10,µg/m³,,,,
5641,"Mandir Marg, New Delhi - DPCC",,28.6372688,77.2005604,15014,pm25,PM2.5,µg/m³,,,,
5641,"Mandir Marg, New Delhi - DPCC",,28.6372688,77.2005604,15013,so2,SO₂ mass,µg/m³,,,,
5642,"More Chowk Waluj, Aurangabad - MPCB",,19.8389439,75.244448,12235386,co,CO,ppb,,,,
5642,"More Chowk Waluj, Aurangabad - MPCB",,19.8389439,75.244448,15060,co,CO mass,µg/m³,,,,
5642,"More Chowk Waluj, Aurangabad - MPCB",,19.8389439,75.244448,15090,no2,NO₂ mass,µg/m³,,,,
5642,"More Chowk Waluj, Aurangabad - MPCB",,19.8389439,75.244448,12235388,no2,NO₂,ppb,,,,
5642,"More Chowk Waluj, Aurangabad - MPCB",,19.8389439,75.244448,12235389,o3,O₃ mass,µg/m³,,,,
5642,"More Chowk Waluj, Aurangabad - MPCB",,19.8389439,75.244448,15091,o3,O₃ mass,µg/m³,,,,
5642,"More Chowk Waluj, Aurangabad - MPCB",,19.8389439,75.244448,12235390,pm10,PM10,µg/m³,,,,
5642,"More Chowk Waluj, Aurangabad - MPCB",,19.8389439,75.244448,15096,pm10,PM10,µg/m³,,,,
5642,"More Chowk Waluj, Aurangabad - MPCB",,19.8389439,75.244448,15105,pm25,PM2.5,µg/m³,,,,
5642,"More Chowk Waluj, Aurangabad - MPCB",,19.8389439,75.244448,12235391,pm25,PM2.5,µg/m³,,,,
5642,"More Chowk Waluj, Aurangabad - MPCB",,19.8389439,75.244448,15020,so2,SO₂ mass,µg/m³,,,,
5642,"More Chowk Waluj, Aurangabad - MPCB",,19.8389439,75.244448,12235393,so2,SO₂,ppb,,,,
5644,"Sanegurava Halli, Bengaluru - KSPCB",,12.990328,77.5431385,12235379,co,CO,ppb,,,,
5644,"Sanegurava Halli, Bengaluru - KSPCB",,12.990328,77.5431385,15039,co,CO mass,µg/m³,,,,
5644,"Sanegurava Halli, Bengaluru - KSPCB",,12.990328,77.5431385,12235381,no2,NO₂,ppb,,,,
5644,"Sanegurava Halli, Bengaluru - KSPCB",,12.990328,77.5431385,15035,no2,NO₂ mass,µg/m³,,,,
5644,"Sanegurava Halli, Bengaluru - KSPCB",,12.990328,77.5431385,15033,pm10,PM10,µg/m³,,,,
5644,"Sanegurava Halli, Bengaluru - KSPCB",,12.990328,77.5431385,12235382,pm10,PM10,µg/m³,,,,
5644,"Sanegurava Halli, Bengaluru - KSPCB",,12.990328,77.5431385,12235384,so2,SO₂,ppb,,,,
5644,"Sanegurava Halli, Bengaluru - KSPCB",,12.990328,77.5431385,15032,so2,SO₂ mass,µg/m³,,,,
5645,"ICRISAT Patancheru, Hyderabad - TSPCB",,17.5184,78.278777,12235404,co,CO,ppb,,,,
5645,"ICRISAT Patancheru, Hyderabad - TSPCB",,17.5184,78.278777,15037,co,CO mass,µg/m³,,,,
5645,"ICRISAT Patancheru, Hyderabad - TSPCB",,17.5184,78.278777,12235406,no2,NO₂,ppb,,,,
5645,"ICRISAT Patancheru, Hyderabad - TSPCB",,17.5184,78.278777,15173,no2,NO₂ mass,µg/m³,,,,
5645,"ICRISAT Patancheru, Hyderabad - TSPCB",,17.5184,78.278777,15188,o3,O₃ mass,µg/m³,,,,
5645,"ICRISAT Patancheru, Hyderabad - TSPCB",,17.5184,78.278777,12235407,o3,O₃ mass,µg/m³,,,,
5645,"ICRISAT Patancheru, Hyderabad - TSPCB",,17.5184,78.278777,12235408,pm10,PM10,µg/m³,,,,
5645,"ICRISAT Patancheru, Hyderabad - TSPCB",,17.5184,78.278777,15267,pm10,PM10,µg/m³,,,,
5645,"ICRISAT Patancheru, Hyderabad - TSPCB",,17.5184,78.278777,12235409,pm25,PM2.5,µg/m³,,,,
5645,"ICRISAT Patancheru, Hyderabad - TSPCB",,17.5184,78.278777,15254,pm25,PM2.5,µg/m³,,,,
5645,"ICRISAT Patancheru, Hyderabad - TSPCB",,17.5184,78.278777,12235411,so2,SO₂,ppb,,,,
5645,"ICRISAT Patancheru, Hyderabad - TSPCB",,17.5184,78.278777,15233,so2,SO₂ mass,µg/m³,,,,
5646,"Plammoodu, Thiruvananthapuram - Kerala PCB",,8.5149093,76.9435879,12235413,co,CO,ppb,,,,
5646,"Plammoodu, Thiruvananthapuram - Kerala PCB",,8.5149093,76.9435879,15055,co,CO mass,µg/m³,,,,
5646,"Plammoodu, Thiruvananthapuram - Kerala PCB",,8.5149093,76.9435879,12235415,no2,NO₂,ppb,,,,
5646,"Plammoodu, Thiruvananthapuram - Kerala PCB",,8.5149093,76.9435879,15052,no2,NO₂ mass,µg/m³,,,,
5646,"Plammoodu, Thiruvananthapuram - Kerala PCB",,8.5149093,76.9435879,12235416,o3,O₃ mass,µg/m³,,,,
5646,"Plammoodu, Thiruvananthapuram - Kerala PCB",,8.5149093,76.9435879,15050,o3,O₃ mass,µg/m³,,,,
5646,"Plammoodu, Thiruvananthapuram - Kerala PCB",,8.5149093,76.9435879,12242968,pm10,PM10,µg/m³,,,,
5646,"Plammoodu, Thiruvananthapuram - Kerala PCB",,8.5149093,76.9435879,15047,pm10,PM10,µg/m³,,,,
5646,"Plammoodu, Thiruvananthapuram - Kerala PCB",,8.5149093,76.9435879,12235417,pm25,PM2.5,µg/m³,,,,
5646,"Plammoodu, Thiruvananthapuram - Kerala PCB",,8.5149093,76.9435879,15045,pm25,PM2.5,µg/m³,,,,
5646,"Plammoodu, Thiruvananthapuram - Kerala PCB",,8.5149093,76.9435879,12235419,so2,SO₂,ppb,,,,
5646,"Plammoodu, Thiruvananthapuram - Kerala PCB",,8.5149093,76.9435879,15041,so2,SO₂ mass,µg/m³,,,,
5647,"Sanathnagar, Hyderabad - TSPCB",,17.4559458,78.4332152,12242125,co,CO,ppb,,,,
5647,"Sanathnagar, Hyderabad - TSPCB",,17.4559458,78.4332152,15049,co,CO mass,µg/m³,,,,
5647,"Sanathnagar, Hyderabad - TSPCB",,17.4559458,78.4332152,15051,no2,NO₂ mass,µg/m³,,,,
5647,"Sanathnagar, Hyderabad - TSPCB",,17.4559458,78.4332152,12242127,no2,NO₂,ppb,,,,
5647,"Sanathnagar, Hyderabad - TSPCB",,17.4559458,78.4332152,12242128,o3,O₃ mass,µg/m³,,,,
5647,"Sanathnagar, Hyderabad - TSPCB",,17.4559458,78.4332152,15058,o3,O₃ mass,µg/m³,,,,
5647,"Sanathnagar, Hyderabad - TSPCB",,17.4559458,78.4332152,15065,pm25,PM2.5,µg/m³,,,,
5647,"Sanathnagar, Hyderabad - TSPCB",,17.4559458,78.4332152,12242129,pm25,PM2.5,µg/m³,,,,
5647,"Sanathnagar, Hyderabad - TSPCB",,17.4559458,78.4332152,12242131,so2,SO₂,ppb,,,,
5647,"Sanathnagar, Hyderabad - TSPCB",,17.4559458,78.4332152,15061,so2,SO₂ mass,µg/m³,,,,
5648,"Ward-32 Bapupara, Siliguri - WBPCB",,26.6883049,88.412668,12234988,co,CO,ppb,,,,
5648,"Ward-32 Bapupara, Siliguri - WBPCB",,26.6883049,88.412668,15056,co,CO mass,µg/m³,,,,
5648,"Ward-32 Bapupara, Siliguri - WBPCB",,26.6883049,88.412668,15070,no2,NO₂ mass,µg/m³,,,,
5648,"Ward-32 Bapupara, Siliguri - WBPCB",,26.6883049,88.412668,12234990,no2,NO₂,ppb,,,,
5648,"Ward-32 Bapupara, Siliguri - WBPCB",,26.6883049,88.412668,12234991,o3,O₃ mass,µg/m³,,,,
5648,"Ward-32 Bapupara, Siliguri - WBPCB",,26.6883049,88.412668,15072,o3,O₃ mass,µg/m³,,,,
5648,"Ward-32 Bapupara, Siliguri - WBPCB",,26.6883049,88.412668,15075,pm10,PM10,µg/m³,,,,
5648,"Ward-32 Bapupara, Siliguri - WBPCB",,26.6883049,88.412668,12234992,pm10,PM10,µg/m³,,,,
5648,"Ward-32 Bapupara, Siliguri - WBPCB",,26.6883049,88.412668,15079,pm25,PM2.5,µg/m³,,,,
5648,"Ward-32 Bapupara, Siliguri - WBPCB",,26.6883049,88.412668,12234993,pm25,PM2.5,µg/m³,,,,
5648,"Ward-32 Bapupara, Siliguri - WBPCB",,26.6883049,88.412668,15080,so2,SO₂ mass,µg/m³,,,,
5648,"Ward-32 Bapupara, Siliguri - WBPCB",,26.6883049,88.412668,12234995,so2,SO₂,ppb,,,,
5649,"Tirumala, Tirupati - APPCB",,13.67,79.35,15064,co,CO mass,µg/m³,,,,
5649,"Tirumala, Tirupati - APPCB",,13.67,79.35,12235447,co,CO,ppb,,,,
5649,"Tirumala, Tirupati - APPCB",,13.67,79.35,12235449,no2,NO₂,ppb,,,,
5649,"Tirumala, Tirupati - APPCB",,13.67,79.35,15120,no2,NO₂ mass,µg/m³,,,,
5649,"Tirumala, Tirupati - APPCB",,13.67,79.35,15115,o3,O₃ mass,µg/m³,,,,
5649,"Tirumala, Tirupati - APPCB",,13.67,79.35,12235450,o3,O₃ mass,µg/m³,,,,
5649,"Tirumala, Tirupati - APPCB",,13.67,79.35,12243924,pm10,PM10,µg/m³,,,,
5649,"Tirumala, Tirupati - APPCB",,13.67,79.35,15199,pm10,PM10,µg/m³,,,,
5649,"Tirumala, Tirupati - APPCB",,13.67,79.35,12235451,pm25,PM2.5,µg/m³,,,,
5649,"Tirumala, Tirupati - APPCB",,13.67,79.35,15251,pm25,PM2.5,µg/m³,,,,
5649,"Tirumala, Tirupati - APPCB",,13.67,79.35,15223,so2,SO₂ mass,µg/m³,,,,
5649,"Tirumala, Tirupati - APPCB",,13.67,79.35,12235453,so2,SO₂,ppb,,,,
5650,"IGI Airport (T3), Delhi - IMD",,28.5627763,77.1180053,12234691,co,CO,ppb,,,,
5650,"IGI Airport (T3), Delhi - IMD",,28.5627763,77.1180053,12234693,no2,NO₂,ppb,,,,
5650,"IGI Airport (T3), Delhi - IMD",,28.5627763,77.1180053,12234694,o3,O₃ mass,µg/m³,,,,
5650,"IGI Airport (T3), Delhi - IMD",,28.5627763,77.1180053,12234695,pm10,PM10,µg/m³,,,,
5650,"IGI Airport (T3), Delhi - IMD",,28.5627763,77.1180053,12234696,pm25,PM2.5,µg/m³,,,,
5652,"IGSC Planetarium Complex, Patna - BSPCB",,25.5941,85.1376,15084,co,CO mass,µg/m³,,,,
5652,"IGSC Planetarium Complex, Patna - BSPCB",,25.5941,85.1376,12235333,co,CO,ppb,,,,
5652,"IGSC Planetarium Complex, Patna - BSPCB",,25.5941,85.1376,12235335,no2,NO₂,ppb,,,,
5652,"IGSC Planetarium Complex, Patna - BSPCB",,25.5941,85.1376,15085,no2,NO₂ mass,µg/m³,,,,
5652,"IGSC Planetarium Complex, Patna - BSPCB",,25.5941,85.1376,12235336,o3,O₃ mass,µg/m³,,,,
5652,"IGSC Planetarium Complex, Patna - BSPCB",,25.5941,85.1376,15086,o3,O₃ mass,µg/m³,,,,
5652,"IGSC Planetarium Complex, Patna - BSPCB",,25.5941,85.1376,15087,pm25,PM2.5,µg/m³,,,,
5652,"IGSC Planetarium Complex, Patna - BSPCB",,25.5941,85.1376,12235337,pm25,PM2.5,µg/m³,,,,
5652,"IGSC Planetarium Complex, Patna - BSPCB",,25.5941,85.1376,12235339,so2,SO₂,ppb,,,,
5652,"IGSC Planetarium Complex, Patna - BSPCB",,25.5941,85.1376,15089,so2,SO₂ mass,µg/m³,,,,
5655,"Velachery Res. Area, Chennai - CPCB",,13.0052189,80.2398125,12235526,co,CO,ppb,,,,
5655,"Velachery Res. Area, Chennai - CPCB",,13.0052189,80.2398125,15110,co,CO mass,µg/m³,,,,
5655,"Velachery Res. Area, Chennai - CPCB",,13.0052189,80.2398125,12235528,no2,NO₂,ppb,,,,
5655,"Velachery Res. Area, Chennai - CPCB",,13.0052189,80.2398125,15117,no2,NO₂ mass,µg/m³,,,,
5655,"Velachery Res. Area, Chennai - CPCB",,13.0052189,80.2398125,12235529,o3,O₃ mass,µg/m³,,,,
5655,"Velachery Res. Area, Chennai - CPCB",,13.0052189,80.2398125,15132,o3,O₃ mass,µg/m³,,,,
5655,"Velachery Res. Area, Chennai - CPCB",,13.0052189,80.2398125,12235530,pm10,PM10,µg/m³,,,,
5655,"Velachery Res. Area, Chennai - CPCB",,13.0052189,80.2398125,1305376,pm10,PM10,µg/m³,,,,
5655,"Velachery Res. Area, Chennai - CPCB",,13.0052189,80.2398125,15136,pm25,PM2.5,µg/m³,,,,
5655,"Velachery Res. Area, Chennai - CPCB",,13.0052189,80.2398125,12235531,pm25,PM2.5,µg/m³,,,,
5655,"Velachery Res. Area, Chennai - CPCB",,13.0052189,80.2398125,15138,so2,SO₂ mass,µg/m³,,,,
5655,"Velachery Res. Area, Chennai - CPCB",,13.0052189,80.2398125,12235533,so2,SO₂,ppb,,,,
5657,"Central School, Lucknow - CPCB",,26.8821003,80.9302753,15129,co,CO mass,µg/m³,,,,
5657,"Central School, Lucknow - CPCB",,26.8821003,80.9302753,15130,no2,NO₂ mass,µg/m³,,,,
5657,"Central School, Lucknow - CPCB",,26.8821003,80.9302753,15135,o3,O₃ mass,µg/m³,,,,
5657,"Central School, Lucknow - CPCB",,26.8821003,80.9302753,34959,pm10,PM10,µg/m³,,,,
5657,"Central School, Lucknow - CPCB",,26.8821003,80.9302753,15172,pm25,PM2.5,µg/m³,,,,
5657,"Central School, Lucknow - CPCB",,26.8821003,80.9302753,15181,so2,SO₂ mass,µg/m³,,,,
5659,"Lalbagh, Lucknow - CPCB",,26.8458805,80.9365541,12235517,co,CO,ppb,,,,
5659,"Lalbagh, Lucknow - CPCB",,26.8458805,80.9365541,15151,co,CO mass,µg/m³,,,,
5659,"Lalbagh, Lucknow - CPCB",,26.8458805,80.9365541,12235519,no2,NO₂,ppb,,,,
5659,"Lalbagh, Lucknow - CPCB",,26.8458805,80.9365541,15149,no2,NO₂ mass,µg/m³,,,,
5659,"Lalbagh, Lucknow - CPCB",,26.8458805,80.9365541,15148,o3,O₃ mass,µg/m³,,,,
5659,"Lalbagh, Lucknow - CPCB",,26.8458805,80.9365541,12235520,o3,O₃ mass,µg/m³,,,,
5659,"Lalbagh, Lucknow - CPCB",,26.8458805,80.9365541,12235521,pm10,PM10,µg/m³,,,,
5659,"Lalbagh, Lucknow - CPCB",,26.8458805,80.9365541,36168,pm10,PM10,µg/m³,,,,
5659,"Lalbagh, Lucknow - CPCB",,26.8458805,80.9365541,12235522,pm25,PM2.5,µg/m³,,,,
5659,"Lalbagh, Lucknow - CPCB",,26.8458805,80.9365541,15143,pm25,PM2.5,µg/m³,,,,
5659,"Lalbagh, Lucknow - CPCB",,26.8458805,80.9365541,12235524,so2,SO₂,ppb,,,,
5659,"Lalbagh, Lucknow - CPCB",,26.8458805,80.9365541,15142,so2,SO₂ mass,µg/m³,,,,
5661,"Karve Road Pune, Pune - MPCB",,18.5011743,73.8165527,12235535,co,CO,ppb,,,,
5661,"Karve Road Pune, Pune - MPCB",,18.5011743,73.8165527,15159,co,CO mass,µg/m³,,,,
5661,"Karve Road Pune, Pune - MPCB",,18.5011743,73.8165527,12235537,no2,NO₂,ppb,,,,
5661,"Karve Road Pune, Pune - MPCB",,18.5011743,73.8165527,15158,no2,NO₂ mass,µg/m³,,,,
5661,"Karve Road Pune, Pune - MPCB",,18.5011743,73.8165527,15157,o3,O₃ mass,µg/m³,,,,
5661,"Karve Road Pune, Pune - MPCB",,18.5011743,73.8165527,12235538,o3,O₃ mass,µg/m³,,,,
5661,"Karve Road Pune, Pune - MPCB",,18.5011743,73.8165527,12235539,pm10,PM10,µg/m³,,,,
5661,"Karve Road Pune, Pune - MPCB",,18.5011743,73.8165527,15156,pm10,PM10,µg/m³,,,,
5661,"Karve Road Pune, Pune - MPCB",,18.5011743,73.8165527,12235540,pm25,PM2.5,µg/m³,,,,
5661,"Karve Road Pune, Pune - MPCB",,18.5011743,73.8165527,15154,pm25,PM2.5,µg/m³,,,,
5661,"Karve Road Pune, Pune - MPCB",,18.5011743,73.8165527,12235542,so2,SO₂,ppb,,,,
5661,"Karve Road Pune, Pune - MPCB",,18.5011743,73.8165527,15152,so2,SO₂ mass,µg/m³,,,,
5662,"Nehru Nagar, Kanpur - UPPCB",,26.4703136,80.3229863,15153,co,CO mass,µg/m³,,,,
5662,"Nehru Nagar, Kanpur - UPPCB",,26.4703136,80.3229863,12235509,co,CO,ppb,,,,
5662,"Nehru Nagar, Kanpur - UPPCB",,26.4703136,80.3229863,12235510,no2,NO₂,ppb,,,,
5662,"Nehru Nagar, Kanpur - UPPCB",,26.4703136,80.3229863,15155,no2,NO₂ mass,µg/m³,,,,
5662,"Nehru Nagar, Kanpur - UPPCB",,26.4703136,80.3229863,15179,o3,O₃ mass,µg/m³,,,,
5662,"Nehru Nagar, Kanpur - UPPCB",,26.4703136,80.3229863,12235511,o3,O₃ mass,µg/m³,,,,
5662,"Nehru Nagar, Kanpur - UPPCB",,26.4703136,80.3229863,12235512,pm10,PM10,µg/m³,,,,
5662,"Nehru Nagar, Kanpur - UPPCB",,26.4703136,80.3229863,1348527,pm10,PM10,µg/m³,,,,
5662,"Nehru Nagar, Kanpur - UPPCB",,26.4703136,80.3229863,15183,pm25,PM2.5,µg/m³,,,,
5662,"Nehru Nagar, Kanpur - UPPCB",,26.4703136,80.3229863,12235513,pm25,PM2.5,µg/m³,,,,
5662,"Nehru Nagar, Kanpur - UPPCB",,26.4703136,80.3229863,12235515,so2,SO₂,ppb,,,,
5662,"Nehru Nagar, Kanpur - UPPCB",,26.4703136,80.3229863,15184,so2,SO₂ mass,µg/m³,,,,
5664,"PWD Grounds, Vijayawada - APPCB",,16.507014,80.627767,15232,co,CO mass,µg/m³,,,,
5664,"PWD Grounds, Vijayawada - APPCB",,16.507014,80.627767,15242,no2,NO₂ mass,µg/m³,,,,
5664,"PWD Grounds, Vijayawada - APPCB",,16.507014,80.627767,15246,o3,O₃ mass,µg/m³,,,,
5664,"PWD Grounds, Vijayawada - APPCB",,16.507014,80.627767,15247,pm10,PM10,µg/m³,,,,
5664,"PWD Grounds, Vijayawada - APPCB",,16.507014,80.627767,20016,pm25,PM2.5,µg/m³,,,,
5664,"PWD Grounds, Vijayawada - APPCB",,16.507014,80.627767,15255,so2,SO₂ mass,µg/m³,,,,
5665,"Vasundhara, Ghaziabad - UPPCB",,28.6603346,77.3572563,15234,co,CO mass,µg/m³,,,,
5665,"Vasundhara, Ghaziabad - UPPCB",,28.6603346,77.3572563,12235155,co,CO,ppb,,,,
5665,"Vasundhara, Ghaziabad - UPPCB",,28.6603346,77.3572563,12235157,no2,NO₂,ppb,,,,
5665,"Vasundhara, Ghaziabad - UPPCB",,28.6603346,77.3572563,15236,no2,NO₂ mass,µg/m³,,,,
5665,"Vasundhara, Ghaziabad - UPPCB",,28.6603346,77.3572563,15237,o3,O₃ mass,µg/m³,,,,
5665,"Vasundhara, Ghaziabad - UPPCB",,28.6603346,77.3572563,12235158,o3,O₃ mass,µg/m³,,,,
5665,"Vasundhara, Ghaziabad - UPPCB",,28.6603346,77.3572563,12235159,pm10,PM10,µg/m³,,,,
5665,"Vasundhara, Ghaziabad - UPPCB",,28.6603346,77.3572563,15238,pm10,PM10,µg/m³,,,,
5665,"Vasundhara, Ghaziabad - UPPCB",,28.6603346,77.3572563,15239,pm25,PM2.5,µg/m³,,,,
5665,"Vasundhara, Ghaziabad - UPPCB",,28.6603346,77.3572563,12235160,pm25,PM2.5,µg/m³,,,,
5665,"Vasundhara, Ghaziabad - UPPCB",,28.6603346,77.3572563,12235162,so2,SO₂,ppb,,,,
5665,"Vasundhara, Ghaziabad - UPPCB",,28.6603346,77.3572563,15240,so2,SO₂ mass,µg/m³,,,,
5667,"Bhopal Chauraha, Dewas - MPPCB",,22.9682591,76.064118,12234934,co,CO,ppb,,,,
5667,"Bhopal Chauraha, Dewas - MPPCB",,22.9682591,76.064118,15256,co,CO mass,µg/m³,,,,
5667,"Bhopal Chauraha, Dewas - MPPCB",,22.9682591,76.064118,15253,no2,NO₂ mass,µg/m³,,,,
5667,"Bhopal Chauraha, Dewas - MPPCB",,22.9682591,76.064118,12234936,no2,NO₂,ppb,,,,
5667,"Bhopal Chauraha, Dewas - MPPCB",,22.9682591,76.064118,12234937,o3,O₃ mass,µg/m³,,,,
5667,"Bhopal Chauraha, Dewas - MPPCB",,22.9682591,76.064118,15252,o3,O₃ mass,µg/m³,,,,
5667,"Bhopal Chauraha, Dewas - MPPCB",,22.9682591,76.064118,15249,pm10,PM10,µg/m³,,,,
5667,"Bhopal Chauraha, Dewas - MPPCB",,22.9682591,76.064118,12234938,pm10,PM10,µg/m³,,,,
5667,"Bhopal Chauraha, Dewas - MPPCB",,22.9682591,76.064118,12234939,pm25,PM2.5,µg/m³,,,,
5667,"Bhopal Chauraha, Dewas - MPPCB",,22.9682591,76.064118,15244,pm25,PM2.5,µg/m³,,,,
5667,"Bhopal Chauraha, Dewas - MPPCB",,22.9682591,76.064118,12234941,so2,SO₂,ppb,,,,
5667,"Bhopal Chauraha, Dewas - MPPCB",,22.9682591,76.064118,15241,so2,SO₂ mass,µg/m³,,,,
5742,"Patparganj, Delhi - DPCC",,28.6310495,77.2846218,15498,no2,NO₂ mass,µg/m³,,,,
5742,"Patparganj, Delhi - DPCC",,28.6310495,77.2846218,15500,o3,O₃ mass,µg/m³,,,,
5742,"Patparganj, Delhi - DPCC",,28.6310495,77.2846218,15628,pm10,PM10,µg/m³,,,,
5742,"Patparganj, Delhi - DPCC",,28.6310495,77.2846218,15629,pm25,PM2.5,µg/m³,,,,
5742,"Patparganj, Delhi - DPCC",,28.6310495,77.2846218,15499,so2,SO₂ mass,µg/m³,,,,
5743,"Rohini, Delhi - DPCC",,28.7407056,77.0577492,15503,co,CO mass,µg/m³,,,,
5743,"Rohini, Delhi - DPCC",,28.7407056,77.0577492,15508,no2,NO₂ mass,µg/m³,,,,
5743,"Rohini, Delhi - DPCC",,28.7407056,77.0577492,15506,o3,O₃ mass,µg/m³,,,,
5743,"Rohini, Delhi - DPCC",,28.7407056,77.0577492,15622,pm10,PM10,µg/m³,,,,
5743,"Rohini, Delhi - DPCC",,28.7407056,77.0577492,15618,pm25,PM2.5,µg/m³,,,,
5743,"Rohini, Delhi - DPCC",,28.7407056,77.0577492,15504,so2,SO₂ mass,µg/m³,,,,
5744,"Dr. Karni Singh Shooting Range, Delhi - DPCC",,28.4997315,77.2649067,15510,co,CO mass,µg/m³,,,,
5744,"Dr. Karni Singh Shooting Range, Delhi - DPCC",,28.4997315,77.2649067,15505,no2,NO₂ mass,µg/m³,,,,
5744,"Dr. Karni Singh Shooting Range, Delhi - DPCC",,28.4997315,77.2649067,15507,o3,O₃ mass,µg/m³,,,,
5744,"Dr. Karni Singh Shooting Range, Delhi - DPCC",,28.4997315,77.2649067,15588,pm10,PM10,µg/m³,,,,
5744,"Dr. Karni Singh Shooting Range, Delhi - DPCC",,28.4997315,77.2649067,15589,pm25,PM2.5,µg/m³,,,,
5744,"Dr. Karni Singh Shooting Range, Delhi - DPCC",,28.4997315,77.2649067,15509,so2,SO₂ mass,µg/m³,,,,
5745,"Ghusuri, Howrah - WBPCB",,22.5565568,87.895755,15511,co,CO mass,µg/m³,,,,
5745,"Ghusuri, Howrah - WBPCB",,22.5565568,87.895755,15514,no2,NO₂ mass,µg/m³,,,,
5745,"Ghusuri, Howrah - WBPCB",,22.5565568,87.895755,15512,pm10,PM10,µg/m³,,,,
5745,"Ghusuri, Howrah - WBPCB",,22.5565568,87.895755,15513,so2,SO₂ mass,µg/m³,,,,
5753,"Vivek Vihar, Delhi - DPCC",,28.6687803,77.3130982,15545,co,CO mass,µg/m³,,,,
5753,"Vivek Vihar, Delhi - DPCC",,28.6687803,77.3130982,15544,no2,NO₂ mass,µg/m³,,,,
5753,"Vivek Vihar, Delhi - DPCC",,28.6687803,77.3130982,15543,o3,O₃ mass,µg/m³,,,,
5753,"Vivek Vihar, Delhi - DPCC",,28.6687803,77.3130982,15615,pm10,PM10,µg/m³,,,,
5753,"Vivek Vihar, Delhi - DPCC",,28.6687803,77.3130982,15604,pm25,PM2.5,µg/m³,,,,
5753,"Vivek Vihar, Delhi - DPCC",,28.6687803,77.3130982,15546,so2,SO₂ mass,µg/m³,,,,
5754,"Jawaharlal Nehru Stadium, Delhi - DPCC",,28.5828503,77.2321778,15548,co,CO mass,µg/m³,,,,
5754,"Jawaharlal Nehru Stadium, Delhi - DPCC",,28.5828503,77.2321778,15547,no2,NO₂ mass,µg/m³,,,,
5754,"Jawaharlal Nehru Stadium, Delhi - DPCC",,28.5828503,77.2321778,15550,o3,O₃ mass,µg/m³,,,,
5754,"Jawaharlal Nehru Stadium, Delhi - DPCC",,28.5828503,77.2321778,15619,pm10,PM10,µg/m³,,,,
5754,"Jawaharlal Nehru Stadium, Delhi - DPCC",,28.5828503,77.2321778,15620,pm25,PM2.5,µg/m³,,,,
5754,"Jawaharlal Nehru Stadium, Delhi - DPCC",,28.5828503,77.2321778,15552,so2,SO₂ mass,µg/m³,,,,
5755,"Major Dhyan Chand National Stadium, Delhi - DPCC",,28.6125027,77.2351994,15582,co,CO mass,µg/m³,,,,
5755,"Major Dhyan Chand National Stadium, Delhi - DPCC",,28.6125027,77.2351994,15574,no2,NO₂ mass,µg/m³,,,,
5755,"Major Dhyan Chand National Stadium, Delhi - DPCC",,28.6125027,77.2351994,15586,o3,O₃ mass,µg/m³,,,,
5755,"Major Dhyan Chand National Stadium, Delhi - DPCC",,28.6125027,77.2351994,15549,pm10,PM10,µg/m³,,,,
5755,"Major Dhyan Chand National Stadium, Delhi - DPCC",,28.6125027,77.2351994,15551,pm25,PM2.5,µg/m³,,,,
5755,"Major Dhyan Chand National Stadium, Delhi - DPCC",,28.6125027,77.2351994,15587,so2,SO₂ mass,µg/m³,,,,
5759,"Sonia Vihar, Delhi - DPCC",,28.67795,77.29868,15568,co,CO mass,µg/m³,,,,
5759,"Sonia Vihar, Delhi - DPCC",,28.67795,77.29868,15567,no2,NO₂ mass,µg/m³,,,,
5759,"Sonia Vihar, Delhi - DPCC",,28.67795,77.29868,15566,o3,O₃ mass,µg/m³,,,,
5759,"Sonia Vihar, Delhi - DPCC",,28.67795,77.29868,15591,pm10,PM10,µg/m³,,,,
5759,"Sonia Vihar, Delhi - DPCC",,28.67795,77.29868,15595,pm25,PM2.5,µg/m³,,,,
5759,"Sonia Vihar, Delhi - DPCC",,28.67795,77.29868,15565,so2,SO₂ mass,µg/m³,,,,
5760,"Dwarka-Sector 8, Delhi - DPCC ",,28.5206826,76.8023871,15594,co,CO mass,µg/m³,,,,
5760,"Dwarka-Sector 8, Delhi - DPCC ",,28.5206826,76.8023871,15593,no2,NO₂ mass,µg/m³,,,,
5760,"Dwarka-Sector 8, Delhi - DPCC ",,28.5206826,76.8023871,15592,o3,O₃ mass,µg/m³,,,,
5760,"Dwarka-Sector 8, Delhi - DPCC ",,28.5206826,76.8023871,15569,pm10,PM10,µg/m³,,,,
5760,"Dwarka-Sector 8, Delhi - DPCC ",,28.5206826,76.8023871,15570,pm25,PM2.5,µg/m³,,,,
5760,"Dwarka-Sector 8, Delhi - DPCC ",,28.5206826,76.8023871,15590,so2,SO₂ mass,µg/m³,,,,
5761,"Jahangirpuri, Delhi - DPCC",,28.7258373,77.1605631,15578,co,CO mass,µg/m³,,,,
5761,"Jahangirpuri, Delhi - DPCC",,28.7258373,77.1605631,15572,no2,NO₂ mass,µg/m³,,,,
5761,"Jahangirpuri, Delhi - DPCC",,28.7258373,77.1605631,15577,o3,O₃ mass,µg/m³,,,,
5761,"Jahangirpuri, Delhi - DPCC",,28.7258373,77.1605631,15623,pm10,PM10,µg/m³,,,,
5761,"Jahangirpuri, Delhi - DPCC",,28.7258373,77.1605631,15621,pm25,PM2.5,µg/m³,,,,
5761,"Jahangirpuri, Delhi - DPCC",,28.7258373,77.1605631,15585,so2,SO₂ mass,µg/m³,,,,
5762,"Ashok Vihar, Delhi - DPCC",,28.6957202,77.1812947,15583,co,CO mass,µg/m³,,,,
5762,"Ashok Vihar, Delhi - DPCC",,28.6957202,77.1812947,15584,no2,NO₂ mass,µg/m³,,,,
5762,"Ashok Vihar, Delhi - DPCC",,28.6957202,77.1812947,15573,o3,O₃ mass,µg/m³,,,,
5762,"Ashok Vihar, Delhi - DPCC",,28.6957202,77.1812947,15605,pm10,PM10,µg/m³,,,,
5762,"Ashok Vihar, Delhi - DPCC",,28.6957202,77.1812947,15602,pm25,PM2.5,µg/m³,,,,
5762,"Ashok Vihar, Delhi - DPCC",,28.6957202,77.1812947,15579,so2,SO₂ mass,µg/m³,,,,
5763,"Narela, Delhi - DPCC",,28.8446874,77.0332666,15576,co,CO mass,µg/m³,,,,
5763,"Narela, Delhi - DPCC",,28.8446874,77.0332666,15581,no2,NO₂ mass,µg/m³,,,,
5763,"Narela, Delhi - DPCC",,28.8446874,77.0332666,15580,o3,O₃ mass,µg/m³,,,,
5763,"Narela, Delhi - DPCC",,28.8446874,77.0332666,15609,pm10,PM10,µg/m³,,,,
5763,"Narela, Delhi - DPCC",,28.8446874,77.0332666,15606,pm25,PM2.5,µg/m³,,,,
5763,"Narela, Delhi - DPCC",,28.8446874,77.0332666,15575,so2,SO₂ mass,µg/m³,,,,
5765,"Okhla Phase-2, Delhi - DPCC",,28.5366411,77.2664587,15597,co,CO mass,µg/m³,,,,
5765,"Okhla Phase-2, Delhi - DPCC",,28.5366411,77.2664587,15600,no2,NO₂ mass,µg/m³,,,,
5765,"Okhla Phase-2, Delhi - DPCC",,28.5366411,77.2664587,15598,o3,O₃ mass,µg/m³,,,,
5765,"Okhla Phase-2, Delhi - DPCC",,28.5366411,77.2664587,15624,pm10,PM10,µg/m³,,,,
5765,"Okhla Phase-2, Delhi - DPCC",,28.5366411,77.2664587,15627,pm25,PM2.5,µg/m³,,,,
5765,"Okhla Phase-2, Delhi - DPCC",,28.5366411,77.2664587,15599,so2,SO₂ mass,µg/m³,,,,
5766,"Nehru Nagar, Delhi - DPCC",,28.5639543,77.2587868,15607,co,CO mass,µg/m³,,,,
5766,"Nehru Nagar, Delhi - DPCC",,28.5639543,77.2587868,15612,no2,NO₂ mass,µg/m³,,,,
5766,"Nehru Nagar, Delhi - DPCC",,28.5639543,77.2587868,15616,o3,O₃ mass,µg/m³,,,,
5766,"Nehru Nagar, Delhi - DPCC",,28.5639543,77.2587868,15625,pm10,PM10,µg/m³,,,,
5766,"Nehru Nagar, Delhi - DPCC",,28.5639543,77.2587868,15626,pm25,PM2.5,µg/m³,,,,
5766,"Nehru Nagar, Delhi - DPCC",,28.5639543,77.2587868,15608,so2,SO₂ mass,µg/m³,,,,
6310,"Rabindra Bharati University, Kolkata - WBPCB",,22.5824635,88.35724470000001,17541,co,CO mass,µg/m³,,,,
6310,"Rabindra Bharati University, Kolkata - WBPCB",,22.5824635,88.35724470000001,17543,no2,NO₂ mass,µg/m³,,,,
6310,"Rabindra Bharati University, Kolkata - WBPCB",,22.5824635,88.35724470000001,17544,o3,O₃ mass,µg/m³,,,,
6310,"Rabindra Bharati University, Kolkata - WBPCB",,22.5824635,88.35724470000001,17540,pm10,PM10,µg/m³,,,,
6310,"Rabindra Bharati University, Kolkata - WBPCB",,22.5824635,88.35724470000001,1715600,pm25,PM2.5,µg/m³,,,,
6310,"Rabindra Bharati University, Kolkata - WBPCB",,22.5824635,88.35724470000001,17542,so2,SO₂ mass,µg/m³,,,,
6314,"NISE Gwal Pahari, Gurugram - IMD",,28.4228859,76.8496963,17561,co,CO mass,µg/m³,,,,
6314,"NISE Gwal Pahari, Gurugram - IMD",,28.4228859,76.8496963,17562,no2,NO₂ mass,µg/m³,,,,
6314,"NISE Gwal Pahari, Gurugram - IMD",,28.4228859,76.8496963,17563,pm10,PM10,µg/m³,,,,
6314,"NISE Gwal Pahari, Gurugram - IMD",,28.4228859,76.8496963,17564,pm25,PM2.5,µg/m³,,,,
6356,"Pusa, Delhi - DPCC",,28.639645,77.146262,12235316,co,CO,ppb,,,,
6356,"Pusa, Delhi - DPCC",,28.639645,77.146262,12235318,no2,NO₂,ppb,,,,
6356,"Pusa, Delhi - DPCC",,28.639645,77.146262,12235319,o3,O₃ mass,µg/m³,,,,
6356,"Pusa, Delhi - DPCC",,28.639645,77.146262,12235320,pm10,PM10,µg/m³,,,,
6356,"Pusa, Delhi - DPCC",,28.639645,77.146262,12235321,pm25,PM2.5,µg/m³,,,,
6356,"Pusa, Delhi - DPCC",,28.639645,77.146262,12235323,so2,SO₂,ppb,,,,
6357,"Punjabi Bagh, Delhi - DPCC",,28.674045000000003,77.13102300000001,17769,co,CO mass,µg/m³,,,,
6357,"Punjabi Bagh, Delhi - DPCC",,28.674045000000003,77.13102300000001,17771,no2,NO₂ mass,µg/m³,,,,
6357,"Punjabi Bagh, Delhi - DPCC",,28.674045000000003,77.13102300000001,17774,o3,O₃ mass,µg/m³,,,,
6357,"Punjabi Bagh, Delhi - DPCC",,28.674045000000003,77.13102300000001,17768,pm10,PM10,µg/m³,,,,
6357,"Punjabi Bagh, Delhi - DPCC",,28.674045000000003,77.13102300000001,17776,pm25,PM2.5,µg/m³,,,,
6357,"Punjabi Bagh, Delhi - DPCC",,28.674045000000003,77.13102300000001,17778,so2,SO₂ mass,µg/m³,,,,
6358,"Mandir Marg, New Delhi - DPCC",,28.636429,77.201067,17772,co,CO mass,µg/m³,,,,
6358,"Mandir Marg, New Delhi - DPCC",,28.636429,77.201067,12234773,co,CO,ppb,,,,
6358,"Mandir Marg, New Delhi - DPCC",,28.636429,77.201067,17773,no2,NO₂ mass,µg/m³,,,,
6358,"Mandir Marg, New Delhi - DPCC",,28.636429,77.201067,12234775,no2,NO₂,ppb,,,,
6358,"Mandir Marg, New Delhi - DPCC",,28.636429,77.201067,12234776,o3,O₃ mass,µg/m³,,,,
6358,"Mandir Marg, New Delhi - DPCC",,28.636429,77.201067,17777,o3,O₃ mass,µg/m³,,,,
6358,"Mandir Marg, New Delhi - DPCC",,28.636429,77.201067,17775,pm10,PM10,µg/m³,,,,
6358,"Mandir Marg, New Delhi - DPCC",,28.636429,77.201067,12234777,pm10,PM10,µg/m³,,,,
6358,"Mandir Marg, New Delhi - DPCC",,28.636429,77.201067,12234778,pm25,PM2.5,µg/m³,,,,
6358,"Mandir Marg, New Delhi - DPCC",,28.636429,77.201067,17770,pm25,PM2.5,µg/m³,,,,
6358,"Mandir Marg, New Delhi - DPCC",,28.636429,77.201067,12234780,so2,SO₂,ppb,,,,
6358,"Mandir Marg, New Delhi - DPCC",,28.636429,77.201067,17779,so2,SO₂ mass,µg/m³,,,,
6359,"IHBAS, Dilshad Garden,New Delhi - CPCB",,28.6811736,77.3025234,12234730,co,CO,ppb,,,,
6359,"IHBAS, Dilshad Garden,New Delhi - CPCB",,28.6811736,77.3025234,17792,co,CO mass,µg/m³,,,,
6359,"IHBAS, Dilshad Garden,New Delhi - CPCB",,28.6811736,77.3025234,17791,no2,NO₂ mass,µg/m³,,,,
6359,"IHBAS, Dilshad Garden,New Delhi - CPCB",,28.6811736,77.3025234,12234732,no2,NO₂,ppb,,,,
6359,"IHBAS, Dilshad Garden,New Delhi - CPCB",,28.6811736,77.3025234,36058,o3,O₃ mass,µg/m³,,,,
6359,"IHBAS, Dilshad Garden,New Delhi - CPCB",,28.6811736,77.3025234,12234733,o3,O₃ mass,µg/m³,,,,
6359,"IHBAS, Dilshad Garden,New Delhi - CPCB",,28.6811736,77.3025234,36050,pm10,PM10,µg/m³,,,,
6359,"IHBAS, Dilshad Garden,New Delhi - CPCB",,28.6811736,77.3025234,12234734,pm10,PM10,µg/m³,,,,
6359,"IHBAS, Dilshad Garden,New Delhi - CPCB",,28.6811736,77.3025234,17790,pm25,PM2.5,µg/m³,,,,
6359,"IHBAS, Dilshad Garden,New Delhi - CPCB",,28.6811736,77.3025234,12234735,pm25,PM2.5,µg/m³,,,,
6359,"IHBAS, Dilshad Garden,New Delhi - CPCB",,28.6811736,77.3025234,12234737,so2,SO₂,ppb,,,,
6359,"IHBAS, Dilshad Garden,New Delhi - CPCB",,28.6811736,77.3025234,17780,so2,SO₂ mass,µg/m³,,,,
6442,"Ratanpura, Rupnagar - Ambuja Cements",,31.0325454,76.5623046,12291450,co,CO,ppb,,,,
6442,"Ratanpura, Rupnagar - Ambuja Cements",,31.0325454,76.5623046,18100,co,CO mass,µg/m³,,,,
6442,"Ratanpura, Rupnagar - Ambuja Cements",,31.0325454,76.5623046,18099,no2,NO₂ mass,µg/m³,,,,
6442,"Ratanpura, Rupnagar - Ambuja Cements",,31.0325454,76.5623046,12291452,no2,NO₂,ppb,,,,
6442,"Ratanpura, Rupnagar - Ambuja Cements",,31.0325454,76.5623046,12291453,pm10,PM10,µg/m³,,,,
6442,"Ratanpura, Rupnagar - Ambuja Cements",,31.0325454,76.5623046,18104,pm10,PM10,µg/m³,,,,
6442,"Ratanpura, Rupnagar - Ambuja Cements",,31.0325454,76.5623046,18101,pm25,PM2.5,µg/m³,,,,
6442,"Ratanpura, Rupnagar - Ambuja Cements",,31.0325454,76.5623046,12291454,pm25,PM2.5,µg/m³,,,,
6442,"Ratanpura, Rupnagar - Ambuja Cements",,31.0325454,76.5623046,18102,so2,SO₂ mass,µg/m³,,,,
6442,"Ratanpura, Rupnagar - Ambuja Cements",,31.0325454,76.5623046,12291456,so2,SO₂,ppb,,,,
6443,"Bandhavgar Colony, Satna - Birla Cement",,24.58434363,80.8549414,18107,co,CO mass,µg/m³,,,,
6443,"Bandhavgar Colony, Satna - Birla Cement",,24.58434363,80.8549414,12235114,co,CO,ppb,,,,
6443,"Bandhavgar Colony, Satna - Birla Cement",,24.58434363,80.8549414,12241380,no2,NO₂,ppb,,,,
6443,"Bandhavgar Colony, Satna - Birla Cement",,24.58434363,80.8549414,1950222,no2,NO₂ mass,µg/m³,,,,
6443,"Bandhavgar Colony, Satna - Birla Cement",,24.58434363,80.8549414,12235115,o3,O₃ mass,µg/m³,,,,
6443,"Bandhavgar Colony, Satna - Birla Cement",,24.58434363,80.8549414,1950221,o3,O₃ mass,µg/m³,,,,
6443,"Bandhavgar Colony, Satna - Birla Cement",,24.58434363,80.8549414,12235116,pm10,PM10,µg/m³,,,,
6443,"Bandhavgar Colony, Satna - Birla Cement",,24.58434363,80.8549414,18106,pm10,PM10,µg/m³,,,,
6443,"Bandhavgar Colony, Satna - Birla Cement",,24.58434363,80.8549414,12235117,pm25,PM2.5,µg/m³,,,,
6443,"Bandhavgar Colony, Satna - Birla Cement",,24.58434363,80.8549414,18105,pm25,PM2.5,µg/m³,,,,
6443,"Bandhavgar Colony, Satna - Birla Cement",,24.58434363,80.8549414,18103,so2,SO₂ mass,µg/m³,,,,
6443,"Bandhavgar Colony, Satna - Birla Cement",,24.58434363,80.8549414,12235118,so2,SO₂,ppb,,,,
6920,"Manali Village, Chennai - TNPCB",,11.258244,77.552429,19869,co,CO mass,µg/m³,,,,
6920,"Manali Village, Chennai - TNPCB",,11.258244,77.552429,19868,no2,NO₂ mass,µg/m³,,,,
6920,"Manali Village, Chennai - TNPCB",,11.258244,77.552429,19867,o3,O₃ mass,µg/m³,,,,
6920,"Manali Village, Chennai - TNPCB",,11.258244,77.552429,19871,pm10,PM10,µg/m³,,,,
6920,"Manali Village, Chennai - TNPCB",,11.258244,77.552429,19870,pm25,PM2.5,µg/m³,,,,
6920,"Manali Village, Chennai - TNPCB",,11.258244,77.552429,19872,so2,SO₂ mass,µg/m³,,,,
6923,"New Mandi, Muzaffarnagar - UPPCB",,29.4723508,77.7194031,12235217,co,CO,ppb,,,,
6923,"New Mandi, Muzaffarnagar - UPPCB",,29.4723508,77.7194031,19878,co,CO mass,µg/m³,,,,
6923,"New Mandi, Muzaffarnagar - UPPCB",,29.4723508,77.7194031,12235219,no2,NO₂,ppb,,,,
6923,"New Mandi, Muzaffarnagar - UPPCB",,29.4723508,77.7194031,19880,no2,NO₂ mass,µg/m³,,,,
6923,"New Mandi, Muzaffarnagar - UPPCB",,29.4723508,77.7194031,19879,o3,O₃ mass,µg/m³,,,,
6923,"New Mandi, Muzaffarnagar - UPPCB",,29.4723508,77.7194031,12235220,o3,O₃ mass,µg/m³,,,,
6923,"New Mandi, Muzaffarnagar - UPPCB",,29.4723508,77.7194031,19877,pm10,PM10,µg/m³,,,,
6923,"New Mandi, Muzaffarnagar - UPPCB",,29.4723508,77.7194031,12235221,pm10,PM10,µg/m³,,,,
6923,"New Mandi, Muzaffarnagar - UPPCB",,29.4723508,77.7194031,12235222,pm25,PM2.5,µg/m³,,,,
6923,"New Mandi, Muzaffarnagar - UPPCB",,29.4723508,77.7194031,19881,pm25,PM2.5,µg/m³,,,,
6923,"New Mandi, Muzaffarnagar - UPPCB",,29.4723508,77.7194031,12235224,so2,SO₂,ppb,,,,
6923,"New Mandi, Muzaffarnagar - UPPCB",,29.4723508,77.7194031,19882,so2,SO₂ mass,µg/m³,,,,
6924,"Indirapuram, Ghaziabad - UPPCB",,28.646233,77.358075,12235774,co,CO,ppb,,,,
6924,"Indirapuram, Ghaziabad - UPPCB",,28.646233,77.358075,19888,co,CO mass,µg/m³,,,,
6924,"Indirapuram, Ghaziabad - UPPCB",,28.646233,77.358075,19885,no2,NO₂ mass,µg/m³,,,,
6924,"Indirapuram, Ghaziabad - UPPCB",,28.646233,77.358075,12235776,no2,NO₂,ppb,,,,
6924,"Indirapuram, Ghaziabad - UPPCB",,28.646233,77.358075,19883,o3,O₃ mass,µg/m³,,,,
6924,"Indirapuram, Ghaziabad - UPPCB",,28.646233,77.358075,12235777,o3,O₃ mass,µg/m³,,,,
6924,"Indirapuram, Ghaziabad - UPPCB",,28.646233,77.358075,12235778,pm10,PM10,µg/m³,,,,
6924,"Indirapuram, Ghaziabad - UPPCB",,28.646233,77.358075,19886,pm10,PM10,µg/m³,,,,
6924,"Indirapuram, Ghaziabad - UPPCB",,28.646233,77.358075,12235779,pm25,PM2.5,µg/m³,,,,
6924,"Indirapuram, Ghaziabad - UPPCB",,28.646233,77.358075,19884,pm25,PM2.5,µg/m³,,,,
6924,"Indirapuram, Ghaziabad - UPPCB",,28.646233,77.358075,12235781,so2,SO₂,ppb,,,,
6924,"Indirapuram, Ghaziabad - UPPCB",,28.646233,77.358075,19887,so2,SO₂ mass,µg/m³,,,,
6927,"Colaba, Mumbai - MPCB",,18.91,72.82,20137,co,CO mass,µg/m³,,,,
6927,"Colaba, Mumbai - MPCB",,18.91,72.82,12235921,co,CO,ppb,,,,
6927,"Colaba, Mumbai - MPCB",,18.91,72.82,19892,no2,NO₂ mass,µg/m³,,,,
6927,"Colaba, Mumbai - MPCB",,18.91,72.82,12235923,no2,NO₂,ppb,,,,
6927,"Colaba, Mumbai - MPCB",,18.91,72.82,20139,o3,O₃ mass,µg/m³,,,,
6927,"Colaba, Mumbai - MPCB",,18.91,72.82,12235924,o3,O₃ mass,µg/m³,,,,
6927,"Colaba, Mumbai - MPCB",,18.91,72.82,12235925,pm10,PM10,µg/m³,,,,
6927,"Colaba, Mumbai - MPCB",,18.91,72.82,20142,pm10,PM10,µg/m³,,,,
6927,"Colaba, Mumbai - MPCB",,18.91,72.82,20143,pm25,PM2.5,µg/m³,,,,
6927,"Colaba, Mumbai - MPCB",,18.91,72.82,12235926,pm25,PM2.5,µg/m³,,,,
6927,"Colaba, Mumbai - MPCB",,18.91,72.82,20144,so2,SO₂ mass,µg/m³,,,,
6927,"Colaba, Mumbai - MPCB",,18.91,72.82,12235928,so2,SO₂,ppb,,,,
6928,"Vasai West, Mumbai - MPCB",,19.3832,72.8204,19896,co,CO mass,µg/m³,,,,
6928,"Vasai West, Mumbai - MPCB",,19.3832,72.8204,12235818,co,CO,ppb,,,,
6928,"Vasai West, Mumbai - MPCB",,19.3832,72.8204,12235820,no2,NO₂,ppb,,,,
6928,"Vasai West, Mumbai - MPCB",,19.3832,72.8204,19893,no2,NO₂ mass,µg/m³,,,,
6928,"Vasai West, Mumbai - MPCB",,19.3832,72.8204,12235821,o3,O₃ mass,µg/m³,,,,
6928,"Vasai West, Mumbai - MPCB",,19.3832,72.8204,19895,o3,O₃ mass,µg/m³,,,,
6928,"Vasai West, Mumbai - MPCB",,19.3832,72.8204,19898,pm10,PM10,µg/m³,,,,
6928,"Vasai West, Mumbai - MPCB",,19.3832,72.8204,12235822,pm10,PM10,µg/m³,,,,
6928,"Vasai West, Mumbai - MPCB",,19.3832,72.8204,12235823,pm25,PM2.5,µg/m³,,,,
6928,"Vasai West, Mumbai - MPCB",,19.3832,72.8204,19894,pm25,PM2.5,µg/m³,,,,
6928,"Vasai West, Mumbai - MPCB",,19.3832,72.8204,19897,so2,SO₂ mass,µg/m³,,,,
6928,"Vasai West, Mumbai - MPCB",,19.3832,72.8204,12235825,so2,SO₂,ppb,,,,
6929,"Major Dhyan Chand National Stadium, Delhi - DPCC",,28.611281,77.237738,12235042,co,CO,ppb,,,,
6929,"Major Dhyan Chand National Stadium, Delhi - DPCC",,28.611281,77.237738,19901,co,CO mass,µg/m³,,,,
6929,"Major Dhyan Chand National Stadium, Delhi - DPCC",,28.611281,77.237738,19902,no2,NO₂ mass,µg/m³,,,,
6929,"Major Dhyan Chand National Stadium, Delhi - DPCC",,28.611281,77.237738,12235044,no2,NO₂,ppb,,,,
6929,"Major Dhyan Chand National Stadium, Delhi - DPCC",,28.611281,77.237738,19903,o3,O₃ mass,µg/m³,,,,
6929,"Major Dhyan Chand National Stadium, Delhi - DPCC",,28.611281,77.237738,12235045,o3,O₃ mass,µg/m³,,,,
6929,"Major Dhyan Chand National Stadium, Delhi - DPCC",,28.611281,77.237738,12235046,pm10,PM10,µg/m³,,,,
6929,"Major Dhyan Chand National Stadium, Delhi - DPCC",,28.611281,77.237738,19904,pm10,PM10,µg/m³,,,,
6929,"Major Dhyan Chand National Stadium, Delhi - DPCC",,28.611281,77.237738,12235047,pm25,PM2.5,µg/m³,,,,
6929,"Major Dhyan Chand National Stadium, Delhi - DPCC",,28.611281,77.237738,19900,pm25,PM2.5,µg/m³,,,,
6929,"Major Dhyan Chand National Stadium, Delhi - DPCC",,28.611281,77.237738,12235049,so2,SO₂,ppb,,,,
6929,"Major Dhyan Chand National Stadium, Delhi - DPCC",,28.611281,77.237738,19899,so2,SO₂ mass,µg/m³,,,,
6930,"Gobind Pura, Yamuna Nagar - HSPCB",,30.1480566,77.2893471,19911,co,CO mass,µg/m³,,,,
6930,"Gobind Pura, Yamuna Nagar - HSPCB",,30.1480566,77.2893471,13623420,co,CO,ppb,,,,
6930,"Gobind Pura, Yamuna Nagar - HSPCB",,30.1480566,77.2893471,13623422,no2,NO₂,ppb,,,,
6930,"Gobind Pura, Yamuna Nagar - HSPCB",,30.1480566,77.2893471,19909,no2,NO₂ mass,µg/m³,,,,
6930,"Gobind Pura, Yamuna Nagar - HSPCB",,30.1480566,77.2893471,19908,o3,O₃ mass,µg/m³,,,,
6930,"Gobind Pura, Yamuna Nagar - HSPCB",,30.1480566,77.2893471,13623423,o3,O₃ mass,µg/m³,,,,
6930,"Gobind Pura, Yamuna Nagar - HSPCB",,30.1480566,77.2893471,13623424,pm10,PM10,µg/m³,,,,
6930,"Gobind Pura, Yamuna Nagar - HSPCB",,30.1480566,77.2893471,19910,pm10,PM10,µg/m³,,,,
6930,"Gobind Pura, Yamuna Nagar - HSPCB",,30.1480566,77.2893471,19907,pm25,PM2.5,µg/m³,,,,
6930,"Gobind Pura, Yamuna Nagar - HSPCB",,30.1480566,77.2893471,12961441,pm25,PM2.5,µg/m³,,,,
6930,"Gobind Pura, Yamuna Nagar - HSPCB",,30.1480566,77.2893471,13623425,so2,SO₂,ppb,,,,
6930,"Gobind Pura, Yamuna Nagar - HSPCB",,30.1480566,77.2893471,19905,so2,SO₂ mass,µg/m³,,,,
6931,"Dwarka-Sector 8, Delhi - DPCC",,28.5710274,77.0719006,12235015,co,CO,ppb,,,,
6931,"Dwarka-Sector 8, Delhi - DPCC",,28.5710274,77.0719006,19957,co,CO mass,µg/m³,,,,
6931,"Dwarka-Sector 8, Delhi - DPCC",,28.5710274,77.0719006,19956,no2,NO₂ mass,µg/m³,,,,
6931,"Dwarka-Sector 8, Delhi - DPCC",,28.5710274,77.0719006,12235017,no2,NO₂,ppb,,,,
6931,"Dwarka-Sector 8, Delhi - DPCC",,28.5710274,77.0719006,19954,o3,O₃ mass,µg/m³,,,,
6931,"Dwarka-Sector 8, Delhi - DPCC",,28.5710274,77.0719006,12235018,o3,O₃ mass,µg/m³,,,,
6931,"Dwarka-Sector 8, Delhi - DPCC",,28.5710274,77.0719006,19906,pm10,PM10,µg/m³,,,,
6931,"Dwarka-Sector 8, Delhi - DPCC",,28.5710274,77.0719006,12235019,pm10,PM10,µg/m³,,,,
6931,"Dwarka-Sector 8, Delhi - DPCC",,28.5710274,77.0719006,12235020,pm25,PM2.5,µg/m³,,,,
6931,"Dwarka-Sector 8, Delhi - DPCC",,28.5710274,77.0719006,20150,pm25,PM2.5,µg/m³,,,,
6931,"Dwarka-Sector 8, Delhi - DPCC",,28.5710274,77.0719006,20147,so2,SO₂ mass,µg/m³,,,,
6931,"Dwarka-Sector 8, Delhi - DPCC",,28.5710274,77.0719006,12235022,so2,SO₂,ppb,,,,
6932,"Alipur, Delhi - DPCC",,28.815329,77.15301,12235693,co,CO,ppb,,,,
6932,"Alipur, Delhi - DPCC",,28.815329,77.15301,19939,co,CO mass,µg/m³,,,,
6932,"Alipur, Delhi - DPCC",,28.815329,77.15301,19948,no2,NO₂ mass,µg/m³,,,,
6932,"Alipur, Delhi - DPCC",,28.815329,77.15301,12235695,no2,NO₂,ppb,,,,
6932,"Alipur, Delhi - DPCC",,28.815329,77.15301,19950,o3,O₃ mass,µg/m³,,,,
6932,"Alipur, Delhi - DPCC",,28.815329,77.15301,12235696,o3,O₃ mass,µg/m³,,,,
6932,"Alipur, Delhi - DPCC",,28.815329,77.15301,19936,pm10,PM10,µg/m³,,,,
6932,"Alipur, Delhi - DPCC",,28.815329,77.15301,12235697,pm10,PM10,µg/m³,,,,
6932,"Alipur, Delhi - DPCC",,28.815329,77.15301,19935,pm25,PM2.5,µg/m³,,,,
6932,"Alipur, Delhi - DPCC",,28.815329,77.15301,12235698,pm25,PM2.5,µg/m³,,,,
6932,"Alipur, Delhi - DPCC",,28.815329,77.15301,19912,so2,SO₂ mass,µg/m³,,,,
6932,"Alipur, Delhi - DPCC",,28.815329,77.15301,12235700,so2,SO₂,ppb,,,,
6933,"Shasthri Nagar, Ratlam - IPCA Lab",,23.331731,75.045981,19914,no2,NO₂ mass,µg/m³,,,,
6933,"Shasthri Nagar, Ratlam - IPCA Lab",,23.331731,75.045981,12235713,no2,NO₂,ppb,,,,
6933,"Shasthri Nagar, Ratlam - IPCA Lab",,23.331731,75.045981,19915,pm10,PM10,µg/m³,,,,
6933,"Shasthri Nagar, Ratlam - IPCA Lab",,23.331731,75.045981,12235714,pm10,PM10,µg/m³,,,,
6933,"Shasthri Nagar, Ratlam - IPCA Lab",,23.331731,75.045981,12235715,pm25,PM2.5,µg/m³,,,,
6933,"Shasthri Nagar, Ratlam - IPCA Lab",,23.331731,75.045981,19916,pm25,PM2.5,µg/m³,,,,
6933,"Shasthri Nagar, Ratlam - IPCA Lab",,23.331731,75.045981,19913,so2,SO₂ mass,µg/m³,,,,
6933,"Shasthri Nagar, Ratlam - IPCA Lab",,23.331731,75.045981,12235716,so2,SO₂,ppb,,,,
6934,"Dr. Karni Singh Shooting Range, Delhi - DPCC",,28.498571,77.26484,19925,co,CO mass,µg/m³,,,,
6934,"Dr. Karni Singh Shooting Range, Delhi - DPCC",,28.498571,77.26484,12235006,co,CO,ppb,,,,
6934,"Dr. Karni Singh Shooting Range, Delhi - DPCC",,28.498571,77.26484,19930,no2,NO₂ mass,µg/m³,,,,
6934,"Dr. Karni Singh Shooting Range, Delhi - DPCC",,28.498571,77.26484,12235008,no2,NO₂,ppb,,,,
6934,"Dr. Karni Singh Shooting Range, Delhi - DPCC",,28.498571,77.26484,19917,o3,O₃ mass,µg/m³,,,,
6934,"Dr. Karni Singh Shooting Range, Delhi - DPCC",,28.498571,77.26484,12235009,o3,O₃ mass,µg/m³,,,,
6934,"Dr. Karni Singh Shooting Range, Delhi - DPCC",,28.498571,77.26484,12235010,pm10,PM10,µg/m³,,,,
6934,"Dr. Karni Singh Shooting Range, Delhi - DPCC",,28.498571,77.26484,19941,pm10,PM10,µg/m³,,,,
6934,"Dr. Karni Singh Shooting Range, Delhi - DPCC",,28.498571,77.26484,19919,pm25,PM2.5,µg/m³,,,,
6934,"Dr. Karni Singh Shooting Range, Delhi - DPCC",,28.498571,77.26484,12235011,pm25,PM2.5,µg/m³,,,,
6934,"Dr. Karni Singh Shooting Range, Delhi - DPCC",,28.498571,77.26484,12235013,so2,SO₂,ppb,,,,
6934,"Dr. Karni Singh Shooting Range, Delhi - DPCC",,28.498571,77.26484,19943,so2,SO₂ mass,µg/m³,,,,
6935,"Urban Estate-II, Hisar - HSPCB",,29.14056,75.744941,14414776,co,CO,ppb,,,,
6935,"Urban Estate-II, Hisar - HSPCB",,29.14056,75.744941,19918,co,CO mass,µg/m³,,,,
6935,"Urban Estate-II, Hisar - HSPCB",,29.14056,75.744941,14414778,no2,NO₂,ppb,,,,
6935,"Urban Estate-II, Hisar - HSPCB",,29.14056,75.744941,19921,no2,NO₂ mass,µg/m³,,,,
6935,"Urban Estate-II, Hisar - HSPCB",,29.14056,75.744941,19937,o3,O₃ mass,µg/m³,,,,
6935,"Urban Estate-II, Hisar - HSPCB",,29.14056,75.744941,14414780,o3,O₃ mass,µg/m³,,,,
6935,"Urban Estate-II, Hisar - HSPCB",,29.14056,75.744941,19947,pm10,PM10,µg/m³,,,,
6935,"Urban Estate-II, Hisar - HSPCB",,29.14056,75.744941,14414781,pm10,PM10,µg/m³,,,,
6935,"Urban Estate-II, Hisar - HSPCB",,29.14056,75.744941,14414782,pm25,PM2.5,µg/m³,,,,
6935,"Urban Estate-II, Hisar - HSPCB",,29.14056,75.744941,19946,pm25,PM2.5,µg/m³,,,,
6935,"Urban Estate-II, Hisar - HSPCB",,29.14056,75.744941,14414784,so2,SO₂,ppb,,,,
6935,"Urban Estate-II, Hisar - HSPCB",,29.14056,75.744941,19944,so2,SO₂ mass,µg/m³,,,,
6936,"Arya Nagar, Bahadurgarh - HSPCB",,28.6701,76.9254,14233899,co,CO,ppb,,,,
6936,"Arya Nagar, Bahadurgarh - HSPCB",,28.6701,76.9254,19940,co,CO mass,µg/m³,,,,
6936,"Arya Nagar, Bahadurgarh - HSPCB",,28.6701,76.9254,19945,no2,NO₂ mass,µg/m³,,,,
6936,"Arya Nagar, Bahadurgarh - HSPCB",,28.6701,76.9254,14233901,no2,NO₂,ppb,,,,
6936,"Arya Nagar, Bahadurgarh - HSPCB",,28.6701,76.9254,14233902,o3,O₃ mass,µg/m³,,,,
6936,"Arya Nagar, Bahadurgarh - HSPCB",,28.6701,76.9254,19931,o3,O₃ mass,µg/m³,,,,
6936,"Arya Nagar, Bahadurgarh - HSPCB",,28.6701,76.9254,19928,pm10,PM10,µg/m³,,,,
6936,"Arya Nagar, Bahadurgarh - HSPCB",,28.6701,76.9254,14233903,pm10,PM10,µg/m³,,,,
6936,"Arya Nagar, Bahadurgarh - HSPCB",,28.6701,76.9254,14233904,pm25,PM2.5,µg/m³,,,,
6936,"Arya Nagar, Bahadurgarh - HSPCB",,28.6701,76.9254,19922,pm25,PM2.5,µg/m³,,,,
6936,"Arya Nagar, Bahadurgarh - HSPCB",,28.6701,76.9254,19920,so2,SO₂ mass,µg/m³,,,,
6936,"Arya Nagar, Bahadurgarh - HSPCB",,28.6701,76.9254,14233906,so2,SO₂,ppb,,,,
6937,"Sector-10, Gandhinagar - GPCB",,23.221714,72.654328,19927,co,CO mass,µg/m³,,,,
6937,"Sector-10, Gandhinagar - GPCB",,23.221714,72.654328,12235726,co,CO,ppb,,,,
6937,"Sector-10, Gandhinagar - GPCB",,23.221714,72.654328,12235728,no2,NO₂,ppb,,,,
6937,"Sector-10, Gandhinagar - GPCB",,23.221714,72.654328,19924,no2,NO₂ mass,µg/m³,,,,
6937,"Sector-10, Gandhinagar - GPCB",,23.221714,72.654328,12235729,o3,O₃ mass,µg/m³,,,,
6937,"Sector-10, Gandhinagar - GPCB",,23.221714,72.654328,19923,o3,O₃ mass,µg/m³,,,,
6937,"Sector-10, Gandhinagar - GPCB",,23.221714,72.654328,12235730,pm10,PM10,µg/m³,,,,
6937,"Sector-10, Gandhinagar - GPCB",,23.221714,72.654328,19951,pm10,PM10,µg/m³,,,,
6937,"Sector-10, Gandhinagar - GPCB",,23.221714,72.654328,19949,pm25,PM2.5,µg/m³,,,,
6937,"Sector-10, Gandhinagar - GPCB",,23.221714,72.654328,12235731,pm25,PM2.5,µg/m³,,,,
6937,"Sector-10, Gandhinagar - GPCB",,23.221714,72.654328,12235733,so2,SO₂,ppb,,,,
6937,"Sector-10, Gandhinagar - GPCB",,23.221714,72.654328,19942,so2,SO₂ mass,µg/m³,,,,
6938,"Vivek Vihar, Delhi - DPCC",,28.672342,77.31526,19926,co,CO mass,µg/m³,,,,
6938,"Vivek Vihar, Delhi - DPCC",,28.672342,77.31526,12235128,co,CO,ppb,,,,
6938,"Vivek Vihar, Delhi - DPCC",,28.672342,77.31526,12235130,no2,NO₂,ppb,,,,
6938,"Vivek Vihar, Delhi - DPCC",,28.672342,77.31526,19929,no2,NO₂ mass,µg/m³,,,,
6938,"Vivek Vihar, Delhi - DPCC",,28.672342,77.31526,12235131,o3,O₃ mass,µg/m³,,,,
6938,"Vivek Vihar, Delhi - DPCC",,28.672342,77.31526,19932,o3,O₃ mass,µg/m³,,,,
6938,"Vivek Vihar, Delhi - DPCC",,28.672342,77.31526,12235132,pm10,PM10,µg/m³,,,,
6938,"Vivek Vihar, Delhi - DPCC",,28.672342,77.31526,19933,pm10,PM10,µg/m³,,,,
6938,"Vivek Vihar, Delhi - DPCC",,28.672342,77.31526,12235133,pm25,PM2.5,µg/m³,,,,
6938,"Vivek Vihar, Delhi - DPCC",,28.672342,77.31526,19934,pm25,PM2.5,µg/m³,,,,
6938,"Vivek Vihar, Delhi - DPCC",,28.672342,77.31526,19938,so2,SO₂ mass,µg/m³,,,,
6938,"Vivek Vihar, Delhi - DPCC",,28.672342,77.31526,12235135,so2,SO₂,ppb,,,,
6939,"Hardev Nagar, Bathinda - PPCB",,30.233011,74.907758,20048,co,CO mass,µg/m³,,,,
6939,"Hardev Nagar, Bathinda - PPCB",,30.233011,74.907758,12235209,co,CO,ppb,,,,
6939,"Hardev Nagar, Bathinda - PPCB",,30.233011,74.907758,12235211,no2,NO₂,ppb,,,,
6939,"Hardev Nagar, Bathinda - PPCB",,30.233011,74.907758,20050,no2,NO₂ mass,µg/m³,,,,
6939,"Hardev Nagar, Bathinda - PPCB",,30.233011,74.907758,19952,pm10,PM10,µg/m³,,,,
6939,"Hardev Nagar, Bathinda - PPCB",,30.233011,74.907758,12235212,pm10,PM10,µg/m³,,,,
6939,"Hardev Nagar, Bathinda - PPCB",,30.233011,74.907758,20051,pm25,PM2.5,µg/m³,,,,
6939,"Hardev Nagar, Bathinda - PPCB",,30.233011,74.907758,12235213,pm25,PM2.5,µg/m³,,,,
6939,"Hardev Nagar, Bathinda - PPCB",,30.233011,74.907758,20052,so2,SO₂ mass,µg/m³,,,,
6939,"Hardev Nagar, Bathinda - PPCB",,30.233011,74.907758,12235215,so2,SO₂,ppb,,,,
6940,"Kalal Majra, Khanna - PPCB",,30.736056,76.209694,20124,co,CO mass,µg/m³,,,,
6940,"Kalal Majra, Khanna - PPCB",,30.736056,76.209694,12235173,co,CO,ppb,,,,
6940,"Kalal Majra, Khanna - PPCB",,30.736056,76.209694,12235175,no2,NO₂,ppb,,,,
6940,"Kalal Majra, Khanna - PPCB",,30.736056,76.209694,20132,no2,NO₂ mass,µg/m³,,,,
6940,"Kalal Majra, Khanna - PPCB",,30.736056,76.209694,19953,o3,O₃ mass,µg/m³,,,,
6940,"Kalal Majra, Khanna - PPCB",,30.736056,76.209694,12235176,o3,O₃ mass,µg/m³,,,,
6940,"Kalal Majra, Khanna - PPCB",,30.736056,76.209694,12235177,pm10,PM10,µg/m³,,,,
6940,"Kalal Majra, Khanna - PPCB",,30.736056,76.209694,19963,pm10,PM10,µg/m³,,,,
6940,"Kalal Majra, Khanna - PPCB",,30.736056,76.209694,19965,pm25,PM2.5,µg/m³,,,,
6940,"Kalal Majra, Khanna - PPCB",,30.736056,76.209694,12235178,pm25,PM2.5,µg/m³,,,,
6940,"Kalal Majra, Khanna - PPCB",,30.736056,76.209694,12235180,so2,SO₂,ppb,,,,
6940,"Kalal Majra, Khanna - PPCB",,30.736056,76.209694,19958,so2,SO₂ mass,µg/m³,,,,
6941,"Railway Colony, Guwahati - APCB",,26.144499999999997,91.7362,20146,co,CO mass,µg/m³,,,,
6941,"Railway Colony, Guwahati - APCB",,26.144499999999997,91.7362,20149,no2,NO₂ mass,µg/m³,,,,
6941,"Railway Colony, Guwahati - APCB",,26.144499999999997,91.7362,20151,o3,O₃ mass,µg/m³,,,,
6941,"Railway Colony, Guwahati - APCB",,26.144499999999997,91.7362,19955,pm10,PM10,µg/m³,,,,
6941,"Railway Colony, Guwahati - APCB",,26.144499999999997,91.7362,19960,pm25,PM2.5,µg/m³,,,,
6941,"Railway Colony, Guwahati - APCB",,26.144499999999997,91.7362,19962,so2,SO₂ mass,µg/m³,,,,
6942,"Phase-4 GIDC, Vatva - GPCB",,22.969611,72.6435,12235735,co,CO,ppb,,,,
6942,"Phase-4 GIDC, Vatva - GPCB",,22.969611,72.6435,20136,co,CO mass,µg/m³,,,,
6942,"Phase-4 GIDC, Vatva - GPCB",,22.969611,72.6435,12235737,no2,NO₂,ppb,,,,
6942,"Phase-4 GIDC, Vatva - GPCB",,22.969611,72.6435,20140,no2,NO₂ mass,µg/m³,,,,
6942,"Phase-4 GIDC, Vatva - GPCB",,22.969611,72.6435,12235738,o3,O₃ mass,µg/m³,,,,
6942,"Phase-4 GIDC, Vatva - GPCB",,22.969611,72.6435,19964,o3,O₃ mass,µg/m³,,,,
6942,"Phase-4 GIDC, Vatva - GPCB",,22.969611,72.6435,19959,pm10,PM10,µg/m³,,,,
6942,"Phase-4 GIDC, Vatva - GPCB",,22.969611,72.6435,12235739,pm10,PM10,µg/m³,,,,
6942,"Phase-4 GIDC, Vatva - GPCB",,22.969611,72.6435,20141,pm25,PM2.5,µg/m³,,,,
6942,"Phase-4 GIDC, Vatva - GPCB",,22.969611,72.6435,12235740,pm25,PM2.5,µg/m³,,,,
6942,"Phase-4 GIDC, Vatva - GPCB",,22.969611,72.6435,20138,so2,SO₂ mass,µg/m³,,,,
6942,"Phase-4 GIDC, Vatva - GPCB",,22.969611,72.6435,12235741,so2,SO₂,ppb,,,,
6943,"Mahape, Navi Mumbai - MPCB",,19.1135051,73.008978,20128,co,CO mass,µg/m³,,,,
6943,"Mahape, Navi Mumbai - MPCB",,19.1135051,73.008978,12235900,co,CO,ppb,,,,
6943,"Mahape, Navi Mumbai - MPCB",,19.1135051,73.008978,20069,no2,NO₂ mass,µg/m³,,,,
6943,"Mahape, Navi Mumbai - MPCB",,19.1135051,73.008978,12235902,no2,NO₂,ppb,,,,
6943,"Mahape, Navi Mumbai - MPCB",,19.1135051,73.008978,19961,o3,O₃ mass,µg/m³,,,,
6943,"Mahape, Navi Mumbai - MPCB",,19.1135051,73.008978,12235903,o3,O₃ mass,µg/m³,,,,
6943,"Mahape, Navi Mumbai - MPCB",,19.1135051,73.008978,20068,pm10,PM10,µg/m³,,,,
6943,"Mahape, Navi Mumbai - MPCB",,19.1135051,73.008978,12235904,pm10,PM10,µg/m³,,,,
6943,"Mahape, Navi Mumbai - MPCB",,19.1135051,73.008978,12235905,pm25,PM2.5,µg/m³,,,,
6943,"Mahape, Navi Mumbai - MPCB",,19.1135051,73.008978,20046,pm25,PM2.5,µg/m³,,,,
6943,"Mahape, Navi Mumbai - MPCB",,19.1135051,73.008978,12235907,so2,SO₂,ppb,,,,
6943,"Mahape, Navi Mumbai - MPCB",,19.1135051,73.008978,20023,so2,SO₂ mass,µg/m³,,,,
6944,"H.B. Colony, Bhiwani - HSPCB",,28.806223,76.141105,12251159,co,CO,ppb,,,,
6944,"H.B. Colony, Bhiwani - HSPCB",,28.806223,76.141105,19966,co,CO mass,µg/m³,,,,
6944,"H.B. Colony, Bhiwani - HSPCB",,28.806223,76.141105,19967,no2,NO₂ mass,µg/m³,,,,
6944,"H.B. Colony, Bhiwani - HSPCB",,28.806223,76.141105,12251161,no2,NO₂,ppb,,,,
6944,"H.B. Colony, Bhiwani - HSPCB",,28.806223,76.141105,12251162,o3,O₃ mass,µg/m³,,,,
6944,"H.B. Colony, Bhiwani - HSPCB",,28.806223,76.141105,19969,o3,O₃ mass,µg/m³,,,,
6944,"H.B. Colony, Bhiwani - HSPCB",,28.806223,76.141105,19970,pm10,PM10,µg/m³,,,,
6944,"H.B. Colony, Bhiwani - HSPCB",,28.806223,76.141105,12251163,pm10,PM10,µg/m³,,,,
6944,"H.B. Colony, Bhiwani - HSPCB",,28.806223,76.141105,19972,pm25,PM2.5,µg/m³,,,,
6944,"H.B. Colony, Bhiwani - HSPCB",,28.806223,76.141105,12251164,pm25,PM2.5,µg/m³,,,,
6944,"H.B. Colony, Bhiwani - HSPCB",,28.806223,76.141105,12251166,so2,SO₂,ppb,,,,
6944,"H.B. Colony, Bhiwani - HSPCB",,28.806223,76.141105,19974,so2,SO₂ mass,µg/m³,,,,
6945,"Kurla, Mumbai - MPCB",,19.0863,72.8888,12235829,co,CO,ppb,,,,
6945,"Kurla, Mumbai - MPCB",,19.0863,72.8888,19993,co,CO mass,µg/m³,,,,
6945,"Kurla, Mumbai - MPCB",,19.0863,72.8888,12235831,no2,NO₂,ppb,,,,
6945,"Kurla, Mumbai - MPCB",,19.0863,72.8888,20076,no2,NO₂ mass,µg/m³,,,,
6945,"Kurla, Mumbai - MPCB",,19.0863,72.8888,19968,o3,O₃ mass,µg/m³,,,,
6945,"Kurla, Mumbai - MPCB",,19.0863,72.8888,12235832,o3,O₃ mass,µg/m³,,,,
6945,"Kurla, Mumbai - MPCB",,19.0863,72.8888,12235833,pm10,PM10,µg/m³,,,,
6945,"Kurla, Mumbai - MPCB",,19.0863,72.8888,19975,pm10,PM10,µg/m³,,,,
6945,"Kurla, Mumbai - MPCB",,19.0863,72.8888,12235834,pm25,PM2.5,µg/m³,,,,
6945,"Kurla, Mumbai - MPCB",,19.0863,72.8888,19978,pm25,PM2.5,µg/m³,,,,
6945,"Kurla, Mumbai - MPCB",,19.0863,72.8888,12289836,so2,SO₂,ppb,,,,
6945,"Kurla, Mumbai - MPCB",,19.0863,72.8888,19987,so2,SO₂ mass,µg/m³,,,,
6946,"Belur Math, Howrah - WBPCB",,22.629801,88.352017,12235809,co,CO,ppb,,,,
6946,"Belur Math, Howrah - WBPCB",,22.629801,88.352017,19971,co,CO mass,µg/m³,,,,
6946,"Belur Math, Howrah - WBPCB",,22.629801,88.352017,12235811,no2,NO₂,ppb,,,,
6946,"Belur Math, Howrah - WBPCB",,22.629801,88.352017,20004,no2,NO₂ mass,µg/m³,,,,
6946,"Belur Math, Howrah - WBPCB",,22.629801,88.352017,20008,o3,O₃ mass,µg/m³,,,,
6946,"Belur Math, Howrah - WBPCB",,22.629801,88.352017,12235812,o3,O₃ mass,µg/m³,,,,
6946,"Belur Math, Howrah - WBPCB",,22.629801,88.352017,12235813,pm10,PM10,µg/m³,,,,
6946,"Belur Math, Howrah - WBPCB",,22.629801,88.352017,20036,pm10,PM10,µg/m³,,,,
6946,"Belur Math, Howrah - WBPCB",,22.629801,88.352017,12235814,pm25,PM2.5,µg/m³,,,,
6946,"Belur Math, Howrah - WBPCB",,22.629801,88.352017,20038,pm25,PM2.5,µg/m³,,,,
6946,"Belur Math, Howrah - WBPCB",,22.629801,88.352017,20121,so2,SO₂ mass,µg/m³,,,,
6946,"Belur Math, Howrah - WBPCB",,22.629801,88.352017,12235816,so2,SO₂,ppb,,,,
6947,"General Hospital, Mandikhera - HSPCB",,27.9002,76.9938,14216050,co,CO,ppb,,,,
6947,"General Hospital, Mandikhera - HSPCB",,27.9002,76.9938,19990,co,CO mass,µg/m³,,,,
6947,"General Hospital, Mandikhera - HSPCB",,27.9002,76.9938,14216052,no2,NO₂,ppb,,,,
6947,"General Hospital, Mandikhera - HSPCB",,27.9002,76.9938,19984,no2,NO₂ mass,µg/m³,,,,
6947,"General Hospital, Mandikhera - HSPCB",,27.9002,76.9938,20072,o3,O₃ mass,µg/m³,,,,
6947,"General Hospital, Mandikhera - HSPCB",,27.9002,76.9938,14216053,o3,O₃ mass,µg/m³,,,,
6947,"General Hospital, Mandikhera - HSPCB",,27.9002,76.9938,14216054,pm10,PM10,µg/m³,,,,
6947,"General Hospital, Mandikhera - HSPCB",,27.9002,76.9938,19973,pm10,PM10,µg/m³,,,,
6947,"General Hospital, Mandikhera - HSPCB",,27.9002,76.9938,19983,pm25,PM2.5,µg/m³,,,,
6947,"General Hospital, Mandikhera - HSPCB",,27.9002,76.9938,14216055,pm25,PM2.5,µg/m³,,,,
6947,"General Hospital, Mandikhera - HSPCB",,27.9002,76.9938,14216057,so2,SO₂,ppb,,,,
6947,"General Hospital, Mandikhera - HSPCB",,27.9002,76.9938,19999,so2,SO₂ mass,µg/m³,,,,
6948,"Chhatrapati Shivaji Intl. Airport (T2), Mumbai - MPCB",,19.10078,72.87462,12235855,co,CO,ppb,,,,
6948,"Chhatrapati Shivaji Intl. Airport (T2), Mumbai - MPCB",,19.10078,72.87462,19976,co,CO mass,µg/m³,,,,
6948,"Chhatrapati Shivaji Intl. Airport (T2), Mumbai - MPCB",,19.10078,72.87462,19977,no2,NO₂ mass,µg/m³,,,,
6948,"Chhatrapati Shivaji Intl. Airport (T2), Mumbai - MPCB",,19.10078,72.87462,12235857,no2,NO₂,ppb,,,,
6948,"Chhatrapati Shivaji Intl. Airport (T2), Mumbai - MPCB",,19.10078,72.87462,12235858,o3,O₃ mass,µg/m³,,,,
6948,"Chhatrapati Shivaji Intl. Airport (T2), Mumbai - MPCB",,19.10078,72.87462,19979,o3,O₃ mass,µg/m³,,,,
6948,"Chhatrapati Shivaji Intl. Airport (T2), Mumbai - MPCB",,19.10078,72.87462,19980,pm10,PM10,µg/m³,,,,
6948,"Chhatrapati Shivaji Intl. Airport (T2), Mumbai - MPCB",,19.10078,72.87462,12235859,pm10,PM10,µg/m³,,,,
6948,"Chhatrapati Shivaji Intl. Airport (T2), Mumbai - MPCB",,19.10078,72.87462,12235860,pm25,PM2.5,µg/m³,,,,
6948,"Chhatrapati Shivaji Intl. Airport (T2), Mumbai - MPCB",,19.10078,72.87462,19981,pm25,PM2.5,µg/m³,,,,
6948,"Chhatrapati Shivaji Intl. Airport (T2), Mumbai - MPCB",,19.10078,72.87462,12235862,so2,SO₂,ppb,,,,
6948,"Chhatrapati Shivaji Intl. Airport (T2), Mumbai - MPCB",,19.10078,72.87462,19982,so2,SO₂ mass,µg/m³,,,,
6949,"Municipal Corporation Office, Dharuhera -  HSPCB",,28.2068,76.7997,14291086,co,CO,ppb,,,,
6949,"Municipal Corporation Office, Dharuhera -  HSPCB",,28.2068,76.7997,20100,co,CO mass,µg/m³,,,,
6949,"Municipal Corporation Office, Dharuhera -  HSPCB",,28.2068,76.7997,20045,no2,NO₂ mass,µg/m³,,,,
6949,"Municipal Corporation Office, Dharuhera -  HSPCB",,28.2068,76.7997,14291088,no2,NO₂,ppb,,,,
6949,"Municipal Corporation Office, Dharuhera -  HSPCB",,28.2068,76.7997,14291089,o3,O₃ mass,µg/m³,,,,
6949,"Municipal Corporation Office, Dharuhera -  HSPCB",,28.2068,76.7997,20044,o3,O₃ mass,µg/m³,,,,
6949,"Municipal Corporation Office, Dharuhera -  HSPCB",,28.2068,76.7997,20060,pm10,PM10,µg/m³,,,,
6949,"Municipal Corporation Office, Dharuhera -  HSPCB",,28.2068,76.7997,14291090,pm10,PM10,µg/m³,,,,
6949,"Municipal Corporation Office, Dharuhera -  HSPCB",,28.2068,76.7997,14291091,pm25,PM2.5,µg/m³,,,,
6949,"Municipal Corporation Office, Dharuhera -  HSPCB",,28.2068,76.7997,19985,pm25,PM2.5,µg/m³,,,,
6949,"Municipal Corporation Office, Dharuhera -  HSPCB",,28.2068,76.7997,20078,so2,SO₂ mass,µg/m³,,,,
6949,"Municipal Corporation Office, Dharuhera -  HSPCB",,28.2068,76.7997,14291093,so2,SO₂,ppb,,,,
6950,"Jadavpur, Kolkata - WBPCB",,22.49929,88.36917,19986,co,CO mass,µg/m³,,,,
6950,"Jadavpur, Kolkata - WBPCB",,22.49929,88.36917,12235882,co,CO,ppb,,,,
6950,"Jadavpur, Kolkata - WBPCB",,22.49929,88.36917,12235884,no2,NO₂,ppb,,,,
6950,"Jadavpur, Kolkata - WBPCB",,22.49929,88.36917,19988,no2,NO₂ mass,µg/m³,,,,
6950,"Jadavpur, Kolkata - WBPCB",,22.49929,88.36917,19991,o3,O₃ mass,µg/m³,,,,
6950,"Jadavpur, Kolkata - WBPCB",,22.49929,88.36917,12235885,o3,O₃ mass,µg/m³,,,,
6950,"Jadavpur, Kolkata - WBPCB",,22.49929,88.36917,12235886,pm10,PM10,µg/m³,,,,
6950,"Jadavpur, Kolkata - WBPCB",,22.49929,88.36917,19994,pm10,PM10,µg/m³,,,,
6950,"Jadavpur, Kolkata - WBPCB",,22.49929,88.36917,12235887,pm25,PM2.5,µg/m³,,,,
6950,"Jadavpur, Kolkata - WBPCB",,22.49929,88.36917,19997,pm25,PM2.5,µg/m³,,,,
6950,"Jadavpur, Kolkata - WBPCB",,22.49929,88.36917,12235889,so2,SO₂,ppb,,,,
6950,"Jadavpur, Kolkata - WBPCB",,22.49929,88.36917,20002,so2,SO₂ mass,µg/m³,,,,
6951,"Murthal, Sonipat - HSPCB",,29.0272,77.0621,19989,co,CO mass,µg/m³,,,,
6951,"Murthal, Sonipat - HSPCB",,29.0272,77.0621,14258138,co,CO,ppb,,,,
6951,"Murthal, Sonipat - HSPCB",,29.0272,77.0621,20035,no2,NO₂ mass,µg/m³,,,,
6951,"Murthal, Sonipat - HSPCB",,29.0272,77.0621,14258140,no2,NO₂,ppb,,,,
6951,"Murthal, Sonipat - HSPCB",,29.0272,77.0621,20082,o3,O₃ mass,µg/m³,,,,
6951,"Murthal, Sonipat - HSPCB",,29.0272,77.0621,14258141,o3,O₃ mass,µg/m³,,,,
6951,"Murthal, Sonipat - HSPCB",,29.0272,77.0621,14258142,pm10,PM10,µg/m³,,,,
6951,"Murthal, Sonipat - HSPCB",,29.0272,77.0621,20056,pm10,PM10,µg/m³,,,,
6951,"Murthal, Sonipat - HSPCB",,29.0272,77.0621,20013,pm25,PM2.5,µg/m³,,,,
6951,"Murthal, Sonipat - HSPCB",,29.0272,77.0621,14258143,pm25,PM2.5,µg/m³,,,,
6951,"Murthal, Sonipat - HSPCB",,29.0272,77.0621,14258145,so2,SO₂,ppb,,,,
6951,"Murthal, Sonipat - HSPCB",,29.0272,77.0621,20066,so2,SO₂ mass,µg/m³,,,,
6952,"F-Block, Sirsa - HSPCB",,29.5364,75.0158,20001,co,CO mass,µg/m³,,,,
6952,"F-Block, Sirsa - HSPCB",,29.5364,75.0158,13604851,co,CO,ppb,,,,
6952,"F-Block, Sirsa - HSPCB",,29.5364,75.0158,20000,no2,NO₂ mass,µg/m³,,,,
6952,"F-Block, Sirsa - HSPCB",,29.5364,75.0158,13604853,no2,NO₂,ppb,,,,
6952,"F-Block, Sirsa - HSPCB",,29.5364,75.0158,13604854,o3,O₃ mass,µg/m³,,,,
6952,"F-Block, Sirsa - HSPCB",,29.5364,75.0158,19998,o3,O₃ mass,µg/m³,,,,
6952,"F-Block, Sirsa - HSPCB",,29.5364,75.0158,19996,pm10,PM10,µg/m³,,,,
6952,"F-Block, Sirsa - HSPCB",,29.5364,75.0158,13604855,pm10,PM10,µg/m³,,,,
6952,"F-Block, Sirsa - HSPCB",,29.5364,75.0158,19995,pm25,PM2.5,µg/m³,,,,
6952,"F-Block, Sirsa - HSPCB",,29.5364,75.0158,13604856,pm25,PM2.5,µg/m³,,,,
6952,"F-Block, Sirsa - HSPCB",,29.5364,75.0158,13604858,so2,SO₂,ppb,,,,
6952,"F-Block, Sirsa - HSPCB",,29.5364,75.0158,19992,so2,SO₂ mass,µg/m³,,,,
6953,"Sector-2 IMT, Manesar - HSPCB",,28.360699,76.93609,14250040,co,CO,ppb,,,,
6953,"Sector-2 IMT, Manesar - HSPCB",,28.360699,76.93609,20014,co,CO mass,µg/m³,,,,
6953,"Sector-2 IMT, Manesar - HSPCB",,28.360699,76.93609,14250042,no2,NO₂,ppb,,,,
6953,"Sector-2 IMT, Manesar - HSPCB",,28.360699,76.93609,20012,no2,NO₂ mass,µg/m³,,,,
6953,"Sector-2 IMT, Manesar - HSPCB",,28.360699,76.93609,14250043,o3,O₃ mass,µg/m³,,,,
6953,"Sector-2 IMT, Manesar - HSPCB",,28.360699,76.93609,20011,o3,O₃ mass,µg/m³,,,,
6953,"Sector-2 IMT, Manesar - HSPCB",,28.360699,76.93609,20009,pm10,PM10,µg/m³,,,,
6953,"Sector-2 IMT, Manesar - HSPCB",,28.360699,76.93609,14250044,pm10,PM10,µg/m³,,,,
6953,"Sector-2 IMT, Manesar - HSPCB",,28.360699,76.93609,20006,pm25,PM2.5,µg/m³,,,,
6953,"Sector-2 IMT, Manesar - HSPCB",,28.360699,76.93609,14250045,pm25,PM2.5,µg/m³,,,,
6953,"Sector-2 IMT, Manesar - HSPCB",,28.360699,76.93609,20003,so2,SO₂ mass,µg/m³,,,,
6953,"Sector-2 IMT, Manesar - HSPCB",,28.360699,76.93609,14250047,so2,SO₂,ppb,,,,
6954,"Chikkaballapur Rural, Chikkaballapur - KSPCB",,13.428828,77.731418,20005,co,CO mass,µg/m³,,,,
6954,"Chikkaballapur Rural, Chikkaballapur - KSPCB",,13.428828,77.731418,12235271,co,CO,ppb,,,,
6954,"Chikkaballapur Rural, Chikkaballapur - KSPCB",,13.428828,77.731418,12235273,no2,NO₂,ppb,,,,
6954,"Chikkaballapur Rural, Chikkaballapur - KSPCB",,13.428828,77.731418,20233,no2,NO₂ mass,µg/m³,,,,
6954,"Chikkaballapur Rural, Chikkaballapur - KSPCB",,13.428828,77.731418,20235,o3,O₃ mass,µg/m³,,,,
6954,"Chikkaballapur Rural, Chikkaballapur - KSPCB",,13.428828,77.731418,12235274,o3,O₃ mass,µg/m³,,,,
6954,"Chikkaballapur Rural, Chikkaballapur - KSPCB",,13.428828,77.731418,20252,pm10,PM10,µg/m³,,,,
6954,"Chikkaballapur Rural, Chikkaballapur - KSPCB",,13.428828,77.731418,12235275,pm10,PM10,µg/m³,,,,
6954,"Chikkaballapur Rural, Chikkaballapur - KSPCB",,13.428828,77.731418,12235276,pm25,PM2.5,µg/m³,,,,
6954,"Chikkaballapur Rural, Chikkaballapur - KSPCB",,13.428828,77.731418,20253,pm25,PM2.5,µg/m³,,,,
6954,"Chikkaballapur Rural, Chikkaballapur - KSPCB",,13.428828,77.731418,12235278,so2,SO₂,ppb,,,,
6954,"Chikkaballapur Rural, Chikkaballapur - KSPCB",,13.428828,77.731418,20256,so2,SO₂ mass,µg/m³,,,,
6955,"Lal Bahadur Shastri Nagar, Kalaburagi - KSPCB",,17.321993,76.822628,12235325,co,CO,ppb,,,,
6955,"Lal Bahadur Shastri Nagar, Kalaburagi - KSPCB",,17.321993,76.822628,20170,co,CO mass,µg/m³,,,,
6955,"Lal Bahadur Shastri Nagar, Kalaburagi - KSPCB",,17.321993,76.822628,12235327,no2,NO₂,ppb,,,,
6955,"Lal Bahadur Shastri Nagar, Kalaburagi - KSPCB",,17.321993,76.822628,20185,no2,NO₂ mass,µg/m³,,,,
6955,"Lal Bahadur Shastri Nagar, Kalaburagi - KSPCB",,17.321993,76.822628,12235328,o3,O₃ mass,µg/m³,,,,
6955,"Lal Bahadur Shastri Nagar, Kalaburagi - KSPCB",,17.321993,76.822628,20007,o3,O₃ mass,µg/m³,,,,
6955,"Lal Bahadur Shastri Nagar, Kalaburagi - KSPCB",,17.321993,76.822628,12235329,pm10,PM10,µg/m³,,,,
6955,"Lal Bahadur Shastri Nagar, Kalaburagi - KSPCB",,17.321993,76.822628,20160,pm10,PM10,µg/m³,,,,
6955,"Lal Bahadur Shastri Nagar, Kalaburagi - KSPCB",,17.321993,76.822628,12460304,pm25,PM2.5,µg/m³,,,,
6955,"Lal Bahadur Shastri Nagar, Kalaburagi - KSPCB",,17.321993,76.822628,20163,pm25,PM2.5,µg/m³,,,,
6955,"Lal Bahadur Shastri Nagar, Kalaburagi - KSPCB",,17.321993,76.822628,20174,so2,SO₂ mass,µg/m³,,,,
6955,"Lal Bahadur Shastri Nagar, Kalaburagi - KSPCB",,17.321993,76.822628,12235331,so2,SO₂,ppb,,,,
6956,"Powai, Mumbai - MPCB",,19.1375,72.915056,12235891,co,CO,ppb,,,,
6956,"Powai, Mumbai - MPCB",,19.1375,72.915056,20125,co,CO mass,µg/m³,,,,
6956,"Powai, Mumbai - MPCB",,19.1375,72.915056,20083,no2,NO₂ mass,µg/m³,,,,
6956,"Powai, Mumbai - MPCB",,19.1375,72.915056,12235893,no2,NO₂,ppb,,,,
6956,"Powai, Mumbai - MPCB",,19.1375,72.915056,20054,o3,O₃ mass,µg/m³,,,,
6956,"Powai, Mumbai - MPCB",,19.1375,72.915056,12235894,o3,O₃ mass,µg/m³,,,,
6956,"Powai, Mumbai - MPCB",,19.1375,72.915056,12235895,pm10,PM10,µg/m³,,,,
6956,"Powai, Mumbai - MPCB",,19.1375,72.915056,20010,pm10,PM10,µg/m³,,,,
6956,"Powai, Mumbai - MPCB",,19.1375,72.915056,20079,pm25,PM2.5,µg/m³,,,,
6956,"Powai, Mumbai - MPCB",,19.1375,72.915056,12235896,pm25,PM2.5,µg/m³,,,,
6956,"Powai, Mumbai - MPCB",,19.1375,72.915056,12235898,so2,SO₂,ppb,,,,
6956,"Powai, Mumbai - MPCB",,19.1375,72.915056,20101,so2,SO₂ mass,µg/m³,,,,
6957,"Jawaharlal Nehru Stadium, Delhi - DPCC",,28.58028,77.233829,20015,co,CO mass,µg/m³,,,,
6957,"Jawaharlal Nehru Stadium, Delhi - DPCC",,28.58028,77.233829,12235033,co,CO,ppb,,,,
6957,"Jawaharlal Nehru Stadium, Delhi - DPCC",,28.58028,77.233829,20017,no2,NO₂ mass,µg/m³,,,,
6957,"Jawaharlal Nehru Stadium, Delhi - DPCC",,28.58028,77.233829,12235035,no2,NO₂,ppb,,,,
6957,"Jawaharlal Nehru Stadium, Delhi - DPCC",,28.58028,77.233829,20018,o3,O₃ mass,µg/m³,,,,
6957,"Jawaharlal Nehru Stadium, Delhi - DPCC",,28.58028,77.233829,12235036,o3,O₃ mass,µg/m³,,,,
6957,"Jawaharlal Nehru Stadium, Delhi - DPCC",,28.58028,77.233829,20019,pm10,PM10,µg/m³,,,,
6957,"Jawaharlal Nehru Stadium, Delhi - DPCC",,28.58028,77.233829,12235037,pm10,PM10,µg/m³,,,,
6957,"Jawaharlal Nehru Stadium, Delhi - DPCC",,28.58028,77.233829,20020,pm25,PM2.5,µg/m³,,,,
6957,"Jawaharlal Nehru Stadium, Delhi - DPCC",,28.58028,77.233829,12235038,pm25,PM2.5,µg/m³,,,,
6957,"Jawaharlal Nehru Stadium, Delhi - DPCC",,28.58028,77.233829,12235040,so2,SO₂,ppb,,,,
6957,"Jawaharlal Nehru Stadium, Delhi - DPCC",,28.58028,77.233829,20021,so2,SO₂ mass,µg/m³,,,,
6958,"Sector-18, Panipat - HSPCB",,29.435587,76.975531,20028,co,CO mass,µg/m³,,,,
6958,"Sector-18, Panipat - HSPCB",,29.435587,76.975531,14248662,co,CO,ppb,,,,
6958,"Sector-18, Panipat - HSPCB",,29.435587,76.975531,20027,no2,NO₂ mass,µg/m³,,,,
6958,"Sector-18, Panipat - HSPCB",,29.435587,76.975531,14248664,no2,NO₂,ppb,,,,
6958,"Sector-18, Panipat - HSPCB",,29.435587,76.975531,20026,o3,O₃ mass,µg/m³,,,,
6958,"Sector-18, Panipat - HSPCB",,29.435587,76.975531,14248665,o3,O₃ mass,µg/m³,,,,
6958,"Sector-18, Panipat - HSPCB",,29.435587,76.975531,20025,pm10,PM10,µg/m³,,,,
6958,"Sector-18, Panipat - HSPCB",,29.435587,76.975531,14248666,pm10,PM10,µg/m³,,,,
6958,"Sector-18, Panipat - HSPCB",,29.435587,76.975531,20024,pm25,PM2.5,µg/m³,,,,
6958,"Sector-18, Panipat - HSPCB",,29.435587,76.975531,14248667,pm25,PM2.5,µg/m³,,,,
6958,"Sector-18, Panipat - HSPCB",,29.435587,76.975531,20022,so2,SO₂ mass,µg/m³,,,,
6958,"Sector-18, Panipat - HSPCB",,29.435587,76.975531,14248669,so2,SO₂,ppb,,,,
6959,"Siddharth Nagar-Worli, Mumbai - IITM",,19.000083,72.813993,20029,co,CO mass,µg/m³,,,,
6959,"Siddharth Nagar-Worli, Mumbai - IITM",,19.000083,72.813993,12236430,co,CO,ppb,,,,
6959,"Siddharth Nagar-Worli, Mumbai - IITM",,19.000083,72.813993,12236432,no2,NO₂,ppb,,,,
6959,"Siddharth Nagar-Worli, Mumbai - IITM",,19.000083,72.813993,20030,no2,NO₂ mass,µg/m³,,,,
6959,"Siddharth Nagar-Worli, Mumbai - IITM",,19.000083,72.813993,12236433,o3,O₃ mass,µg/m³,,,,
6959,"Siddharth Nagar-Worli, Mumbai - IITM",,19.000083,72.813993,20031,o3,O₃ mass,µg/m³,,,,
6959,"Siddharth Nagar-Worli, Mumbai - IITM",,19.000083,72.813993,20032,pm10,PM10,µg/m³,,,,
6959,"Siddharth Nagar-Worli, Mumbai - IITM",,19.000083,72.813993,12236434,pm10,PM10,µg/m³,,,,
6959,"Siddharth Nagar-Worli, Mumbai - IITM",,19.000083,72.813993,12236435,pm25,PM2.5,µg/m³,,,,
6959,"Siddharth Nagar-Worli, Mumbai - IITM",,19.000083,72.813993,20033,pm25,PM2.5,µg/m³,,,,
6959,"Siddharth Nagar-Worli, Mumbai - IITM",,19.000083,72.813993,20034,so2,SO₂ mass,µg/m³,,,,
6960,"Patparganj, Delhi - DPCC",,28.623748,77.287205,12235096,co,CO,ppb,,,,
6960,"Patparganj, Delhi - DPCC",,28.623748,77.287205,20037,no2,NO₂ mass,µg/m³,,,,
6960,"Patparganj, Delhi - DPCC",,28.623748,77.287205,12235098,no2,NO₂,ppb,,,,
6960,"Patparganj, Delhi - DPCC",,28.623748,77.287205,12235099,o3,O₃ mass,µg/m³,,,,
6960,"Patparganj, Delhi - DPCC",,28.623748,77.287205,20039,o3,O₃ mass,µg/m³,,,,
6960,"Patparganj, Delhi - DPCC",,28.623748,77.287205,12235100,pm10,PM10,µg/m³,,,,
6960,"Patparganj, Delhi - DPCC",,28.623748,77.287205,20040,pm10,PM10,µg/m³,,,,
6960,"Patparganj, Delhi - DPCC",,28.623748,77.287205,12235101,pm25,PM2.5,µg/m³,,,,
6960,"Patparganj, Delhi - DPCC",,28.623748,77.287205,20049,pm25,PM2.5,µg/m³,,,,
6960,"Patparganj, Delhi - DPCC",,28.623748,77.287205,12235103,so2,SO₂,ppb,,,,
6960,"Patparganj, Delhi - DPCC",,28.623748,77.287205,20055,so2,SO₂ mass,µg/m³,,,,
6961,"Shrivastav Colony, Damoh - MPPCB",,23.81748678,79.446246,20043,co,CO mass,µg/m³,,,,
6961,"Shrivastav Colony, Damoh - MPPCB",,23.81748678,79.446246,12235708,co,CO,ppb,,,,
6961,"Shrivastav Colony, Damoh - MPPCB",,23.81748678,79.446246,36569,no2,NO₂ mass,µg/m³,,,,
6961,"Shrivastav Colony, Damoh - MPPCB",,23.81748678,79.446246,17288261,no2,NO₂,ppb,,,,
6961,"Shrivastav Colony, Damoh - MPPCB",,23.81748678,79.446246,20042,pm10,PM10,µg/m³,,,,
6961,"Shrivastav Colony, Damoh - MPPCB",,23.81748678,79.446246,12235709,pm10,PM10,µg/m³,,,,
6961,"Shrivastav Colony, Damoh - MPPCB",,23.81748678,79.446246,12235710,pm25,PM2.5,µg/m³,,,,
6961,"Shrivastav Colony, Damoh - MPPCB",,23.81748678,79.446246,20041,pm25,PM2.5,µg/m³,,,,
6961,"Shrivastav Colony, Damoh - MPPCB",,23.81748678,79.446246,12235711,so2,SO₂,ppb,,,,
6962,"GIDC, Ankleshwar - GPCB",,21.613267,73.010555,12235717,co,CO,ppb,,,,
6962,"GIDC, Ankleshwar - GPCB",,21.613267,73.010555,12235719,no2,NO₂,ppb,,,,
6962,"GIDC, Ankleshwar - GPCB",,21.613267,73.010555,12235720,o3,O₃ mass,µg/m³,,,,
6962,"GIDC, Ankleshwar - GPCB",,21.613267,73.010555,12235721,pm10,PM10,µg/m³,,,,
6962,"GIDC, Ankleshwar - GPCB",,21.613267,73.010555,12235722,pm25,PM2.5,µg/m³,,,,
6962,"GIDC, Ankleshwar - GPCB",,21.613267,73.010555,12235724,so2,SO₂,ppb,,,,
6963,"Police Lines, Jind - HSPCB",,29.307814,76.337619,14259001,co,CO,ppb,,,,
6963,"Police Lines, Jind - HSPCB",,29.307814,76.337619,20080,co,CO mass,µg/m³,,,,
6963,"Police Lines, Jind - HSPCB",,29.307814,76.337619,14259003,no2,NO₂,ppb,,,,
6963,"Police Lines, Jind - HSPCB",,29.307814,76.337619,20077,no2,NO₂ mass,µg/m³,,,,
6963,"Police Lines, Jind - HSPCB",,29.307814,76.337619,20074,o3,O₃ mass,µg/m³,,,,
6963,"Police Lines, Jind - HSPCB",,29.307814,76.337619,14259004,o3,O₃ mass,µg/m³,,,,
6963,"Police Lines, Jind - HSPCB",,29.307814,76.337619,14259005,pm10,PM10,µg/m³,,,,
6963,"Police Lines, Jind - HSPCB",,29.307814,76.337619,20071,pm10,PM10,µg/m³,,,,
6963,"Police Lines, Jind - HSPCB",,29.307814,76.337619,20064,pm25,PM2.5,µg/m³,,,,
6963,"Police Lines, Jind - HSPCB",,29.307814,76.337619,14259006,pm25,PM2.5,µg/m³,,,,
6963,"Police Lines, Jind - HSPCB",,29.307814,76.337619,14259008,so2,SO₂,ppb,,,,
6963,"Police Lines, Jind - HSPCB",,29.307814,76.337619,20057,so2,SO₂ mass,µg/m³,,,,
6964,"Patti Mehar, Ambala - HSPCB",,30.379589,76.778328,14258992,co,CO,ppb,,,,
6964,"Patti Mehar, Ambala - HSPCB",,30.379589,76.778328,20058,co,CO mass,µg/m³,,,,
6964,"Patti Mehar, Ambala - HSPCB",,30.379589,76.778328,20059,no2,NO₂ mass,µg/m³,,,,
6964,"Patti Mehar, Ambala - HSPCB",,30.379589,76.778328,14258994,no2,NO₂,ppb,,,,
6964,"Patti Mehar, Ambala - HSPCB",,30.379589,76.778328,14258995,o3,O₃ mass,µg/m³,,,,
6964,"Patti Mehar, Ambala - HSPCB",,30.379589,76.778328,20061,o3,O₃ mass,µg/m³,,,,
6964,"Patti Mehar, Ambala - HSPCB",,30.379589,76.778328,20062,pm10,PM10,µg/m³,,,,
6964,"Patti Mehar, Ambala - HSPCB",,30.379589,76.778328,14258996,pm10,PM10,µg/m³,,,,
6964,"Patti Mehar, Ambala - HSPCB",,30.379589,76.778328,14258997,pm25,PM2.5,µg/m³,,,,
6964,"Patti Mehar, Ambala - HSPCB",,30.379589,76.778328,20063,pm25,PM2.5,µg/m³,,,,
6964,"Patti Mehar, Ambala - HSPCB",,30.379589,76.778328,20065,so2,SO₂ mass,µg/m³,,,,
6964,"Patti Mehar, Ambala - HSPCB",,30.379589,76.778328,14258999,so2,SO₂,ppb,,,,
6965,"Borivali East, Mumbai - MPCB",,19.227474,72.864394,20075,co,CO mass,µg/m³,,,,
6965,"Borivali East, Mumbai - MPCB",,19.227474,72.864394,12252653,co,CO,ppb,,,,
6965,"Borivali East, Mumbai - MPCB",,19.227474,72.864394,12252655,no2,NO₂,ppb,,,,
6965,"Borivali East, Mumbai - MPCB",,19.227474,72.864394,20081,no2,NO₂ mass,µg/m³,,,,
6965,"Borivali East, Mumbai - MPCB",,19.227474,72.864394,12252656,o3,O₃ mass,µg/m³,,,,
6965,"Borivali East, Mumbai - MPCB",,19.227474,72.864394,20084,o3,O₃ mass,µg/m³,,,,
6965,"Borivali East, Mumbai - MPCB",,19.227474,72.864394,20085,pm10,PM10,µg/m³,,,,
6965,"Borivali East, Mumbai - MPCB",,19.227474,72.864394,12252657,pm10,PM10,µg/m³,,,,
6965,"Borivali East, Mumbai - MPCB",,19.227474,72.864394,20087,pm25,PM2.5,µg/m³,,,,
6965,"Borivali East, Mumbai - MPCB",,19.227474,72.864394,12252658,pm25,PM2.5,µg/m³,,,,
6965,"Borivali East, Mumbai - MPCB",,19.227474,72.864394,12252660,so2,SO₂,ppb,,,,
6965,"Borivali East, Mumbai - MPCB",,19.227474,72.864394,20090,so2,SO₂ mass,µg/m³,,,,
6966,"Udyogamandal, Eloor - Kerala PCB",,10.073232,76.302765,20086,co,CO mass,µg/m³,,,,
6966,"Udyogamandal, Eloor - Kerala PCB",,10.073232,76.302765,12235837,co,CO,ppb,,,,
6966,"Udyogamandal, Eloor - Kerala PCB",,10.073232,76.302765,12235839,no2,NO₂,ppb,,,,
6966,"Udyogamandal, Eloor - Kerala PCB",,10.073232,76.302765,20088,no2,NO₂ mass,µg/m³,,,,
6966,"Udyogamandal, Eloor - Kerala PCB",,10.073232,76.302765,20089,o3,O₃ mass,µg/m³,,,,
6966,"Udyogamandal, Eloor - Kerala PCB",,10.073232,76.302765,12235840,o3,O₃ mass,µg/m³,,,,
6966,"Udyogamandal, Eloor - Kerala PCB",,10.073232,76.302765,20091,pm10,PM10,µg/m³,,,,
6966,"Udyogamandal, Eloor - Kerala PCB",,10.073232,76.302765,12235841,pm10,PM10,µg/m³,,,,
6966,"Udyogamandal, Eloor - Kerala PCB",,10.073232,76.302765,20092,pm25,PM2.5,µg/m³,,,,
6966,"Udyogamandal, Eloor - Kerala PCB",,10.073232,76.302765,12235842,pm25,PM2.5,µg/m³,,,,
6966,"Udyogamandal, Eloor - Kerala PCB",,10.073232,76.302765,12235844,so2,SO₂,ppb,,,,
6966,"Udyogamandal, Eloor - Kerala PCB",,10.073232,76.302765,20093,so2,SO₂ mass,µg/m³,,,,
6967,"Sion, Mumbai - MPCB",,19.047,72.8746,12243925,co,CO,ppb,,,,
6967,"Sion, Mumbai - MPCB",,19.047,72.8746,20109,co,CO mass,µg/m³,,,,
6967,"Sion, Mumbai - MPCB",,19.047,72.8746,20107,no2,NO₂ mass,µg/m³,,,,
6967,"Sion, Mumbai - MPCB",,19.047,72.8746,12243927,no2,NO₂,ppb,,,,
6967,"Sion, Mumbai - MPCB",,19.047,72.8746,12243928,o3,O₃ mass,µg/m³,,,,
6967,"Sion, Mumbai - MPCB",,19.047,72.8746,20098,o3,O₃ mass,µg/m³,,,,
6967,"Sion, Mumbai - MPCB",,19.047,72.8746,12243929,pm10,PM10,µg/m³,,,,
6967,"Sion, Mumbai - MPCB",,19.047,72.8746,20097,pm10,PM10,µg/m³,,,,
6967,"Sion, Mumbai - MPCB",,19.047,72.8746,12243930,pm25,PM2.5,µg/m³,,,,
6967,"Sion, Mumbai - MPCB",,19.047,72.8746,20096,pm25,PM2.5,µg/m³,,,,
6967,"Sion, Mumbai - MPCB",,19.047,72.8746,20095,so2,SO₂ mass,µg/m³,,,,
6967,"Sion, Mumbai - MPCB",,19.047,72.8746,12243932,so2,SO₂,ppb,,,,
6968,"Phase-1 GIDC, Vapi - GPCB",,20.362421,72.918013,20099,co,CO mass,µg/m³,,,,
6968,"Phase-1 GIDC, Vapi - GPCB",,20.362421,72.918013,20122,no2,NO₂ mass,µg/m³,,,,
6968,"Phase-1 GIDC, Vapi - GPCB",,20.362421,72.918013,12235749,no2,NO₂,ppb,,,,
6968,"Phase-1 GIDC, Vapi - GPCB",,20.362421,72.918013,12235750,o3,O₃ mass,µg/m³,,,,
6968,"Phase-1 GIDC, Vapi - GPCB",,20.362421,72.918013,20129,o3,O₃ mass,µg/m³,,,,
6968,"Phase-1 GIDC, Vapi - GPCB",,20.362421,72.918013,12235751,pm10,PM10,µg/m³,,,,
6968,"Phase-1 GIDC, Vapi - GPCB",,20.362421,72.918013,20130,pm10,PM10,µg/m³,,,,
6968,"Phase-1 GIDC, Vapi - GPCB",,20.362421,72.918013,12235752,pm25,PM2.5,µg/m³,,,,
6968,"Phase-1 GIDC, Vapi - GPCB",,20.362421,72.918013,20133,pm25,PM2.5,µg/m³,,,,
6968,"Phase-1 GIDC, Vapi - GPCB",,20.362421,72.918013,12235754,so2,SO₂,ppb,,,,
6968,"Phase-1 GIDC, Vapi - GPCB",,20.362421,72.918013,20134,so2,SO₂ mass,µg/m³,,,,
6969,"Huda Sector, Fatehabad - HSPCB",,29.503664,75.467934,14347150,co,CO,ppb,,,,
6969,"Huda Sector, Fatehabad - HSPCB",,29.503664,75.467934,20102,co,CO mass,µg/m³,,,,
6969,"Huda Sector, Fatehabad - HSPCB",,29.503664,75.467934,14347152,no2,NO₂,ppb,,,,
6969,"Huda Sector, Fatehabad - HSPCB",,29.503664,75.467934,20103,no2,NO₂ mass,µg/m³,,,,
6969,"Huda Sector, Fatehabad - HSPCB",,29.503664,75.467934,14347154,o3,O₃ mass,µg/m³,,,,
6969,"Huda Sector, Fatehabad - HSPCB",,29.503664,75.467934,20104,o3,O₃ mass,µg/m³,,,,
6969,"Huda Sector, Fatehabad - HSPCB",,29.503664,75.467934,14347155,pm10,PM10,µg/m³,,,,
6969,"Huda Sector, Fatehabad - HSPCB",,29.503664,75.467934,20105,pm10,PM10,µg/m³,,,,
6969,"Huda Sector, Fatehabad - HSPCB",,29.503664,75.467934,14347156,pm25,PM2.5,µg/m³,,,,
6969,"Huda Sector, Fatehabad - HSPCB",,29.503664,75.467934,20106,pm25,PM2.5,µg/m³,,,,
6969,"Huda Sector, Fatehabad - HSPCB",,29.503664,75.467934,14347158,so2,SO₂,ppb,,,,
6969,"Huda Sector, Fatehabad - HSPCB",,29.503664,75.467934,20108,so2,SO₂ mass,µg/m³,,,,
6970,"Shastri Nagar, Narnaul - HSPCB",,28.060249,76.113115,14224807,co,CO,ppb,,,,
6970,"Shastri Nagar, Narnaul - HSPCB",,28.060249,76.113115,20135,co,CO mass,µg/m³,,,,
6970,"Shastri Nagar, Narnaul - HSPCB",,28.060249,76.113115,14224809,no2,NO₂,ppb,,,,
6970,"Shastri Nagar, Narnaul - HSPCB",,28.060249,76.113115,20131,no2,NO₂ mass,µg/m³,,,,
6970,"Shastri Nagar, Narnaul - HSPCB",,28.060249,76.113115,14224810,o3,O₃ mass,µg/m³,,,,
6970,"Shastri Nagar, Narnaul - HSPCB",,28.060249,76.113115,20119,o3,O₃ mass,µg/m³,,,,
6970,"Shastri Nagar, Narnaul - HSPCB",,28.060249,76.113115,14224811,pm10,PM10,µg/m³,,,,
6970,"Shastri Nagar, Narnaul - HSPCB",,28.060249,76.113115,20115,pm10,PM10,µg/m³,,,,
6970,"Shastri Nagar, Narnaul - HSPCB",,28.060249,76.113115,14224812,pm25,PM2.5,µg/m³,,,,
6970,"Shastri Nagar, Narnaul - HSPCB",,28.060249,76.113115,20110,pm25,PM2.5,µg/m³,,,,
6970,"Shastri Nagar, Narnaul - HSPCB",,28.060249,76.113115,14224814,so2,SO₂,ppb,,,,
6970,"Shastri Nagar, Narnaul - HSPCB",,28.060249,76.113115,20963,so2,SO₂ mass,µg/m³,,,,
6971,"Rishi Nagar, Kaithal - HSPCB",,29.8006,76.4155,12353751,co,CO,ppb,,,,
6971,"Rishi Nagar, Kaithal - HSPCB",,29.8006,76.4155,20120,co,CO mass,µg/m³,,,,
6971,"Rishi Nagar, Kaithal - HSPCB",,29.8006,76.4155,20117,no2,NO₂ mass,µg/m³,,,,
6971,"Rishi Nagar, Kaithal - HSPCB",,29.8006,76.4155,12353753,no2,NO₂,ppb,,,,
6971,"Rishi Nagar, Kaithal - HSPCB",,29.8006,76.4155,20116,o3,O₃ mass,µg/m³,,,,
6971,"Rishi Nagar, Kaithal - HSPCB",,29.8006,76.4155,12353754,o3,O₃ mass,µg/m³,,,,
6971,"Rishi Nagar, Kaithal - HSPCB",,29.8006,76.4155,12353755,pm10,PM10,µg/m³,,,,
6971,"Rishi Nagar, Kaithal - HSPCB",,29.8006,76.4155,20114,pm10,PM10,µg/m³,,,,
6971,"Rishi Nagar, Kaithal - HSPCB",,29.8006,76.4155,12353756,pm25,PM2.5,µg/m³,,,,
6971,"Rishi Nagar, Kaithal - HSPCB",,29.8006,76.4155,20112,pm25,PM2.5,µg/m³,,,,
6971,"Rishi Nagar, Kaithal - HSPCB",,29.8006,76.4155,20111,so2,SO₂ mass,µg/m³,,,,
6971,"Rishi Nagar, Kaithal - HSPCB",,29.8006,76.4155,12353758,so2,SO₂,ppb,,,,
6972,"Nathu Colony, Ballabgarh - HSPCB",,28.3419248,77.319699,14283595,co,CO,ppb,,,,
6972,"Nathu Colony, Ballabgarh - HSPCB",,28.3419248,77.319699,20148,co,CO mass,µg/m³,,,,
6972,"Nathu Colony, Ballabgarh - HSPCB",,28.3419248,77.319699,14283597,no2,NO₂,ppb,,,,
6972,"Nathu Colony, Ballabgarh - HSPCB",,28.3419248,77.319699,20145,no2,NO₂ mass,µg/m³,,,,
6972,"Nathu Colony, Ballabgarh - HSPCB",,28.3419248,77.319699,20127,o3,O₃ mass,µg/m³,,,,
6972,"Nathu Colony, Ballabgarh - HSPCB",,28.3419248,77.319699,14283598,o3,O₃ mass,µg/m³,,,,
6972,"Nathu Colony, Ballabgarh - HSPCB",,28.3419248,77.319699,20126,pm10,PM10,µg/m³,,,,
6972,"Nathu Colony, Ballabgarh - HSPCB",,28.3419248,77.319699,14283599,pm10,PM10,µg/m³,,,,
6972,"Nathu Colony, Ballabgarh - HSPCB",,28.3419248,77.319699,20123,pm25,PM2.5,µg/m³,,,,
6972,"Nathu Colony, Ballabgarh - HSPCB",,28.3419248,77.319699,14283600,pm25,PM2.5,µg/m³,,,,
6972,"Nathu Colony, Ballabgarh - HSPCB",,28.3419248,77.319699,14283602,so2,SO₂,ppb,,,,
6972,"Nathu Colony, Ballabgarh - HSPCB",,28.3419248,77.319699,20118,so2,SO₂ mass,µg/m³,,,,
6973,"Jayanagar 5th Block, Bengaluru - KSPCB",,12.920984,77.584908,12235262,co,CO,ppb,,,,
6973,"Jayanagar 5th Block, Bengaluru - KSPCB",,12.920984,77.584908,20173,co,CO mass,µg/m³,,,,
6973,"Jayanagar 5th Block, Bengaluru - KSPCB",,12.920984,77.584908,12235264,no2,NO₂,ppb,,,,
6973,"Jayanagar 5th Block, Bengaluru - KSPCB",,12.920984,77.584908,20175,no2,NO₂ mass,µg/m³,,,,
6973,"Jayanagar 5th Block, Bengaluru - KSPCB",,12.920984,77.584908,12235265,o3,O₃ mass,µg/m³,,,,
6973,"Jayanagar 5th Block, Bengaluru - KSPCB",,12.920984,77.584908,20155,o3,O₃ mass,µg/m³,,,,
6973,"Jayanagar 5th Block, Bengaluru - KSPCB",,12.920984,77.584908,12235266,pm10,PM10,µg/m³,,,,
6973,"Jayanagar 5th Block, Bengaluru - KSPCB",,12.920984,77.584908,20172,pm10,PM10,µg/m³,,,,
6973,"Jayanagar 5th Block, Bengaluru - KSPCB",,12.920984,77.584908,12235267,pm25,PM2.5,µg/m³,,,,
6973,"Jayanagar 5th Block, Bengaluru - KSPCB",,12.920984,77.584908,20162,pm25,PM2.5,µg/m³,,,,
6973,"Jayanagar 5th Block, Bengaluru - KSPCB",,12.920984,77.584908,12235269,so2,SO₂,ppb,,,,
6973,"Jayanagar 5th Block, Bengaluru - KSPCB",,12.920984,77.584908,20152,so2,SO₂ mass,µg/m³,,,,
6974,"Bapuji Nagar, Bengaluru - KSPCB",,12.951913,77.539784,12235235,co,CO,ppb,,,,
6974,"Bapuji Nagar, Bengaluru - KSPCB",,12.951913,77.539784,20153,co,CO mass,µg/m³,,,,
6974,"Bapuji Nagar, Bengaluru - KSPCB",,12.951913,77.539784,20169,no2,NO₂ mass,µg/m³,,,,
6974,"Bapuji Nagar, Bengaluru - KSPCB",,12.951913,77.539784,12235237,no2,NO₂,ppb,,,,
6974,"Bapuji Nagar, Bengaluru - KSPCB",,12.951913,77.539784,20167,o3,O₃ mass,µg/m³,,,,
6974,"Bapuji Nagar, Bengaluru - KSPCB",,12.951913,77.539784,12235238,o3,O₃ mass,µg/m³,,,,
6974,"Bapuji Nagar, Bengaluru - KSPCB",,12.951913,77.539784,20166,pm10,PM10,µg/m³,,,,
6974,"Bapuji Nagar, Bengaluru - KSPCB",,12.951913,77.539784,12235239,pm10,PM10,µg/m³,,,,
6974,"Bapuji Nagar, Bengaluru - KSPCB",,12.951913,77.539784,12235240,pm25,PM2.5,µg/m³,,,,
6974,"Bapuji Nagar, Bengaluru - KSPCB",,12.951913,77.539784,20165,pm25,PM2.5,µg/m³,,,,
6974,"Bapuji Nagar, Bengaluru - KSPCB",,12.951913,77.539784,20164,so2,SO₂ mass,µg/m³,,,,
6974,"Bapuji Nagar, Bengaluru - KSPCB",,12.951913,77.539784,12235242,so2,SO₂,ppb,,,,
6975,"Silk Board, Bengaluru - KSPCB",,12.917348,77.622813,12235280,co,CO,ppb,,,,
6975,"Silk Board, Bengaluru - KSPCB",,12.917348,77.622813,20171,co,CO mass,µg/m³,,,,
6975,"Silk Board, Bengaluru - KSPCB",,12.917348,77.622813,20154,no2,NO₂ mass,µg/m³,,,,
6975,"Silk Board, Bengaluru - KSPCB",,12.917348,77.622813,12235282,no2,NO₂,ppb,,,,
6975,"Silk Board, Bengaluru - KSPCB",,12.917348,77.622813,20168,o3,O₃ mass,µg/m³,,,,
6975,"Silk Board, Bengaluru - KSPCB",,12.917348,77.622813,12235283,o3,O₃ mass,µg/m³,,,,
6975,"Silk Board, Bengaluru - KSPCB",,12.917348,77.622813,20161,pm10,PM10,µg/m³,,,,
6975,"Silk Board, Bengaluru - KSPCB",,12.917348,77.622813,12235284,pm10,PM10,µg/m³,,,,
6975,"Silk Board, Bengaluru - KSPCB",,12.917348,77.622813,12235285,pm25,PM2.5,µg/m³,,,,
6975,"Silk Board, Bengaluru - KSPCB",,12.917348,77.622813,20156,pm25,PM2.5,µg/m³,,,,
6975,"Silk Board, Bengaluru - KSPCB",,12.917348,77.622813,20176,so2,SO₂ mass,µg/m³,,,,
6975,"Silk Board, Bengaluru - KSPCB",,12.917348,77.622813,12235287,so2,SO₂,ppb,,,,
6976,"Jai Bhim Nagar, Meerut - UPPCB",,28.9535882,77.7622941,12235864,co,CO,ppb,,,,
6976,"Jai Bhim Nagar, Meerut - UPPCB",,28.9535882,77.7622941,20157,co,CO mass,µg/m³,,,,
6976,"Jai Bhim Nagar, Meerut - UPPCB",,28.9535882,77.7622941,12235866,no2,NO₂,ppb,,,,
6976,"Jai Bhim Nagar, Meerut - UPPCB",,28.9535882,77.7622941,20204,no2,NO₂ mass,µg/m³,,,,
6976,"Jai Bhim Nagar, Meerut - UPPCB",,28.9535882,77.7622941,12235867,o3,O₃ mass,µg/m³,,,,
6976,"Jai Bhim Nagar, Meerut - UPPCB",,28.9535882,77.7622941,20234,o3,O₃ mass,µg/m³,,,,
6976,"Jai Bhim Nagar, Meerut - UPPCB",,28.9535882,77.7622941,20238,pm10,PM10,µg/m³,,,,
6976,"Jai Bhim Nagar, Meerut - UPPCB",,28.9535882,77.7622941,12235868,pm10,PM10,µg/m³,,,,
6976,"Jai Bhim Nagar, Meerut - UPPCB",,28.9535882,77.7622941,12235869,pm25,PM2.5,µg/m³,,,,
6976,"Jai Bhim Nagar, Meerut - UPPCB",,28.9535882,77.7622941,20257,pm25,PM2.5,µg/m³,,,,
6976,"Jai Bhim Nagar, Meerut - UPPCB",,28.9535882,77.7622941,12235871,so2,SO₂,ppb,,,,
6976,"Jai Bhim Nagar, Meerut - UPPCB",,28.9535882,77.7622941,20159,so2,SO₂ mass,µg/m³,,,,
6978,"Knowledge Park - III, Greater Noida - UPPCB",,28.47272,77.482,12235191,co,CO,ppb,,,,
6978,"Knowledge Park - III, Greater Noida - UPPCB",,28.47272,77.482,20181,co,CO mass,µg/m³,,,,
6978,"Knowledge Park - III, Greater Noida - UPPCB",,28.47272,77.482,12235193,no2,NO₂,ppb,,,,
6978,"Knowledge Park - III, Greater Noida - UPPCB",,28.47272,77.482,20177,no2,NO₂ mass,µg/m³,,,,
6978,"Knowledge Park - III, Greater Noida - UPPCB",,28.47272,77.482,20180,o3,O₃ mass,µg/m³,,,,
6978,"Knowledge Park - III, Greater Noida - UPPCB",,28.47272,77.482,12235194,o3,O₃ mass,µg/m³,,,,
6978,"Knowledge Park - III, Greater Noida - UPPCB",,28.47272,77.482,20191,pm10,PM10,µg/m³,,,,
6978,"Knowledge Park - III, Greater Noida - UPPCB",,28.47272,77.482,12235195,pm10,PM10,µg/m³,,,,
6978,"Knowledge Park - III, Greater Noida - UPPCB",,28.47272,77.482,20209,pm25,PM2.5,µg/m³,,,,
6978,"Knowledge Park - III, Greater Noida - UPPCB",,28.47272,77.482,12235196,pm25,PM2.5,µg/m³,,,,
6978,"Knowledge Park - III, Greater Noida - UPPCB",,28.47272,77.482,12235198,so2,SO₂,ppb,,,,
6978,"Knowledge Park - III, Greater Noida - UPPCB",,28.47272,77.482,20227,so2,SO₂ mass,µg/m³,,,,
6979,"New Collectorate, Baghpat - UPPCB",,28.974801000000003,77.21335699999999,20193,co,CO mass,µg/m³,,,,
6979,"New Collectorate, Baghpat - UPPCB",,28.974801000000003,77.21335699999999,20183,no2,NO₂ mass,µg/m³,,,,
6979,"New Collectorate, Baghpat - UPPCB",,28.974801000000003,77.21335699999999,20178,o3,O₃ mass,µg/m³,,,,
6979,"New Collectorate, Baghpat - UPPCB",,28.974801000000003,77.21335699999999,20184,pm10,PM10,µg/m³,,,,
6979,"New Collectorate, Baghpat - UPPCB",,28.974801000000003,77.21335699999999,20188,pm25,PM2.5,µg/m³,,,,
6979,"New Collectorate, Baghpat - UPPCB",,28.974801000000003,77.21335699999999,20202,so2,SO₂ mass,µg/m³,,,,
6980,"Sector-1, Noida - UPPCB",,28.589247,77.321962,20186,co,CO mass,µg/m³,,,,
6980,"Sector-1, Noida - UPPCB",,28.589247,77.321962,12235946,co,CO,ppb,,,,
6980,"Sector-1, Noida - UPPCB",,28.589247,77.321962,20187,no2,NO₂ mass,µg/m³,,,,
6980,"Sector-1, Noida - UPPCB",,28.589247,77.321962,12235948,no2,NO₂,ppb,,,,
6980,"Sector-1, Noida - UPPCB",,28.589247,77.321962,20189,o3,O₃ mass,µg/m³,,,,
6980,"Sector-1, Noida - UPPCB",,28.589247,77.321962,12235949,o3,O₃ mass,µg/m³,,,,
6980,"Sector-1, Noida - UPPCB",,28.589247,77.321962,12235950,pm10,PM10,µg/m³,,,,
6980,"Sector-1, Noida - UPPCB",,28.589247,77.321962,20194,pm10,PM10,µg/m³,,,,
6980,"Sector-1, Noida - UPPCB",,28.589247,77.321962,12235951,pm25,PM2.5,µg/m³,,,,
6980,"Sector-1, Noida - UPPCB",,28.589247,77.321962,20206,pm25,PM2.5,µg/m³,,,,
6980,"Sector-1, Noida - UPPCB",,28.589247,77.321962,12235953,so2,SO₂,ppb,,,,
6980,"Sector-1, Noida - UPPCB",,28.589247,77.321962,20207,so2,SO₂ mass,µg/m³,,,,
6981,"Fort William, Kolkata - WBPCB",,22.55664,88.342674,12235873,co,CO,ppb,,,,
6981,"Fort William, Kolkata - WBPCB",,22.55664,88.342674,20228,co,CO mass,µg/m³,,,,
6981,"Fort William, Kolkata - WBPCB",,22.55664,88.342674,20226,no2,NO₂ mass,µg/m³,,,,
6981,"Fort William, Kolkata - WBPCB",,22.55664,88.342674,12235875,no2,NO₂,ppb,,,,
6981,"Fort William, Kolkata - WBPCB",,22.55664,88.342674,20214,o3,O₃ mass,µg/m³,,,,
6981,"Fort William, Kolkata - WBPCB",,22.55664,88.342674,12235876,o3,O₃ mass,µg/m³,,,,
6981,"Fort William, Kolkata - WBPCB",,22.55664,88.342674,20211,pm10,PM10,µg/m³,,,,
6981,"Fort William, Kolkata - WBPCB",,22.55664,88.342674,12235877,pm10,PM10,µg/m³,,,,
6981,"Fort William, Kolkata - WBPCB",,22.55664,88.342674,20203,pm25,PM2.5,µg/m³,,,,
6981,"Fort William, Kolkata - WBPCB",,22.55664,88.342674,12235878,pm25,PM2.5,µg/m³,,,,
6981,"Fort William, Kolkata - WBPCB",,22.55664,88.342674,20190,so2,SO₂ mass,µg/m³,,,,
6981,"Fort William, Kolkata - WBPCB",,22.55664,88.342674,12235880,so2,SO₂,ppb,,,,
6982,"Deshpande Nagar, Hubballi - KSPCB",,15.351773,75.140726,12235164,co,CO,ppb,,,,
6982,"Deshpande Nagar, Hubballi - KSPCB",,15.351773,75.140726,12235166,no2,NO₂,ppb,,,,
6982,"Deshpande Nagar, Hubballi - KSPCB",,15.351773,75.140726,12235167,o3,O₃ mass,µg/m³,,,,
6982,"Deshpande Nagar, Hubballi - KSPCB",,15.351773,75.140726,12235168,pm10,PM10,µg/m³,,,,
6982,"Deshpande Nagar, Hubballi - KSPCB",,15.351773,75.140726,12235169,pm25,PM2.5,µg/m³,,,,
6982,"Deshpande Nagar, Hubballi - KSPCB",,15.351773,75.140726,12235171,so2,SO₂,ppb,,,,
6983,"Hombegowda Nagar, Bengaluru - KSPCB",,12.938539,77.5901,12235253,co,CO,ppb,,,,
6983,"Hombegowda Nagar, Bengaluru - KSPCB",,12.938539,77.5901,20195,co,CO mass,µg/m³,,,,
6983,"Hombegowda Nagar, Bengaluru - KSPCB",,12.938539,77.5901,12235255,no2,NO₂,ppb,,,,
6983,"Hombegowda Nagar, Bengaluru - KSPCB",,12.938539,77.5901,20196,no2,NO₂ mass,µg/m³,,,,
6983,"Hombegowda Nagar, Bengaluru - KSPCB",,12.938539,77.5901,20197,o3,O₃ mass,µg/m³,,,,
6983,"Hombegowda Nagar, Bengaluru - KSPCB",,12.938539,77.5901,12235256,o3,O₃ mass,µg/m³,,,,
6983,"Hombegowda Nagar, Bengaluru - KSPCB",,12.938539,77.5901,20198,pm10,PM10,µg/m³,,,,
6983,"Hombegowda Nagar, Bengaluru - KSPCB",,12.938539,77.5901,12235257,pm10,PM10,µg/m³,,,,
6983,"Hombegowda Nagar, Bengaluru - KSPCB",,12.938539,77.5901,20199,pm25,PM2.5,µg/m³,,,,
6983,"Hombegowda Nagar, Bengaluru - KSPCB",,12.938539,77.5901,12235258,pm25,PM2.5,µg/m³,,,,
6983,"Hombegowda Nagar, Bengaluru - KSPCB",,12.938539,77.5901,12235260,so2,SO₂,ppb,,,,
6983,"Hombegowda Nagar, Bengaluru - KSPCB",,12.938539,77.5901,20200,so2,SO₂ mass,µg/m³,,,,
6984,"Hebbal, Bengaluru - KSPCB",,13.029152,77.585901,20224,co,CO mass,µg/m³,,,,
6984,"Hebbal, Bengaluru - KSPCB",,13.029152,77.585901,12235244,co,CO,ppb,,,,
6984,"Hebbal, Bengaluru - KSPCB",,13.029152,77.585901,20222,no2,NO₂ mass,µg/m³,,,,
6984,"Hebbal, Bengaluru - KSPCB",,13.029152,77.585901,12235246,no2,NO₂,ppb,,,,
6984,"Hebbal, Bengaluru - KSPCB",,13.029152,77.585901,20221,o3,O₃ mass,µg/m³,,,,
6984,"Hebbal, Bengaluru - KSPCB",,13.029152,77.585901,12235247,o3,O₃ mass,µg/m³,,,,
6984,"Hebbal, Bengaluru - KSPCB",,13.029152,77.585901,12235248,pm10,PM10,µg/m³,,,,
6984,"Hebbal, Bengaluru - KSPCB",,13.029152,77.585901,20213,pm10,PM10,µg/m³,,,,
6984,"Hebbal, Bengaluru - KSPCB",,13.029152,77.585901,12235249,pm25,PM2.5,µg/m³,,,,
6984,"Hebbal, Bengaluru - KSPCB",,13.029152,77.585901,20212,pm25,PM2.5,µg/m³,,,,
6984,"Hebbal, Bengaluru - KSPCB",,13.029152,77.585901,12235251,so2,SO₂,ppb,,,,
6984,"Hebbal, Bengaluru - KSPCB",,13.029152,77.585901,20210,so2,SO₂ mass,µg/m³,,,,
6985,"Yamunapuram, Bulandshahr - UPPCB",,28.406963,77.849831,20220,co,CO mass,µg/m³,,,,
6985,"Yamunapuram, Bulandshahr - UPPCB",,28.406963,77.849831,12235200,co,CO,ppb,,,,
6985,"Yamunapuram, Bulandshahr - UPPCB",,28.406963,77.849831,20219,no2,NO₂ mass,µg/m³,,,,
6985,"Yamunapuram, Bulandshahr - UPPCB",,28.406963,77.849831,12235202,no2,NO₂,ppb,,,,
6985,"Yamunapuram, Bulandshahr - UPPCB",,28.406963,77.849831,12235203,o3,O₃ mass,µg/m³,,,,
6985,"Yamunapuram, Bulandshahr - UPPCB",,28.406963,77.849831,20218,o3,O₃ mass,µg/m³,,,,
6985,"Yamunapuram, Bulandshahr - UPPCB",,28.406963,77.849831,12235204,pm10,PM10,µg/m³,,,,
6985,"Yamunapuram, Bulandshahr - UPPCB",,28.406963,77.849831,20217,pm10,PM10,µg/m³,,,,
6985,"Yamunapuram, Bulandshahr - UPPCB",,28.406963,77.849831,12235205,pm25,PM2.5,µg/m³,,,,
6985,"Yamunapuram, Bulandshahr - UPPCB",,28.406963,77.849831,20216,pm25,PM2.5,µg/m³,,,,
6985,"Yamunapuram, Bulandshahr - UPPCB",,28.406963,77.849831,20215,so2,SO₂ mass,µg/m³,,,,
6985,"Yamunapuram, Bulandshahr - UPPCB",,28.406963,77.849831,12235207,so2,SO₂,ppb,,,,
6986,"Knowledge Park - V, Greater Noida - UPPCB",,28.557054,77.453663,20230,co,CO mass,µg/m³,,,,
6986,"Knowledge Park - V, Greater Noida - UPPCB",,28.557054,77.453663,12235930,co,CO,ppb,,,,
6986,"Knowledge Park - V, Greater Noida - UPPCB",,28.557054,77.453663,20232,no2,NO₂ mass,µg/m³,,,,
6986,"Knowledge Park - V, Greater Noida - UPPCB",,28.557054,77.453663,12235932,no2,NO₂,ppb,,,,
6986,"Knowledge Park - V, Greater Noida - UPPCB",,28.557054,77.453663,12235933,o3,O₃ mass,µg/m³,,,,
6986,"Knowledge Park - V, Greater Noida - UPPCB",,28.557054,77.453663,20237,o3,O₃ mass,µg/m³,,,,
6986,"Knowledge Park - V, Greater Noida - UPPCB",,28.557054,77.453663,12235934,pm10,PM10,µg/m³,,,,
6986,"Knowledge Park - V, Greater Noida - UPPCB",,28.557054,77.453663,20241,pm10,PM10,µg/m³,,,,
6986,"Knowledge Park - V, Greater Noida - UPPCB",,28.557054,77.453663,20242,pm25,PM2.5,µg/m³,,,,
6986,"Knowledge Park - V, Greater Noida - UPPCB",,28.557054,77.453663,12235935,pm25,PM2.5,µg/m³,,,,
6986,"Knowledge Park - V, Greater Noida - UPPCB",,28.557054,77.453663,20244,so2,SO₂ mass,µg/m³,,,,
6986,"Knowledge Park - V, Greater Noida - UPPCB",,28.557054,77.453663,12235937,so2,SO₂,ppb,,,,
6987,"Vile Parle West, Mumbai - MPCB",,19.10861,72.83622,20236,co,CO mass,µg/m³,,,,
6987,"Vile Parle West, Mumbai - MPCB",,19.10861,72.83622,12235846,co,CO,ppb,,,,
6987,"Vile Parle West, Mumbai - MPCB",,19.10861,72.83622,20239,no2,NO₂ mass,µg/m³,,,,
6987,"Vile Parle West, Mumbai - MPCB",,19.10861,72.83622,12235848,no2,NO₂,ppb,,,,
6987,"Vile Parle West, Mumbai - MPCB",,19.10861,72.83622,12235849,o3,O₃ mass,µg/m³,,,,
6987,"Vile Parle West, Mumbai - MPCB",,19.10861,72.83622,20240,o3,O₃ mass,µg/m³,,,,
6987,"Vile Parle West, Mumbai - MPCB",,19.10861,72.83622,20243,pm10,PM10,µg/m³,,,,
6987,"Vile Parle West, Mumbai - MPCB",,19.10861,72.83622,12235850,pm10,PM10,µg/m³,,,,
6987,"Vile Parle West, Mumbai - MPCB",,19.10861,72.83622,12235851,pm25,PM2.5,µg/m³,,,,
6987,"Vile Parle West, Mumbai - MPCB",,19.10861,72.83622,20251,pm25,PM2.5,µg/m³,,,,
6987,"Vile Parle West, Mumbai - MPCB",,19.10861,72.83622,12235853,so2,SO₂,ppb,,,,
6987,"Vile Parle West, Mumbai - MPCB",,19.10861,72.83622,20254,so2,SO₂ mass,µg/m³,,,,
6988,"Sector-116, Noida - UPPCB",,28.56923,77.393848,12235939,co,CO,ppb,,,,
6988,"Sector-116, Noida - UPPCB",,28.56923,77.393848,12241383,no2,NO₂,ppb,,,,
6988,"Sector-116, Noida - UPPCB",,28.56923,77.393848,12235940,o3,O₃ mass,µg/m³,,,,
6988,"Sector-116, Noida - UPPCB",,28.56923,77.393848,12235941,pm10,PM10,µg/m³,,,,
6988,"Sector-116, Noida - UPPCB",,28.56923,77.393848,12235942,pm25,PM2.5,µg/m³,,,,
6988,"Sector-116, Noida - UPPCB",,28.56923,77.393848,12235944,so2,SO₂,ppb,,,,
7005,"Loni, Ghaziabad - UPPCB",,28.757294,77.278792,20295,co,CO mass,µg/m³,,,,
7005,"Loni, Ghaziabad - UPPCB",,28.757294,77.278792,12235783,co,CO,ppb,,,,
7005,"Loni, Ghaziabad - UPPCB",,28.757294,77.278792,12235785,no2,NO₂,ppb,,,,
7005,"Loni, Ghaziabad - UPPCB",,28.757294,77.278792,20294,no2,NO₂ mass,µg/m³,,,,
7005,"Loni, Ghaziabad - UPPCB",,28.757294,77.278792,20292,o3,O₃ mass,µg/m³,,,,
7005,"Loni, Ghaziabad - UPPCB",,28.757294,77.278792,12264381,o3,O₃ mass,µg/m³,,,,
7005,"Loni, Ghaziabad - UPPCB",,28.757294,77.278792,12235786,pm10,PM10,µg/m³,,,,
7005,"Loni, Ghaziabad - UPPCB",,28.757294,77.278792,20293,pm10,PM10,µg/m³,,,,
7005,"Loni, Ghaziabad - UPPCB",,28.757294,77.278792,20290,pm25,PM2.5,µg/m³,,,,
7005,"Loni, Ghaziabad - UPPCB",,28.757294,77.278792,12235787,pm25,PM2.5,µg/m³,,,,
7005,"Loni, Ghaziabad - UPPCB",,28.757294,77.278792,12235789,so2,SO₂,ppb,,,,
7005,"Loni, Ghaziabad - UPPCB",,28.757294,77.278792,20291,so2,SO₂ mass,µg/m³,,,,
7044,"R K Puram, Delhi - DPCC",,28.563262000000005,77.186937,20410,co,CO mass,µg/m³,,,,
7044,"R K Puram, Delhi - DPCC",,28.563262000000005,77.186937,20409,no2,NO₂ mass,µg/m³,,,,
7044,"R K Puram, Delhi - DPCC",,28.563262000000005,77.186937,20406,o3,O₃ mass,µg/m³,,,,
7044,"R K Puram, Delhi - DPCC",,28.563262000000005,77.186937,20407,pm10,PM10,µg/m³,,,,
7044,"R K Puram, Delhi - DPCC",,28.563262000000005,77.186937,20411,pm25,PM2.5,µg/m³,,,,
7044,"R K Puram, Delhi - DPCC",,28.563262000000005,77.186937,20408,so2,SO₂ mass,µg/m³,,,,
7140,"Gomti Nagar, Lucknow - UPPCB",,26.86812,81.005119,12235980,co,CO,ppb,,,,
7140,"Gomti Nagar, Lucknow - UPPCB",,26.86812,81.005119,20574,co,CO mass,µg/m³,,,,
7140,"Gomti Nagar, Lucknow - UPPCB",,26.86812,81.005119,36690,no2,NO₂ mass,µg/m³,,,,
7140,"Gomti Nagar, Lucknow - UPPCB",,26.86812,81.005119,12235982,no2,NO₂,ppb,,,,
7140,"Gomti Nagar, Lucknow - UPPCB",,26.86812,81.005119,12235983,o3,O₃ mass,µg/m³,,,,
7140,"Gomti Nagar, Lucknow - UPPCB",,26.86812,81.005119,36688,o3,O₃ mass,µg/m³,,,,
7140,"Gomti Nagar, Lucknow - UPPCB",,26.86812,81.005119,1348528,pm10,PM10,µg/m³,,,,
7140,"Gomti Nagar, Lucknow - UPPCB",,26.86812,81.005119,12235984,pm10,PM10,µg/m³,,,,
7140,"Gomti Nagar, Lucknow - UPPCB",,26.86812,81.005119,36687,pm25,PM2.5,µg/m³,,,,
7140,"Gomti Nagar, Lucknow - UPPCB",,26.86812,81.005119,12235985,pm25,PM2.5,µg/m³,,,,
7140,"Gomti Nagar, Lucknow - UPPCB",,26.86812,81.005119,12235987,so2,SO₂,ppb,,,,
7140,"Gomti Nagar, Lucknow - UPPCB",,26.86812,81.005119,36671,so2,SO₂ mass,µg/m³,,,,
7280,"Shyam Nagar, Palwal - HSPCB",,28.1485564,77.3320667,14249199,co,CO,ppb,,,,
7280,"Shyam Nagar, Palwal - HSPCB",,28.1485564,77.3320667,20944,co,CO mass,µg/m³,,,,
7280,"Shyam Nagar, Palwal - HSPCB",,28.1485564,77.3320667,20949,no2,NO₂ mass,µg/m³,,,,
7280,"Shyam Nagar, Palwal - HSPCB",,28.1485564,77.3320667,14249201,no2,NO₂,ppb,,,,
7280,"Shyam Nagar, Palwal - HSPCB",,28.1485564,77.3320667,20946,o3,O₃ mass,µg/m³,,,,
7280,"Shyam Nagar, Palwal - HSPCB",,28.1485564,77.3320667,14249202,o3,O₃ mass,µg/m³,,,,
7280,"Shyam Nagar, Palwal - HSPCB",,28.1485564,77.3320667,14249203,pm10,PM10,µg/m³,,,,
7280,"Shyam Nagar, Palwal - HSPCB",,28.1485564,77.3320667,20948,pm10,PM10,µg/m³,,,,
7280,"Shyam Nagar, Palwal - HSPCB",,28.1485564,77.3320667,20947,pm25,PM2.5,µg/m³,,,,
7280,"Shyam Nagar, Palwal - HSPCB",,28.1485564,77.3320667,14249204,pm25,PM2.5,µg/m³,,,,
7280,"Shyam Nagar, Palwal - HSPCB",,28.1485564,77.3320667,20945,so2,SO₂ mass,µg/m³,,,,
7280,"Shyam Nagar, Palwal - HSPCB",,28.1485564,77.3320667,14249206,so2,SO₂,ppb,,,,
7281,"Shyam Nagar, Palwal - HSPCB",,28.1485564,77.3320667,20953,co,CO mass,µg/m³,,,,
7281,"Shyam Nagar, Palwal - HSPCB",,28.1485564,77.3320667,20951,no2,NO₂ mass,µg/m³,,,,
7281,"Shyam Nagar, Palwal - HSPCB",,28.1485564,77.3320667,20952,o3,O₃ mass,µg/m³,,,,
7281,"Shyam Nagar, Palwal - HSPCB",,28.1485564,77.3320667,20957,pm10,PM10,µg/m³,,,,
7281,"Shyam Nagar, Palwal - HSPCB",,28.1485564,77.3320667,20962,pm25,PM2.5,µg/m³,,,,
7281,"Shyam Nagar, Palwal - HSPCB",,28.1485564,77.3320667,20958,so2,SO₂ mass,µg/m³,,,,
7282,"Sector-7, Kurukshetra - HSPCB",,29.966942,76.875879,14234408,co,CO,ppb,,,,
7282,"Sector-7, Kurukshetra - HSPCB",,29.966942,76.875879,20954,co,CO mass,µg/m³,,,,
7282,"Sector-7, Kurukshetra - HSPCB",,29.966942,76.875879,14234410,no2,NO₂,ppb,,,,
7282,"Sector-7, Kurukshetra - HSPCB",,29.966942,76.875879,20956,no2,NO₂ mass,µg/m³,,,,
7282,"Sector-7, Kurukshetra - HSPCB",,29.966942,76.875879,14234411,o3,O₃ mass,µg/m³,,,,
7282,"Sector-7, Kurukshetra - HSPCB",,29.966942,76.875879,20955,o3,O₃ mass,µg/m³,,,,
7282,"Sector-7, Kurukshetra - HSPCB",,29.966942,76.875879,20960,pm10,PM10,µg/m³,,,,
7282,"Sector-7, Kurukshetra - HSPCB",,29.966942,76.875879,14234412,pm10,PM10,µg/m³,,,,
7282,"Sector-7, Kurukshetra - HSPCB",,29.966942,76.875879,20961,pm25,PM2.5,µg/m³,,,,
7282,"Sector-7, Kurukshetra - HSPCB",,29.966942,76.875879,14234413,pm25,PM2.5,µg/m³,,,,
7282,"Sector-7, Kurukshetra - HSPCB",,29.966942,76.875879,20959,so2,SO₂ mass,µg/m³,,,,
7282,"Sector-7, Kurukshetra - HSPCB",,29.966942,76.875879,14234415,so2,SO₂,ppb,,,,
7283,"MD University, Rohtak - HSPCB",,28.87793,76.620825,12599848,co,CO,ppb,,,,
7283,"MD University, Rohtak - HSPCB",,28.87793,76.620825,20968,co,CO mass,µg/m³,,,,
7283,"MD University, Rohtak - HSPCB",,28.87793,76.620825,20967,no2,NO₂ mass,µg/m³,,,,
7283,"MD University, Rohtak - HSPCB",,28.87793,76.620825,12599850,no2,NO₂,ppb,,,,
7283,"MD University, Rohtak - HSPCB",,28.87793,76.620825,20964,o3,O₃ mass,µg/m³,,,,
7283,"MD University, Rohtak - HSPCB",,28.87793,76.620825,12599851,o3,O₃ mass,µg/m³,,,,
7283,"MD University, Rohtak - HSPCB",,28.87793,76.620825,12599852,pm10,PM10,µg/m³,,,,
7283,"MD University, Rohtak - HSPCB",,28.87793,76.620825,20965,pm25,PM2.5,µg/m³,,,,
7283,"MD University, Rohtak - HSPCB",,28.87793,76.620825,12599853,pm25,PM2.5,µg/m³,,,,
7283,"MD University, Rohtak - HSPCB",,28.87793,76.620825,20966,so2,SO₂ mass,µg/m³,,,,
7283,"MD University, Rohtak - HSPCB",,28.87793,76.620825,12599855,so2,SO₂,ppb,,,,
7289,"Hebbal 1st Stage, Mysuru - KSPCB",,12.21041,76.37376,20999,co,CO mass,µg/m³,,,,
7289,"Hebbal 1st Stage, Mysuru - KSPCB",,12.21041,76.37376,12242133,co,CO,ppb,,,,
7289,"Hebbal 1st Stage, Mysuru - KSPCB",,12.21041,76.37376,12242135,no2,NO₂,ppb,,,,
7289,"Hebbal 1st Stage, Mysuru - KSPCB",,12.21041,76.37376,20998,no2,NO₂ mass,µg/m³,,,,
7289,"Hebbal 1st Stage, Mysuru - KSPCB",,12.21041,76.37376,12242136,o3,O₃ mass,µg/m³,,,,
7289,"Hebbal 1st Stage, Mysuru - KSPCB",,12.21041,76.37376,20997,o3,O₃ mass,µg/m³,,,,
7289,"Hebbal 1st Stage, Mysuru - KSPCB",,12.21041,76.37376,20994,pm10,PM10,µg/m³,,,,
7289,"Hebbal 1st Stage, Mysuru - KSPCB",,12.21041,76.37376,12242137,pm10,PM10,µg/m³,,,,
7289,"Hebbal 1st Stage, Mysuru - KSPCB",,12.21041,76.37376,20996,pm25,PM2.5,µg/m³,,,,
7289,"Hebbal 1st Stage, Mysuru - KSPCB",,12.21041,76.37376,12241384,pm25,PM2.5,µg/m³,,,,
7289,"Hebbal 1st Stage, Mysuru - KSPCB",,12.21041,76.37376,20995,so2,SO₂ mass,µg/m³,,,,
7289,"Hebbal 1st Stage, Mysuru - KSPCB",,12.21041,76.37376,12242139,so2,SO₂,ppb,,,,
7292,"Chhoti Gwaltoli, Indore - MPPCB",,22.431,75.5213,12236025,co,CO,ppb,,,,
7292,"Chhoti Gwaltoli, Indore - MPPCB",,22.431,75.5213,21009,co,CO mass,µg/m³,,,,
7292,"Chhoti Gwaltoli, Indore - MPPCB",,22.431,75.5213,21008,no2,NO₂ mass,µg/m³,,,,
7292,"Chhoti Gwaltoli, Indore - MPPCB",,22.431,75.5213,12236027,no2,NO₂,ppb,,,,
7292,"Chhoti Gwaltoli, Indore - MPPCB",,22.431,75.5213,21007,o3,O₃ mass,µg/m³,,,,
7292,"Chhoti Gwaltoli, Indore - MPPCB",,22.431,75.5213,12236028,o3,O₃ mass,µg/m³,,,,
7292,"Chhoti Gwaltoli, Indore - MPPCB",,22.431,75.5213,21012,pm10,PM10,µg/m³,,,,
7292,"Chhoti Gwaltoli, Indore - MPPCB",,22.431,75.5213,12236029,pm10,PM10,µg/m³,,,,
7292,"Chhoti Gwaltoli, Indore - MPPCB",,22.431,75.5213,12236030,pm25,PM2.5,µg/m³,,,,
7292,"Chhoti Gwaltoli, Indore - MPPCB",,22.431,75.5213,21010,pm25,PM2.5,µg/m³,,,,
7292,"Chhoti Gwaltoli, Indore - MPPCB",,22.431,75.5213,21011,so2,SO₂ mass,µg/m³,,,,
7292,"Chhoti Gwaltoli, Indore - MPPCB",,22.431,75.5213,12236032,so2,SO₂,ppb,,,,
7299,"Gole Bazar, Katni - MPPCB",,23.833778,80.39122199999998,21032,co,CO mass,µg/m³,,,,
7299,"Gole Bazar, Katni - MPPCB",,23.833778,80.39122199999998,21033,no2,NO₂ mass,µg/m³,,,,
7299,"Gole Bazar, Katni - MPPCB",,23.833778,80.39122199999998,21037,o3,O₃ mass,µg/m³,,,,
7299,"Gole Bazar, Katni - MPPCB",,23.833778,80.39122199999998,21034,pm10,PM10,µg/m³,,,,
7299,"Gole Bazar, Katni - MPPCB",,23.833778,80.39122199999998,21035,pm25,PM2.5,µg/m³,,,,
7299,"Gole Bazar, Katni - MPPCB",,23.833778,80.39122199999998,21036,so2,SO₂ mass,µg/m³,,,,
7434,"East Arjun Nagar, Delhi - CPCB",,28.655601699999995,77.2859318,21624,no2,NO₂ mass,µg/m³,,,,
7434,"East Arjun Nagar, Delhi - CPCB",,28.655601699999995,77.2859318,21625,o3,O₃ mass,µg/m³,,,,
7434,"East Arjun Nagar, Delhi - CPCB",,28.655601699999995,77.2859318,21623,so2,SO₂ mass,µg/m³,,,,
7494,"SFTI Kusdihra, Gaya - BSPCB",,24.762518,84.982348,12236204,co,CO,ppb,,,,
7494,"SFTI Kusdihra, Gaya - BSPCB",,24.762518,84.982348,21739,co,CO mass,µg/m³,,,,
7494,"SFTI Kusdihra, Gaya - BSPCB",,24.762518,84.982348,21738,no2,NO₂ mass,µg/m³,,,,
7494,"SFTI Kusdihra, Gaya - BSPCB",,24.762518,84.982348,12236206,no2,NO₂,ppb,,,,
7494,"SFTI Kusdihra, Gaya - BSPCB",,24.762518,84.982348,21737,o3,O₃ mass,µg/m³,,,,
7494,"SFTI Kusdihra, Gaya - BSPCB",,24.762518,84.982348,12236207,o3,O₃ mass,µg/m³,,,,
7494,"SFTI Kusdihra, Gaya - BSPCB",,24.762518,84.982348,12236208,pm10,PM10,µg/m³,,,,
7494,"SFTI Kusdihra, Gaya - BSPCB",,24.762518,84.982348,21736,pm10,PM10,µg/m³,,,,
7494,"SFTI Kusdihra, Gaya - BSPCB",,24.762518,84.982348,12236209,pm25,PM2.5,µg/m³,,,,
7494,"SFTI Kusdihra, Gaya - BSPCB",,24.762518,84.982348,21735,pm25,PM2.5,µg/m³,,,,
7494,"SFTI Kusdihra, Gaya - BSPCB",,24.762518,84.982348,21728,so2,SO₂ mass,µg/m³,,,,
7494,"SFTI Kusdihra, Gaya - BSPCB",,24.762518,84.982348,12236211,so2,SO₂,ppb,,,,
7495,"DRM Office Danapur, Patna - BSPCB",,25.586562,85.043586,21729,co,CO mass,µg/m³,,,,
7495,"DRM Office Danapur, Patna - BSPCB",,25.586562,85.043586,12236186,co,CO,ppb,,,,
7495,"DRM Office Danapur, Patna - BSPCB",,25.586562,85.043586,21730,no2,NO₂ mass,µg/m³,,,,
7495,"DRM Office Danapur, Patna - BSPCB",,25.586562,85.043586,12236188,no2,NO₂,ppb,,,,
7495,"DRM Office Danapur, Patna - BSPCB",,25.586562,85.043586,21731,o3,O₃ mass,µg/m³,,,,
7495,"DRM Office Danapur, Patna - BSPCB",,25.586562,85.043586,12236189,o3,O₃ mass,µg/m³,,,,
7495,"DRM Office Danapur, Patna - BSPCB",,25.586562,85.043586,12236190,pm10,PM10,µg/m³,,,,
7495,"DRM Office Danapur, Patna - BSPCB",,25.586562,85.043586,21732,pm10,PM10,µg/m³,,,,
7495,"DRM Office Danapur, Patna - BSPCB",,25.586562,85.043586,12236191,pm25,PM2.5,µg/m³,,,,
7495,"DRM Office Danapur, Patna - BSPCB",,25.586562,85.043586,21733,pm25,PM2.5,µg/m³,,,,
7495,"DRM Office Danapur, Patna - BSPCB",,25.586562,85.043586,12236193,so2,SO₂,ppb,,,,
7495,"DRM Office Danapur, Patna - BSPCB",,25.586562,85.043586,21734,so2,SO₂ mass,µg/m³,,,,
7583,"ICRISAT Patancheru, Hyderabad - TSPCB",,17.305178,78.162863,22015,co,CO mass,µg/m³,,,,
7583,"ICRISAT Patancheru, Hyderabad - TSPCB",,17.305178,78.162863,22014,no2,NO₂ mass,µg/m³,,,,
7583,"ICRISAT Patancheru, Hyderabad - TSPCB",,17.305178,78.162863,22019,o3,O₃ mass,µg/m³,,,,
7583,"ICRISAT Patancheru, Hyderabad - TSPCB",,17.305178,78.162863,22018,pm10,PM10,µg/m³,,,,
7583,"ICRISAT Patancheru, Hyderabad - TSPCB",,17.305178,78.162863,22017,pm25,PM2.5,µg/m³,,,,
7583,"ICRISAT Patancheru, Hyderabad - TSPCB",,17.305178,78.162863,22016,so2,SO₂ mass,µg/m³,,,,
7720,"Pallavpuram Phase 2, Meerut - UPPCB",,29.06351,77.709723,25456,co,CO mass,µg/m³,,,,
7720,"Pallavpuram Phase 2, Meerut - UPPCB",,29.06351,77.709723,12236070,co,CO,ppb,,,,
7720,"Pallavpuram Phase 2, Meerut - UPPCB",,29.06351,77.709723,12236072,no2,NO₂,ppb,,,,
7720,"Pallavpuram Phase 2, Meerut - UPPCB",,29.06351,77.709723,25457,no2,NO₂ mass,µg/m³,,,,
7720,"Pallavpuram Phase 2, Meerut - UPPCB",,29.06351,77.709723,25458,o3,O₃ mass,µg/m³,,,,
7720,"Pallavpuram Phase 2, Meerut - UPPCB",,29.06351,77.709723,12236073,o3,O₃ mass,µg/m³,,,,
7720,"Pallavpuram Phase 2, Meerut - UPPCB",,29.06351,77.709723,25459,pm10,PM10,µg/m³,,,,
7720,"Pallavpuram Phase 2, Meerut - UPPCB",,29.06351,77.709723,12236074,pm10,PM10,µg/m³,,,,
7720,"Pallavpuram Phase 2, Meerut - UPPCB",,29.06351,77.709723,12236075,pm25,PM2.5,µg/m³,,,,
7720,"Pallavpuram Phase 2, Meerut - UPPCB",,29.06351,77.709723,25460,pm25,PM2.5,µg/m³,,,,
7720,"Pallavpuram Phase 2, Meerut - UPPCB",,29.06351,77.709723,22459,so2,SO₂ mass,µg/m³,,,,
7720,"Pallavpuram Phase 2, Meerut - UPPCB",,29.06351,77.709723,12236077,so2,SO₂,ppb,,,,
7752,"Khadakpada, Kalyan - MPCB",,19.25292,73.142019,12244841,co,CO,ppb,,,,
7752,"Khadakpada, Kalyan - MPCB",,19.25292,73.142019,36669,co,CO mass,µg/m³,,,,
7752,"Khadakpada, Kalyan - MPCB",,19.25292,73.142019,12235919,no2,NO₂,ppb,,,,
7752,"Khadakpada, Kalyan - MPCB",,19.25292,73.142019,36667,no2,NO₂ mass,µg/m³,,,,
7752,"Khadakpada, Kalyan - MPCB",,19.25292,73.142019,36666,o3,O₃ mass,µg/m³,,,,
7752,"Khadakpada, Kalyan - MPCB",,19.25292,73.142019,12244842,o3,O₃ mass,µg/m³,,,,
7752,"Khadakpada, Kalyan - MPCB",,19.25292,73.142019,36665,pm10,PM10,µg/m³,,,,
7752,"Khadakpada, Kalyan - MPCB",,19.25292,73.142019,12244843,pm10,PM10,µg/m³,,,,
7752,"Khadakpada, Kalyan - MPCB",,19.25292,73.142019,36663,pm25,PM2.5,µg/m³,,,,
7752,"Khadakpada, Kalyan - MPCB",,19.25292,73.142019,12235920,pm25,PM2.5,µg/m³,,,,
7752,"Khadakpada, Kalyan - MPCB",,19.25292,73.142019,12244845,so2,SO₂,ppb,,,,
7752,"Khadakpada, Kalyan - MPCB",,19.25292,73.142019,22572,so2,SO₂ mass,µg/m³,,,,
7777,"Lal Bahadur Shastri Nagar, Kalaburagi - KSPCB",,17.321993,76.822628,36202,co,CO mass,µg/m³,,,,
7777,"Lal Bahadur Shastri Nagar, Kalaburagi - KSPCB",,17.321993,76.822628,36191,no2,NO₂ mass,µg/m³,,,,
7777,"Lal Bahadur Shastri Nagar, Kalaburagi - KSPCB",,17.321993,76.822628,22608,o3,O₃ mass,µg/m³,,,,
7777,"Lal Bahadur Shastri Nagar, Kalaburagi - KSPCB",,17.321993,76.822628,36186,pm10,PM10,µg/m³,,,,
7777,"Lal Bahadur Shastri Nagar, Kalaburagi - KSPCB",,17.321993,76.822628,36185,pm25,PM2.5,µg/m³,,,,
7777,"Lal Bahadur Shastri Nagar, Kalaburagi - KSPCB",,17.321993,76.822628,22607,so2,SO₂ mass,µg/m³,,,,
7833,"Ganga Nagar, Meerut - UPPCB",,28.999264,77.7590354,12236079,co,CO,ppb,,,,
7833,"Ganga Nagar, Meerut - UPPCB",,28.999264,77.7590354,22716,co,CO mass,µg/m³,,,,
7833,"Ganga Nagar, Meerut - UPPCB",,28.999264,77.7590354,36532,no2,NO₂ mass,µg/m³,,,,
7833,"Ganga Nagar, Meerut - UPPCB",,28.999264,77.7590354,12236081,no2,NO₂,ppb,,,,
7833,"Ganga Nagar, Meerut - UPPCB",,28.999264,77.7590354,12236082,o3,O₃ mass,µg/m³,,,,
7833,"Ganga Nagar, Meerut - UPPCB",,28.999264,77.7590354,36531,o3,O₃ mass,µg/m³,,,,
7833,"Ganga Nagar, Meerut - UPPCB",,28.999264,77.7590354,36530,pm10,PM10,µg/m³,,,,
7833,"Ganga Nagar, Meerut - UPPCB",,28.999264,77.7590354,12236083,pm10,PM10,µg/m³,,,,
7833,"Ganga Nagar, Meerut - UPPCB",,28.999264,77.7590354,36680,pm25,PM2.5,µg/m³,,,,
7833,"Ganga Nagar, Meerut - UPPCB",,28.999264,77.7590354,12236084,pm25,PM2.5,µg/m³,,,,
7833,"Ganga Nagar, Meerut - UPPCB",,28.999264,77.7590354,12236086,so2,SO₂,ppb,,,,
7833,"Ganga Nagar, Meerut - UPPCB",,28.999264,77.7590354,36678,so2,SO₂ mass,µg/m³,,,,
7850,"Bandra, Mumbai - MPCB",,19.0627,72.84614,36455,co,CO mass,µg/m³,,,,
7850,"Bandra, Mumbai - MPCB",,19.0627,72.84614,36453,no2,NO₂ mass,µg/m³,,,,
7850,"Bandra, Mumbai - MPCB",,19.0627,72.84614,36451,o3,O₃ mass,µg/m³,,,,
7850,"Bandra, Mumbai - MPCB",,19.0627,72.84614,22798,pm10,PM10,µg/m³,,,,
7850,"Bandra, Mumbai - MPCB",,19.0627,72.84614,36447,pm25,PM2.5,µg/m³,,,,
7850,"Bandra, Mumbai - MPCB",,19.0627,72.84614,36446,so2,SO₂ mass,µg/m³,,,,
7880,"Sikulpuikawn, Aizawl - Mizoram PCB",,23.7176342,92.7192841,12236263,co,CO,ppb,,,,
7880,"Sikulpuikawn, Aizawl - Mizoram PCB",,23.7176342,92.7192841,22852,co,CO mass,µg/m³,,,,
7880,"Sikulpuikawn, Aizawl - Mizoram PCB",,23.7176342,92.7192841,22851,no2,NO₂ mass,µg/m³,,,,
7880,"Sikulpuikawn, Aizawl - Mizoram PCB",,23.7176342,92.7192841,12236265,no2,NO₂,ppb,,,,
7880,"Sikulpuikawn, Aizawl - Mizoram PCB",,23.7176342,92.7192841,12236266,o3,O₃ mass,µg/m³,,,,
7880,"Sikulpuikawn, Aizawl - Mizoram PCB",,23.7176342,92.7192841,22850,o3,O₃ mass,µg/m³,,,,
7880,"Sikulpuikawn, Aizawl - Mizoram PCB",,23.7176342,92.7192841,12236267,pm10,PM10,µg/m³,,,,
7880,"Sikulpuikawn, Aizawl - Mizoram PCB",,23.7176342,92.7192841,22849,pm10,PM10,µg/m³,,,,
7880,"Sikulpuikawn, Aizawl - Mizoram PCB",,23.7176342,92.7192841,22848,pm25,PM2.5,µg/m³,,,,
7880,"Sikulpuikawn, Aizawl - Mizoram PCB",,23.7176342,92.7192841,12236268,pm25,PM2.5,µg/m³,,,,
7880,"Sikulpuikawn, Aizawl - Mizoram PCB",,23.7176342,92.7192841,22847,so2,SO₂ mass,µg/m³,,,,
7880,"Sikulpuikawn, Aizawl - Mizoram PCB",,23.7176342,92.7192841,12236270,so2,SO₂,ppb,,,,
7901,"Corporation Ground, Thrissur- Kerala PCB",,10.522198,76.24085,22897,co,CO mass,µg/m³,,,,
7901,"Corporation Ground, Thrissur- Kerala PCB",,10.522198,76.24085,12236338,co,CO,ppb,,,,
7901,"Corporation Ground, Thrissur- Kerala PCB",,10.522198,76.24085,12236340,no2,NO₂,ppb,,,,
7901,"Corporation Ground, Thrissur- Kerala PCB",,10.522198,76.24085,22896,no2,NO₂ mass,µg/m³,,,,
7901,"Corporation Ground, Thrissur- Kerala PCB",,10.522198,76.24085,12236341,o3,O₃ mass,µg/m³,,,,
7901,"Corporation Ground, Thrissur- Kerala PCB",,10.522198,76.24085,22901,o3,O₃ mass,µg/m³,,,,
7901,"Corporation Ground, Thrissur- Kerala PCB",,10.522198,76.24085,12236342,pm10,PM10,µg/m³,,,,
7901,"Corporation Ground, Thrissur- Kerala PCB",,10.522198,76.24085,22899,pm10,PM10,µg/m³,,,,
7901,"Corporation Ground, Thrissur- Kerala PCB",,10.522198,76.24085,22898,pm25,PM2.5,µg/m³,,,,
7901,"Corporation Ground, Thrissur- Kerala PCB",,10.522198,76.24085,12236343,pm25,PM2.5,µg/m³,,,,
7901,"Corporation Ground, Thrissur- Kerala PCB",,10.522198,76.24085,22900,so2,SO₂ mass,µg/m³,,,,
7901,"Corporation Ground, Thrissur- Kerala PCB",,10.522198,76.24085,12236345,so2,SO₂,ppb,,,,
7979,"Deen Dayal Nagar, Sagar - MPPCB",,23.8640158,78.80289321,36497,co,CO mass,µg/m³,,,,
7979,"Deen Dayal Nagar, Sagar - MPPCB",,23.8640158,78.80289321,12236142,co,CO,ppb,,,,
7979,"Deen Dayal Nagar, Sagar - MPPCB",,23.8640158,78.80289321,36503,no2,NO₂ mass,µg/m³,,,,
7979,"Deen Dayal Nagar, Sagar - MPPCB",,23.8640158,78.80289321,12236144,no2,NO₂,ppb,,,,
7979,"Deen Dayal Nagar, Sagar - MPPCB",,23.8640158,78.80289321,12236145,pm10,PM10,µg/m³,,,,
7979,"Deen Dayal Nagar, Sagar - MPPCB",,23.8640158,78.80289321,23115,pm10,PM10,µg/m³,,,,
7979,"Deen Dayal Nagar, Sagar - MPPCB",,23.8640158,78.80289321,36507,pm25,PM2.5,µg/m³,,,,
7979,"Deen Dayal Nagar, Sagar - MPPCB",,23.8640158,78.80289321,12236146,pm25,PM2.5,µg/m³,,,,
7979,"Deen Dayal Nagar, Sagar - MPPCB",,23.8640158,78.80289321,12236147,so2,SO₂,ppb,,,,
7979,"Deen Dayal Nagar, Sagar - MPPCB",,23.8640158,78.80289321,36509,so2,SO₂ mass,µg/m³,,,,
8035,"Ibrahimpur, Vijayapura - KSPCB",,16.802639,75.722694,12236133,co,CO,ppb,,,,
8035,"Ibrahimpur, Vijayapura - KSPCB",,16.802639,75.722694,23302,co,CO mass,µg/m³,,,,
8035,"Ibrahimpur, Vijayapura - KSPCB",,16.802639,75.722694,23299,no2,NO₂ mass,µg/m³,,,,
8035,"Ibrahimpur, Vijayapura - KSPCB",,16.802639,75.722694,12236135,no2,NO₂,ppb,,,,
8035,"Ibrahimpur, Vijayapura - KSPCB",,16.802639,75.722694,12236136,o3,O₃ mass,µg/m³,,,,
8035,"Ibrahimpur, Vijayapura - KSPCB",,16.802639,75.722694,23303,o3,O₃ mass,µg/m³,,,,
8035,"Ibrahimpur, Vijayapura - KSPCB",,16.802639,75.722694,23300,pm10,PM10,µg/m³,,,,
8035,"Ibrahimpur, Vijayapura - KSPCB",,16.802639,75.722694,12236137,pm10,PM10,µg/m³,,,,
8035,"Ibrahimpur, Vijayapura - KSPCB",,16.802639,75.722694,12236138,pm25,PM2.5,µg/m³,,,,
8035,"Ibrahimpur, Vijayapura - KSPCB",,16.802639,75.722694,23304,pm25,PM2.5,µg/m³,,,,
8035,"Ibrahimpur, Vijayapura - KSPCB",,16.802639,75.722694,12236140,so2,SO₂,ppb,,,,
8035,"Ibrahimpur, Vijayapura - KSPCB",,16.802639,75.722694,23301,so2,SO₂ mass,µg/m³,,,,
8039,Mumbai,India,19.07283,72.88261,23320,pm25,PM2.5,µg/m³,,,,
8092,"East Arjun Nagar, Delhi - CPCB",,28.655935,77.294904,23669,no2,NO₂ mass,µg/m³,,,,
8092,"East Arjun Nagar, Delhi - CPCB",,28.655935,77.294904,23465,o3,O₃ mass,µg/m³,,,,
8092,"East Arjun Nagar, Delhi - CPCB",,28.655935,77.294904,34750,so2,SO₂ mass,µg/m³,,,,
8118,New Delhi,India,28.63576,77.22445,23534,pm25,PM2.5,µg/m³,,,,
8153,"Urban, Chamarajanagar - KSPCB",,11.55358,76.55521,23738,co,CO mass,µg/m³,,,,
8153,"Urban, Chamarajanagar - KSPCB",,11.55358,76.55521,12235955,co,CO,ppb,,,,
8153,"Urban, Chamarajanagar - KSPCB",,11.55358,76.55521,12235957,no2,NO₂,ppb,,,,
8153,"Urban, Chamarajanagar - KSPCB",,11.55358,76.55521,23740,no2,NO₂ mass,µg/m³,,,,
8153,"Urban, Chamarajanagar - KSPCB",,11.55358,76.55521,23739,o3,O₃ mass,µg/m³,,,,
8153,"Urban, Chamarajanagar - KSPCB",,11.55358,76.55521,12235958,o3,O₃ mass,µg/m³,,,,
8153,"Urban, Chamarajanagar - KSPCB",,11.55358,76.55521,23737,pm10,PM10,µg/m³,,,,
8153,"Urban, Chamarajanagar - KSPCB",,11.55358,76.55521,12235959,pm10,PM10,µg/m³,,,,
8153,"Urban, Chamarajanagar - KSPCB",,11.55358,76.55521,23742,pm25,PM2.5,µg/m³,,,,
8153,"Urban, Chamarajanagar - KSPCB",,11.55358,76.55521,12235960,pm25,PM2.5,µg/m³,,,,
8153,"Urban, Chamarajanagar - KSPCB",,11.55358,76.55521,12235961,so2,SO₂,ppb,,,,
8153,"Urban, Chamarajanagar - KSPCB",,11.55358,76.55521,23741,so2,SO₂ mass,µg/m³,,,,
8171,"GIDC, Nandesari - Nandesari Ind. Association",,22.410802,73.097923,23777,co,CO mass,µg/m³,,,,
8171,"GIDC, Nandesari - Nandesari Ind. Association",,22.410802,73.097923,12236157,co,CO,ppb,,,,
8171,"GIDC, Nandesari - Nandesari Ind. Association",,22.410802,73.097923,23775,no2,NO₂ mass,µg/m³,,,,
8171,"GIDC, Nandesari - Nandesari Ind. Association",,22.410802,73.097923,12236158,no2,NO₂,ppb,,,,
8171,"GIDC, Nandesari - Nandesari Ind. Association",,22.410802,73.097923,12236159,pm10,PM10,µg/m³,,,,
8171,"GIDC, Nandesari - Nandesari Ind. Association",,22.410802,73.097923,23774,pm10,PM10,µg/m³,,,,
8171,"GIDC, Nandesari - Nandesari Ind. Association",,22.410802,73.097923,23776,pm25,PM2.5,µg/m³,,,,
8171,"GIDC, Nandesari - Nandesari Ind. Association",,22.410802,73.097923,12236160,pm25,PM2.5,µg/m³,,,,
8171,"GIDC, Nandesari - Nandesari Ind. Association",,22.410802,73.097923,23778,so2,SO₂ mass,µg/m³,,,,
8171,"GIDC, Nandesari - Nandesari Ind. Association",,22.410802,73.097923,12236161,so2,SO₂,ppb,,,,
8172,US Diplomatic Post: Kolkata,Kolkata,22.56263,88.36304,5077640,pm25,PM2.5,µg/m³,,,,
8190,"Kariavattom, Thiruvananthapuram - Kerala PCB",,8.5637,76.8865,12236168,co,CO,ppb,,,,
8190,"Kariavattom, Thiruvananthapuram - Kerala PCB",,8.5637,76.8865,23899,co,CO mass,µg/m³,,,,
8190,"Kariavattom, Thiruvananthapuram - Kerala PCB",,8.5637,76.8865,12236170,no2,NO₂,ppb,,,,
8190,"Kariavattom, Thiruvananthapuram - Kerala PCB",,8.5637,76.8865,23900,no2,NO₂ mass,µg/m³,,,,
8190,"Kariavattom, Thiruvananthapuram - Kerala PCB",,8.5637,76.8865,23898,o3,O₃ mass,µg/m³,,,,
8190,"Kariavattom, Thiruvananthapuram - Kerala PCB",,8.5637,76.8865,12236171,o3,O₃ mass,µg/m³,,,,
8190,"Kariavattom, Thiruvananthapuram - Kerala PCB",,8.5637,76.8865,12236172,pm10,PM10,µg/m³,,,,
8190,"Kariavattom, Thiruvananthapuram - Kerala PCB",,8.5637,76.8865,23897,pm10,PM10,µg/m³,,,,
8190,"Kariavattom, Thiruvananthapuram - Kerala PCB",,8.5637,76.8865,23901,pm25,PM2.5,µg/m³,,,,
8190,"Kariavattom, Thiruvananthapuram - Kerala PCB",,8.5637,76.8865,12236173,pm25,PM2.5,µg/m³,,,,
8190,"Kariavattom, Thiruvananthapuram - Kerala PCB",,8.5637,76.8865,12236175,so2,SO₂,ppb,,,,
8190,"Kariavattom, Thiruvananthapuram - Kerala PCB",,8.5637,76.8865,23902,so2,SO₂ mass,µg/m³,,,,
8235,"Jahangirpuri, Delhi - DPCC",,28.73282,77.170633,12235024,co,CO,ppb,,,,
8235,"Jahangirpuri, Delhi - DPCC",,28.73282,77.170633,23993,co,CO mass,µg/m³,,,,
8235,"Jahangirpuri, Delhi - DPCC",,28.73282,77.170633,23994,no2,NO₂ mass,µg/m³,,,,
8235,"Jahangirpuri, Delhi - DPCC",,28.73282,77.170633,12235026,no2,NO₂,ppb,,,,
8235,"Jahangirpuri, Delhi - DPCC",,28.73282,77.170633,23995,o3,O₃ mass,µg/m³,,,,
8235,"Jahangirpuri, Delhi - DPCC",,28.73282,77.170633,12235027,o3,O₃ mass,µg/m³,,,,
8235,"Jahangirpuri, Delhi - DPCC",,28.73282,77.170633,23996,pm10,PM10,µg/m³,,,,
8235,"Jahangirpuri, Delhi - DPCC",,28.73282,77.170633,12235028,pm10,PM10,µg/m³,,,,
8235,"Jahangirpuri, Delhi - DPCC",,28.73282,77.170633,23997,pm25,PM2.5,µg/m³,,,,
8235,"Jahangirpuri, Delhi - DPCC",,28.73282,77.170633,12235029,pm25,PM2.5,µg/m³,,,,
8235,"Jahangirpuri, Delhi - DPCC",,28.73282,77.170633,12235031,so2,SO₂,ppb,,,,
8235,"Jahangirpuri, Delhi - DPCC",,28.73282,77.170633,23998,so2,SO₂ mass,µg/m³,,,,
8239,"Okhla Phase-2, Delhi - DPCC",,28.530785,77.271255,12235069,co,CO,ppb,,,,
8239,"Okhla Phase-2, Delhi - DPCC",,28.530785,77.271255,24010,co,CO mass,µg/m³,,,,
8239,"Okhla Phase-2, Delhi - DPCC",,28.530785,77.271255,12235071,no2,NO₂,ppb,,,,
8239,"Okhla Phase-2, Delhi - DPCC",,28.530785,77.271255,24008,no2,NO₂ mass,µg/m³,,,,
8239,"Okhla Phase-2, Delhi - DPCC",,28.530785,77.271255,12235072,o3,O₃ mass,µg/m³,,,,
8239,"Okhla Phase-2, Delhi - DPCC",,28.530785,77.271255,24012,o3,O₃ mass,µg/m³,,,,
8239,"Okhla Phase-2, Delhi - DPCC",,28.530785,77.271255,12235073,pm10,PM10,µg/m³,,,,
8239,"Okhla Phase-2, Delhi - DPCC",,28.530785,77.271255,24011,pm10,PM10,µg/m³,,,,
8239,"Okhla Phase-2, Delhi - DPCC",,28.530785,77.271255,12235074,pm25,PM2.5,µg/m³,,,,
8239,"Okhla Phase-2, Delhi - DPCC",,28.530785,77.271255,24007,pm25,PM2.5,µg/m³,,,,
8239,"Okhla Phase-2, Delhi - DPCC",,28.530785,77.271255,12235076,so2,SO₂,ppb,,,,
8239,"Okhla Phase-2, Delhi - DPCC",,28.530785,77.271255,24009,so2,SO₂ mass,µg/m³,,,,
8245,"Gole Bazar, Katni - MPPCB",,23.50016,80.23284,12236043,co,CO,ppb,,,,
8245,"Gole Bazar, Katni - MPPCB",,23.50016,80.23284,24024,co,CO mass,µg/m³,,,,
8245,"Gole Bazar, Katni - MPPCB",,23.50016,80.23284,12236045,no2,NO₂,ppb,,,,
8245,"Gole Bazar, Katni - MPPCB",,23.50016,80.23284,36558,no2,NO₂ mass,µg/m³,,,,
8245,"Gole Bazar, Katni - MPPCB",,23.50016,80.23284,12236046,o3,O₃ mass,µg/m³,,,,
8245,"Gole Bazar, Katni - MPPCB",,23.50016,80.23284,36544,o3,O₃ mass,µg/m³,,,,
8245,"Gole Bazar, Katni - MPPCB",,23.50016,80.23284,12236047,pm10,PM10,µg/m³,,,,
8245,"Gole Bazar, Katni - MPPCB",,23.50016,80.23284,24077,pm10,PM10,µg/m³,,,,
8245,"Gole Bazar, Katni - MPPCB",,23.50016,80.23284,36555,pm25,PM2.5,µg/m³,,,,
8245,"Gole Bazar, Katni - MPPCB",,23.50016,80.23284,12236048,pm25,PM2.5,µg/m³,,,,
8245,"Gole Bazar, Katni - MPPCB",,23.50016,80.23284,12236050,so2,SO₂,ppb,,,,
8245,"Gole Bazar, Katni - MPPCB",,23.50016,80.23284,36533,so2,SO₂ mass,µg/m³,,,,
8319,"Anand Vihar, Hapur - UPPCB",,28.725645,77.749675,12235684,co,CO,ppb,,,,
8319,"Anand Vihar, Hapur - UPPCB",,28.725645,77.749675,24196,co,CO mass,µg/m³,,,,
8319,"Anand Vihar, Hapur - UPPCB",,28.725645,77.749675,12235686,no2,NO₂,ppb,,,,
8319,"Anand Vihar, Hapur - UPPCB",,28.725645,77.749675,36673,no2,NO₂ mass,µg/m³,,,,
8319,"Anand Vihar, Hapur - UPPCB",,28.725645,77.749675,12235687,o3,O₃ mass,µg/m³,,,,
8319,"Anand Vihar, Hapur - UPPCB",,28.725645,77.749675,36685,o3,O₃ mass,µg/m³,,,,
8319,"Anand Vihar, Hapur - UPPCB",,28.725645,77.749675,12235688,pm10,PM10,µg/m³,,,,
8319,"Anand Vihar, Hapur - UPPCB",,28.725645,77.749675,36518,pm10,PM10,µg/m³,,,,
8319,"Anand Vihar, Hapur - UPPCB",,28.725645,77.749675,36521,pm25,PM2.5,µg/m³,,,,
8319,"Anand Vihar, Hapur - UPPCB",,28.725645,77.749675,12235689,pm25,PM2.5,µg/m³,,,,
8319,"Anand Vihar, Hapur - UPPCB",,28.725645,77.749675,36523,so2,SO₂ mass,µg/m³,,,,
8319,"Anand Vihar, Hapur - UPPCB",,28.725645,77.749675,12235691,so2,SO₂,ppb,,,,
8365,"Nehru Nagar, Delhi - DPCC",,28.56789,77.250515,34799,co,CO mass,µg/m³,,,,
8365,"Nehru Nagar, Delhi - DPCC",,28.56789,77.250515,12235078,co,CO,ppb,,,,
8365,"Nehru Nagar, Delhi - DPCC",,28.56789,77.250515,24303,no2,NO₂ mass,µg/m³,,,,
8365,"Nehru Nagar, Delhi - DPCC",,28.56789,77.250515,12235080,no2,NO₂,ppb,,,,
8365,"Nehru Nagar, Delhi - DPCC",,28.56789,77.250515,35017,o3,O₃ mass,µg/m³,,,,
8365,"Nehru Nagar, Delhi - DPCC",,28.56789,77.250515,12235081,o3,O₃ mass,µg/m³,,,,
8365,"Nehru Nagar, Delhi - DPCC",,28.56789,77.250515,35012,pm10,PM10,µg/m³,,,,
8365,"Nehru Nagar, Delhi - DPCC",,28.56789,77.250515,12235082,pm10,PM10,µg/m³,,,,
8365,"Nehru Nagar, Delhi - DPCC",,28.56789,77.250515,35010,pm25,PM2.5,µg/m³,,,,
8365,"Nehru Nagar, Delhi - DPCC",,28.56789,77.250515,12235083,pm25,PM2.5,µg/m³,,,,
8365,"Nehru Nagar, Delhi - DPCC",,28.56789,77.250515,35009,so2,SO₂ mass,µg/m³,,,,
8365,"Nehru Nagar, Delhi - DPCC",,28.56789,77.250515,12235085,so2,SO₂,ppb,,,,
8472,"Bawana, Delhi - DPCC",,28.7762,77.051074,36395,co,CO mass,µg/m³,,,,
8472,"Bawana, Delhi - DPCC",,28.7762,77.051074,12235289,co,CO,ppb,,,,
8472,"Bawana, Delhi - DPCC",,28.7762,77.051074,36394,no2,NO₂ mass,µg/m³,,,,
8472,"Bawana, Delhi - DPCC",,28.7762,77.051074,12235291,no2,NO₂,ppb,,,,
8472,"Bawana, Delhi - DPCC",,28.7762,77.051074,36393,o3,O₃ mass,µg/m³,,,,
8472,"Bawana, Delhi - DPCC",,28.7762,77.051074,12235292,o3,O₃ mass,µg/m³,,,,
8472,"Bawana, Delhi - DPCC",,28.7762,77.051074,12235293,pm10,PM10,µg/m³,,,,
8472,"Bawana, Delhi - DPCC",,28.7762,77.051074,24602,pm10,PM10,µg/m³,,,,
8472,"Bawana, Delhi - DPCC",,28.7762,77.051074,12235294,pm25,PM2.5,µg/m³,,,,
8472,"Bawana, Delhi - DPCC",,28.7762,77.051074,36391,pm25,PM2.5,µg/m³,,,,
8472,"Bawana, Delhi - DPCC",,28.7762,77.051074,12235296,so2,SO₂,ppb,,,,
8475,"Sonia Vihar, Delhi - DPCC",,28.710508,77.249485,24615,co,CO mass,µg/m³,,,,
8475,"Sonia Vihar, Delhi - DPCC",,28.710508,77.249485,12235105,co,CO,ppb,,,,
8475,"Sonia Vihar, Delhi - DPCC",,28.710508,77.249485,12235107,no2,NO₂,ppb,,,,
8475,"Sonia Vihar, Delhi - DPCC",,28.710508,77.249485,35047,no2,NO₂ mass,µg/m³,,,,
8475,"Sonia Vihar, Delhi - DPCC",,28.710508,77.249485,35048,o3,O₃ mass,µg/m³,,,,
8475,"Sonia Vihar, Delhi - DPCC",,28.710508,77.249485,12235108,o3,O₃ mass,µg/m³,,,,
8475,"Sonia Vihar, Delhi - DPCC",,28.710508,77.249485,35049,pm10,PM10,µg/m³,,,,
8475,"Sonia Vihar, Delhi - DPCC",,28.710508,77.249485,12235109,pm10,PM10,µg/m³,,,,
8475,"Sonia Vihar, Delhi - DPCC",,28.710508,77.249485,35050,pm25,PM2.5,µg/m³,,,,
8475,"Sonia Vihar, Delhi - DPCC",,28.710508,77.249485,12235110,pm25,PM2.5,µg/m³,,,,
8475,"Sonia Vihar, Delhi - DPCC",,28.710508,77.249485,12235112,so2,SO₂,ppb,,,,
8475,"Sonia Vihar, Delhi - DPCC",,28.710508,77.249485,35051,so2,SO₂ mass,µg/m³,,,,
8557,Hyderabad,India,17.38405,78.45636,24857,pm25,PM2.5,µg/m³,,,,
8558,Chennai,India,13.08784,80.278475,5077812,pm25,PM2.5,µg/m³,,,,
8914,"SIDCO Kurichi, Coimbatore - TNPCB",,10.942451,76.978996,12235800,co,CO,ppb,,,,
8914,"SIDCO Kurichi, Coimbatore - TNPCB",,10.942451,76.978996,12235802,no2,NO₂,ppb,,,,
8914,"SIDCO Kurichi, Coimbatore - TNPCB",,10.942451,76.978996,12235803,o3,O₃ mass,µg/m³,,,,
8914,"SIDCO Kurichi, Coimbatore - TNPCB",,10.942451,76.978996,12235804,pm10,PM10,µg/m³,,,,
8914,"SIDCO Kurichi, Coimbatore - TNPCB",,10.942451,76.978996,12235805,pm25,PM2.5,µg/m³,,,,
8914,"SIDCO Kurichi, Coimbatore - TNPCB",,10.942451,76.978996,12235807,so2,SO₂,ppb,,,,
8915,"Wazirpur, Delhi - DPCC",,28.699793,77.165453,34728,co,CO mass,µg/m³,,,,
8915,"Wazirpur, Delhi - DPCC",,28.699793,77.165453,12235119,co,CO,ppb,,,,
8915,"Wazirpur, Delhi - DPCC",,28.699793,77.165453,12235121,no2,NO₂,ppb,,,,
8915,"Wazirpur, Delhi - DPCC",,28.699793,77.165453,34732,no2,NO₂ mass,µg/m³,,,,
8915,"Wazirpur, Delhi - DPCC",,28.699793,77.165453,34730,o3,O₃ mass,µg/m³,,,,
8915,"Wazirpur, Delhi - DPCC",,28.699793,77.165453,12235122,o3,O₃ mass,µg/m³,,,,
8915,"Wazirpur, Delhi - DPCC",,28.699793,77.165453,12235123,pm10,PM10,µg/m³,,,,
8915,"Wazirpur, Delhi - DPCC",,28.699793,77.165453,26026,pm10,PM10,µg/m³,,,,
8915,"Wazirpur, Delhi - DPCC",,28.699793,77.165453,34731,pm25,PM2.5,µg/m³,,,,
8915,"Wazirpur, Delhi - DPCC",,28.699793,77.165453,12235124,pm25,PM2.5,µg/m³,,,,
8915,"Wazirpur, Delhi - DPCC",,28.699793,77.165453,12235126,so2,SO₂,ppb,,,,
8915,"Wazirpur, Delhi - DPCC",,28.699793,77.165453,34729,so2,SO₂ mass,µg/m³,,,,
8916,"Vyttila, Kochi - Kerala PCB",,9.969447,76.321186,26031,co,CO mass,µg/m³,,,,
8916,"Vyttila, Kochi - Kerala PCB",,9.969447,76.321186,26030,no2,NO₂ mass,µg/m³,,,,
8916,"Vyttila, Kochi - Kerala PCB",,9.969447,76.321186,26029,o3,O₃ mass,µg/m³,,,,
8916,"Vyttila, Kochi - Kerala PCB",,9.969447,76.321186,26028,pm10,PM10,µg/m³,,,,
8916,"Vyttila, Kochi - Kerala PCB",,9.969447,76.321186,26027,pm25,PM2.5,µg/m³,,,,
8916,"Vyttila, Kochi - Kerala PCB",,9.969447,76.321186,26033,so2,SO₂ mass,µg/m³,,,,
8917,"Ashok Vihar, Delhi - DPCC",,28.695381,77.181665,12234997,co,CO,ppb,,,,
8917,"Ashok Vihar, Delhi - DPCC",,28.695381,77.181665,34762,co,CO mass,µg/m³,,,,
8917,"Ashok Vihar, Delhi - DPCC",,28.695381,77.181665,12234999,no2,NO₂,ppb,,,,
8917,"Ashok Vihar, Delhi - DPCC",,28.695381,77.181665,34768,no2,NO₂ mass,µg/m³,,,,
8917,"Ashok Vihar, Delhi - DPCC",,28.695381,77.181665,34782,o3,O₃ mass,µg/m³,,,,
8917,"Ashok Vihar, Delhi - DPCC",,28.695381,77.181665,12235000,o3,O₃ mass,µg/m³,,,,
8917,"Ashok Vihar, Delhi - DPCC",,28.695381,77.181665,34785,pm10,PM10,µg/m³,,,,
8917,"Ashok Vihar, Delhi - DPCC",,28.695381,77.181665,12235001,pm10,PM10,µg/m³,,,,
8917,"Ashok Vihar, Delhi - DPCC",,28.695381,77.181665,26032,pm25,PM2.5,µg/m³,,,,
8917,"Ashok Vihar, Delhi - DPCC",,28.695381,77.181665,12235002,pm25,PM2.5,µg/m³,,,,
8917,"Ashok Vihar, Delhi - DPCC",,28.695381,77.181665,12235004,so2,SO₂,ppb,,,,
8917,"Ashok Vihar, Delhi - DPCC",,28.695381,77.181665,34786,so2,SO₂ mass,µg/m³,,,,
10484,"Sri Aurobindo Marg, Delhi - DPCC",,28.531346,77.190156,12235307,co,CO,ppb,,,,
10484,"Sri Aurobindo Marg, Delhi - DPCC",,28.531346,77.190156,34761,co,CO mass,µg/m³,,,,
10484,"Sri Aurobindo Marg, Delhi - DPCC",,28.531346,77.190156,12235309,no2,NO₂,ppb,,,,
10484,"Sri Aurobindo Marg, Delhi - DPCC",,28.531346,77.190156,34758,no2,NO₂ mass,µg/m³,,,,
10484,"Sri Aurobindo Marg, Delhi - DPCC",,28.531346,77.190156,34757,o3,O₃ mass,µg/m³,,,,
10484,"Sri Aurobindo Marg, Delhi - DPCC",,28.531346,77.190156,12235310,o3,O₃ mass,µg/m³,,,,
10484,"Sri Aurobindo Marg, Delhi - DPCC",,28.531346,77.190156,34781,pm10,PM10,µg/m³,,,,
10484,"Sri Aurobindo Marg, Delhi - DPCC",,28.531346,77.190156,12235311,pm10,PM10,µg/m³,,,,
10484,"Sri Aurobindo Marg, Delhi - DPCC",,28.531346,77.190156,12235312,pm25,PM2.5,µg/m³,,,,
10484,"Sri Aurobindo Marg, Delhi - DPCC",,28.531346,77.190156,34772,pm25,PM2.5,µg/m³,,,,
10484,"Sri Aurobindo Marg, Delhi - DPCC",,28.531346,77.190156,12235314,so2,SO₂,ppb,,,,
10484,"Sri Aurobindo Marg, Delhi - DPCC",,28.531346,77.190156,34759,so2,SO₂ mass,µg/m³,,,,
10485,"Narela, Delhi - DPCC",,28.822836,77.101981,12235051,co,CO,ppb,,,,
10485,"Narela, Delhi - DPCC",,28.822836,77.101981,34776,co,CO mass,µg/m³,,,,
10485,"Narela, Delhi - DPCC",,28.822836,77.101981,34760,no2,NO₂ mass,µg/m³,,,,
10485,"Narela, Delhi - DPCC",,28.822836,77.101981,12235053,no2,NO₂,ppb,,,,
10485,"Narela, Delhi - DPCC",,28.822836,77.101981,34792,o3,O₃ mass,µg/m³,,,,
10485,"Narela, Delhi - DPCC",,28.822836,77.101981,12235054,o3,O₃ mass,µg/m³,,,,
10485,"Narela, Delhi - DPCC",,28.822836,77.101981,12235055,pm10,PM10,µg/m³,,,,
10485,"Narela, Delhi - DPCC",,28.822836,77.101981,34791,pm10,PM10,µg/m³,,,,
10485,"Narela, Delhi - DPCC",,28.822836,77.101981,12235056,pm25,PM2.5,µg/m³,,,,
10485,"Narela, Delhi - DPCC",,28.822836,77.101981,34790,pm25,PM2.5,µg/m³,,,,
10485,"Narela, Delhi - DPCC",,28.822836,77.101981,12235058,so2,SO₂,ppb,,,,
10485,"Narela, Delhi - DPCC",,28.822836,77.101981,34789,so2,SO₂ mass,µg/m³,,,,
10486,"Mundka, Delhi - DPCC",,28.684678,77.076574,12235298,co,CO,ppb,,,,
10486,"Mundka, Delhi - DPCC",,28.684678,77.076574,34763,co,CO mass,µg/m³,,,,
10486,"Mundka, Delhi - DPCC",,28.684678,77.076574,12235300,no2,NO₂,ppb,,,,
10486,"Mundka, Delhi - DPCC",,28.684678,77.076574,34764,no2,NO₂ mass,µg/m³,,,,
10486,"Mundka, Delhi - DPCC",,28.684678,77.076574,34765,o3,O₃ mass,µg/m³,,,,
10486,"Mundka, Delhi - DPCC",,28.684678,77.076574,12235301,o3,O₃ mass,µg/m³,,,,
10486,"Mundka, Delhi - DPCC",,28.684678,77.076574,12235302,pm10,PM10,µg/m³,,,,
10486,"Mundka, Delhi - DPCC",,28.684678,77.076574,34766,pm10,PM10,µg/m³,,,,
10486,"Mundka, Delhi - DPCC",,28.684678,77.076574,34767,pm25,PM2.5,µg/m³,,,,
10486,"Mundka, Delhi - DPCC",,28.684678,77.076574,12235303,pm25,PM2.5,µg/m³,,,,
10486,"Mundka, Delhi - DPCC",,28.684678,77.076574,12235305,so2,SO₂,ppb,,,,
10486,"Mundka, Delhi - DPCC",,28.684678,77.076574,34769,so2,SO₂ mass,µg/m³,,,,
10487,"Anand Vihar, Delhi - DPCC",,28.646835,77.316032,34787,co,CO mass,µg/m³,,,,
10487,"Anand Vihar, Delhi - DPCC",,28.646835,77.316032,34784,no2,NO₂ mass,µg/m³,,,,
10487,"Anand Vihar, Delhi - DPCC",,28.646835,77.316032,34783,o3,O₃ mass,µg/m³,,,,
10487,"Anand Vihar, Delhi - DPCC",,28.646835,77.316032,34780,pm10,PM10,µg/m³,,,,
10487,"Anand Vihar, Delhi - DPCC",,28.646835,77.316032,34771,pm25,PM2.5,µg/m³,,,,
10487,"Anand Vihar, Delhi - DPCC",,28.646835,77.316032,34770,so2,SO₂ mass,µg/m³,,,,
10488,"Najafgarh, Delhi - DPCC",,28.570173,76.933762,34779,co,CO mass,µg/m³,,,,
10488,"Najafgarh, Delhi - DPCC",,28.570173,76.933762,12235060,co,CO,ppb,,,,
10488,"Najafgarh, Delhi - DPCC",,28.570173,76.933762,12235062,no2,NO₂,ppb,,,,
10488,"Najafgarh, Delhi - DPCC",,28.570173,76.933762,34778,no2,NO₂ mass,µg/m³,,,,
10488,"Najafgarh, Delhi - DPCC",,28.570173,76.933762,12235063,o3,O₃ mass,µg/m³,,,,
10488,"Najafgarh, Delhi - DPCC",,28.570173,76.933762,34777,o3,O₃ mass,µg/m³,,,,
10488,"Najafgarh, Delhi - DPCC",,28.570173,76.933762,12235064,pm10,PM10,µg/m³,,,,
10488,"Najafgarh, Delhi - DPCC",,28.570173,76.933762,34775,pm10,PM10,µg/m³,,,,
10488,"Najafgarh, Delhi - DPCC",,28.570173,76.933762,34774,pm25,PM2.5,µg/m³,,,,
10488,"Najafgarh, Delhi - DPCC",,28.570173,76.933762,12235065,pm25,PM2.5,µg/m³,,,,
10488,"Najafgarh, Delhi - DPCC",,28.570173,76.933762,12235067,so2,SO₂,ppb,,,,
10488,"Najafgarh, Delhi - DPCC",,28.570173,76.933762,34773,so2,SO₂ mass,µg/m³,,,,
10489,"ITO, Delhi - CPCB",,28.628624,77.24106,34823,co,CO mass,µg/m³,,,,
10489,"ITO, Delhi - CPCB",,28.628624,77.24106,34821,no2,NO₂ mass,µg/m³,,,,
10489,"ITO, Delhi - CPCB",,28.628624,77.24106,34816,o3,O₃ mass,µg/m³,,,,
10489,"ITO, Delhi - CPCB",,28.628624,77.24106,34793,pm10,PM10,µg/m³,,,,
10489,"ITO, Delhi - CPCB",,28.628624,77.24106,35016,pm25,PM2.5,µg/m³,,,,
10489,"ITO, Delhi - CPCB",,28.628624,77.24106,35015,so2,SO₂ mass,µg/m³,,,,
10537,"Vidayagiri, Bagalkot - KSPCB",,16.172806,75.659694,35449,co,CO mass,µg/m³,,,,
10537,"Vidayagiri, Bagalkot - KSPCB",,16.172806,75.659694,12590500,co,CO,ppb,,,,
10537,"Vidayagiri, Bagalkot - KSPCB",,16.172806,75.659694,12590502,no2,NO₂,ppb,,,,
10537,"Vidayagiri, Bagalkot - KSPCB",,16.172806,75.659694,35472,no2,NO₂ mass,µg/m³,,,,
10537,"Vidayagiri, Bagalkot - KSPCB",,16.172806,75.659694,34960,o3,O₃ mass,µg/m³,,,,
10537,"Vidayagiri, Bagalkot - KSPCB",,16.172806,75.659694,12590503,o3,O₃ mass,µg/m³,,,,
10537,"Vidayagiri, Bagalkot - KSPCB",,16.172806,75.659694,34961,pm10,PM10,µg/m³,,,,
10537,"Vidayagiri, Bagalkot - KSPCB",,16.172806,75.659694,12590504,pm10,PM10,µg/m³,,,,
10537,"Vidayagiri, Bagalkot - KSPCB",,16.172806,75.659694,34962,pm25,PM2.5,µg/m³,,,,
10537,"Vidayagiri, Bagalkot - KSPCB",,16.172806,75.659694,12590505,pm25,PM2.5,µg/m³,,,,
10537,"Vidayagiri, Bagalkot - KSPCB",,16.172806,75.659694,34963,so2,SO₂ mass,µg/m³,,,,
10537,"Vidayagiri, Bagalkot - KSPCB",,16.172806,75.659694,12590507,so2,SO₂,ppb,,,,
10545,"Civil Lines, Ajmer - RSPCB",,26.470859,74.646594,34995,co,CO mass,µg/m³,,,,
10545,"Civil Lines, Ajmer - RSPCB",,26.470859,74.646594,12234836,co,CO,ppb,,,,
10545,"Civil Lines, Ajmer - RSPCB",,26.470859,74.646594,12234838,no2,NO₂,ppb,,,,
10545,"Civil Lines, Ajmer - RSPCB",,26.470859,74.646594,34994,no2,NO₂ mass,µg/m³,,,,
10545,"Civil Lines, Ajmer - RSPCB",,26.470859,74.646594,12234839,o3,O₃ mass,µg/m³,,,,
10545,"Civil Lines, Ajmer - RSPCB",,26.470859,74.646594,34993,o3,O₃ mass,µg/m³,,,,
10545,"Civil Lines, Ajmer - RSPCB",,26.470859,74.646594,12234840,pm10,PM10,µg/m³,,,,
10545,"Civil Lines, Ajmer - RSPCB",,26.470859,74.646594,34992,pm10,PM10,µg/m³,,,,
10545,"Civil Lines, Ajmer - RSPCB",,26.470859,74.646594,12234841,pm25,PM2.5,µg/m³,,,,
10545,"Civil Lines, Ajmer - RSPCB",,26.470859,74.646594,34991,pm25,PM2.5,µg/m³,,,,
10545,"Civil Lines, Ajmer - RSPCB",,26.470859,74.646594,34986,so2,SO₂ mass,µg/m³,,,,
10545,"Civil Lines, Ajmer - RSPCB",,26.470859,74.646594,12234843,so2,SO₂,ppb,,,,
10599,"Rajbansi Nagar, Patna - BSPCB",,25.599486,85.113666,35189,co,CO mass,µg/m³,,,,
10599,"Rajbansi Nagar, Patna - BSPCB",,25.599486,85.113666,12236097,co,CO,ppb,,,,
10599,"Rajbansi Nagar, Patna - BSPCB",,25.599486,85.113666,35204,no2,NO₂ mass,µg/m³,,,,
10599,"Rajbansi Nagar, Patna - BSPCB",,25.599486,85.113666,12236099,no2,NO₂,ppb,,,,
10599,"Rajbansi Nagar, Patna - BSPCB",,25.599486,85.113666,35223,o3,O₃ mass,µg/m³,,,,
10599,"Rajbansi Nagar, Patna - BSPCB",,25.599486,85.113666,12236100,o3,O₃ mass,µg/m³,,,,
10599,"Rajbansi Nagar, Patna - BSPCB",,25.599486,85.113666,35349,pm10,PM10,µg/m³,,,,
10599,"Rajbansi Nagar, Patna - BSPCB",,25.599486,85.113666,12236101,pm10,PM10,µg/m³,,,,
10599,"Rajbansi Nagar, Patna - BSPCB",,25.599486,85.113666,12236102,pm25,PM2.5,µg/m³,,,,
10599,"Rajbansi Nagar, Patna - BSPCB",,25.599486,85.113666,35373,pm25,PM2.5,µg/m³,,,,
10599,"Rajbansi Nagar, Patna - BSPCB",,25.599486,85.113666,12236104,so2,SO₂,ppb,,,,
10599,"Rajbansi Nagar, Patna - BSPCB",,25.599486,85.113666,35386,so2,SO₂ mass,µg/m³,,,,
10609,"Hebbal 1st Stage, Mysuru - KSPCB",,12.210409999999998,76.37376,35298,co,CO mass,µg/m³,,,,
10609,"Hebbal 1st Stage, Mysuru - KSPCB",,12.210409999999998,76.37376,35247,no2,NO₂ mass,µg/m³,,,,
10609,"Hebbal 1st Stage, Mysuru - KSPCB",,12.210409999999998,76.37376,35246,o3,O₃ mass,µg/m³,,,,
10609,"Hebbal 1st Stage, Mysuru - KSPCB",,12.210409999999998,76.37376,35243,pm10,PM10,µg/m³,,,,
10609,"Hebbal 1st Stage, Mysuru - KSPCB",,12.210409999999998,76.37376,35241,pm25,PM2.5,µg/m³,,,,
10609,"Hebbal 1st Stage, Mysuru - KSPCB",,12.210409999999998,76.37376,35240,so2,SO₂ mass,µg/m³,,,,
10630,"Govt. High School Shikarpur, Patna - BSPCB",,25.592539,85.227158,35360,co,CO mass,µg/m³,,,,
10630,"Govt. High School Shikarpur, Patna - BSPCB",,25.592539,85.227158,12236177,co,CO,ppb,,,,
10630,"Govt. High School Shikarpur, Patna - BSPCB",,25.592539,85.227158,35350,no2,NO₂ mass,µg/m³,,,,
10630,"Govt. High School Shikarpur, Patna - BSPCB",,25.592539,85.227158,12236179,no2,NO₂,ppb,,,,
10630,"Govt. High School Shikarpur, Patna - BSPCB",,25.592539,85.227158,12236180,o3,O₃ mass,µg/m³,,,,
10630,"Govt. High School Shikarpur, Patna - BSPCB",,25.592539,85.227158,35348,o3,O₃ mass,µg/m³,,,,
10630,"Govt. High School Shikarpur, Patna - BSPCB",,25.592539,85.227158,12236181,pm10,PM10,µg/m³,,,,
10630,"Govt. High School Shikarpur, Patna - BSPCB",,25.592539,85.227158,35341,pm10,PM10,µg/m³,,,,
10630,"Govt. High School Shikarpur, Patna - BSPCB",,25.592539,85.227158,35337,pm25,PM2.5,µg/m³,,,,
10630,"Govt. High School Shikarpur, Patna - BSPCB",,25.592539,85.227158,12236182,pm25,PM2.5,µg/m³,,,,
10630,"Govt. High School Shikarpur, Patna - BSPCB",,25.592539,85.227158,12236184,so2,SO₂,ppb,,,,
10630,"Govt. High School Shikarpur, Patna - BSPCB",,25.592539,85.227158,35336,so2,SO₂ mass,µg/m³,,,,
10633,"Victoria, Kolkata - WBPCB",,22.5448082,88.3403691,12235675,co,CO,ppb,,,,
10633,"Victoria, Kolkata - WBPCB",,22.5448082,88.3403691,35352,co,CO mass,µg/m³,,,,
10633,"Victoria, Kolkata - WBPCB",,22.5448082,88.3403691,12235677,no2,NO₂,ppb,,,,
10633,"Victoria, Kolkata - WBPCB",,22.5448082,88.3403691,35353,no2,NO₂ mass,µg/m³,,,,
10633,"Victoria, Kolkata - WBPCB",,22.5448082,88.3403691,12235678,o3,O₃ mass,µg/m³,,,,
10633,"Victoria, Kolkata - WBPCB",,22.5448082,88.3403691,35354,o3,O₃ mass,µg/m³,,,,
10633,"Victoria, Kolkata - WBPCB",,22.5448082,88.3403691,35355,pm10,PM10,µg/m³,,,,
10633,"Victoria, Kolkata - WBPCB",,22.5448082,88.3403691,12235679,pm10,PM10,µg/m³,,,,
10633,"Victoria, Kolkata - WBPCB",,22.5448082,88.3403691,35356,pm25,PM2.5,µg/m³,,,,
10633,"Victoria, Kolkata - WBPCB",,22.5448082,88.3403691,12235680,pm25,PM2.5,µg/m³,,,,
10633,"Victoria, Kolkata - WBPCB",,22.5448082,88.3403691,12235682,so2,SO₂,ppb,,,,
10633,"Victoria, Kolkata - WBPCB",,22.5448082,88.3403691,35447,so2,SO₂ mass,µg/m³,,,,
10645,"Industrial Area, Hajipur - BSPCB",,25.697189,85.2459,35429,co,CO mass,µg/m³,,,,
10645,"Industrial Area, Hajipur - BSPCB",,25.697189,85.2459,12236195,co,CO,ppb,,,,
10645,"Industrial Area, Hajipur - BSPCB",,25.697189,85.2459,12236197,no2,NO₂,ppb,,,,
10645,"Industrial Area, Hajipur - BSPCB",,25.697189,85.2459,35427,no2,NO₂ mass,µg/m³,,,,
10645,"Industrial Area, Hajipur - BSPCB",,25.697189,85.2459,35423,o3,O₃ mass,µg/m³,,,,
10645,"Industrial Area, Hajipur - BSPCB",,25.697189,85.2459,12236198,o3,O₃ mass,µg/m³,,,,
10645,"Industrial Area, Hajipur - BSPCB",,25.697189,85.2459,12236199,pm10,PM10,µg/m³,,,,
10645,"Industrial Area, Hajipur - BSPCB",,25.697189,85.2459,35417,pm10,PM10,µg/m³,,,,
10645,"Industrial Area, Hajipur - BSPCB",,25.697189,85.2459,35413,pm25,PM2.5,µg/m³,,,,
10645,"Industrial Area, Hajipur - BSPCB",,25.697189,85.2459,12236200,pm25,PM2.5,µg/m³,,,,
10645,"Industrial Area, Hajipur - BSPCB",,25.697189,85.2459,12236202,so2,SO₂,ppb,,,,
10645,"Industrial Area, Hajipur - BSPCB",,25.697189,85.2459,35411,so2,SO₂ mass,µg/m³,,,,
10670,"Muradpur, Patna - BSPCB",,25.619651,85.147382,35527,co,CO mass,µg/m³,,,,
10670,"Muradpur, Patna - BSPCB",,25.619651,85.147382,12236088,co,CO,ppb,,,,
10670,"Muradpur, Patna - BSPCB",,25.619651,85.147382,35526,no2,NO₂ mass,µg/m³,,,,
10670,"Muradpur, Patna - BSPCB",,25.619651,85.147382,12236090,no2,NO₂,ppb,,,,
10670,"Muradpur, Patna - BSPCB",,25.619651,85.147382,12236091,o3,O₃ mass,µg/m³,,,,
10670,"Muradpur, Patna - BSPCB",,25.619651,85.147382,35519,o3,O₃ mass,µg/m³,,,,
10670,"Muradpur, Patna - BSPCB",,25.619651,85.147382,35517,pm10,PM10,µg/m³,,,,
10670,"Muradpur, Patna - BSPCB",,25.619651,85.147382,12236092,pm10,PM10,µg/m³,,,,
10670,"Muradpur, Patna - BSPCB",,25.619651,85.147382,35516,pm25,PM2.5,µg/m³,,,,
10670,"Muradpur, Patna - BSPCB",,25.619651,85.147382,12236093,pm25,PM2.5,µg/m³,,,,
10670,"Muradpur, Patna - BSPCB",,25.619651,85.147382,35515,so2,SO₂ mass,µg/m³,,,,
10670,"Muradpur, Patna - BSPCB",,25.619651,85.147382,12236095,so2,SO₂,ppb,,,,
10695,"Ratanpura, Rupnagar - Ambuja Cements",,30.032545399999997,76.5623046,35625,co,CO mass,µg/m³,,,,
10695,"Ratanpura, Rupnagar - Ambuja Cements",,30.032545399999997,76.5623046,35653,no2,NO₂ mass,µg/m³,,,,
10695,"Ratanpura, Rupnagar - Ambuja Cements",,30.032545399999997,76.5623046,35666,pm10,PM10,µg/m³,,,,
10695,"Ratanpura, Rupnagar - Ambuja Cements",,30.032545399999997,76.5623046,35765,pm25,PM2.5,µg/m³,,,,
10695,"Ratanpura, Rupnagar - Ambuja Cements",,30.032545399999997,76.5623046,35842,so2,SO₂ mass,µg/m³,,,,
10697,"Samanpura, Patna - BSPCB",,25.596727,85.085624,12236106,co,CO,ppb,,,,
10697,"Samanpura, Patna - BSPCB",,25.596727,85.085624,35630,co,CO mass,µg/m³,,,,
10697,"Samanpura, Patna - BSPCB",,25.596727,85.085624,35631,no2,NO₂ mass,µg/m³,,,,
10697,"Samanpura, Patna - BSPCB",,25.596727,85.085624,12236108,no2,NO₂,ppb,,,,
10697,"Samanpura, Patna - BSPCB",,25.596727,85.085624,35632,o3,O₃ mass,µg/m³,,,,
10697,"Samanpura, Patna - BSPCB",,25.596727,85.085624,12236109,o3,O₃ mass,µg/m³,,,,
10697,"Samanpura, Patna - BSPCB",,25.596727,85.085624,12236110,pm10,PM10,µg/m³,,,,
10697,"Samanpura, Patna - BSPCB",,25.596727,85.085624,35633,pm10,PM10,µg/m³,,,,
10697,"Samanpura, Patna - BSPCB",,25.596727,85.085624,35635,pm25,PM2.5,µg/m³,,,,
10697,"Samanpura, Patna - BSPCB",,25.596727,85.085624,12236111,pm25,PM2.5,µg/m³,,,,
10697,"Samanpura, Patna - BSPCB",,25.596727,85.085624,35636,so2,SO₂ mass,µg/m³,,,,
10697,"Samanpura, Patna - BSPCB",,25.596727,85.085624,12236113,so2,SO₂,ppb,,,,
10725,"Mini Secretariat, Charkhi Dadri - HSPCB",,28.593883,76.270653,12236213,co,CO,ppb,,,,
10725,"Mini Secretariat, Charkhi Dadri - HSPCB",,28.593883,76.270653,35760,co,CO mass,µg/m³,,,,
10725,"Mini Secretariat, Charkhi Dadri - HSPCB",,28.593883,76.270653,12236215,no2,NO₂,ppb,,,,
10725,"Mini Secretariat, Charkhi Dadri - HSPCB",,28.593883,76.270653,35757,no2,NO₂ mass,µg/m³,,,,
10725,"Mini Secretariat, Charkhi Dadri - HSPCB",,28.593883,76.270653,35756,o3,O₃ mass,µg/m³,,,,
10725,"Mini Secretariat, Charkhi Dadri - HSPCB",,28.593883,76.270653,12236216,o3,O₃ mass,µg/m³,,,,
10725,"Mini Secretariat, Charkhi Dadri - HSPCB",,28.593883,76.270653,35755,pm10,PM10,µg/m³,,,,
10725,"Mini Secretariat, Charkhi Dadri - HSPCB",,28.593883,76.270653,12236217,pm10,PM10,µg/m³,,,,
10725,"Mini Secretariat, Charkhi Dadri - HSPCB",,28.593883,76.270653,35741,pm25,PM2.5,µg/m³,,,,
10725,"Mini Secretariat, Charkhi Dadri - HSPCB",,28.593883,76.270653,12236218,pm25,PM2.5,µg/m³,,,,
10725,"Mini Secretariat, Charkhi Dadri - HSPCB",,28.593883,76.270653,35739,so2,SO₂ mass,µg/m³,,,,
10725,"Mini Secretariat, Charkhi Dadri - HSPCB",,28.593883,76.270653,12236220,so2,SO₂,ppb,,,,
10747,"Thavakkara, Kannur - Kerala PCB",,11.875,75.3732,12241385,co,CO,ppb,,,,
10747,"Thavakkara, Kannur - Kerala PCB",,11.875,75.3732,35845,co,CO mass,µg/m³,,,,
10747,"Thavakkara, Kannur - Kerala PCB",,11.875,75.3732,36149,no2,NO₂ mass,µg/m³,,,,
10747,"Thavakkara, Kannur - Kerala PCB",,11.875,75.3732,12241387,no2,NO₂,ppb,,,,
10747,"Thavakkara, Kannur - Kerala PCB",,11.875,75.3732,12241388,o3,O₃ mass,µg/m³,,,,
10747,"Thavakkara, Kannur - Kerala PCB",,11.875,75.3732,35846,o3,O₃ mass,µg/m³,,,,
10747,"Thavakkara, Kannur - Kerala PCB",,11.875,75.3732,12241389,pm10,PM10,µg/m³,,,,
10747,"Thavakkara, Kannur - Kerala PCB",,11.875,75.3732,35847,pm10,PM10,µg/m³,,,,
10747,"Thavakkara, Kannur - Kerala PCB",,11.875,75.3732,12241390,pm25,PM2.5,µg/m³,,,,
10747,"Thavakkara, Kannur - Kerala PCB",,11.875,75.3732,35848,pm25,PM2.5,µg/m³,,,,
10747,"Thavakkara, Kannur - Kerala PCB",,11.875,75.3732,12241392,so2,SO₂,ppb,,,,
10747,"Thavakkara, Kannur - Kerala PCB",,11.875,75.3732,35850,so2,SO₂ mass,µg/m³,,,,
10780,"Manali Village, Chennai - TNPCB",,13.1662,80.2584,12235791,co,CO,ppb,,,,
10780,"Manali Village, Chennai - TNPCB",,13.1662,80.2584,36026,co,CO mass,µg/m³,,,,
10780,"Manali Village, Chennai - TNPCB",,13.1662,80.2584,12235793,no2,NO₂,ppb,,,,
10780,"Manali Village, Chennai - TNPCB",,13.1662,80.2584,36023,no2,NO₂ mass,µg/m³,,,,
10780,"Manali Village, Chennai - TNPCB",,13.1662,80.2584,36021,o3,O₃ mass,µg/m³,,,,
10780,"Manali Village, Chennai - TNPCB",,13.1662,80.2584,12235794,o3,O₃ mass,µg/m³,,,,
10780,"Manali Village, Chennai - TNPCB",,13.1662,80.2584,36019,pm10,PM10,µg/m³,,,,
10780,"Manali Village, Chennai - TNPCB",,13.1662,80.2584,12235795,pm10,PM10,µg/m³,,,,
10780,"Manali Village, Chennai - TNPCB",,13.1662,80.2584,12235796,pm25,PM2.5,µg/m³,,,,
10780,"Manali Village, Chennai - TNPCB",,13.1662,80.2584,36018,pm25,PM2.5,µg/m³,,,,
10780,"Manali Village, Chennai - TNPCB",,13.1662,80.2584,12235798,so2,SO₂,ppb,,,,
10780,"Manali Village, Chennai - TNPCB",,13.1662,80.2584,36017,so2,SO₂ mass,µg/m³,,,,
10820,"Sector 30, Faridabad - HSPCB",,28.4417,77.3217,12236231,co,CO,ppb,,,,
10820,"Sector 30, Faridabad - HSPCB",,28.4417,77.3217,12236233,no2,NO₂,ppb,,,,
10820,"Sector 30, Faridabad - HSPCB",,28.4417,77.3217,12236234,o3,O₃ mass,µg/m³,,,,
10820,"Sector 30, Faridabad - HSPCB",,28.4417,77.3217,12236235,pm10,PM10,µg/m³,,,,
10820,"Sector 30, Faridabad - HSPCB",,28.4417,77.3217,12236236,pm25,PM2.5,µg/m³,,,,
10820,"Sector 30, Faridabad - HSPCB",,28.4417,77.3217,12236238,so2,SO₂,ppb,,,,
10823,"Buddha Colony, Muzaffarpur - BSPCB",,26.11442,85.39813,12236320,co,CO,ppb,,,,
10823,"Buddha Colony, Muzaffarpur - BSPCB",,26.11442,85.39813,36174,co,CO mass,µg/m³,,,,
10823,"Buddha Colony, Muzaffarpur - BSPCB",,26.11442,85.39813,36173,no2,NO₂ mass,µg/m³,,,,
10823,"Buddha Colony, Muzaffarpur - BSPCB",,26.11442,85.39813,12236322,no2,NO₂,ppb,,,,
10823,"Buddha Colony, Muzaffarpur - BSPCB",,26.11442,85.39813,36172,o3,O₃ mass,µg/m³,,,,
10823,"Buddha Colony, Muzaffarpur - BSPCB",,26.11442,85.39813,12236323,o3,O₃ mass,µg/m³,,,,
10823,"Buddha Colony, Muzaffarpur - BSPCB",,26.11442,85.39813,36171,pm10,PM10,µg/m³,,,,
10823,"Buddha Colony, Muzaffarpur - BSPCB",,26.11442,85.39813,12236324,pm10,PM10,µg/m³,,,,
10823,"Buddha Colony, Muzaffarpur - BSPCB",,26.11442,85.39813,12236325,pm25,PM2.5,µg/m³,,,,
10823,"Buddha Colony, Muzaffarpur - BSPCB",,26.11442,85.39813,36170,pm25,PM2.5,µg/m³,,,,
10823,"Buddha Colony, Muzaffarpur - BSPCB",,26.11442,85.39813,12236327,so2,SO₂,ppb,,,,
10823,"Buddha Colony, Muzaffarpur - BSPCB",,26.11442,85.39813,36169,so2,SO₂ mass,µg/m³,,,,
10825,"Sector-51, Gurugram - HSPCB",,28.4227,77.0667,12236254,co,CO,ppb,,,,
10825,"Sector-51, Gurugram - HSPCB",,28.4227,77.0667,36177,co,CO mass,µg/m³,,,,
10825,"Sector-51, Gurugram - HSPCB",,28.4227,77.0667,12236256,no2,NO₂,ppb,,,,
10825,"Sector-51, Gurugram - HSPCB",,28.4227,77.0667,36178,no2,NO₂ mass,µg/m³,,,,
10825,"Sector-51, Gurugram - HSPCB",,28.4227,77.0667,12236257,o3,O₃ mass,µg/m³,,,,
10825,"Sector-51, Gurugram - HSPCB",,28.4227,77.0667,36179,o3,O₃ mass,µg/m³,,,,
10825,"Sector-51, Gurugram - HSPCB",,28.4227,77.0667,36180,pm10,PM10,µg/m³,,,,
10825,"Sector-51, Gurugram - HSPCB",,28.4227,77.0667,12236258,pm10,PM10,µg/m³,,,,
10825,"Sector-51, Gurugram - HSPCB",,28.4227,77.0667,12236259,pm25,PM2.5,µg/m³,,,,
10825,"Sector-51, Gurugram - HSPCB",,28.4227,77.0667,36181,pm25,PM2.5,µg/m³,,,,
10825,"Sector-51, Gurugram - HSPCB",,28.4227,77.0667,12236261,so2,SO₂,ppb,,,,
10825,"Sector-51, Gurugram - HSPCB",,28.4227,77.0667,36182,so2,SO₂ mass,µg/m³,,,,
10831,"Rohini, Delhi - DPCC",,28.732528,77.11992,36208,co,CO mass,µg/m³,,,,
10831,"Rohini, Delhi - DPCC",,28.732528,77.11992,12235087,co,CO,ppb,,,,
10831,"Rohini, Delhi - DPCC",,28.732528,77.11992,12235089,no2,NO₂,ppb,,,,
10831,"Rohini, Delhi - DPCC",,28.732528,77.11992,36209,no2,NO₂ mass,µg/m³,,,,
10831,"Rohini, Delhi - DPCC",,28.732528,77.11992,36213,o3,O₃ mass,µg/m³,,,,
10831,"Rohini, Delhi - DPCC",,28.732528,77.11992,12235090,o3,O₃ mass,µg/m³,,,,
10831,"Rohini, Delhi - DPCC",,28.732528,77.11992,12235091,pm10,PM10,µg/m³,,,,
10831,"Rohini, Delhi - DPCC",,28.732528,77.11992,36382,pm10,PM10,µg/m³,,,,
10831,"Rohini, Delhi - DPCC",,28.732528,77.11992,36399,pm25,PM2.5,µg/m³,,,,
10831,"Rohini, Delhi - DPCC",,28.732528,77.11992,12235092,pm25,PM2.5,µg/m³,,,,
10831,"Rohini, Delhi - DPCC",,28.732528,77.11992,36449,so2,SO₂ mass,µg/m³,,,,
10831,"Rohini, Delhi - DPCC",,28.732528,77.11992,12235094,so2,SO₂,ppb,,,,
10844,"Ghusuri, Howrah - WBPCB",,22.611968,88.347422,36361,co,CO mass,µg/m³,,,,
10844,"Ghusuri, Howrah - WBPCB",,22.611968,88.347422,12235491,co,CO,ppb,,,,
10844,"Ghusuri, Howrah - WBPCB",,22.611968,88.347422,12235493,no2,NO₂,ppb,,,,
10844,"Ghusuri, Howrah - WBPCB",,22.611968,88.347422,36358,no2,NO₂ mass,µg/m³,,,,
10844,"Ghusuri, Howrah - WBPCB",,22.611968,88.347422,36356,o3,O₃ mass,µg/m³,,,,
10844,"Ghusuri, Howrah - WBPCB",,22.611968,88.347422,12235494,o3,O₃ mass,µg/m³,,,,
10844,"Ghusuri, Howrah - WBPCB",,22.611968,88.347422,12235495,pm10,PM10,µg/m³,,,,
10844,"Ghusuri, Howrah - WBPCB",,22.611968,88.347422,36271,pm10,PM10,µg/m³,,,,
10844,"Ghusuri, Howrah - WBPCB",,22.611968,88.347422,12235496,pm25,PM2.5,µg/m³,,,,
10844,"Ghusuri, Howrah - WBPCB",,22.611968,88.347422,36270,pm25,PM2.5,µg/m³,,,,
10844,"Ghusuri, Howrah - WBPCB",,22.611968,88.347422,36269,so2,SO₂ mass,µg/m³,,,,
10844,"Ghusuri, Howrah - WBPCB",,22.611968,88.347422,12235498,so2,SO₂,ppb,,,,
10851,"Bidhannagar, Kolkata - WBPCB",,22.58157048,88.41002457,12235989,co,CO,ppb,,,,
10851,"Bidhannagar, Kolkata - WBPCB",,22.58157048,88.41002457,36321,co,CO mass,µg/m³,,,,
10851,"Bidhannagar, Kolkata - WBPCB",,22.58157048,88.41002457,36320,no2,NO₂ mass,µg/m³,,,,
10851,"Bidhannagar, Kolkata - WBPCB",,22.58157048,88.41002457,12235991,no2,NO₂,ppb,,,,
10851,"Bidhannagar, Kolkata - WBPCB",,22.58157048,88.41002457,36319,o3,O₃ mass,µg/m³,,,,
10851,"Bidhannagar, Kolkata - WBPCB",,22.58157048,88.41002457,12235992,o3,O₃ mass,µg/m³,,,,
10851,"Bidhannagar, Kolkata - WBPCB",,22.58157048,88.41002457,36318,pm10,PM10,µg/m³,,,,
10851,"Bidhannagar, Kolkata - WBPCB",,22.58157048,88.41002457,12235993,pm10,PM10,µg/m³,,,,
10851,"Bidhannagar, Kolkata - WBPCB",,22.58157048,88.41002457,12235994,pm25,PM2.5,µg/m³,,,,
10851,"Bidhannagar, Kolkata - WBPCB",,22.58157048,88.41002457,36317,pm25,PM2.5,µg/m³,,,,
10851,"Bidhannagar, Kolkata - WBPCB",,22.58157048,88.41002457,12235996,so2,SO₂,ppb,,,,
10851,"Bidhannagar, Kolkata - WBPCB",,22.58157048,88.41002457,36316,so2,SO₂ mass,µg/m³,,,,
10895,"Lumpyngngad, Shillong - Meghalaya PCB",,25.5586,91.8985,36517,co,CO mass,µg/m³,,,,
10895,"Lumpyngngad, Shillong - Meghalaya PCB",,25.5586,91.8985,12235998,co,CO,ppb,,,,
10895,"Lumpyngngad, Shillong - Meghalaya PCB",,25.5586,91.8985,12236000,no2,NO₂,ppb,,,,
10895,"Lumpyngngad, Shillong - Meghalaya PCB",,25.5586,91.8985,36679,no2,NO₂ mass,µg/m³,,,,
10895,"Lumpyngngad, Shillong - Meghalaya PCB",,25.5586,91.8985,36642,o3,O₃ mass,µg/m³,,,,
10895,"Lumpyngngad, Shillong - Meghalaya PCB",,25.5586,91.8985,12236001,o3,O₃ mass,µg/m³,,,,
10895,"Lumpyngngad, Shillong - Meghalaya PCB",,25.5586,91.8985,12236002,pm10,PM10,µg/m³,,,,
10895,"Lumpyngngad, Shillong - Meghalaya PCB",,25.5586,91.8985,36599,pm10,PM10,µg/m³,,,,
10895,"Lumpyngngad, Shillong - Meghalaya PCB",,25.5586,91.8985,12236003,pm25,PM2.5,µg/m³,,,,
10895,"Lumpyngngad, Shillong - Meghalaya PCB",,25.5586,91.8985,36684,pm25,PM2.5,µg/m³,,,,
10895,"Lumpyngngad, Shillong - Meghalaya PCB",,25.5586,91.8985,12236005,so2,SO₂,ppb,,,,
10895,"Lumpyngngad, Shillong - Meghalaya PCB",,25.5586,91.8985,36638,so2,SO₂ mass,µg/m³,,,,
10896,"Chhoti Gwaltoli, Indore - MPPCB",,22.431,75.5213,36693,co,CO mass,µg/m³,,,,
10896,"Chhoti Gwaltoli, Indore - MPPCB",,22.431,75.5213,36694,no2,NO₂ mass,µg/m³,,,,
10896,"Chhoti Gwaltoli, Indore - MPPCB",,22.431,75.5213,36697,o3,O₃ mass,µg/m³,,,,
10896,"Chhoti Gwaltoli, Indore - MPPCB",,22.431,75.5213,36698,pm10,PM10,µg/m³,,,,
10896,"Chhoti Gwaltoli, Indore - MPPCB",,22.431,75.5213,36699,pm25,PM2.5,µg/m³,,,,
10896,"Chhoti Gwaltoli, Indore - MPPCB",,22.431,75.5213,36519,so2,SO₂ mass,µg/m³,,,,
10897,"ICRISAT Patancheru, Hyderabad - TSPCB",,17.5184,78.278777,36520,co,CO mass,µg/m³,,,,
10897,"ICRISAT Patancheru, Hyderabad - TSPCB",,17.5184,78.278777,36692,no2,NO₂ mass,µg/m³,,,,
10897,"ICRISAT Patancheru, Hyderabad - TSPCB",,17.5184,78.278777,36691,o3,O₃ mass,µg/m³,,,,
10897,"ICRISAT Patancheru, Hyderabad - TSPCB",,17.5184,78.278777,36689,pm10,PM10,µg/m³,,,,
10897,"ICRISAT Patancheru, Hyderabad - TSPCB",,17.5184,78.278777,36686,pm25,PM2.5,µg/m³,,,,
10897,"ICRISAT Patancheru, Hyderabad - TSPCB",,17.5184,78.278777,36683,so2,SO₂ mass,µg/m³,,,,
10898,"Palayam, Kozhikode - Kerala PCB",,11.249077,75.78437099999998,36677,co,CO mass,µg/m³,,,,
10898,"Palayam, Kozhikode - Kerala PCB",,11.249077,75.78437099999998,36681,no2,NO₂ mass,µg/m³,,,,
10898,"Palayam, Kozhikode - Kerala PCB",,11.249077,75.78437099999998,36522,o3,O₃ mass,µg/m³,,,,
10898,"Palayam, Kozhikode - Kerala PCB",,11.249077,75.78437099999998,36649,pm10,PM10,µg/m³,,,,
10898,"Palayam, Kozhikode - Kerala PCB",,11.249077,75.78437099999998,36659,pm25,PM2.5,µg/m³,,,,
10898,"Palayam, Kozhikode - Kerala PCB",,11.249077,75.78437099999998,36662,so2,SO₂ mass,µg/m³,,,,
10900,"Teri Gram, Gurugram - HSPCB",,28.4275,77.1465,14516015,co,CO,ppb,,,,
10900,"Teri Gram, Gurugram - HSPCB",,28.4275,77.1465,36534,co,CO mass,µg/m³,,,,
10900,"Teri Gram, Gurugram - HSPCB",,28.4275,77.1465,36535,no2,NO₂ mass,µg/m³,,,,
10900,"Teri Gram, Gurugram - HSPCB",,28.4275,77.1465,14573420,no2,NO₂,ppb,,,,
10900,"Teri Gram, Gurugram - HSPCB",,28.4275,77.1465,12236249,o3,O₃ mass,µg/m³,,,,
10900,"Teri Gram, Gurugram - HSPCB",,28.4275,77.1465,36536,o3,O₃ mass,µg/m³,,,,
10900,"Teri Gram, Gurugram - HSPCB",,28.4275,77.1465,36538,pm10,PM10,µg/m³,,,,
10900,"Teri Gram, Gurugram - HSPCB",,28.4275,77.1465,12236250,pm10,PM10,µg/m³,,,,
10900,"Teri Gram, Gurugram - HSPCB",,28.4275,77.1465,36539,pm25,PM2.5,µg/m³,,,,
10900,"Teri Gram, Gurugram - HSPCB",,28.4275,77.1465,12236251,pm25,PM2.5,µg/m³,,,,
10900,"Teri Gram, Gurugram - HSPCB",,28.4275,77.1465,14516016,so2,SO₂,ppb,,,,
10900,"Teri Gram, Gurugram - HSPCB",,28.4275,77.1465,36540,so2,SO₂ mass,µg/m³,,,,
10901,"PWD Juction, Kohima - NPCB",,25.6635413,94.0989878,36537,co,CO mass,µg/m³,,,,
10901,"PWD Juction, Kohima - NPCB",,25.6635413,94.0989878,12236329,co,CO,ppb,,,,
10901,"PWD Juction, Kohima - NPCB",,25.6635413,94.0989878,12236331,no2,NO₂,ppb,,,,
10901,"PWD Juction, Kohima - NPCB",,25.6635413,94.0989878,36541,no2,NO₂ mass,µg/m³,,,,
10901,"PWD Juction, Kohima - NPCB",,25.6635413,94.0989878,36545,o3,O₃ mass,µg/m³,,,,
10901,"PWD Juction, Kohima - NPCB",,25.6635413,94.0989878,12236332,o3,O₃ mass,µg/m³,,,,
10901,"PWD Juction, Kohima - NPCB",,25.6635413,94.0989878,12236333,pm10,PM10,µg/m³,,,,
10901,"PWD Juction, Kohima - NPCB",,25.6635413,94.0989878,36603,pm10,PM10,µg/m³,,,,
10901,"PWD Juction, Kohima - NPCB",,25.6635413,94.0989878,12236334,pm25,PM2.5,µg/m³,,,,
10901,"PWD Juction, Kohima - NPCB",,25.6635413,94.0989878,36604,pm25,PM2.5,µg/m³,,,,
10901,"PWD Juction, Kohima - NPCB",,25.6635413,94.0989878,12236336,so2,SO₂,ppb,,,,
10901,"PWD Juction, Kohima - NPCB",,25.6635413,94.0989878,36629,so2,SO₂ mass,µg/m³,,,,
10902,"Kalyana Nagara, Chikkamagaluru - KSPCB",,13.328028,75.797056,36579,co,CO mass,µg/m³,,,,
10902,"Kalyana Nagara, Chikkamagaluru - KSPCB",,13.328028,75.797056,12236115,co,CO,ppb,,,,
10902,"Kalyana Nagara, Chikkamagaluru - KSPCB",,13.328028,75.797056,12236117,no2,NO₂,ppb,,,,
10902,"Kalyana Nagara, Chikkamagaluru - KSPCB",,13.328028,75.797056,36571,no2,NO₂ mass,µg/m³,,,,
10902,"Kalyana Nagara, Chikkamagaluru - KSPCB",,13.328028,75.797056,36547,o3,O₃ mass,µg/m³,,,,
10902,"Kalyana Nagara, Chikkamagaluru - KSPCB",,13.328028,75.797056,12236118,o3,O₃ mass,µg/m³,,,,
10902,"Kalyana Nagara, Chikkamagaluru - KSPCB",,13.328028,75.797056,12236119,pm10,PM10,µg/m³,,,,
10902,"Kalyana Nagara, Chikkamagaluru - KSPCB",,13.328028,75.797056,36546,pm10,PM10,µg/m³,,,,
10902,"Kalyana Nagara, Chikkamagaluru - KSPCB",,13.328028,75.797056,12236120,pm25,PM2.5,µg/m³,,,,
10902,"Kalyana Nagara, Chikkamagaluru - KSPCB",,13.328028,75.797056,36543,pm25,PM2.5,µg/m³,,,,
10902,"Kalyana Nagara, Chikkamagaluru - KSPCB",,13.328028,75.797056,36542,so2,SO₂ mass,µg/m³,,,,
10902,"Kalyana Nagara, Chikkamagaluru - KSPCB",,13.328028,75.797056,12236122,so2,SO₂,ppb,,,,
10903,"Railway Colony, Guwahati - APCB",,26.181742,91.78063,36548,co,CO mass,µg/m³,,,,
10903,"Railway Colony, Guwahati - APCB",,26.181742,91.78063,12235756,co,CO,ppb,,,,
10903,"Railway Colony, Guwahati - APCB",,26.181742,91.78063,36550,no2,NO₂ mass,µg/m³,,,,
10903,"Railway Colony, Guwahati - APCB",,26.181742,91.78063,12235758,no2,NO₂,ppb,,,,
10903,"Railway Colony, Guwahati - APCB",,26.181742,91.78063,12235759,o3,O₃ mass,µg/m³,,,,
10903,"Railway Colony, Guwahati - APCB",,26.181742,91.78063,36563,o3,O₃ mass,µg/m³,,,,
10903,"Railway Colony, Guwahati - APCB",,26.181742,91.78063,36575,pm10,PM10,µg/m³,,,,
10903,"Railway Colony, Guwahati - APCB",,26.181742,91.78063,12235760,pm10,PM10,µg/m³,,,,
10903,"Railway Colony, Guwahati - APCB",,26.181742,91.78063,12235761,pm25,PM2.5,µg/m³,,,,
10903,"Railway Colony, Guwahati - APCB",,26.181742,91.78063,36592,pm25,PM2.5,µg/m³,,,,
10903,"Railway Colony, Guwahati - APCB",,26.181742,91.78063,36635,so2,SO₂ mass,µg/m³,,,,
10903,"Railway Colony, Guwahati - APCB",,26.181742,91.78063,12235763,so2,SO₂,ppb,,,,
10904,"Rabindra Sarobar, Kolkata - WBPCB",,22.51106,88.35142,12235962,co,CO,ppb,,,,
10904,"Rabindra Sarobar, Kolkata - WBPCB",,22.51106,88.35142,36549,co,CO mass,µg/m³,,,,
10904,"Rabindra Sarobar, Kolkata - WBPCB",,22.51106,88.35142,36551,no2,NO₂ mass,µg/m³,,,,
10904,"Rabindra Sarobar, Kolkata - WBPCB",,22.51106,88.35142,12235964,no2,NO₂,ppb,,,,
10904,"Rabindra Sarobar, Kolkata - WBPCB",,22.51106,88.35142,12235965,o3,O₃ mass,µg/m³,,,,
10904,"Rabindra Sarobar, Kolkata - WBPCB",,22.51106,88.35142,36581,o3,O₃ mass,µg/m³,,,,
10904,"Rabindra Sarobar, Kolkata - WBPCB",,22.51106,88.35142,36602,pm10,PM10,µg/m³,,,,
10904,"Rabindra Sarobar, Kolkata - WBPCB",,22.51106,88.35142,12235966,pm10,PM10,µg/m³,,,,
10904,"Rabindra Sarobar, Kolkata - WBPCB",,22.51106,88.35142,12235967,pm25,PM2.5,µg/m³,,,,
10904,"Rabindra Sarobar, Kolkata - WBPCB",,22.51106,88.35142,36609,pm25,PM2.5,µg/m³,,,,
10904,"Rabindra Sarobar, Kolkata - WBPCB",,22.51106,88.35142,36651,so2,SO₂ mass,µg/m³,,,,
10904,"Rabindra Sarobar, Kolkata - WBPCB",,22.51106,88.35142,12235969,so2,SO₂,ppb,,,,
10905,"Rishi Nagar, Kaithal - HSPCB",,29.8006,76.4155,36578,co,CO mass,µg/m³,,,,
10905,"Rishi Nagar, Kaithal - HSPCB",,29.8006,76.4155,36577,no2,NO₂ mass,µg/m³,,,,
10905,"Rishi Nagar, Kaithal - HSPCB",,29.8006,76.4155,36576,o3,O₃ mass,µg/m³,,,,
10905,"Rishi Nagar, Kaithal - HSPCB",,29.8006,76.4155,36552,pm10,PM10,µg/m³,,,,
10905,"Rishi Nagar, Kaithal - HSPCB",,29.8006,76.4155,36601,pm25,PM2.5,µg/m³,,,,
10905,"Rishi Nagar, Kaithal - HSPCB",,29.8006,76.4155,36682,so2,SO₂ mass,µg/m³,,,,
10906,"Murthal, Sonipat - HSPCB",,29.027199999999997,77.0621,36568,co,CO mass,µg/m³,,,,
10906,"Murthal, Sonipat - HSPCB",,29.027199999999997,77.0621,36567,no2,NO₂ mass,µg/m³,,,,
10906,"Murthal, Sonipat - HSPCB",,29.027199999999997,77.0621,36565,o3,O₃ mass,µg/m³,,,,
10906,"Murthal, Sonipat - HSPCB",,29.027199999999997,77.0621,36557,pm10,PM10,µg/m³,,,,
10906,"Murthal, Sonipat - HSPCB",,29.027199999999997,77.0621,36556,pm25,PM2.5,µg/m³,,,,
10906,"Murthal, Sonipat - HSPCB",,29.027199999999997,77.0621,36553,so2,SO₂ mass,µg/m³,,,,
10907,"City Center, Gwalior - MPPCB",,26.203442,78.193251,36554,co,CO mass,µg/m³,,,,
10907,"City Center, Gwalior - MPPCB",,26.203442,78.193251,12236148,co,CO,ppb,,,,
10907,"City Center, Gwalior - MPPCB",,26.203442,78.193251,36574,no2,NO₂ mass,µg/m³,,,,
10907,"City Center, Gwalior - MPPCB",,26.203442,78.193251,12236150,no2,NO₂,ppb,,,,
10907,"City Center, Gwalior - MPPCB",,26.203442,78.193251,36580,o3,O₃ mass,µg/m³,,,,
10907,"City Center, Gwalior - MPPCB",,26.203442,78.193251,12236151,o3,O₃ mass,µg/m³,,,,
10907,"City Center, Gwalior - MPPCB",,26.203442,78.193251,36582,pm10,PM10,µg/m³,,,,
10907,"City Center, Gwalior - MPPCB",,26.203442,78.193251,12236152,pm10,PM10,µg/m³,,,,
10907,"City Center, Gwalior - MPPCB",,26.203442,78.193251,36584,pm25,PM2.5,µg/m³,,,,
10907,"City Center, Gwalior - MPPCB",,26.203442,78.193251,12236153,pm25,PM2.5,µg/m³,,,,
10907,"City Center, Gwalior - MPPCB",,26.203442,78.193251,36593,so2,SO₂ mass,µg/m³,,,,
10907,"City Center, Gwalior - MPPCB",,26.203442,78.193251,12236155,so2,SO₂,ppb,,,,
10908,"Sector 11, Faridabad - HSPCB",,28.376058,77.315741,36559,co,CO mass,µg/m³,,,,
10908,"Sector 11, Faridabad - HSPCB",,28.376058,77.315741,12236240,co,CO,ppb,,,,
10908,"Sector 11, Faridabad - HSPCB",,28.376058,77.315741,12236242,no2,NO₂,ppb,,,,
10908,"Sector 11, Faridabad - HSPCB",,28.376058,77.315741,36560,no2,NO₂ mass,µg/m³,,,,
10908,"Sector 11, Faridabad - HSPCB",,28.376058,77.315741,12236243,o3,O₃ mass,µg/m³,,,,
10908,"Sector 11, Faridabad - HSPCB",,28.376058,77.315741,36561,o3,O₃ mass,µg/m³,,,,
10908,"Sector 11, Faridabad - HSPCB",,28.376058,77.315741,36562,pm10,PM10,µg/m³,,,,
10908,"Sector 11, Faridabad - HSPCB",,28.376058,77.315741,12236244,pm10,PM10,µg/m³,,,,
10908,"Sector 11, Faridabad - HSPCB",,28.376058,77.315741,36564,pm25,PM2.5,µg/m³,,,,
10908,"Sector 11, Faridabad - HSPCB",,28.376058,77.315741,12236245,pm25,PM2.5,µg/m³,,,,
10908,"Sector 11, Faridabad - HSPCB",,28.376058,77.315741,12236247,so2,SO₂,ppb,,,,
10908,"Sector 11, Faridabad - HSPCB",,28.376058,77.315741,36566,so2,SO₂ mass,µg/m³,,,,
10909,"Vijay Nagar, Ramanagara - KSPCB",,12.733409,77.298051,12236061,co,CO,ppb,,,,
10909,"Vijay Nagar, Ramanagara - KSPCB",,12.733409,77.298051,36594,co,CO mass,µg/m³,,,,
10909,"Vijay Nagar, Ramanagara - KSPCB",,12.733409,77.298051,12236063,no2,NO₂,ppb,,,,
10909,"Vijay Nagar, Ramanagara - KSPCB",,12.733409,77.298051,36586,no2,NO₂ mass,µg/m³,,,,
10909,"Vijay Nagar, Ramanagara - KSPCB",,12.733409,77.298051,36583,o3,O₃ mass,µg/m³,,,,
10909,"Vijay Nagar, Ramanagara - KSPCB",,12.733409,77.298051,12236064,o3,O₃ mass,µg/m³,,,,
10909,"Vijay Nagar, Ramanagara - KSPCB",,12.733409,77.298051,12236065,pm10,PM10,µg/m³,,,,
10909,"Vijay Nagar, Ramanagara - KSPCB",,12.733409,77.298051,36573,pm10,PM10,µg/m³,,,,
10909,"Vijay Nagar, Ramanagara - KSPCB",,12.733409,77.298051,36572,pm25,PM2.5,µg/m³,,,,
10909,"Vijay Nagar, Ramanagara - KSPCB",,12.733409,77.298051,12236066,pm25,PM2.5,µg/m³,,,,
10909,"Vijay Nagar, Ramanagara - KSPCB",,12.733409,77.298051,12236068,so2,SO₂,ppb,,,,
10909,"Vijay Nagar, Ramanagara - KSPCB",,12.733409,77.298051,36570,so2,SO₂ mass,µg/m³,,,,
10910,"Sector-12, Karnal - HSPCB",,29.6953,77.0027,36585,co,CO mass,µg/m³,,,,
10910,"Sector-12, Karnal - HSPCB",,29.6953,77.0027,14276478,co,CO,ppb,,,,
10910,"Sector-12, Karnal - HSPCB",,29.6953,77.0027,14276479,no2,NO₂,ppb,,,,
10910,"Sector-12, Karnal - HSPCB",,29.6953,77.0027,36587,no2,NO₂ mass,µg/m³,,,,
10910,"Sector-12, Karnal - HSPCB",,29.6953,77.0027,36588,o3,O₃ mass,µg/m³,,,,
10910,"Sector-12, Karnal - HSPCB",,29.6953,77.0027,14276480,o3,O₃ mass,µg/m³,,,,
10910,"Sector-12, Karnal - HSPCB",,29.6953,77.0027,14275734,pm10,PM10,µg/m³,,,,
10910,"Sector-12, Karnal - HSPCB",,29.6953,77.0027,36589,pm10,PM10,µg/m³,,,,
10910,"Sector-12, Karnal - HSPCB",,29.6953,77.0027,14275735,pm25,PM2.5,µg/m³,,,,
10910,"Sector-12, Karnal - HSPCB",,29.6953,77.0027,36590,pm25,PM2.5,µg/m³,,,,
10910,"Sector-12, Karnal - HSPCB",,29.6953,77.0027,36591,so2,SO₂ mass,µg/m³,,,,
10910,"Sector-12, Karnal - HSPCB",,29.6953,77.0027,14276481,so2,SO₂,ppb,,,,
10911,"Marhatal, Jabalpur - MPPCB",,23.168606,79.932247,36611,co,CO mass,µg/m³,,,,
10911,"Marhatal, Jabalpur - MPPCB",,23.168606,79.932247,12236034,co,CO,ppb,,,,
10911,"Marhatal, Jabalpur - MPPCB",,23.168606,79.932247,12236036,no2,NO₂,ppb,,,,
10911,"Marhatal, Jabalpur - MPPCB",,23.168606,79.932247,36600,no2,NO₂ mass,µg/m³,,,,
10911,"Marhatal, Jabalpur - MPPCB",,23.168606,79.932247,36598,o3,O₃ mass,µg/m³,,,,
10911,"Marhatal, Jabalpur - MPPCB",,23.168606,79.932247,12236037,o3,O₃ mass,µg/m³,,,,
10911,"Marhatal, Jabalpur - MPPCB",,23.168606,79.932247,36597,pm10,PM10,µg/m³,,,,
10911,"Marhatal, Jabalpur - MPPCB",,23.168606,79.932247,12236038,pm10,PM10,µg/m³,,,,
10911,"Marhatal, Jabalpur - MPPCB",,23.168606,79.932247,36596,pm25,PM2.5,µg/m³,,,,
10911,"Marhatal, Jabalpur - MPPCB",,23.168606,79.932247,12236039,pm25,PM2.5,µg/m³,,,,
10911,"Marhatal, Jabalpur - MPPCB",,23.168606,79.932247,12236041,so2,SO₂,ppb,,,,
10911,"Marhatal, Jabalpur - MPPCB",,23.168606,79.932247,36595,so2,SO₂ mass,µg/m³,,,,
10912,"Phool Bagh, Gwalior - Mondelez Ind. Food",,26.210536,78.171,36606,co,CO mass,µg/m³,,,,
10912,"Phool Bagh, Gwalior - Mondelez Ind. Food",,26.210536,78.171,12236162,co,CO,ppb,,,,
10912,"Phool Bagh, Gwalior - Mondelez Ind. Food",,26.210536,78.171,1292565,no2,NO₂ mass,µg/m³,,,,
10912,"Phool Bagh, Gwalior - Mondelez Ind. Food",,26.210536,78.171,12236164,no2,NO₂,ppb,,,,
10912,"Phool Bagh, Gwalior - Mondelez Ind. Food",,26.210536,78.171,12236165,pm10,PM10,µg/m³,,,,
10912,"Phool Bagh, Gwalior - Mondelez Ind. Food",,26.210536,78.171,36607,pm10,PM10,µg/m³,,,,
10912,"Phool Bagh, Gwalior - Mondelez Ind. Food",,26.210536,78.171,12236166,pm25,PM2.5,µg/m³,,,,
10912,"Phool Bagh, Gwalior - Mondelez Ind. Food",,26.210536,78.171,36608,pm25,PM2.5,µg/m³,,,,
10912,"Phool Bagh, Gwalior - Mondelez Ind. Food",,26.210536,78.171,12236167,so2,SO₂,ppb,,,,
10912,"Phool Bagh, Gwalior - Mondelez Ind. Food",,26.210536,78.171,36610,so2,SO₂ mass,µg/m³,,,,
10913,"T T Nagar, Bhopal - MPPCB",,23.233584,77.400574,36612,co,CO mass,µg/m³,,,,
10913,"T T Nagar, Bhopal - MPPCB",,23.233584,77.400574,12236016,co,CO,ppb,,,,
10913,"T T Nagar, Bhopal - MPPCB",,23.233584,77.400574,36613,no2,NO₂ mass,µg/m³,,,,
10913,"T T Nagar, Bhopal - MPPCB",,23.233584,77.400574,12236018,no2,NO₂,ppb,,,,
10913,"T T Nagar, Bhopal - MPPCB",,23.233584,77.400574,12236019,o3,O₃ mass,µg/m³,,,,
10913,"T T Nagar, Bhopal - MPPCB",,23.233584,77.400574,36614,o3,O₃ mass,µg/m³,,,,
10913,"T T Nagar, Bhopal - MPPCB",,23.233584,77.400574,36615,pm10,PM10,µg/m³,,,,
10913,"T T Nagar, Bhopal - MPPCB",,23.233584,77.400574,12236020,pm10,PM10,µg/m³,,,,
10913,"T T Nagar, Bhopal - MPPCB",,23.233584,77.400574,36616,pm25,PM2.5,µg/m³,,,,
10913,"T T Nagar, Bhopal - MPPCB",,23.233584,77.400574,12236021,pm25,PM2.5,µg/m³,,,,
10913,"T T Nagar, Bhopal - MPPCB",,23.233584,77.400574,36617,so2,SO₂ mass,µg/m³,,,,
10913,"T T Nagar, Bhopal - MPPCB",,23.233584,77.400574,12236023,so2,SO₂,ppb,,,,
10914,"Sector-25, Chandigarh - CPCC",,30.751462,76.762879,12235971,co,CO,ppb,,,,
10914,"Sector-25, Chandigarh - CPCC",,30.751462,76.762879,12235973,no2,NO₂,ppb,,,,
10914,"Sector-25, Chandigarh - CPCC",,30.751462,76.762879,12235974,o3,O₃ mass,µg/m³,,,,
10914,"Sector-25, Chandigarh - CPCC",,30.751462,76.762879,12235975,pm10,PM10,µg/m³,,,,
10914,"Sector-25, Chandigarh - CPCC",,30.751462,76.762879,12235976,pm25,PM2.5,µg/m³,,,,
10914,"Sector-25, Chandigarh - CPCC",,30.751462,76.762879,12235978,so2,SO₂,ppb,,,,
10915,"Polayathode, Kollam - Kerala PCB",,8.8787,76.6073,36624,co,CO mass,µg/m³,,,,
10915,"Polayathode, Kollam - Kerala PCB",,8.8787,76.6073,12242978,co,CO,ppb,,,,
10915,"Polayathode, Kollam - Kerala PCB",,8.8787,76.6073,12242980,no2,NO₂,ppb,,,,
10915,"Polayathode, Kollam - Kerala PCB",,8.8787,76.6073,36643,no2,NO₂ mass,µg/m³,,,,
10915,"Polayathode, Kollam - Kerala PCB",,8.8787,76.6073,36650,o3,O₃ mass,µg/m³,,,,
10915,"Polayathode, Kollam - Kerala PCB",,8.8787,76.6073,12242981,o3,O₃ mass,µg/m³,,,,
10915,"Polayathode, Kollam - Kerala PCB",,8.8787,76.6073,12242982,pm10,PM10,µg/m³,,,,
10915,"Polayathode, Kollam - Kerala PCB",,8.8787,76.6073,36653,pm10,PM10,µg/m³,,,,
10915,"Polayathode, Kollam - Kerala PCB",,8.8787,76.6073,36655,pm25,PM2.5,µg/m³,,,,
10915,"Polayathode, Kollam - Kerala PCB",,8.8787,76.6073,12242983,pm25,PM2.5,µg/m³,,,,
10915,"Polayathode, Kollam - Kerala PCB",,8.8787,76.6073,12242985,so2,SO₂,ppb,,,,
10915,"Polayathode, Kollam - Kerala PCB",,8.8787,76.6073,36656,so2,SO₂ mass,µg/m³,,,,
10916,"Kacheripady, Ernakulam - Kerala PCB",,9.985653,76.281342,36636,co,CO mass,µg/m³,,,,
10916,"Kacheripady, Ernakulam - Kerala PCB",,9.985653,76.281342,36631,no2,NO₂ mass,µg/m³,,,,
10916,"Kacheripady, Ernakulam - Kerala PCB",,9.985653,76.281342,36630,pm10,PM10,µg/m³,,,,
10916,"Kacheripady, Ernakulam - Kerala PCB",,9.985653,76.281342,36626,pm25,PM2.5,µg/m³,,,,
10916,"Kacheripady, Ernakulam - Kerala PCB",,9.985653,76.281342,36625,so2,SO₂ mass,µg/m³,,,,
10917,"Sahilara, Maihar - KJS Cements",,24.2613009,80.7231783,12235742,co,CO,ppb,,,,
10917,"Sahilara, Maihar - KJS Cements",,24.2613009,80.7231783,36627,co,CO mass,µg/m³,,,,
10917,"Sahilara, Maihar - KJS Cements",,24.2613009,80.7231783,36628,no2,NO₂ mass,µg/m³,,,,
10917,"Sahilara, Maihar - KJS Cements",,24.2613009,80.7231783,12235744,no2,NO₂,ppb,,,,
10917,"Sahilara, Maihar - KJS Cements",,24.2613009,80.7231783,12235745,pm10,PM10,µg/m³,,,,
10917,"Sahilara, Maihar - KJS Cements",,24.2613009,80.7231783,36632,pm10,PM10,µg/m³,,,,
10917,"Sahilara, Maihar - KJS Cements",,24.2613009,80.7231783,12235746,pm25,PM2.5,µg/m³,,,,
10917,"Sahilara, Maihar - KJS Cements",,24.2613009,80.7231783,36633,pm25,PM2.5,µg/m³,,,,
10917,"Sahilara, Maihar - KJS Cements",,24.2613009,80.7231783,12235747,so2,SO₂,ppb,,,,
10917,"Sahilara, Maihar - KJS Cements",,24.2613009,80.7231783,36634,so2,SO₂ mass,µg/m³,,,,
10918,"Ballygunge, Kolkata - WBPCB",,22.5367507,88.3638022,12236007,co,CO,ppb,,,,
10918,"Ballygunge, Kolkata - WBPCB",,22.5367507,88.3638022,36652,co,CO mass,µg/m³,,,,
10918,"Ballygunge, Kolkata - WBPCB",,22.5367507,88.3638022,12236009,no2,NO₂,ppb,,,,
10918,"Ballygunge, Kolkata - WBPCB",,22.5367507,88.3638022,36648,no2,NO₂ mass,µg/m³,,,,
10918,"Ballygunge, Kolkata - WBPCB",,22.5367507,88.3638022,36647,o3,O₃ mass,µg/m³,,,,
10918,"Ballygunge, Kolkata - WBPCB",,22.5367507,88.3638022,12236010,o3,O₃ mass,µg/m³,,,,
10918,"Ballygunge, Kolkata - WBPCB",,22.5367507,88.3638022,12236011,pm10,PM10,µg/m³,,,,
10918,"Ballygunge, Kolkata - WBPCB",,22.5367507,88.3638022,36644,pm10,PM10,µg/m³,,,,
10918,"Ballygunge, Kolkata - WBPCB",,22.5367507,88.3638022,36640,pm25,PM2.5,µg/m³,,,,
10918,"Ballygunge, Kolkata - WBPCB",,22.5367507,88.3638022,12236012,pm25,PM2.5,µg/m³,,,,
10918,"Ballygunge, Kolkata - WBPCB",,22.5367507,88.3638022,12236014,so2,SO₂,ppb,,,,
10918,"Ballygunge, Kolkata - WBPCB",,22.5367507,88.3638022,36639,so2,SO₂ mass,µg/m³,,,,
10919,"Sanjay Nagar, Ghaziabad - UPPCB",,28.685382,77.453839,12235765,co,CO,ppb,,,,
10919,"Sanjay Nagar, Ghaziabad - UPPCB",,28.685382,77.453839,36641,co,CO mass,µg/m³,,,,
10919,"Sanjay Nagar, Ghaziabad - UPPCB",,28.685382,77.453839,36645,no2,NO₂ mass,µg/m³,,,,
10919,"Sanjay Nagar, Ghaziabad - UPPCB",,28.685382,77.453839,12235767,no2,NO₂,ppb,,,,
10919,"Sanjay Nagar, Ghaziabad - UPPCB",,28.685382,77.453839,12235768,o3,O₃ mass,µg/m³,,,,
10919,"Sanjay Nagar, Ghaziabad - UPPCB",,28.685382,77.453839,36646,o3,O₃ mass,µg/m³,,,,
10919,"Sanjay Nagar, Ghaziabad - UPPCB",,28.685382,77.453839,12235769,pm10,PM10,µg/m³,,,,
10919,"Sanjay Nagar, Ghaziabad - UPPCB",,28.685382,77.453839,36660,pm10,PM10,µg/m³,,,,
10919,"Sanjay Nagar, Ghaziabad - UPPCB",,28.685382,77.453839,36675,pm25,PM2.5,µg/m³,,,,
10919,"Sanjay Nagar, Ghaziabad - UPPCB",,28.685382,77.453839,12235770,pm25,PM2.5,µg/m³,,,,
10919,"Sanjay Nagar, Ghaziabad - UPPCB",,28.685382,77.453839,12235772,so2,SO₂,ppb,,,,
10919,"Sanjay Nagar, Ghaziabad - UPPCB",,28.685382,77.453839,36676,so2,SO₂ mass,µg/m³,,,,
10920,"New Industrial Town, Faridabad - HSPCB",,28.39072,77.30059,12236222,co,CO,ppb,,,,
10920,"New Industrial Town, Faridabad - HSPCB",,28.39072,77.30059,12236224,no2,NO₂,ppb,,,,
10920,"New Industrial Town, Faridabad - HSPCB",,28.39072,77.30059,12236225,o3,O₃ mass,µg/m³,,,,
10920,"New Industrial Town, Faridabad - HSPCB",,28.39072,77.30059,12236226,pm10,PM10,µg/m³,,,,
10920,"New Industrial Town, Faridabad - HSPCB",,28.39072,77.30059,12236227,pm25,PM2.5,µg/m³,,,,
10920,"New Industrial Town, Faridabad - HSPCB",,28.39072,77.30059,12236229,so2,SO₂,ppb,,,,
10921,"NISE Gwal Pahari, Gurugram - IMD",,28.422681,77.148944,12235702,co,CO,ppb,,,,
10921,"NISE Gwal Pahari, Gurugram - IMD",,28.422681,77.148944,36700,co,CO mass,µg/m³,,,,
10921,"NISE Gwal Pahari, Gurugram - IMD",,28.422681,77.148944,12235704,no2,NO₂,ppb,,,,
10921,"NISE Gwal Pahari, Gurugram - IMD",,28.422681,77.148944,36702,no2,NO₂ mass,µg/m³,,,,
10921,"NISE Gwal Pahari, Gurugram - IMD",,28.422681,77.148944,12235705,o3,O₃ mass,µg/m³,,,,
10921,"NISE Gwal Pahari, Gurugram - IMD",,28.422681,77.148944,12235706,pm10,PM10,µg/m³,,,,
10921,"NISE Gwal Pahari, Gurugram - IMD",,28.422681,77.148944,36703,pm10,PM10,µg/m³,,,,
10921,"NISE Gwal Pahari, Gurugram - IMD",,28.422681,77.148944,36701,pm25,PM2.5,µg/m³,,,,
10921,"NISE Gwal Pahari, Gurugram - IMD",,28.422681,77.148944,12235707,pm25,PM2.5,µg/m³,,,,
11577,"Vinoba Nagara, Shivamogga - KSPCB",,13.94,75.555917,12236124,co,CO,ppb,,,,
11577,"Vinoba Nagara, Shivamogga - KSPCB",,13.94,75.555917,39319,co,CO mass,µg/m³,,,,
11577,"Vinoba Nagara, Shivamogga - KSPCB",,13.94,75.555917,12236126,no2,NO₂,ppb,,,,
11577,"Vinoba Nagara, Shivamogga - KSPCB",,13.94,75.555917,39317,no2,NO₂ mass,µg/m³,,,,
11577,"Vinoba Nagara, Shivamogga - KSPCB",,13.94,75.555917,39320,o3,O₃ mass,µg/m³,,,,
11577,"Vinoba Nagara, Shivamogga - KSPCB",,13.94,75.555917,12236127,o3,O₃ mass,µg/m³,,,,
11577,"Vinoba Nagara, Shivamogga - KSPCB",,13.94,75.555917,39316,pm10,PM10,µg/m³,,,,
11577,"Vinoba Nagara, Shivamogga - KSPCB",,13.94,75.555917,12236128,pm10,PM10,µg/m³,,,,
11577,"Vinoba Nagara, Shivamogga - KSPCB",,13.94,75.555917,12236129,pm25,PM2.5,µg/m³,,,,
11577,"Vinoba Nagara, Shivamogga - KSPCB",,13.94,75.555917,39315,pm25,PM2.5,µg/m³,,,,
11577,"Vinoba Nagara, Shivamogga - KSPCB",,13.94,75.555917,39318,so2,SO₂ mass,µg/m³,,,,
11577,"Vinoba Nagara, Shivamogga - KSPCB",,13.94,75.555917,12236131,so2,SO₂,ppb,,,,
11578,"Royapuram, Chennai - TNPCB",,13.1036,80.2909,12236294,co,CO,ppb,,,,
11578,"Royapuram, Chennai - TNPCB",,13.1036,80.2909,39325,co,CO mass,µg/m³,,,,
11578,"Royapuram, Chennai - TNPCB",,13.1036,80.2909,39323,no2,NO₂ mass,µg/m³,,,,
11578,"Royapuram, Chennai - TNPCB",,13.1036,80.2909,12236296,no2,NO₂,ppb,,,,
11578,"Royapuram, Chennai - TNPCB",,13.1036,80.2909,12236297,o3,O₃ mass,µg/m³,,,,
11578,"Royapuram, Chennai - TNPCB",,13.1036,80.2909,39389,o3,O₃ mass,µg/m³,,,,
11578,"Royapuram, Chennai - TNPCB",,13.1036,80.2909,39322,pm10,PM10,µg/m³,,,,
11578,"Royapuram, Chennai - TNPCB",,13.1036,80.2909,12236298,pm10,PM10,µg/m³,,,,
11578,"Royapuram, Chennai - TNPCB",,13.1036,80.2909,39321,pm25,PM2.5,µg/m³,,,,
11578,"Royapuram, Chennai - TNPCB",,13.1036,80.2909,12236299,pm25,PM2.5,µg/m³,,,,
11578,"Royapuram, Chennai - TNPCB",,13.1036,80.2909,39324,so2,SO₂ mass,µg/m³,,,,
11578,"Royapuram, Chennai - TNPCB",,13.1036,80.2909,12236301,so2,SO₂,ppb,,,,
11579,"Kodungaiyur, Chennai - TNPCB",,13.1278,80.2642,12236303,co,CO,ppb,,,,
11579,"Kodungaiyur, Chennai - TNPCB",,13.1278,80.2642,39330,co,CO mass,µg/m³,,,,
11579,"Kodungaiyur, Chennai - TNPCB",,13.1278,80.2642,12236305,no2,NO₂,ppb,,,,
11579,"Kodungaiyur, Chennai - TNPCB",,13.1278,80.2642,39328,no2,NO₂ mass,µg/m³,,,,
11579,"Kodungaiyur, Chennai - TNPCB",,13.1278,80.2642,12236306,o3,O₃ mass,µg/m³,,,,
11579,"Kodungaiyur, Chennai - TNPCB",,13.1278,80.2642,39331,o3,O₃ mass,µg/m³,,,,
11579,"Kodungaiyur, Chennai - TNPCB",,13.1278,80.2642,39327,pm10,PM10,µg/m³,,,,
11579,"Kodungaiyur, Chennai - TNPCB",,13.1278,80.2642,12236307,pm10,PM10,µg/m³,,,,
11579,"Kodungaiyur, Chennai - TNPCB",,13.1278,80.2642,12236308,pm25,PM2.5,µg/m³,,,,
11579,"Kodungaiyur, Chennai - TNPCB",,13.1278,80.2642,39326,pm25,PM2.5,µg/m³,,,,
11579,"Kodungaiyur, Chennai - TNPCB",,13.1278,80.2642,12236310,so2,SO₂,ppb,,,,
11579,"Kodungaiyur, Chennai - TNPCB",,13.1278,80.2642,39329,so2,SO₂ mass,µg/m³,,,,
11580,"Meelavittan, Thoothukudi - TNPCB",,8.816428,78.099039,39333,co,CO mass,µg/m³,,,,
11580,"Meelavittan, Thoothukudi - TNPCB",,8.816428,78.099039,12236312,co,CO,ppb,,,,
11580,"Meelavittan, Thoothukudi - TNPCB",,8.816428,78.099039,12236314,no2,NO₂,ppb,,,,
11580,"Meelavittan, Thoothukudi - TNPCB",,8.816428,78.099039,39403,no2,NO₂ mass,µg/m³,,,,
11580,"Meelavittan, Thoothukudi - TNPCB",,8.816428,78.099039,12236315,o3,O₃ mass,µg/m³,,,,
11580,"Meelavittan, Thoothukudi - TNPCB",,8.816428,78.099039,39334,o3,O₃ mass,µg/m³,,,,
11580,"Meelavittan, Thoothukudi - TNPCB",,8.816428,78.099039,12236316,pm10,PM10,µg/m³,,,,
11580,"Meelavittan, Thoothukudi - TNPCB",,8.816428,78.099039,39332,pm10,PM10,µg/m³,,,,
11580,"Meelavittan, Thoothukudi - TNPCB",,8.816428,78.099039,39402,so2,SO₂ mass,µg/m³,,,,
11580,"Meelavittan, Thoothukudi - TNPCB",,8.816428,78.099039,12236318,so2,SO₂,ppb,,,,
11581,"Arumbakkam, Chennai - TNPCB",,13.0664,80.2112,39337,no2,NO₂ mass,µg/m³,,,,
11581,"Arumbakkam, Chennai - TNPCB",,13.0664,80.2112,12236272,no2,NO₂,ppb,,,,
11581,"Arumbakkam, Chennai - TNPCB",,13.0664,80.2112,39336,pm10,PM10,µg/m³,,,,
11581,"Arumbakkam, Chennai - TNPCB",,13.0664,80.2112,12236273,pm10,PM10,µg/m³,,,,
11581,"Arumbakkam, Chennai - TNPCB",,13.0664,80.2112,12236274,pm25,PM2.5,µg/m³,,,,
11581,"Arumbakkam, Chennai - TNPCB",,13.0664,80.2112,39335,pm25,PM2.5,µg/m³,,,,
11581,"Arumbakkam, Chennai - TNPCB",,13.0664,80.2112,12236276,so2,SO₂,ppb,,,,
11581,"Arumbakkam, Chennai - TNPCB",,13.0664,80.2112,39521,so2,SO₂ mass,µg/m³,,,,
11582,"Stuart Hill, Madikeri - KSPCB",,12.415911,75.73505,39342,co,CO mass,µg/m³,,,,
11582,"Stuart Hill, Madikeri - KSPCB",,12.415911,75.73505,12236347,co,CO,ppb,,,,
11582,"Stuart Hill, Madikeri - KSPCB",,12.415911,75.73505,39340,no2,NO₂ mass,µg/m³,,,,
11582,"Stuart Hill, Madikeri - KSPCB",,12.415911,75.73505,12236349,no2,NO₂,ppb,,,,
11582,"Stuart Hill, Madikeri - KSPCB",,12.415911,75.73505,39343,o3,O₃ mass,µg/m³,,,,
11582,"Stuart Hill, Madikeri - KSPCB",,12.415911,75.73505,12236350,o3,O₃ mass,µg/m³,,,,
11582,"Stuart Hill, Madikeri - KSPCB",,12.415911,75.73505,39339,pm10,PM10,µg/m³,,,,
11582,"Stuart Hill, Madikeri - KSPCB",,12.415911,75.73505,12236351,pm10,PM10,µg/m³,,,,
11582,"Stuart Hill, Madikeri - KSPCB",,12.415911,75.73505,12236352,pm25,PM2.5,µg/m³,,,,
11582,"Stuart Hill, Madikeri - KSPCB",,12.415911,75.73505,39338,pm25,PM2.5,µg/m³,,,,
11582,"Stuart Hill, Madikeri - KSPCB",,12.415911,75.73505,39341,so2,SO₂ mass,µg/m³,,,,
11582,"Stuart Hill, Madikeri - KSPCB",,12.415911,75.73505,12236354,so2,SO₂,ppb,,,,
11583,"Kunjaban, Agartala - Tripura SPCB",,23.8628276,91.2887362,39348,co,CO mass,µg/m³,,,,
11583,"Kunjaban, Agartala - Tripura SPCB",,23.8628276,91.2887362,39346,no2,NO₂ mass,µg/m³,,,,
11583,"Kunjaban, Agartala - Tripura SPCB",,23.8628276,91.2887362,39349,o3,O₃ mass,µg/m³,,,,
11583,"Kunjaban, Agartala - Tripura SPCB",,23.8628276,91.2887362,39345,pm10,PM10,µg/m³,,,,
11583,"Kunjaban, Agartala - Tripura SPCB",,23.8628276,91.2887362,39344,pm25,PM2.5,µg/m³,,,,
11583,"Kunjaban, Agartala - Tripura SPCB",,23.8628276,91.2887362,39347,so2,SO₂ mass,µg/m³,,,,
11602,"Bandra Kurla Complex, Mumbai - IITM",,19.053536000000005,72.84643,39408,co,CO mass,µg/m³,,,,
11602,"Bandra Kurla Complex, Mumbai - IITM",,19.053536000000005,72.84643,39406,no2,NO₂ mass,µg/m³,,,,
11602,"Bandra Kurla Complex, Mumbai - IITM",,19.053536000000005,72.84643,39409,o3,O₃ mass,µg/m³,,,,
11602,"Bandra Kurla Complex, Mumbai - IITM",,19.053536000000005,72.84643,39405,pm10,PM10,µg/m³,,,,
11602,"Bandra Kurla Complex, Mumbai - IITM",,19.053536000000005,72.84643,39404,pm25,PM2.5,µg/m³,,,,
11602,"Bandra Kurla Complex, Mumbai - IITM",,19.053536000000005,72.84643,39407,so2,SO₂ mass,µg/m³,,,,
11603,"Chandni Chowk, Delhi - IITM",,28.656756,77.227234,39414,co,CO mass,µg/m³,,,,
11603,"Chandni Chowk, Delhi - IITM",,28.656756,77.227234,12236356,co,CO,ppb,,,,
11603,"Chandni Chowk, Delhi - IITM",,28.656756,77.227234,12236358,no2,NO₂,ppb,,,,
11603,"Chandni Chowk, Delhi - IITM",,28.656756,77.227234,39412,no2,NO₂ mass,µg/m³,,,,
11603,"Chandni Chowk, Delhi - IITM",,28.656756,77.227234,39415,o3,O₃ mass,µg/m³,,,,
11603,"Chandni Chowk, Delhi - IITM",,28.656756,77.227234,12236359,o3,O₃ mass,µg/m³,,,,
11603,"Chandni Chowk, Delhi - IITM",,28.656756,77.227234,12236360,pm10,PM10,µg/m³,,,,
11603,"Chandni Chowk, Delhi - IITM",,28.656756,77.227234,39411,pm10,PM10,µg/m³,,,,
11603,"Chandni Chowk, Delhi - IITM",,28.656756,77.227234,12236361,pm25,PM2.5,µg/m³,,,,
11603,"Chandni Chowk, Delhi - IITM",,28.656756,77.227234,39410,pm25,PM2.5,µg/m³,,,,
11603,"Chandni Chowk, Delhi - IITM",,28.656756,77.227234,39413,so2,SO₂ mass,µg/m³,,,,
11603,"Chandni Chowk, Delhi - IITM",,28.656756,77.227234,12236363,so2,SO₂,ppb,,,,
11604,"Deonar, Mumbai - IITM",,19.04946,72.923,39420,co,CO mass,µg/m³,,,,
11604,"Deonar, Mumbai - IITM",,19.04946,72.923,39418,no2,NO₂ mass,µg/m³,,,,
11604,"Deonar, Mumbai - IITM",,19.04946,72.923,39421,o3,O₃ mass,µg/m³,,,,
11604,"Deonar, Mumbai - IITM",,19.04946,72.923,39417,pm10,PM10,µg/m³,,,,
11604,"Deonar, Mumbai - IITM",,19.04946,72.923,39416,pm25,PM2.5,µg/m³,,,,
11604,"Deonar, Mumbai - IITM",,19.04946,72.923,39419,so2,SO₂ mass,µg/m³,,,,
11606,"Borivali East, Mumbai - IITM",,19.23241,72.86895,12236413,co,CO,ppb,,,,
11606,"Borivali East, Mumbai - IITM",,19.23241,72.86895,39431,co,CO mass,µg/m³,,,,
11606,"Borivali East, Mumbai - IITM",,19.23241,72.86895,12236415,no2,NO₂,ppb,,,,
11606,"Borivali East, Mumbai - IITM",,19.23241,72.86895,39430,no2,NO₂ mass,µg/m³,,,,
11606,"Borivali East, Mumbai - IITM",,19.23241,72.86895,39432,o3,O₃ mass,µg/m³,,,,
11606,"Borivali East, Mumbai - IITM",,19.23241,72.86895,12236416,o3,O₃ mass,µg/m³,,,,
11606,"Borivali East, Mumbai - IITM",,19.23241,72.86895,39429,pm10,PM10,µg/m³,,,,
11606,"Borivali East, Mumbai - IITM",,19.23241,72.86895,12236417,pm10,PM10,µg/m³,,,,
11606,"Borivali East, Mumbai - IITM",,19.23241,72.86895,39428,pm25,PM2.5,µg/m³,,,,
11606,"Borivali East, Mumbai - IITM",,19.23241,72.86895,12236418,pm25,PM2.5,µg/m³,,,,
11607,"Lodhi Road, Delhi - IITM",,28.588333,77.221667,39437,co,CO mass,µg/m³,,,,
11607,"Lodhi Road, Delhi - IITM",,28.588333,77.221667,12236374,no2,NO₂,ppb,,,,
11607,"Lodhi Road, Delhi - IITM",,28.588333,77.221667,39435,no2,NO₂ mass,µg/m³,,,,
11607,"Lodhi Road, Delhi - IITM",,28.588333,77.221667,39438,o3,O₃ mass,µg/m³,,,,
11607,"Lodhi Road, Delhi - IITM",,28.588333,77.221667,39434,pm10,PM10,µg/m³,,,,
11607,"Lodhi Road, Delhi - IITM",,28.588333,77.221667,12236375,pm10,PM10,µg/m³,,,,
11607,"Lodhi Road, Delhi - IITM",,28.588333,77.221667,12236376,pm25,PM2.5,µg/m³,,,,
11607,"Lodhi Road, Delhi - IITM",,28.588333,77.221667,39433,pm25,PM2.5,µg/m³,,,,
11607,"Lodhi Road, Delhi - IITM",,28.588333,77.221667,12236378,so2,SO₂,ppb,,,,
11607,"Lodhi Road, Delhi - IITM",,28.588333,77.221667,39436,so2,SO₂ mass,µg/m³,,,,
11608,"Bhosari, Pune - IITM",,18.640051,73.848956,39442,co,CO mass,µg/m³,,,,
11608,"Bhosari, Pune - IITM",,18.640051,73.848956,39441,no2,NO₂ mass,µg/m³,,,,
11608,"Bhosari, Pune - IITM",,18.640051,73.848956,39443,o3,O₃ mass,µg/m³,,,,
11608,"Bhosari, Pune - IITM",,18.640051,73.848956,39440,pm10,PM10,µg/m³,,,,
11608,"Bhosari, Pune - IITM",,18.640051,73.848956,39439,pm25,PM2.5,µg/m³,,,,
11609,"Mhada Colony, Pune - IITM",,18.57304,73.927715,12236438,co,CO,ppb,,,,
11609,"Mhada Colony, Pune - IITM",,18.57304,73.927715,39447,co,CO mass,µg/m³,,,,
11609,"Mhada Colony, Pune - IITM",,18.57304,73.927715,39446,no2,NO₂ mass,µg/m³,,,,
11609,"Mhada Colony, Pune - IITM",,18.57304,73.927715,12236440,no2,NO₂,ppb,,,,
11609,"Mhada Colony, Pune - IITM",,18.57304,73.927715,39448,o3,O₃ mass,µg/m³,,,,
11609,"Mhada Colony, Pune - IITM",,18.57304,73.927715,12236441,o3,O₃ mass,µg/m³,,,,
11609,"Mhada Colony, Pune - IITM",,18.57304,73.927715,39445,pm10,PM10,µg/m³,,,,
11609,"Mhada Colony, Pune - IITM",,18.57304,73.927715,12236442,pm10,PM10,µg/m³,,,,
11609,"Mhada Colony, Pune - IITM",,18.57304,73.927715,12236443,pm25,PM2.5,µg/m³,,,,
11609,"Mhada Colony, Pune - IITM",,18.57304,73.927715,39444,pm25,PM2.5,µg/m³,,,,
11610,"Transport Nagar-Nigdi, Pune - IITM",,18.664282,73.763966,12236452,co,CO,ppb,,,,
11610,"Transport Nagar-Nigdi, Pune - IITM",,18.664282,73.763966,12236454,no2,NO₂,ppb,,,,
11610,"Transport Nagar-Nigdi, Pune - IITM",,18.664282,73.763966,12236455,o3,O₃ mass,µg/m³,,,,
11610,"Transport Nagar-Nigdi, Pune - IITM",,18.664282,73.763966,12236456,pm10,PM10,µg/m³,,,,
11610,"Transport Nagar-Nigdi, Pune - IITM",,18.664282,73.763966,12236457,pm25,PM2.5,µg/m³,,,,
11611,"Malad West, Mumbai - IITM",,19.19709,72.82204,39458,co,CO mass,µg/m³,,,,
11611,"Malad West, Mumbai - IITM",,19.19709,72.82204,12236421,co,CO,ppb,,,,
11611,"Malad West, Mumbai - IITM",,19.19709,72.82204,12236423,no2,NO₂,ppb,,,,
11611,"Malad West, Mumbai - IITM",,19.19709,72.82204,39456,no2,NO₂ mass,µg/m³,,,,
11611,"Malad West, Mumbai - IITM",,19.19709,72.82204,39459,o3,O₃ mass,µg/m³,,,,
11611,"Malad West, Mumbai - IITM",,19.19709,72.82204,12236424,o3,O₃ mass,µg/m³,,,,
11611,"Malad West, Mumbai - IITM",,19.19709,72.82204,12236425,pm10,PM10,µg/m³,,,,
11611,"Malad West, Mumbai - IITM",,19.19709,72.82204,39455,pm10,PM10,µg/m³,,,,
11611,"Malad West, Mumbai - IITM",,19.19709,72.82204,12236426,pm25,PM2.5,µg/m³,,,,
11611,"Malad West, Mumbai - IITM",,19.19709,72.82204,39454,pm25,PM2.5,µg/m³,,,,
11611,"Malad West, Mumbai - IITM",,19.19709,72.82204,39457,so2,SO₂ mass,µg/m³,,,,
11611,"Malad West, Mumbai - IITM",,19.19709,72.82204,12236428,so2,SO₂,ppb,,,,
11612,"Sector-19A Nerul, Navi Mumbai - IITM",,19.044,73.03250000000001,39464,co,CO mass,µg/m³,,,,
11612,"Sector-19A Nerul, Navi Mumbai - IITM",,19.044,73.03250000000001,39462,no2,NO₂ mass,µg/m³,,,,
11612,"Sector-19A Nerul, Navi Mumbai - IITM",,19.044,73.03250000000001,39465,o3,O₃ mass,µg/m³,,,,
11612,"Sector-19A Nerul, Navi Mumbai - IITM",,19.044,73.03250000000001,39461,pm10,PM10,µg/m³,,,,
11612,"Sector-19A Nerul, Navi Mumbai - IITM",,19.044,73.03250000000001,39460,pm25,PM2.5,µg/m³,,,,
11612,"Sector-19A Nerul, Navi Mumbai - IITM",,19.044,73.03250000000001,39463,so2,SO₂ mass,µg/m³,,,,
11613,"Revenue Colony-Shivajinagar, Pune - IITM",,18.530085,73.849598,39470,co,CO mass,µg/m³,,,,
11613,"Revenue Colony-Shivajinagar, Pune - IITM",,18.530085,73.849598,12236458,co,CO,ppb,,,,
11613,"Revenue Colony-Shivajinagar, Pune - IITM",,18.530085,73.849598,39468,no2,NO₂ mass,µg/m³,,,,
11613,"Revenue Colony-Shivajinagar, Pune - IITM",,18.530085,73.849598,12236460,no2,NO₂,ppb,,,,
11613,"Revenue Colony-Shivajinagar, Pune - IITM",,18.530085,73.849598,12236461,o3,O₃ mass,µg/m³,,,,
11613,"Revenue Colony-Shivajinagar, Pune - IITM",,18.530085,73.849598,39471,o3,O₃ mass,µg/m³,,,,
11613,"Revenue Colony-Shivajinagar, Pune - IITM",,18.530085,73.849598,12236462,pm10,PM10,µg/m³,,,,
11613,"Revenue Colony-Shivajinagar, Pune - IITM",,18.530085,73.849598,39467,pm10,PM10,µg/m³,,,,
11613,"Revenue Colony-Shivajinagar, Pune - IITM",,18.530085,73.849598,12236463,pm25,PM2.5,µg/m³,,,,
11613,"Revenue Colony-Shivajinagar, Pune - IITM",,18.530085,73.849598,39466,pm25,PM2.5,µg/m³,,,,
11613,"Revenue Colony-Shivajinagar, Pune - IITM",,18.530085,73.849598,39469,so2,SO₂ mass,µg/m³,,,,
11613,"Revenue Colony-Shivajinagar, Pune - IITM",,18.530085,73.849598,12236465,so2,SO₂,ppb,,,,
12024,"Chakala-Andheri East, Mumbai - IITM",,19.11074,72.86084,12236406,co,CO,ppb,,,,
12024,"Chakala-Andheri East, Mumbai - IITM",,19.11074,72.86084,40569,co,CO mass,µg/m³,,,,
12024,"Chakala-Andheri East, Mumbai - IITM",,19.11074,72.86084,40574,no2,NO₂ mass,µg/m³,,,,
12024,"Chakala-Andheri East, Mumbai - IITM",,19.11074,72.86084,12236408,no2,NO₂,ppb,,,,
12024,"Chakala-Andheri East, Mumbai - IITM",,19.11074,72.86084,40570,o3,O₃ mass,µg/m³,,,,
12024,"Chakala-Andheri East, Mumbai - IITM",,19.11074,72.86084,12236409,o3,O₃ mass,µg/m³,,,,
12024,"Chakala-Andheri East, Mumbai - IITM",,19.11074,72.86084,12442195,pm10,PM10,µg/m³,,,,
12024,"Chakala-Andheri East, Mumbai - IITM",,19.11074,72.86084,40572,pm10,PM10,µg/m³,,,,
12024,"Chakala-Andheri East, Mumbai - IITM",,19.11074,72.86084,12442196,pm25,PM2.5,µg/m³,,,,
12024,"Chakala-Andheri East, Mumbai - IITM",,19.11074,72.86084,40571,pm25,PM2.5,µg/m³,,,,
12024,"Chakala-Andheri East, Mumbai - IITM",,19.11074,72.86084,12236411,so2,SO₂,ppb,,,,
12024,"Chakala-Andheri East, Mumbai - IITM",,19.11074,72.86084,40573,so2,SO₂ mass,µg/m³,,,,
12039,"Khindipada-Bhandup West, Mumbai - IITM",,19.164394,72.928297,40636,co,CO mass,µg/m³,,,,
12039,"Khindipada-Bhandup West, Mumbai - IITM",,19.164394,72.928297,12236389,co,CO,ppb,,,,
12039,"Khindipada-Bhandup West, Mumbai - IITM",,19.164394,72.928297,40639,no2,NO₂ mass,µg/m³,,,,
12039,"Khindipada-Bhandup West, Mumbai - IITM",,19.164394,72.928297,12236391,no2,NO₂,ppb,,,,
12039,"Khindipada-Bhandup West, Mumbai - IITM",,19.164394,72.928297,40634,o3,O₃ mass,µg/m³,,,,
12039,"Khindipada-Bhandup West, Mumbai - IITM",,19.164394,72.928297,12236392,o3,O₃ mass,µg/m³,,,,
12039,"Khindipada-Bhandup West, Mumbai - IITM",,19.164394,72.928297,12236393,pm10,PM10,µg/m³,,,,
12039,"Khindipada-Bhandup West, Mumbai - IITM",,19.164394,72.928297,40615,pm10,PM10,µg/m³,,,,
12039,"Khindipada-Bhandup West, Mumbai - IITM",,19.164394,72.928297,12236394,pm25,PM2.5,µg/m³,,,,
12039,"Khindipada-Bhandup West, Mumbai - IITM",,19.164394,72.928297,40608,pm25,PM2.5,µg/m³,,,,
12039,"Khindipada-Bhandup West, Mumbai - IITM",,19.164394,72.928297,12236396,so2,SO₂,ppb,,,,
12039,"Khindipada-Bhandup West, Mumbai - IITM",,19.164394,72.928297,40617,so2,SO₂ mass,µg/m³,,,,
12040,"Mulund West, Mumbai - MPCB",,19.175,72.9419,12236476,co,CO,ppb,,,,
12040,"Mulund West, Mumbai - MPCB",,19.175,72.9419,40609,co,CO mass,µg/m³,,,,
12040,"Mulund West, Mumbai - MPCB",,19.175,72.9419,12236478,no2,NO₂,ppb,,,,
12040,"Mulund West, Mumbai - MPCB",,19.175,72.9419,40612,no2,NO₂ mass,µg/m³,,,,
12040,"Mulund West, Mumbai - MPCB",,19.175,72.9419,12236479,o3,O₃ mass,µg/m³,,,,
12040,"Mulund West, Mumbai - MPCB",,19.175,72.9419,40644,o3,O₃ mass,µg/m³,,,,
12040,"Mulund West, Mumbai - MPCB",,19.175,72.9419,40628,pm10,PM10,µg/m³,,,,
12040,"Mulund West, Mumbai - MPCB",,19.175,72.9419,12236480,pm10,PM10,µg/m³,,,,
12040,"Mulund West, Mumbai - MPCB",,19.175,72.9419,40641,pm25,PM2.5,µg/m³,,,,
12040,"Mulund West, Mumbai - MPCB",,19.175,72.9419,12236481,pm25,PM2.5,µg/m³,,,,
12040,"Mulund West, Mumbai - MPCB",,19.175,72.9419,40640,so2,SO₂ mass,µg/m³,,,,
12040,"Mulund West, Mumbai - MPCB",,19.175,72.9419,12236483,so2,SO₂,ppb,,,,
12041,"Diwator Nagar, Koppal - KSPCB",,15.34763,76.181767,40611,co,CO mass,µg/m³,,,,
12041,"Diwator Nagar, Koppal - KSPCB",,15.34763,76.181767,12323466,co,CO,ppb,,,,
12041,"Diwator Nagar, Koppal - KSPCB",,15.34763,76.181767,40631,no2,NO₂ mass,µg/m³,,,,
12041,"Diwator Nagar, Koppal - KSPCB",,15.34763,76.181767,12481472,no2,NO₂,ppb,,,,
12041,"Diwator Nagar, Koppal - KSPCB",,15.34763,76.181767,12323467,o3,O₃ mass,µg/m³,,,,
12041,"Diwator Nagar, Koppal - KSPCB",,15.34763,76.181767,40626,o3,O₃ mass,µg/m³,,,,
12041,"Diwator Nagar, Koppal - KSPCB",,15.34763,76.181767,40629,pm10,PM10,µg/m³,,,,
12041,"Diwator Nagar, Koppal - KSPCB",,15.34763,76.181767,12323468,pm10,PM10,µg/m³,,,,
12041,"Diwator Nagar, Koppal - KSPCB",,15.34763,76.181767,40607,pm25,PM2.5,µg/m³,,,,
12041,"Diwator Nagar, Koppal - KSPCB",,15.34763,76.181767,12323469,pm25,PM2.5,µg/m³,,,,
12041,"Diwator Nagar, Koppal - KSPCB",,15.34763,76.181767,40621,so2,SO₂ mass,µg/m³,,,,
12041,"Diwator Nagar, Koppal - KSPCB",,15.34763,76.181767,12481474,so2,SO₂,ppb,,,,
12043,"Haji Colony, Raichur - KSPCB",,16.208139,77.348417,40633,co,CO mass,µg/m³,,,,
12043,"Haji Colony, Raichur - KSPCB",,16.208139,77.348417,12252011,co,CO,ppb,,,,
12043,"Haji Colony, Raichur - KSPCB",,16.208139,77.348417,12252013,no2,NO₂,ppb,,,,
12043,"Haji Colony, Raichur - KSPCB",,16.208139,77.348417,40610,no2,NO₂ mass,µg/m³,,,,
12043,"Haji Colony, Raichur - KSPCB",,16.208139,77.348417,40618,o3,O₃ mass,µg/m³,,,,
12043,"Haji Colony, Raichur - KSPCB",,16.208139,77.348417,40614,pm10,PM10,µg/m³,,,,
12043,"Haji Colony, Raichur - KSPCB",,16.208139,77.348417,12252014,pm10,PM10,µg/m³,,,,
12043,"Haji Colony, Raichur - KSPCB",,16.208139,77.348417,40619,pm25,PM2.5,µg/m³,,,,
12043,"Haji Colony, Raichur - KSPCB",,16.208139,77.348417,12252015,pm25,PM2.5,µg/m³,,,,
12043,"Haji Colony, Raichur - KSPCB",,16.208139,77.348417,40647,so2,SO₂ mass,µg/m³,,,,
12043,"Haji Colony, Raichur - KSPCB",,16.208139,77.348417,12252017,so2,SO₂,ppb,,,,
12044,"Kandivali East, Mumbai - MPCB",,19.2058,72.8682,40616,co,CO mass,µg/m³,,,,
12044,"Kandivali East, Mumbai - MPCB",,19.2058,72.8682,12236467,co,CO,ppb,,,,
12044,"Kandivali East, Mumbai - MPCB",,19.2058,72.8682,40624,no2,NO₂ mass,µg/m³,,,,
12044,"Kandivali East, Mumbai - MPCB",,19.2058,72.8682,12236469,no2,NO₂,ppb,,,,
12044,"Kandivali East, Mumbai - MPCB",,19.2058,72.8682,12236470,o3,O₃ mass,µg/m³,,,,
12044,"Kandivali East, Mumbai - MPCB",,19.2058,72.8682,40627,o3,O₃ mass,µg/m³,,,,
12044,"Kandivali East, Mumbai - MPCB",,19.2058,72.8682,12236471,pm10,PM10,µg/m³,,,,
12044,"Kandivali East, Mumbai - MPCB",,19.2058,72.8682,40652,pm10,PM10,µg/m³,,,,
12044,"Kandivali East, Mumbai - MPCB",,19.2058,72.8682,40650,pm25,PM2.5,µg/m³,,,,
12044,"Kandivali East, Mumbai - MPCB",,19.2058,72.8682,12236472,pm25,PM2.5,µg/m³,,,,
12044,"Kandivali East, Mumbai - MPCB",,19.2058,72.8682,12236474,so2,SO₂,ppb,,,,
12044,"Kandivali East, Mumbai - MPCB",,19.2058,72.8682,40620,so2,SO₂ mass,µg/m³,,,,
12045,"IITK, Kanpur - IITK",,26.511738999999995,80.235136,40622,co,CO mass,µg/m³,,,,
12045,"IITK, Kanpur - IITK",,26.511738999999995,80.235136,40638,o3,O₃ mass,µg/m³,,,,
12045,"IITK, Kanpur - IITK",,26.511738999999995,80.235136,40642,pm25,PM2.5,µg/m³,,,,
12046,"Perungudi, Chennai - TNPCB",,12.9533,80.2357,12236285,co,CO,ppb,,,,
12046,"Perungudi, Chennai - TNPCB",,12.9533,80.2357,12236287,no2,NO₂,ppb,,,,
12046,"Perungudi, Chennai - TNPCB",,12.9533,80.2357,12236288,o3,O₃ mass,µg/m³,,,,
12046,"Perungudi, Chennai - TNPCB",,12.9533,80.2357,12236289,pm10,PM10,µg/m³,,,,
12046,"Perungudi, Chennai - TNPCB",,12.9533,80.2357,12236290,pm25,PM2.5,µg/m³,,,,
12046,"Perungudi, Chennai - TNPCB",,12.9533,80.2357,12236292,so2,SO₂,ppb,,,,
42240,"Pan Bazaar, Guwahati - APCB",,26.1875,91.744194,12236485,co,CO,ppb,,,,
42240,"Pan Bazaar, Guwahati - APCB",,26.1875,91.744194,227038,co,CO mass,µg/m³,,,,
42240,"Pan Bazaar, Guwahati - APCB",,26.1875,91.744194,12236487,no2,NO₂,ppb,,,,
42240,"Pan Bazaar, Guwahati - APCB",,26.1875,91.744194,227039,no2,NO₂ mass,µg/m³,,,,
42240,"Pan Bazaar, Guwahati - APCB",,26.1875,91.744194,227036,o3,O₃ mass,µg/m³,,,,
42240,"Pan Bazaar, Guwahati - APCB",,26.1875,91.744194,12236488,o3,O₃ mass,µg/m³,,,,
42240,"Pan Bazaar, Guwahati - APCB",,26.1875,91.744194,227037,pm10,PM10,µg/m³,,,,
42240,"Pan Bazaar, Guwahati - APCB",,26.1875,91.744194,12236489,pm10,PM10,µg/m³,,,,
42240,"Pan Bazaar, Guwahati - APCB",,26.1875,91.744194,227035,pm25,PM2.5,µg/m³,,,,
42240,"Pan Bazaar, Guwahati - APCB",,26.1875,91.744194,12236490,pm25,PM2.5,µg/m³,,,,
42240,"Pan Bazaar, Guwahati - APCB",,26.1875,91.744194,12236491,so2,SO₂,ppb,,,,
42240,"Pan Bazaar, Guwahati - APCB",,26.1875,91.744194,227034,so2,SO₂ mass,µg/m³,,,,
44513,"Kadri, Mangalore - KSPCB",,12.88925,74.853,245749,co,CO mass,µg/m³,,,,
44513,"Kadri, Mangalore - KSPCB",,12.88925,74.853,12236492,co,CO,ppb,,,,
44513,"Kadri, Mangalore - KSPCB",,12.88925,74.853,12236494,no2,NO₂,ppb,,,,
44513,"Kadri, Mangalore - KSPCB",,12.88925,74.853,245752,no2,NO₂ mass,µg/m³,,,,
44513,"Kadri, Mangalore - KSPCB",,12.88925,74.853,12236495,o3,O₃ mass,µg/m³,,,,
44513,"Kadri, Mangalore - KSPCB",,12.88925,74.853,245750,o3,O₃ mass,µg/m³,,,,
44513,"Kadri, Mangalore - KSPCB",,12.88925,74.853,245755,pm10,PM10,µg/m³,,,,
44513,"Kadri, Mangalore - KSPCB",,12.88925,74.853,12236496,pm10,PM10,µg/m³,,,,
44513,"Kadri, Mangalore - KSPCB",,12.88925,74.853,245746,pm25,PM2.5,µg/m³,,,,
44513,"Kadri, Mangalore - KSPCB",,12.88925,74.853,12236497,pm25,PM2.5,µg/m³,,,,
44513,"Kadri, Mangalore - KSPCB",,12.88925,74.853,12236498,so2,SO₂,ppb,,,,
44513,"Kadri, Mangalore - KSPCB",,12.88925,74.853,245751,so2,SO₂ mass,µg/m³,,,,
44514,"Naubad, Bidar - KSPCB",,17.930306,77.482194,245759,co,CO mass,µg/m³,,,,
44514,"Naubad, Bidar - KSPCB",,17.930306,77.482194,12362350,co,CO,ppb,,,,
44514,"Naubad, Bidar - KSPCB",,17.930306,77.482194,12362352,no2,NO₂,ppb,,,,
44514,"Naubad, Bidar - KSPCB",,17.930306,77.482194,245754,no2,NO₂ mass,µg/m³,,,,
44514,"Naubad, Bidar - KSPCB",,17.930306,77.482194,245743,o3,O₃ mass,µg/m³,,,,
44514,"Naubad, Bidar - KSPCB",,17.930306,77.482194,12362353,o3,O₃ mass,µg/m³,,,,
44514,"Naubad, Bidar - KSPCB",,17.930306,77.482194,12362354,pm10,PM10,µg/m³,,,,
44514,"Naubad, Bidar - KSPCB",,17.930306,77.482194,245748,pm10,PM10,µg/m³,,,,
44514,"Naubad, Bidar - KSPCB",,17.930306,77.482194,12362355,pm25,PM2.5,µg/m³,,,,
44514,"Naubad, Bidar - KSPCB",,17.930306,77.482194,245742,pm25,PM2.5,µg/m³,,,,
44514,"Naubad, Bidar - KSPCB",,17.930306,77.482194,12362357,so2,SO₂,ppb,,,,
44514,"Naubad, Bidar - KSPCB",,17.930306,77.482194,245757,so2,SO₂ mass,µg/m³,,,,
44515,"Panchal Nagar, Gadag - KSPCB",,15.411456,75.638133,12522106,co,CO,ppb,,,,
44515,"Panchal Nagar, Gadag - KSPCB",,15.411456,75.638133,245753,co,CO mass,µg/m³,,,,
44515,"Panchal Nagar, Gadag - KSPCB",,15.411456,75.638133,12522108,no2,NO₂,ppb,,,,
44515,"Panchal Nagar, Gadag - KSPCB",,15.411456,75.638133,245745,no2,NO₂ mass,µg/m³,,,,
44515,"Panchal Nagar, Gadag - KSPCB",,15.411456,75.638133,245744,o3,O₃ mass,µg/m³,,,,
44515,"Panchal Nagar, Gadag - KSPCB",,15.411456,75.638133,12522109,o3,O₃ mass,µg/m³,,,,
44515,"Panchal Nagar, Gadag - KSPCB",,15.411456,75.638133,12522110,pm10,PM10,µg/m³,,,,
44515,"Panchal Nagar, Gadag - KSPCB",,15.411456,75.638133,245758,pm10,PM10,µg/m³,,,,
44515,"Panchal Nagar, Gadag - KSPCB",,15.411456,75.638133,12522111,pm25,PM2.5,µg/m³,,,,
44515,"Panchal Nagar, Gadag - KSPCB",,15.411456,75.638133,245756,pm25,PM2.5,µg/m³,,,,
44515,"Panchal Nagar, Gadag - KSPCB",,15.411456,75.638133,12531864,so2,SO₂,ppb,,,,
44515,"Panchal Nagar, Gadag - KSPCB",,15.411456,75.638133,245747,so2,SO₂ mass,µg/m³,,,,
45008,"Anthoni Pillai Nagar, Gummidipoondi - TNPCB",,13.4127,80.1081,14498877,co,CO,ppb,,,,
45008,"Anthoni Pillai Nagar, Gummidipoondi - TNPCB",,13.4127,80.1081,250817,no2,NO₂ mass,µg/m³,,,,
45008,"Anthoni Pillai Nagar, Gummidipoondi - TNPCB",,13.4127,80.1081,12236279,no2,NO₂,ppb,,,,
45008,"Anthoni Pillai Nagar, Gummidipoondi - TNPCB",,13.4127,80.1081,14498878,o3,O₃ mass,µg/m³,,,,
45008,"Anthoni Pillai Nagar, Gummidipoondi - TNPCB",,13.4127,80.1081,12236280,pm10,PM10,µg/m³,,,,
45008,"Anthoni Pillai Nagar, Gummidipoondi - TNPCB",,13.4127,80.1081,250816,pm10,PM10,µg/m³,,,,
45008,"Anthoni Pillai Nagar, Gummidipoondi - TNPCB",,13.4127,80.1081,12236281,pm25,PM2.5,µg/m³,,,,
45008,"Anthoni Pillai Nagar, Gummidipoondi - TNPCB",,13.4127,80.1081,250819,pm25,PM2.5,µg/m³,,,,
45008,"Anthoni Pillai Nagar, Gummidipoondi - TNPCB",,13.4127,80.1081,250818,so2,SO₂ mass,µg/m³,,,,
45008,"Anthoni Pillai Nagar, Gummidipoondi - TNPCB",,13.4127,80.1081,12236283,so2,SO₂,ppb,,,,
60656,"Tamaka Ind. Area, Kolar - KSPCB",,13.1276288,78.1570122,389745,co,CO mass,µg/m³,,,,
60656,"Tamaka Ind. Area, Kolar - KSPCB",,13.1276288,78.1570122,12235226,co,CO,ppb,,,,
60656,"Tamaka Ind. Area, Kolar - KSPCB",,13.1276288,78.1570122,12235228,no2,NO₂,ppb,,,,
60656,"Tamaka Ind. Area, Kolar - KSPCB",,13.1276288,78.1570122,389748,no2,NO₂ mass,µg/m³,,,,
60656,"Tamaka Ind. Area, Kolar - KSPCB",,13.1276288,78.1570122,389747,o3,O₃ mass,µg/m³,,,,
60656,"Tamaka Ind. Area, Kolar - KSPCB",,13.1276288,78.1570122,12235229,o3,O₃ mass,µg/m³,,,,
60656,"Tamaka Ind. Area, Kolar - KSPCB",,13.1276288,78.1570122,389746,pm10,PM10,µg/m³,,,,
60656,"Tamaka Ind. Area, Kolar - KSPCB",,13.1276288,78.1570122,12235230,pm10,PM10,µg/m³,,,,
60656,"Tamaka Ind. Area, Kolar - KSPCB",,13.1276288,78.1570122,1319146,pm25,PM2.5,µg/m³,,,,
60656,"Tamaka Ind. Area, Kolar - KSPCB",,13.1276288,78.1570122,12235231,pm25,PM2.5,µg/m³,,,,
60656,"Tamaka Ind. Area, Kolar - KSPCB",,13.1276288,78.1570122,389749,so2,SO₂ mass,µg/m³,,,,
60656,"Tamaka Ind. Area, Kolar - KSPCB",,13.1276288,78.1570122,12235233,so2,SO₂,ppb,,,,
60657,"Devaraj Urs Badavane, Davanagere - KSPCB",,14.4758,75.9052,389765,co,CO mass,µg/m³,,,,
60657,"Devaraj Urs Badavane, Davanagere - KSPCB",,14.4758,75.9052,12354705,co,CO,ppb,,,,
60657,"Devaraj Urs Badavane, Davanagere - KSPCB",,14.4758,75.9052,12355307,no2,NO₂,ppb,,,,
60657,"Devaraj Urs Badavane, Davanagere - KSPCB",,14.4758,75.9052,389766,no2,NO₂ mass,µg/m³,,,,
60657,"Devaraj Urs Badavane, Davanagere - KSPCB",,14.4758,75.9052,12354706,o3,O₃ mass,µg/m³,,,,
60657,"Devaraj Urs Badavane, Davanagere - KSPCB",,14.4758,75.9052,389763,o3,O₃ mass,µg/m³,,,,
60657,"Devaraj Urs Badavane, Davanagere - KSPCB",,14.4758,75.9052,389776,pm10,PM10,µg/m³,,,,
60657,"Devaraj Urs Badavane, Davanagere - KSPCB",,14.4758,75.9052,12251168,pm10,PM10,µg/m³,,,,
60657,"Devaraj Urs Badavane, Davanagere - KSPCB",,14.4758,75.9052,12273455,pm25,PM2.5,µg/m³,,,,
60657,"Devaraj Urs Badavane, Davanagere - KSPCB",,14.4758,75.9052,389755,pm25,PM2.5,µg/m³,,,,
60657,"Devaraj Urs Badavane, Davanagere - KSPCB",,14.4758,75.9052,12355309,so2,SO₂,ppb,,,,
60657,"Devaraj Urs Badavane, Davanagere - KSPCB",,14.4758,75.9052,389773,so2,SO₂ mass,µg/m³,,,,
60658,"Hadapsar, Pune - IITM",,18.501793,73.927532,389768,co,CO mass,µg/m³,,,,
60658,"Hadapsar, Pune - IITM",,18.501793,73.927532,12236444,co,CO,ppb,,,,
60658,"Hadapsar, Pune - IITM",,18.501793,73.927532,12236446,no2,NO₂,ppb,,,,
60658,"Hadapsar, Pune - IITM",,18.501793,73.927532,389753,no2,NO₂ mass,µg/m³,,,,
60658,"Hadapsar, Pune - IITM",,18.501793,73.927532,12236447,o3,O₃ mass,µg/m³,,,,
60658,"Hadapsar, Pune - IITM",,18.501793,73.927532,389774,o3,O₃ mass,µg/m³,,,,
60658,"Hadapsar, Pune - IITM",,18.501793,73.927532,12236448,pm10,PM10,µg/m³,,,,
60658,"Hadapsar, Pune - IITM",,18.501793,73.927532,389758,pm10,PM10,µg/m³,,,,
60658,"Hadapsar, Pune - IITM",,18.501793,73.927532,389762,pm25,PM2.5,µg/m³,,,,
60658,"Hadapsar, Pune - IITM",,18.501793,73.927532,12236449,pm25,PM2.5,µg/m³,,,,
60659,"Jawahar Nagar, Puducherry - PPCC",,11.9309,79.8027,389772,co,CO mass,µg/m³,,,,
60659,"Jawahar Nagar, Puducherry - PPCC",,11.9309,79.8027,12236499,co,CO,ppb,,,,
60659,"Jawahar Nagar, Puducherry - PPCC",,11.9309,79.8027,12236501,no2,NO₂,ppb,,,,
60659,"Jawahar Nagar, Puducherry - PPCC",,11.9309,79.8027,389756,no2,NO₂ mass,µg/m³,,,,
60659,"Jawahar Nagar, Puducherry - PPCC",,11.9309,79.8027,389775,o3,O₃ mass,µg/m³,,,,
60659,"Jawahar Nagar, Puducherry - PPCC",,11.9309,79.8027,12236502,o3,O₃ mass,µg/m³,,,,
60659,"Jawahar Nagar, Puducherry - PPCC",,11.9309,79.8027,389770,pm10,PM10,µg/m³,,,,
60659,"Jawahar Nagar, Puducherry - PPCC",,11.9309,79.8027,12236503,pm10,PM10,µg/m³,,,,
60659,"Jawahar Nagar, Puducherry - PPCC",,11.9309,79.8027,389751,pm25,PM2.5,µg/m³,,,,
60659,"Jawahar Nagar, Puducherry - PPCC",,11.9309,79.8027,12236504,pm25,PM2.5,µg/m³,,,,
60659,"Jawahar Nagar, Puducherry - PPCC",,11.9309,79.8027,12236506,so2,SO₂,ppb,,,,
60659,"Jawahar Nagar, Puducherry - PPCC",,11.9309,79.8027,389764,so2,SO₂ mass,µg/m³,,,,
60660,"MIT-Kothrud, Pune - IITM",,18.517754,73.8214883,389754,co,CO mass,µg/m³,,,,
60660,"MIT-Kothrud, Pune - IITM",,18.517754,73.8214883,389769,no2,NO₂ mass,µg/m³,,,,
60660,"MIT-Kothrud, Pune - IITM",,18.517754,73.8214883,389752,o3,O₃ mass,µg/m³,,,,
60660,"MIT-Kothrud, Pune - IITM",,18.517754,73.8214883,389759,pm10,PM10,µg/m³,,,,
60660,"MIT-Kothrud, Pune - IITM",,18.517754,73.8214883,389757,pm25,PM2.5,µg/m³,,,,
60661,"Siddharth Nagar-Worli, Mumbai - IITM",,19.000083,72.813993,389760,co,CO mass,µg/m³,,,,
60661,"Siddharth Nagar-Worli, Mumbai - IITM",,19.000083,72.813993,389767,no2,NO₂ mass,µg/m³,,,,
60661,"Siddharth Nagar-Worli, Mumbai - IITM",,19.000083,72.813993,389777,o3,O₃ mass,µg/m³,,,,
60661,"Siddharth Nagar-Worli, Mumbai - IITM",,19.000083,72.813993,389771,pm10,PM10,µg/m³,,,,
60661,"Siddharth Nagar-Worli, Mumbai - IITM",,19.000083,72.813993,389761,pm25,PM2.5,µg/m³,,,,
220265,"Rajbagh, Srinagar - JKSPCB",,34.06621,74.81982,1186321,co,CO mass,µg/m³,,,,
220265,"Rajbagh, Srinagar - JKSPCB",,34.06621,74.81982,12251169,co,CO,ppb,,,,
220265,"Rajbagh, Srinagar - JKSPCB",,34.06621,74.81982,12251171,no2,NO₂,ppb,,,,
220265,"Rajbagh, Srinagar - JKSPCB",,34.06621,74.81982,1186324,no2,NO₂ mass,µg/m³,,,,
220265,"Rajbagh, Srinagar - JKSPCB",,34.06621,74.81982,12251172,o3,O₃ mass,µg/m³,,,,
220265,"Rajbagh, Srinagar - JKSPCB",,34.06621,74.81982,1186320,o3,O₃ mass,µg/m³,,,,
220265,"Rajbagh, Srinagar - JKSPCB",,34.06621,74.81982,1186323,pm10,PM10,µg/m³,,,,
220265,"Rajbagh, Srinagar - JKSPCB",,34.06621,74.81982,12251173,pm10,PM10,µg/m³,,,,
220265,"Rajbagh, Srinagar - JKSPCB",,34.06621,74.81982,12251174,pm25,PM2.5,µg/m³,,,,
220265,"Rajbagh, Srinagar - JKSPCB",,34.06621,74.81982,1186319,pm25,PM2.5,µg/m³,,,,
220265,"Rajbagh, Srinagar - JKSPCB",,34.06621,74.81982,12251176,so2,SO₂,ppb,,,,
220265,"Rajbagh, Srinagar - JKSPCB",,34.06621,74.81982,1186322,so2,SO₂ mass,µg/m³,,,,
220353,"Brahmagiri, Udupi - KSPCB",,13.34194,74.74694,14391424,co,CO,ppb,,,,
220353,"Brahmagiri, Udupi - KSPCB",,13.34194,74.74694,1289786,co,CO mass,µg/m³,,,,
220353,"Brahmagiri, Udupi - KSPCB",,13.34194,74.74694,12274286,no2,NO₂,ppb,,,,
220353,"Brahmagiri, Udupi - KSPCB",,13.34194,74.74694,1289784,no2,NO₂ mass,µg/m³,,,,
220353,"Brahmagiri, Udupi - KSPCB",,13.34194,74.74694,12293437,o3,O₃ mass,µg/m³,,,,
220353,"Brahmagiri, Udupi - KSPCB",,13.34194,74.74694,1289782,o3,O₃ mass,µg/m³,,,,
220353,"Brahmagiri, Udupi - KSPCB",,13.34194,74.74694,12241394,pm10,PM10,µg/m³,,,,
220353,"Brahmagiri, Udupi - KSPCB",,13.34194,74.74694,1289785,pm10,PM10,µg/m³,,,,
220353,"Brahmagiri, Udupi - KSPCB",,13.34194,74.74694,12272605,pm25,PM2.5,µg/m³,,,,
220353,"Brahmagiri, Udupi - KSPCB",,13.34194,74.74694,1289783,so2,SO₂ mass,µg/m³,,,,
220353,"Brahmagiri, Udupi - KSPCB",,13.34194,74.74694,12274287,so2,SO₂,ppb,,,,
223145,"B.Katihalli, Hassan - KSPCB",,13.008556,76.12525800000002,1294203,co,CO mass,µg/m³,,,,
223145,"B.Katihalli, Hassan - KSPCB",,13.008556,76.12525800000002,1294207,no2,NO₂ mass,µg/m³,,,,
223145,"B.Katihalli, Hassan - KSPCB",,13.008556,76.12525800000002,1294202,o3,O₃ mass,µg/m³,,,,
223145,"B.Katihalli, Hassan - KSPCB",,13.008556,76.12525800000002,1294210,pm10,PM10,µg/m³,,,,
223145,"B.Katihalli, Hassan - KSPCB",,13.008556,76.12525800000002,1294205,pm25,PM2.5,µg/m³,,,,
223145,"B.Katihalli, Hassan - KSPCB",,13.008556,76.12525800000002,1294206,so2,SO₂ mass,µg/m³,,,,
223146,"Naharlagun, Naharlagun - APSPCB",,27.103358,93.679645,1294212,co,CO mass,µg/m³,,,,
223146,"Naharlagun, Naharlagun - APSPCB",,27.103358,93.679645,12242141,co,CO,ppb,,,,
223146,"Naharlagun, Naharlagun - APSPCB",,27.103358,93.679645,1294208,no2,NO₂ mass,µg/m³,,,,
223146,"Naharlagun, Naharlagun - APSPCB",,27.103358,93.679645,12242143,no2,NO₂,ppb,,,,
223146,"Naharlagun, Naharlagun - APSPCB",,27.103358,93.679645,1294211,o3,O₃ mass,µg/m³,,,,
223146,"Naharlagun, Naharlagun - APSPCB",,27.103358,93.679645,12242144,o3,O₃ mass,µg/m³,,,,
223146,"Naharlagun, Naharlagun - APSPCB",,27.103358,93.679645,1294209,pm10,PM10,µg/m³,,,,
223146,"Naharlagun, Naharlagun - APSPCB",,27.103358,93.679645,12242145,pm10,PM10,µg/m³,,,,
223146,"Naharlagun, Naharlagun - APSPCB",,27.103358,93.679645,1294201,pm25,PM2.5,µg/m³,,,,
223146,"Naharlagun, Naharlagun - APSPCB",,27.103358,93.679645,12242146,pm25,PM2.5,µg/m³,,,,
223146,"Naharlagun, Naharlagun - APSPCB",,27.103358,93.679645,1294204,so2,SO₂ mass,µg/m³,,,,
223146,"Naharlagun, Naharlagun - APSPCB",,27.103358,93.679645,12242148,so2,SO₂,ppb,,,,
227384,"Jhunsi, Prayagraj - UPPCB",,25.425601999999998,81.917152,12243934,co,CO,ppb,,,,
227384,"Jhunsi, Prayagraj - UPPCB",,25.425601999999998,81.917152,1311817,co,CO mass,µg/m³,,,,
227384,"Jhunsi, Prayagraj - UPPCB",,25.425601999999998,81.917152,1311827,no2,NO₂ mass,µg/m³,,,,
227384,"Jhunsi, Prayagraj - UPPCB",,25.425601999999998,81.917152,12243936,no2,NO₂,ppb,,,,
227384,"Jhunsi, Prayagraj - UPPCB",,25.425601999999998,81.917152,12243937,o3,O₃ mass,µg/m³,,,,
227384,"Jhunsi, Prayagraj - UPPCB",,25.425601999999998,81.917152,1311818,o3,O₃ mass,µg/m³,,,,
227384,"Jhunsi, Prayagraj - UPPCB",,25.425601999999998,81.917152,12243938,pm10,PM10,µg/m³,,,,
227384,"Jhunsi, Prayagraj - UPPCB",,25.425601999999998,81.917152,1311811,pm10,PM10,µg/m³,,,,
227384,"Jhunsi, Prayagraj - UPPCB",,25.425601999999998,81.917152,1311824,pm25,PM2.5,µg/m³,,,,
227384,"Jhunsi, Prayagraj - UPPCB",,25.425601999999998,81.917152,12243939,pm25,PM2.5,µg/m³,,,,
227384,"Jhunsi, Prayagraj - UPPCB",,25.425601999999998,81.917152,1311813,so2,SO₂ mass,µg/m³,,,,
227384,"Jhunsi, Prayagraj - UPPCB",,25.425601999999998,81.917152,12243941,so2,SO₂,ppb,,,,
227386,"B R Ambedkar University, Lucknow - UPPCB",,26.766433000000003,80.927299,1311821,co,CO mass,µg/m³,,,,
227386,"B R Ambedkar University, Lucknow - UPPCB",,26.766433000000003,80.927299,12236616,co,CO,ppb,,,,
227386,"B R Ambedkar University, Lucknow - UPPCB",,26.766433000000003,80.927299,12236618,no2,NO₂,ppb,,,,
227386,"B R Ambedkar University, Lucknow - UPPCB",,26.766433000000003,80.927299,1311816,no2,NO₂ mass,µg/m³,,,,
227386,"B R Ambedkar University, Lucknow - UPPCB",,26.766433000000003,80.927299,12236619,o3,O₃ mass,µg/m³,,,,
227386,"B R Ambedkar University, Lucknow - UPPCB",,26.766433000000003,80.927299,1311814,o3,O₃ mass,µg/m³,,,,
227386,"B R Ambedkar University, Lucknow - UPPCB",,26.766433000000003,80.927299,12236620,pm10,PM10,µg/m³,,,,
227386,"B R Ambedkar University, Lucknow - UPPCB",,26.766433000000003,80.927299,1311815,pm10,PM10,µg/m³,,,,
227386,"B R Ambedkar University, Lucknow - UPPCB",,26.766433000000003,80.927299,1311823,pm25,PM2.5,µg/m³,,,,
227386,"B R Ambedkar University, Lucknow - UPPCB",,26.766433000000003,80.927299,12236621,pm25,PM2.5,µg/m³,,,,
227386,"B R Ambedkar University, Lucknow - UPPCB",,26.766433000000003,80.927299,1311828,so2,SO₂ mass,µg/m³,,,,
227386,"B R Ambedkar University, Lucknow - UPPCB",,26.766433000000003,80.927299,12236623,so2,SO₂,ppb,,,,
227387,"Motilal Nehru NIT, Prayagraj - UPPCB",,25.494,81.863,1311812,co,CO mass,µg/m³,,,,
227387,"Motilal Nehru NIT, Prayagraj - UPPCB",,25.494,81.863,12236607,co,CO,ppb,,,,
227387,"Motilal Nehru NIT, Prayagraj - UPPCB",,25.494,81.863,1311822,no2,NO₂ mass,µg/m³,,,,
227387,"Motilal Nehru NIT, Prayagraj - UPPCB",,25.494,81.863,12236609,no2,NO₂,ppb,,,,
227387,"Motilal Nehru NIT, Prayagraj - UPPCB",,25.494,81.863,1311830,o3,O₃ mass,µg/m³,,,,
227387,"Motilal Nehru NIT, Prayagraj - UPPCB",,25.494,81.863,12236610,o3,O₃ mass,µg/m³,,,,
227387,"Motilal Nehru NIT, Prayagraj - UPPCB",,25.494,81.863,12236611,pm10,PM10,µg/m³,,,,
227387,"Motilal Nehru NIT, Prayagraj - UPPCB",,25.494,81.863,1311826,pm10,PM10,µg/m³,,,,
227387,"Motilal Nehru NIT, Prayagraj - UPPCB",,25.494,81.863,1311819,pm25,PM2.5,µg/m³,,,,
227387,"Motilal Nehru NIT, Prayagraj - UPPCB",,25.494,81.863,12236612,pm25,PM2.5,µg/m³,,,,
227387,"Motilal Nehru NIT, Prayagraj - UPPCB",,25.494,81.863,1311825,so2,SO₂ mass,µg/m³,,,,
227387,"Motilal Nehru NIT, Prayagraj - UPPCB",,25.494,81.863,12236614,so2,SO₂,ppb,,,,
227533,"Rakhial, Ahmedabad - IITM",,23.016834,72.625775,1312464,co,CO mass,µg/m³,,,,
227533,"Rakhial, Ahmedabad - IITM",,23.016834,72.625775,12236535,co,CO,ppb,,,,
227533,"Rakhial, Ahmedabad - IITM",,23.016834,72.625775,12236537,no2,NO₂,ppb,,,,
227533,"Rakhial, Ahmedabad - IITM",,23.016834,72.625775,1312466,no2,NO₂ mass,µg/m³,,,,
227533,"Rakhial, Ahmedabad - IITM",,23.016834,72.625775,1312453,o3,O₃ mass,µg/m³,,,,
227533,"Rakhial, Ahmedabad - IITM",,23.016834,72.625775,12236538,o3,O₃ mass,µg/m³,,,,
227533,"Rakhial, Ahmedabad - IITM",,23.016834,72.625775,12236539,pm10,PM10,µg/m³,,,,
227533,"Rakhial, Ahmedabad - IITM",,23.016834,72.625775,1312468,pm10,PM10,µg/m³,,,,
227533,"Rakhial, Ahmedabad - IITM",,23.016834,72.625775,12236540,pm25,PM2.5,µg/m³,,,,
227533,"Rakhial, Ahmedabad - IITM",,23.016834,72.625775,1312460,pm25,PM2.5,µg/m³,,,,
227533,"Rakhial, Ahmedabad - IITM",,23.016834,72.625775,12236542,so2,SO₂,ppb,,,,
227533,"Rakhial, Ahmedabad - IITM",,23.016834,72.625775,1312467,so2,SO₂ mass,µg/m³,,,,
227534,"Gyaspur, Ahmedabad - IITM",,22.977134,72.553024,12236526,co,CO,ppb,,,,
227534,"Gyaspur, Ahmedabad - IITM",,22.977134,72.553024,1312455,co,CO mass,µg/m³,,,,
227534,"Gyaspur, Ahmedabad - IITM",,22.977134,72.553024,12236528,no2,NO₂,ppb,,,,
227534,"Gyaspur, Ahmedabad - IITM",,22.977134,72.553024,1312469,no2,NO₂ mass,µg/m³,,,,
227534,"Gyaspur, Ahmedabad - IITM",,22.977134,72.553024,12236529,o3,O₃ mass,µg/m³,,,,
227534,"Gyaspur, Ahmedabad - IITM",,22.977134,72.553024,1312472,o3,O₃ mass,µg/m³,,,,
227534,"Gyaspur, Ahmedabad - IITM",,22.977134,72.553024,1312470,pm10,PM10,µg/m³,,,,
227534,"Gyaspur, Ahmedabad - IITM",,22.977134,72.553024,12236530,pm10,PM10,µg/m³,,,,
227534,"Gyaspur, Ahmedabad - IITM",,22.977134,72.553024,12236531,pm25,PM2.5,µg/m³,,,,
227534,"Gyaspur, Ahmedabad - IITM",,22.977134,72.553024,1312452,pm25,PM2.5,µg/m³,,,,
227534,"Gyaspur, Ahmedabad - IITM",,22.977134,72.553024,1312462,so2,SO₂ mass,µg/m³,,,,
227534,"Gyaspur, Ahmedabad - IITM",,22.977134,72.553024,12236533,so2,SO₂,ppb,,,,
227535,"Manoharpur, Agra - UPPCB",,27.237109999999998,78.01935999999999,12236643,co,CO,ppb,,,,
227535,"Manoharpur, Agra - UPPCB",,27.237109999999998,78.01935999999999,1312459,co,CO mass,µg/m³,,,,
227535,"Manoharpur, Agra - UPPCB",,27.237109999999998,78.01935999999999,12236645,no2,NO₂,ppb,,,,
227535,"Manoharpur, Agra - UPPCB",,27.237109999999998,78.01935999999999,1312461,no2,NO₂ mass,µg/m³,,,,
227535,"Manoharpur, Agra - UPPCB",,27.237109999999998,78.01935999999999,1312471,o3,O₃ mass,µg/m³,,,,
227535,"Manoharpur, Agra - UPPCB",,27.237109999999998,78.01935999999999,12236646,o3,O₃ mass,µg/m³,,,,
227535,"Manoharpur, Agra - UPPCB",,27.237109999999998,78.01935999999999,12236647,pm10,PM10,µg/m³,,,,
227535,"Manoharpur, Agra - UPPCB",,27.237109999999998,78.01935999999999,1312458,pm10,PM10,µg/m³,,,,
227535,"Manoharpur, Agra - UPPCB",,27.237109999999998,78.01935999999999,12236648,pm25,PM2.5,µg/m³,,,,
227535,"Manoharpur, Agra - UPPCB",,27.237109999999998,78.01935999999999,1312465,pm25,PM2.5,µg/m³,,,,
227535,"Manoharpur, Agra - UPPCB",,27.237109999999998,78.01935999999999,1312454,so2,SO₂ mass,µg/m³,,,,
227535,"Manoharpur, Agra - UPPCB",,27.237109999999998,78.01935999999999,12236650,so2,SO₂,ppb,,,,
227536,"Chandkheda, Ahmedabad - IITM",,23.107969,72.574648,12236553,co,CO,ppb,,,,
227536,"Chandkheda, Ahmedabad - IITM",,23.107969,72.574648,1312456,co,CO mass,µg/m³,,,,
227536,"Chandkheda, Ahmedabad - IITM",,23.107969,72.574648,1312463,no2,NO₂ mass,µg/m³,,,,
227536,"Chandkheda, Ahmedabad - IITM",,23.107969,72.574648,12236555,no2,NO₂,ppb,,,,
227536,"Chandkheda, Ahmedabad - IITM",,23.107969,72.574648,12236556,o3,O₃ mass,µg/m³,,,,
227536,"Chandkheda, Ahmedabad - IITM",,23.107969,72.574648,1312474,o3,O₃ mass,µg/m³,,,,
227536,"Chandkheda, Ahmedabad - IITM",,23.107969,72.574648,1312473,pm10,PM10,µg/m³,,,,
227536,"Chandkheda, Ahmedabad - IITM",,23.107969,72.574648,12236557,pm10,PM10,µg/m³,,,,
227536,"Chandkheda, Ahmedabad - IITM",,23.107969,72.574648,1312451,pm25,PM2.5,µg/m³,,,,
227536,"Chandkheda, Ahmedabad - IITM",,23.107969,72.574648,12236558,pm25,PM2.5,µg/m³,,,,
227536,"Chandkheda, Ahmedabad - IITM",,23.107969,72.574648,12236560,so2,SO₂,ppb,,,,
227536,"Chandkheda, Ahmedabad - IITM",,23.107969,72.574648,1312457,so2,SO₂ mass,µg/m³,,,,
227931,"Sector-3B Avas Vikas Colony, Agra - UPPCB",,27.19412,77.96236999999999,1314233,co,CO mass,µg/m³,,,,
227931,"Sector-3B Avas Vikas Colony, Agra - UPPCB",,27.19412,77.96236999999999,12236652,co,CO,ppb,,,,
227931,"Sector-3B Avas Vikas Colony, Agra - UPPCB",,27.19412,77.96236999999999,1314235,no2,NO₂ mass,µg/m³,,,,
227931,"Sector-3B Avas Vikas Colony, Agra - UPPCB",,27.19412,77.96236999999999,12236654,no2,NO₂,ppb,,,,
227931,"Sector-3B Avas Vikas Colony, Agra - UPPCB",,27.19412,77.96236999999999,12236655,o3,O₃ mass,µg/m³,,,,
227931,"Sector-3B Avas Vikas Colony, Agra - UPPCB",,27.19412,77.96236999999999,1314232,o3,O₃ mass,µg/m³,,,,
227931,"Sector-3B Avas Vikas Colony, Agra - UPPCB",,27.19412,77.96236999999999,12236656,pm10,PM10,µg/m³,,,,
227931,"Sector-3B Avas Vikas Colony, Agra - UPPCB",,27.19412,77.96236999999999,1314230,pm10,PM10,µg/m³,,,,
227931,"Sector-3B Avas Vikas Colony, Agra - UPPCB",,27.19412,77.96236999999999,12236657,pm25,PM2.5,µg/m³,,,,
227931,"Sector-3B Avas Vikas Colony, Agra - UPPCB",,27.19412,77.96236999999999,1314234,pm25,PM2.5,µg/m³,,,,
227931,"Sector-3B Avas Vikas Colony, Agra - UPPCB",,27.19412,77.96236999999999,12236659,so2,SO₂,ppb,,,,
227931,"Sector-3B Avas Vikas Colony, Agra - UPPCB",,27.19412,77.96236999999999,1314231,so2,SO₂ mass,µg/m³,,,,
228297,"SVPI Airport Hansol, Ahmedabad - IITM",,23.076793,72.627874,12236580,co,CO,ppb,,,,
228297,"SVPI Airport Hansol, Ahmedabad - IITM",,23.076793,72.627874,1315784,co,CO mass,µg/m³,,,,
228297,"SVPI Airport Hansol, Ahmedabad - IITM",,23.076793,72.627874,1315792,no2,NO₂ mass,µg/m³,,,,
228297,"SVPI Airport Hansol, Ahmedabad - IITM",,23.076793,72.627874,12236582,no2,NO₂,ppb,,,,
228297,"SVPI Airport Hansol, Ahmedabad - IITM",,23.076793,72.627874,12236583,o3,O₃ mass,µg/m³,,,,
228297,"SVPI Airport Hansol, Ahmedabad - IITM",,23.076793,72.627874,1315769,o3,O₃ mass,µg/m³,,,,
228297,"SVPI Airport Hansol, Ahmedabad - IITM",,23.076793,72.627874,12236584,pm10,PM10,µg/m³,,,,
228297,"SVPI Airport Hansol, Ahmedabad - IITM",,23.076793,72.627874,1315800,pm10,PM10,µg/m³,,,,
228297,"SVPI Airport Hansol, Ahmedabad - IITM",,23.076793,72.627874,12236585,pm25,PM2.5,µg/m³,,,,
228297,"SVPI Airport Hansol, Ahmedabad - IITM",,23.076793,72.627874,1315797,pm25,PM2.5,µg/m³,,,,
228297,"SVPI Airport Hansol, Ahmedabad - IITM",,23.076793,72.627874,1315787,so2,SO₂ mass,µg/m³,,,,
228297,"SVPI Airport Hansol, Ahmedabad - IITM",,23.076793,72.627874,12236587,so2,SO₂,ppb,,,,
228298,"Sardar Vallabhbhai Patel Stadium, Ahmedabad - IITM",,23.04307,72.56296800000001,12236517,co,CO,ppb,,,,
228298,"Sardar Vallabhbhai Patel Stadium, Ahmedabad - IITM",,23.04307,72.56296800000001,1315774,co,CO mass,µg/m³,,,,
228298,"Sardar Vallabhbhai Patel Stadium, Ahmedabad - IITM",,23.04307,72.56296800000001,1315782,no2,NO₂ mass,µg/m³,,,,
228298,"Sardar Vallabhbhai Patel Stadium, Ahmedabad - IITM",,23.04307,72.56296800000001,12236519,no2,NO₂,ppb,,,,
228298,"Sardar Vallabhbhai Patel Stadium, Ahmedabad - IITM",,23.04307,72.56296800000001,1315773,o3,O₃ mass,µg/m³,,,,
228298,"Sardar Vallabhbhai Patel Stadium, Ahmedabad - IITM",,23.04307,72.56296800000001,12236520,o3,O₃ mass,µg/m³,,,,
228298,"Sardar Vallabhbhai Patel Stadium, Ahmedabad - IITM",,23.04307,72.56296800000001,1315766,pm10,PM10,µg/m³,,,,
228298,"Sardar Vallabhbhai Patel Stadium, Ahmedabad - IITM",,23.04307,72.56296800000001,12236521,pm10,PM10,µg/m³,,,,
228298,"Sardar Vallabhbhai Patel Stadium, Ahmedabad - IITM",,23.04307,72.56296800000001,1315781,pm25,PM2.5,µg/m³,,,,
228298,"Sardar Vallabhbhai Patel Stadium, Ahmedabad - IITM",,23.04307,72.56296800000001,12236522,pm25,PM2.5,µg/m³,,,,
228298,"Sardar Vallabhbhai Patel Stadium, Ahmedabad - IITM",,23.04307,72.56296800000001,1315801,so2,SO₂ mass,µg/m³,,,,
228298,"Sardar Vallabhbhai Patel Stadium, Ahmedabad - IITM",,23.04307,72.56296800000001,12236524,so2,SO₂,ppb,,,,
228299,"GIFT City, Gandhinagar - IITM",,23.163798,72.677768,1315795,co,CO mass,µg/m³,,,,
228299,"GIFT City, Gandhinagar - IITM",,23.163798,72.677768,1315789,no2,NO₂ mass,µg/m³,,,,
228299,"GIFT City, Gandhinagar - IITM",,23.163798,72.677768,1315767,o3,O₃ mass,µg/m³,,,,
228299,"GIFT City, Gandhinagar - IITM",,23.163798,72.677768,1315780,pm10,PM10,µg/m³,,,,
228299,"GIFT City, Gandhinagar - IITM",,23.163798,72.677768,1315791,pm25,PM2.5,µg/m³,,,,
228299,"GIFT City, Gandhinagar - IITM",,23.163798,72.677768,1315770,so2,SO₂ mass,µg/m³,,,,
228300,"SAC ISRO Satellite, Ahmedabad - IITM",,23.023389,72.515201,1315771,co,CO mass,µg/m³,,,,
228300,"SAC ISRO Satellite, Ahmedabad - IITM",,23.023389,72.515201,12236571,co,CO,ppb,,,,
228300,"SAC ISRO Satellite, Ahmedabad - IITM",,23.023389,72.515201,1315779,no2,NO₂ mass,µg/m³,,,,
228300,"SAC ISRO Satellite, Ahmedabad - IITM",,23.023389,72.515201,12236573,no2,NO₂,ppb,,,,
228300,"SAC ISRO Satellite, Ahmedabad - IITM",,23.023389,72.515201,12236574,o3,O₃ mass,µg/m³,,,,
228300,"SAC ISRO Satellite, Ahmedabad - IITM",,23.023389,72.515201,1315802,o3,O₃ mass,µg/m³,,,,
228300,"SAC ISRO Satellite, Ahmedabad - IITM",,23.023389,72.515201,1315778,pm10,PM10,µg/m³,,,,
228300,"SAC ISRO Satellite, Ahmedabad - IITM",,23.023389,72.515201,12236575,pm10,PM10,µg/m³,,,,
228300,"SAC ISRO Satellite, Ahmedabad - IITM",,23.023389,72.515201,1315772,pm25,PM2.5,µg/m³,,,,
228300,"SAC ISRO Satellite, Ahmedabad - IITM",,23.023389,72.515201,12236576,pm25,PM2.5,µg/m³,,,,
228300,"SAC ISRO Satellite, Ahmedabad - IITM",,23.023389,72.515201,1315790,so2,SO₂ mass,µg/m³,,,,
228300,"SAC ISRO Satellite, Ahmedabad - IITM",,23.023389,72.515201,12236578,so2,SO₂,ppb,,,,
228301,"IIPHG Lekawada, Gandhinagar - IITM",,23.243639,72.68994,1315799,co,CO mass,µg/m³,,,,
228301,"IIPHG Lekawada, Gandhinagar - IITM",,23.243639,72.68994,12236589,co,CO,ppb,,,,
228301,"IIPHG Lekawada, Gandhinagar - IITM",,23.243639,72.68994,1315788,no2,NO₂ mass,µg/m³,,,,
228301,"IIPHG Lekawada, Gandhinagar - IITM",,23.243639,72.68994,12236591,no2,NO₂,ppb,,,,
228301,"IIPHG Lekawada, Gandhinagar - IITM",,23.243639,72.68994,1315804,o3,O₃ mass,µg/m³,,,,
228301,"IIPHG Lekawada, Gandhinagar - IITM",,23.243639,72.68994,12236592,o3,O₃ mass,µg/m³,,,,
228301,"IIPHG Lekawada, Gandhinagar - IITM",,23.243639,72.68994,12236593,pm10,PM10,µg/m³,,,,
228301,"IIPHG Lekawada, Gandhinagar - IITM",,23.243639,72.68994,1315777,pm10,PM10,µg/m³,,,,
228301,"IIPHG Lekawada, Gandhinagar - IITM",,23.243639,72.68994,1315764,pm25,PM2.5,µg/m³,,,,
228301,"IIPHG Lekawada, Gandhinagar - IITM",,23.243639,72.68994,12236594,pm25,PM2.5,µg/m³,,,,
228301,"IIPHG Lekawada, Gandhinagar - IITM",,23.243639,72.68994,12236596,so2,SO₂,ppb,,,,
228301,"IIPHG Lekawada, Gandhinagar - IITM",,23.243639,72.68994,1315794,so2,SO₂ mass,µg/m³,,,,
228303,"SAC ISRO Bopal, Ahmedabad - IITM",,23.041137,72.456691,12236562,co,CO,ppb,,,,
228303,"SAC ISRO Bopal, Ahmedabad - IITM",,23.041137,72.456691,1315798,co,CO mass,µg/m³,,,,
228303,"SAC ISRO Bopal, Ahmedabad - IITM",,23.041137,72.456691,12236564,no2,NO₂,ppb,,,,
228303,"SAC ISRO Bopal, Ahmedabad - IITM",,23.041137,72.456691,1315786,no2,NO₂ mass,µg/m³,,,,
228303,"SAC ISRO Bopal, Ahmedabad - IITM",,23.041137,72.456691,1315776,o3,O₃ mass,µg/m³,,,,
228303,"SAC ISRO Bopal, Ahmedabad - IITM",,23.041137,72.456691,12236565,o3,O₃ mass,µg/m³,,,,
228303,"SAC ISRO Bopal, Ahmedabad - IITM",,23.041137,72.456691,1315796,pm10,PM10,µg/m³,,,,
228303,"SAC ISRO Bopal, Ahmedabad - IITM",,23.041137,72.456691,12236566,pm10,PM10,µg/m³,,,,
228303,"SAC ISRO Bopal, Ahmedabad - IITM",,23.041137,72.456691,1315765,pm25,PM2.5,µg/m³,,,,
228303,"SAC ISRO Bopal, Ahmedabad - IITM",,23.041137,72.456691,12236567,pm25,PM2.5,µg/m³,,,,
228303,"SAC ISRO Bopal, Ahmedabad - IITM",,23.041137,72.456691,12236569,so2,SO₂,ppb,,,,
228303,"SAC ISRO Bopal, Ahmedabad - IITM",,23.041137,72.456691,1315768,so2,SO₂ mass,µg/m³,,,,
228352,"Shastripuram, Agra - UPPCB",,27.198620000000002,77.92066,12236634,co,CO,ppb,,,,
228352,"Shastripuram, Agra - UPPCB",,27.198620000000002,77.92066,1316049,co,CO mass,µg/m³,,,,
228352,"Shastripuram, Agra - UPPCB",,27.198620000000002,77.92066,12236636,no2,NO₂,ppb,,,,
228352,"Shastripuram, Agra - UPPCB",,27.198620000000002,77.92066,1316051,no2,NO₂ mass,µg/m³,,,,
228352,"Shastripuram, Agra - UPPCB",,27.198620000000002,77.92066,12236637,o3,O₃ mass,µg/m³,,,,
228352,"Shastripuram, Agra - UPPCB",,27.198620000000002,77.92066,1316053,o3,O₃ mass,µg/m³,,,,
228352,"Shastripuram, Agra - UPPCB",,27.198620000000002,77.92066,1316050,pm10,PM10,µg/m³,,,,
228352,"Shastripuram, Agra - UPPCB",,27.198620000000002,77.92066,12236638,pm10,PM10,µg/m³,,,,
228352,"Shastripuram, Agra - UPPCB",,27.198620000000002,77.92066,12236639,pm25,PM2.5,µg/m³,,,,
228352,"Shastripuram, Agra - UPPCB",,27.198620000000002,77.92066,1316054,pm25,PM2.5,µg/m³,,,,
228352,"Shastripuram, Agra - UPPCB",,27.198620000000002,77.92066,12236641,so2,SO₂,ppb,,,,
228352,"Shastripuram, Agra - UPPCB",,27.198620000000002,77.92066,1316052,so2,SO₂ mass,µg/m³,,,,
228397,"IESD Banaras Hindu University, Varanasi - UPPCB",,25.262326,82.995408,12236661,co,CO,ppb,,,,
228397,"IESD Banaras Hindu University, Varanasi - UPPCB",,25.262326,82.995408,1316309,co,CO mass,µg/m³,,,,
228397,"IESD Banaras Hindu University, Varanasi - UPPCB",,25.262326,82.995408,1316312,no2,NO₂ mass,µg/m³,,,,
228397,"IESD Banaras Hindu University, Varanasi - UPPCB",,25.262326,82.995408,12236663,no2,NO₂,ppb,,,,
228397,"IESD Banaras Hindu University, Varanasi - UPPCB",,25.262326,82.995408,12236664,o3,O₃ mass,µg/m³,,,,
228397,"IESD Banaras Hindu University, Varanasi - UPPCB",,25.262326,82.995408,1316308,o3,O₃ mass,µg/m³,,,,
228397,"IESD Banaras Hindu University, Varanasi - UPPCB",,25.262326,82.995408,12236665,pm10,PM10,µg/m³,,,,
228397,"IESD Banaras Hindu University, Varanasi - UPPCB",,25.262326,82.995408,1316311,pm10,PM10,µg/m³,,,,
228397,"IESD Banaras Hindu University, Varanasi - UPPCB",,25.262326,82.995408,12236666,pm25,PM2.5,µg/m³,,,,
228397,"IESD Banaras Hindu University, Varanasi - UPPCB",,25.262326,82.995408,1316310,pm25,PM2.5,µg/m³,,,,
228397,"IESD Banaras Hindu University, Varanasi - UPPCB",,25.262326,82.995408,12236668,so2,SO₂,ppb,,,,
228397,"IESD Banaras Hindu University, Varanasi - UPPCB",,25.262326,82.995408,1316313,so2,SO₂ mass,µg/m³,,,,
228403,"Bhelupur, Varanasi - UPPCB",,25.301778,82.996789,12236670,co,CO,ppb,,,,
228403,"Bhelupur, Varanasi - UPPCB",,25.301778,82.996789,1316344,co,CO mass,µg/m³,,,,
228403,"Bhelupur, Varanasi - UPPCB",,25.301778,82.996789,1316349,no2,NO₂ mass,µg/m³,,,,
228403,"Bhelupur, Varanasi - UPPCB",,25.301778,82.996789,12236672,no2,NO₂,ppb,,,,
228403,"Bhelupur, Varanasi - UPPCB",,25.301778,82.996789,12236673,o3,O₃ mass,µg/m³,,,,
228403,"Bhelupur, Varanasi - UPPCB",,25.301778,82.996789,1316347,o3,O₃ mass,µg/m³,,,,
228403,"Bhelupur, Varanasi - UPPCB",,25.301778,82.996789,12236674,pm10,PM10,µg/m³,,,,
228403,"Bhelupur, Varanasi - UPPCB",,25.301778,82.996789,1316348,pm10,PM10,µg/m³,,,,
228403,"Bhelupur, Varanasi - UPPCB",,25.301778,82.996789,1316350,pm25,PM2.5,µg/m³,,,,
228403,"Bhelupur, Varanasi - UPPCB",,25.301778,82.996789,12236675,pm25,PM2.5,µg/m³,,,,
228403,"Bhelupur, Varanasi - UPPCB",,25.301778,82.996789,12236677,so2,SO₂,ppb,,,,
228403,"Bhelupur, Varanasi - UPPCB",,25.301778,82.996789,1316345,so2,SO₂ mass,µg/m³,,,,
228840,"Madan Mohan Malaviya University of Technology, Gorakhpur - UPPCB",,26.730136,83.433859,1318589,co,CO mass,µg/m³,,,,
228840,"Madan Mohan Malaviya University of Technology, Gorakhpur - UPPCB",,26.730136,83.433859,12236679,co,CO,ppb,,,,
228840,"Madan Mohan Malaviya University of Technology, Gorakhpur - UPPCB",,26.730136,83.433859,12236681,no2,NO₂,ppb,,,,
228840,"Madan Mohan Malaviya University of Technology, Gorakhpur - UPPCB",,26.730136,83.433859,1318586,no2,NO₂ mass,µg/m³,,,,
228840,"Madan Mohan Malaviya University of Technology, Gorakhpur - UPPCB",,26.730136,83.433859,12236682,o3,O₃ mass,µg/m³,,,,
228840,"Madan Mohan Malaviya University of Technology, Gorakhpur - UPPCB",,26.730136,83.433859,1318585,o3,O₃ mass,µg/m³,,,,
228840,"Madan Mohan Malaviya University of Technology, Gorakhpur - UPPCB",,26.730136,83.433859,12236683,pm10,PM10,µg/m³,,,,
228840,"Madan Mohan Malaviya University of Technology, Gorakhpur - UPPCB",,26.730136,83.433859,1318587,pm10,PM10,µg/m³,,,,
228840,"Madan Mohan Malaviya University of Technology, Gorakhpur - UPPCB",,26.730136,83.433859,12236684,pm25,PM2.5,µg/m³,,,,
228840,"Madan Mohan Malaviya University of Technology, Gorakhpur - UPPCB",,26.730136,83.433859,1318588,pm25,PM2.5,µg/m³,,,,
228840,"Madan Mohan Malaviya University of Technology, Gorakhpur - UPPCB",,26.730136,83.433859,1318584,so2,SO₂ mass,µg/m³,,,,
228840,"Madan Mohan Malaviya University of Technology, Gorakhpur - UPPCB",,26.730136,83.433859,12236686,so2,SO₂,ppb,,,,
229195,"Maldahiya, Varanasi - UPPCB",,25.323929999999997,82.99687,1320301,co,CO mass,µg/m³,,,,
229195,"Maldahiya, Varanasi - UPPCB",,25.323929999999997,82.99687,12236697,co,CO,ppb,,,,
229195,"Maldahiya, Varanasi - UPPCB",,25.323929999999997,82.99687,1320303,no2,NO₂ mass,µg/m³,,,,
229195,"Maldahiya, Varanasi - UPPCB",,25.323929999999997,82.99687,12236699,no2,NO₂,ppb,,,,
229195,"Maldahiya, Varanasi - UPPCB",,25.323929999999997,82.99687,1320306,o3,O₃ mass,µg/m³,,,,
229195,"Maldahiya, Varanasi - UPPCB",,25.323929999999997,82.99687,12236700,o3,O₃ mass,µg/m³,,,,
229195,"Maldahiya, Varanasi - UPPCB",,25.323929999999997,82.99687,12236701,pm10,PM10,µg/m³,,,,
229195,"Maldahiya, Varanasi - UPPCB",,25.323929999999997,82.99687,1320304,pm10,PM10,µg/m³,,,,
229195,"Maldahiya, Varanasi - UPPCB",,25.323929999999997,82.99687,1320302,pm25,PM2.5,µg/m³,,,,
229195,"Maldahiya, Varanasi - UPPCB",,25.323929999999997,82.99687,12236702,pm25,PM2.5,µg/m³,,,,
229195,"Maldahiya, Varanasi - UPPCB",,25.323929999999997,82.99687,12236704,so2,SO₂,ppb,,,,
229195,"Maldahiya, Varanasi - UPPCB",,25.323929999999997,82.99687,1320305,so2,SO₂ mass,µg/m³,,,,
229252,"NSI Kalyanpur, Kanpur - UPPCB",,26.509953999999997,80.249612,1320641,co,CO mass,µg/m³,,,,
229252,"NSI Kalyanpur, Kanpur - UPPCB",,26.509953999999997,80.249612,12236688,co,CO,ppb,,,,
229252,"NSI Kalyanpur, Kanpur - UPPCB",,26.509953999999997,80.249612,1320644,no2,NO₂ mass,µg/m³,,,,
229252,"NSI Kalyanpur, Kanpur - UPPCB",,26.509953999999997,80.249612,12236690,no2,NO₂,ppb,,,,
229252,"NSI Kalyanpur, Kanpur - UPPCB",,26.509953999999997,80.249612,12236691,o3,O₃ mass,µg/m³,,,,
229252,"NSI Kalyanpur, Kanpur - UPPCB",,26.509953999999997,80.249612,1320639,o3,O₃ mass,µg/m³,,,,
229252,"NSI Kalyanpur, Kanpur - UPPCB",,26.509953999999997,80.249612,1320642,pm10,PM10,µg/m³,,,,
229252,"NSI Kalyanpur, Kanpur - UPPCB",,26.509953999999997,80.249612,12236692,pm10,PM10,µg/m³,,,,
229252,"NSI Kalyanpur, Kanpur - UPPCB",,26.509953999999997,80.249612,12236693,pm25,PM2.5,µg/m³,,,,
229252,"NSI Kalyanpur, Kanpur - UPPCB",,26.509953999999997,80.249612,1320643,pm25,PM2.5,µg/m³,,,,
229252,"NSI Kalyanpur, Kanpur - UPPCB",,26.509953999999997,80.249612,1320645,so2,SO₂ mass,µg/m³,,,,
229252,"NSI Kalyanpur, Kanpur - UPPCB",,26.509953999999997,80.249612,12236695,so2,SO₂,ppb,,,,
229404,"Kukrail Picnic Spot-1, Lucknow - UPPCB",,26.90723,80.98579000000001,12236625,co,CO,ppb,,,,
229404,"Kukrail Picnic Spot-1, Lucknow - UPPCB",,26.90723,80.98579000000001,1321500,co,CO mass,µg/m³,,,,
229404,"Kukrail Picnic Spot-1, Lucknow - UPPCB",,26.90723,80.98579000000001,1321497,no2,NO₂ mass,µg/m³,,,,
229404,"Kukrail Picnic Spot-1, Lucknow - UPPCB",,26.90723,80.98579000000001,12236627,no2,NO₂,ppb,,,,
229404,"Kukrail Picnic Spot-1, Lucknow - UPPCB",,26.90723,80.98579000000001,1321499,o3,O₃ mass,µg/m³,,,,
229404,"Kukrail Picnic Spot-1, Lucknow - UPPCB",,26.90723,80.98579000000001,12236628,o3,O₃ mass,µg/m³,,,,
229404,"Kukrail Picnic Spot-1, Lucknow - UPPCB",,26.90723,80.98579000000001,1321496,pm10,PM10,µg/m³,,,,
229404,"Kukrail Picnic Spot-1, Lucknow - UPPCB",,26.90723,80.98579000000001,12236629,pm10,PM10,µg/m³,,,,
229404,"Kukrail Picnic Spot-1, Lucknow - UPPCB",,26.90723,80.98579000000001,1321498,pm25,PM2.5,µg/m³,,,,
229404,"Kukrail Picnic Spot-1, Lucknow - UPPCB",,26.90723,80.98579000000001,12236630,pm25,PM2.5,µg/m³,,,,
229404,"Kukrail Picnic Spot-1, Lucknow - UPPCB",,26.90723,80.98579000000001,1321495,so2,SO₂ mass,µg/m³,,,,
229404,"Kukrail Picnic Spot-1, Lucknow - UPPCB",,26.90723,80.98579000000001,12236632,so2,SO₂,ppb,,,,
229473,blore_India_07_14_official,,13.003347077,77.628012188,1321837,pm25,PM2.5,µg/m³,,,,
229728,"Kamalnath Nagar, Bettiah - BSPCB",,26.80365,84.51954,12236706,co,CO,ppb,,,,
229728,"Kamalnath Nagar, Bettiah - BSPCB",,26.80365,84.51954,1323088,co,CO mass,µg/m³,,,,
229728,"Kamalnath Nagar, Bettiah - BSPCB",,26.80365,84.51954,1323086,no2,NO₂ mass,µg/m³,,,,
229728,"Kamalnath Nagar, Bettiah - BSPCB",,26.80365,84.51954,12236708,no2,NO₂,ppb,,,,
229728,"Kamalnath Nagar, Bettiah - BSPCB",,26.80365,84.51954,1323079,o3,O₃,ppm,,,,
229728,"Kamalnath Nagar, Bettiah - BSPCB",,26.80365,84.51954,1324433,o3,O₃ mass,µg/m³,,,,
229728,"Kamalnath Nagar, Bettiah - BSPCB",,26.80365,84.51954,12236709,o3,O₃ mass,µg/m³,,,,
229728,"Kamalnath Nagar, Bettiah - BSPCB",,26.80365,84.51954,1323090,pm10,PM10,µg/m³,,,,
229728,"Kamalnath Nagar, Bettiah - BSPCB",,26.80365,84.51954,12236710,pm10,PM10,µg/m³,,,,
229728,"Kamalnath Nagar, Bettiah - BSPCB",,26.80365,84.51954,12236711,pm25,PM2.5,µg/m³,,,,
229728,"Kamalnath Nagar, Bettiah - BSPCB",,26.80365,84.51954,1323093,pm25,PM2.5,µg/m³,,,,
229728,"Kamalnath Nagar, Bettiah - BSPCB",,26.80365,84.51954,12236713,so2,SO₂,ppb,,,,
229728,"Kamalnath Nagar, Bettiah - BSPCB",,26.80365,84.51954,1323077,so2,SO₂ mass,µg/m³,,,,
229729,"Nagla Bhau, Firozabad - UPPCB",,27.168896999999998,78.37696,1323075,co,CO mass,µg/m³,,,,
229729,"Nagla Bhau, Firozabad - UPPCB",,27.168896999999998,78.37696,12236730,co,CO,ppb,,,,
229729,"Nagla Bhau, Firozabad - UPPCB",,27.168896999999998,78.37696,1323076,no2,NO₂ mass,µg/m³,,,,
229729,"Nagla Bhau, Firozabad - UPPCB",,27.168896999999998,78.37696,12236732,no2,NO₂,ppb,,,,
229729,"Nagla Bhau, Firozabad - UPPCB",,27.168896999999998,78.37696,12236733,o3,O₃ mass,µg/m³,,,,
229729,"Nagla Bhau, Firozabad - UPPCB",,27.168896999999998,78.37696,1323091,o3,O₃ mass,µg/m³,,,,
229729,"Nagla Bhau, Firozabad - UPPCB",,27.168896999999998,78.37696,12236734,pm10,PM10,µg/m³,,,,
229729,"Nagla Bhau, Firozabad - UPPCB",,27.168896999999998,78.37696,1323084,pm10,PM10,µg/m³,,,,
229729,"Nagla Bhau, Firozabad - UPPCB",,27.168896999999998,78.37696,1323092,pm25,PM2.5,µg/m³,,,,
229729,"Nagla Bhau, Firozabad - UPPCB",,27.168896999999998,78.37696,12236735,pm25,PM2.5,µg/m³,,,,
229729,"Nagla Bhau, Firozabad - UPPCB",,27.168896999999998,78.37696,12236737,so2,SO₂,ppb,,,,
229729,"Nagla Bhau, Firozabad - UPPCB",,27.168896999999998,78.37696,1323081,so2,SO₂ mass,µg/m³,,,,
229730,"Town Hall - Lal Bagh, Darbhanga - BSPCB",,26.151459999999997,85.89342,1323078,co,CO mass,µg/m³,,,,
229730,"Town Hall - Lal Bagh, Darbhanga - BSPCB",,26.151459999999997,85.89342,1323087,no2,NO₂ mass,µg/m³,,,,
229730,"Town Hall - Lal Bagh, Darbhanga - BSPCB",,26.151459999999997,85.89342,1323080,o3,O₃ mass,µg/m³,,,,
229730,"Town Hall - Lal Bagh, Darbhanga - BSPCB",,26.151459999999997,85.89342,1323085,pm10,PM10,µg/m³,,,,
229730,"Town Hall - Lal Bagh, Darbhanga - BSPCB",,26.151459999999997,85.89342,1323094,pm25,PM2.5,µg/m³,,,,
229730,"Town Hall - Lal Bagh, Darbhanga - BSPCB",,26.151459999999997,85.89342,1323072,so2,SO₂ mass,µg/m³,,,,
229731,"Gandak Colony, Motihari - BSPCB",,26.63086,84.90051,12236715,co,CO,ppb,,,,
229731,"Gandak Colony, Motihari - BSPCB",,26.63086,84.90051,1323083,co,CO mass,µg/m³,,,,
229731,"Gandak Colony, Motihari - BSPCB",,26.63086,84.90051,1323071,no2,NO₂ mass,µg/m³,,,,
229731,"Gandak Colony, Motihari - BSPCB",,26.63086,84.90051,12236717,no2,NO₂,ppb,,,,
229731,"Gandak Colony, Motihari - BSPCB",,26.63086,84.90051,12236718,o3,O₃ mass,µg/m³,,,,
229731,"Gandak Colony, Motihari - BSPCB",,26.63086,84.90051,1323082,o3,O₃ mass,µg/m³,,,,
229731,"Gandak Colony, Motihari - BSPCB",,26.63086,84.90051,12236719,pm10,PM10,µg/m³,,,,
229731,"Gandak Colony, Motihari - BSPCB",,26.63086,84.90051,1323089,pm10,PM10,µg/m³,,,,
229731,"Gandak Colony, Motihari - BSPCB",,26.63086,84.90051,12236720,pm25,PM2.5,µg/m³,,,,
229731,"Gandak Colony, Motihari - BSPCB",,26.63086,84.90051,1323074,pm25,PM2.5,µg/m³,,,,
229731,"Gandak Colony, Motihari - BSPCB",,26.63086,84.90051,12236722,so2,SO₂,ppb,,,,
229731,"Gandak Colony, Motihari - BSPCB",,26.63086,84.90051,1323073,so2,SO₂ mass,µg/m³,,,,
229985,"D M Colony, Bihar Sharif - BSPCB",,25.204762,85.51496,1324462,co,CO mass,µg/m³,,,,
229985,"D M Colony, Bihar Sharif - BSPCB",,25.204762,85.51496,12241396,co,CO,ppb,,,,
229985,"D M Colony, Bihar Sharif - BSPCB",,25.204762,85.51496,1324459,no2,NO₂ mass,µg/m³,,,,
229985,"D M Colony, Bihar Sharif - BSPCB",,25.204762,85.51496,12236740,no2,NO₂,ppb,,,,
229985,"D M Colony, Bihar Sharif - BSPCB",,25.204762,85.51496,12236741,o3,O₃ mass,µg/m³,,,,
229985,"D M Colony, Bihar Sharif - BSPCB",,25.204762,85.51496,1324458,o3,O₃ mass,µg/m³,,,,
229985,"D M Colony, Bihar Sharif - BSPCB",,25.204762,85.51496,1324460,pm10,PM10,µg/m³,,,,
229985,"D M Colony, Bihar Sharif - BSPCB",,25.204762,85.51496,12236742,pm10,PM10,µg/m³,,,,
229985,"D M Colony, Bihar Sharif - BSPCB",,25.204762,85.51496,1324461,pm25,PM2.5,µg/m³,,,,
229985,"D M Colony, Bihar Sharif - BSPCB",,25.204762,85.51496,12236743,pm25,PM2.5,µg/m³,,,,
229985,"D M Colony, Bihar Sharif - BSPCB",,25.204762,85.51496,12236745,so2,SO₂,ppb,,,,
229985,"D M Colony, Bihar Sharif - BSPCB",,25.204762,85.51496,1324463,so2,SO₂ mass,µg/m³,,,,
229987,"MIT-Daudpur Kothi, Muzaffarpur - BSPCB",,26.1403345,85.3650192,12236724,co,CO,ppb,,,,
229987,"MIT-Daudpur Kothi, Muzaffarpur - BSPCB",,26.1403345,85.3650192,1324464,co,CO mass,µg/m³,,,,
229987,"MIT-Daudpur Kothi, Muzaffarpur - BSPCB",,26.1403345,85.3650192,12236726,no2,NO₂,ppb,,,,
229987,"MIT-Daudpur Kothi, Muzaffarpur - BSPCB",,26.1403345,85.3650192,1324467,no2,NO₂ mass,µg/m³,,,,
229987,"MIT-Daudpur Kothi, Muzaffarpur - BSPCB",,26.1403345,85.3650192,1324465,o3,O₃ mass,µg/m³,,,,
229987,"MIT-Daudpur Kothi, Muzaffarpur - BSPCB",,26.1403345,85.3650192,12236727,o3,O₃ mass,µg/m³,,,,
229987,"MIT-Daudpur Kothi, Muzaffarpur - BSPCB",,26.1403345,85.3650192,1324468,pm10,PM10,µg/m³,,,,
229987,"MIT-Daudpur Kothi, Muzaffarpur - BSPCB",,26.1403345,85.3650192,12239610,pm10,PM10,µg/m³,,,,
229987,"MIT-Daudpur Kothi, Muzaffarpur - BSPCB",,26.1403345,85.3650192,1562139,pm25,PM2.5,µg/m³,,,,
229987,"MIT-Daudpur Kothi, Muzaffarpur - BSPCB",,26.1403345,85.3650192,12241395,pm25,PM2.5,µg/m³,,,,
229987,"MIT-Daudpur Kothi, Muzaffarpur - BSPCB",,26.1403345,85.3650192,12259967,so2,SO₂,ppb,,,,
229987,"MIT-Daudpur Kothi, Muzaffarpur - BSPCB",,26.1403345,85.3650192,1324466,so2,SO₂ mass,µg/m³,,,,
233414,"Omex Eternity, Vrindavan - UPPCB",,27.571409000000003,77.655757,1342946,co,CO mass,µg/m³,,,,
233414,"Omex Eternity, Vrindavan - UPPCB",,27.571409000000003,77.655757,12236756,co,CO,ppb,,,,
233414,"Omex Eternity, Vrindavan - UPPCB",,27.571409000000003,77.655757,1342950,no2,NO₂ mass,µg/m³,,,,
233414,"Omex Eternity, Vrindavan - UPPCB",,27.571409000000003,77.655757,12236758,no2,NO₂,ppb,,,,
233414,"Omex Eternity, Vrindavan - UPPCB",,27.571409000000003,77.655757,12236759,o3,O₃ mass,µg/m³,,,,
233414,"Omex Eternity, Vrindavan - UPPCB",,27.571409000000003,77.655757,1342951,o3,O₃ mass,µg/m³,,,,
233414,"Omex Eternity, Vrindavan - UPPCB",,27.571409000000003,77.655757,12236760,pm10,PM10,µg/m³,,,,
233414,"Omex Eternity, Vrindavan - UPPCB",,27.571409000000003,77.655757,1342939,pm10,PM10,µg/m³,,,,
233414,"Omex Eternity, Vrindavan - UPPCB",,27.571409000000003,77.655757,12236761,pm25,PM2.5,µg/m³,,,,
233414,"Omex Eternity, Vrindavan - UPPCB",,27.571409000000003,77.655757,1342941,pm25,PM2.5,µg/m³,,,,
233414,"Omex Eternity, Vrindavan - UPPCB",,27.571409000000003,77.655757,12236763,so2,SO₂,ppb,,,,
233414,"Omex Eternity, Vrindavan - UPPCB",,27.571409000000003,77.655757,1342948,so2,SO₂ mass,µg/m³,,,,
233415,"Sector 22, Chandigarh - CPCC",,30.735567,76.77571400000001,1342949,co,CO mass,µg/m³,,,,
233415,"Sector 22, Chandigarh - CPCC",,30.735567,76.77571400000001,12236801,co,CO,ppb,,,,
233415,"Sector 22, Chandigarh - CPCC",,30.735567,76.77571400000001,12236803,no2,NO₂,ppb,,,,
233415,"Sector 22, Chandigarh - CPCC",,30.735567,76.77571400000001,1342954,no2,NO₂ mass,µg/m³,,,,
233415,"Sector 22, Chandigarh - CPCC",,30.735567,76.77571400000001,12236804,o3,O₃ mass,µg/m³,,,,
233415,"Sector 22, Chandigarh - CPCC",,30.735567,76.77571400000001,1342947,o3,O₃ mass,µg/m³,,,,
233415,"Sector 22, Chandigarh - CPCC",,30.735567,76.77571400000001,1342944,pm10,PM10,µg/m³,,,,
233415,"Sector 22, Chandigarh - CPCC",,30.735567,76.77571400000001,12236805,pm10,PM10,µg/m³,,,,
233415,"Sector 22, Chandigarh - CPCC",,30.735567,76.77571400000001,1342953,pm25,PM2.5,µg/m³,,,,
233415,"Sector 22, Chandigarh - CPCC",,30.735567,76.77571400000001,12236806,pm25,PM2.5,µg/m³,,,,
233415,"Sector 22, Chandigarh - CPCC",,30.735567,76.77571400000001,12236808,so2,SO₂,ppb,,,,
233415,"Sector 22, Chandigarh - CPCC",,30.735567,76.77571400000001,1342943,so2,SO₂ mass,µg/m³,,,,
233416,"Nagar Nigam, Prayagraj - UPPCB",,25.44919916,81.82735986,12236765,co,CO,ppb,,,,
233416,"Nagar Nigam, Prayagraj - UPPCB",,25.44919916,81.82735986,1342955,co,CO mass,µg/m³,,,,
233416,"Nagar Nigam, Prayagraj - UPPCB",,25.44919916,81.82735986,12236767,no2,NO₂,ppb,,,,
233416,"Nagar Nigam, Prayagraj - UPPCB",,25.44919916,81.82735986,1342938,no2,NO₂ mass,µg/m³,,,,
233416,"Nagar Nigam, Prayagraj - UPPCB",,25.44919916,81.82735986,12236768,o3,O₃ mass,µg/m³,,,,
233416,"Nagar Nigam, Prayagraj - UPPCB",,25.44919916,81.82735986,1342940,o3,O₃ mass,µg/m³,,,,
233416,"Nagar Nigam, Prayagraj - UPPCB",,25.44919916,81.82735986,12236769,pm10,PM10,µg/m³,,,,
233416,"Nagar Nigam, Prayagraj - UPPCB",,25.44919916,81.82735986,1342945,pm10,PM10,µg/m³,,,,
233416,"Nagar Nigam, Prayagraj - UPPCB",,25.44919916,81.82735986,12236770,pm25,PM2.5,µg/m³,,,,
233416,"Nagar Nigam, Prayagraj - UPPCB",,25.44919916,81.82735986,1342942,pm25,PM2.5,µg/m³,,,,
233416,"Nagar Nigam, Prayagraj - UPPCB",,25.44919916,81.82735986,1342952,so2,SO₂ mass,µg/m³,,,,
233416,"Nagar Nigam, Prayagraj - UPPCB",,25.44919916,81.82735986,12236772,so2,SO₂,ppb,,,,
234568,"FTI Kidwai Nagar, Kanpur - UPPCB",,26.428282,80.327067,12236810,co,CO,ppb,,,,
234568,"FTI Kidwai Nagar, Kanpur - UPPCB",,26.428282,80.327067,1349383,co,CO mass,µg/m³,,,,
234568,"FTI Kidwai Nagar, Kanpur - UPPCB",,26.428282,80.327067,12236812,no2,NO₂,ppb,,,,
234568,"FTI Kidwai Nagar, Kanpur - UPPCB",,26.428282,80.327067,1349386,no2,NO₂ mass,µg/m³,,,,
234568,"FTI Kidwai Nagar, Kanpur - UPPCB",,26.428282,80.327067,1349385,o3,O₃ mass,µg/m³,,,,
234568,"FTI Kidwai Nagar, Kanpur - UPPCB",,26.428282,80.327067,12236813,o3,O₃ mass,µg/m³,,,,
234568,"FTI Kidwai Nagar, Kanpur - UPPCB",,26.428282,80.327067,1349384,pm10,PM10,µg/m³,,,,
234568,"FTI Kidwai Nagar, Kanpur - UPPCB",,26.428282,80.327067,12236814,pm10,PM10,µg/m³,,,,
234568,"FTI Kidwai Nagar, Kanpur - UPPCB",,26.428282,80.327067,1349388,pm25,PM2.5,µg/m³,,,,
234568,"FTI Kidwai Nagar, Kanpur - UPPCB",,26.428282,80.327067,12236815,pm25,PM2.5,µg/m³,,,,
234568,"FTI Kidwai Nagar, Kanpur - UPPCB",,26.428282,80.327067,1349387,so2,SO₂ mass,µg/m³,,,,
234568,"FTI Kidwai Nagar, Kanpur - UPPCB",,26.428282,80.327067,12236817,so2,SO₂,ppb,,,,
234997,"Dharmapuri, Agra - UPPCB",,27.169338,78.03582,1351507,co,CO mass,µg/m³,,,,
234997,"Dharmapuri, Agra - UPPCB",,27.169338,78.03582,12236819,co,CO,ppb,,,,
234997,"Dharmapuri, Agra - UPPCB",,27.169338,78.03582,1351506,no2,NO₂ mass,µg/m³,,,,
234997,"Dharmapuri, Agra - UPPCB",,27.169338,78.03582,12236821,no2,NO₂,ppb,,,,
234997,"Dharmapuri, Agra - UPPCB",,27.169338,78.03582,12236822,o3,O₃ mass,µg/m³,,,,
234997,"Dharmapuri, Agra - UPPCB",,27.169338,78.03582,1351511,o3,O₃ mass,µg/m³,,,,
234997,"Dharmapuri, Agra - UPPCB",,27.169338,78.03582,12236823,pm10,PM10,µg/m³,,,,
234997,"Dharmapuri, Agra - UPPCB",,27.169338,78.03582,1351508,pm10,PM10,µg/m³,,,,
234997,"Dharmapuri, Agra - UPPCB",,27.169338,78.03582,1351510,pm25,PM2.5,µg/m³,,,,
234997,"Dharmapuri, Agra - UPPCB",,27.169338,78.03582,12236824,pm25,PM2.5,µg/m³,,,,
234997,"Dharmapuri, Agra - UPPCB",,27.169338,78.03582,1351509,so2,SO₂ mass,µg/m³,,,,
234997,"Dharmapuri, Agra - UPPCB",,27.169338,78.03582,12236826,so2,SO₂,ppb,,,,
236406,"Mangala, Bilaspur - CECB",,22.08815,82.13736999999999,12236828,co,CO,ppb,,,,
236406,"Mangala, Bilaspur - CECB",,22.08815,82.13736999999999,1358851,co,CO mass,µg/m³,,,,
236406,"Mangala, Bilaspur - CECB",,22.08815,82.13736999999999,1358850,no2,NO₂ mass,µg/m³,,,,
236406,"Mangala, Bilaspur - CECB",,22.08815,82.13736999999999,12236830,no2,NO₂,ppb,,,,
236406,"Mangala, Bilaspur - CECB",,22.08815,82.13736999999999,12236831,pm10,PM10,µg/m³,,,,
236406,"Mangala, Bilaspur - CECB",,22.08815,82.13736999999999,1358849,pm10,PM10,µg/m³,,,,
236406,"Mangala, Bilaspur - CECB",,22.08815,82.13736999999999,1358852,pm25,PM2.5,µg/m³,,,,
236406,"Mangala, Bilaspur - CECB",,22.08815,82.13736999999999,12236832,pm25,PM2.5,µg/m³,,,,
236406,"Mangala, Bilaspur - CECB",,22.08815,82.13736999999999,1358853,so2,SO₂ mass,µg/m³,,,,
236406,"Mangala, Bilaspur - CECB",,22.08815,82.13736999999999,12236834,so2,SO₂,ppb,,,,
270697,"Employment Office, Moradabad - UPPCB",,28.885279999999998,78.7388,1561911,co,CO mass,µg/m³,,,,
270697,"Employment Office, Moradabad - UPPCB",,28.885279999999998,78.7388,12241397,co,CO,ppb,,,,
270697,"Employment Office, Moradabad - UPPCB",,28.885279999999998,78.7388,1561912,no2,NO₂ mass,µg/m³,,,,
270697,"Employment Office, Moradabad - UPPCB",,28.885279999999998,78.7388,12241399,no2,NO₂,ppb,,,,
270697,"Employment Office, Moradabad - UPPCB",,28.885279999999998,78.7388,12241400,o3,O₃ mass,µg/m³,,,,
270697,"Employment Office, Moradabad - UPPCB",,28.885279999999998,78.7388,1561914,o3,O₃ mass,µg/m³,,,,
270697,"Employment Office, Moradabad - UPPCB",,28.885279999999998,78.7388,1561910,pm10,PM10,µg/m³,,,,
270697,"Employment Office, Moradabad - UPPCB",,28.885279999999998,78.7388,12241401,pm10,PM10,µg/m³,,,,
270697,"Employment Office, Moradabad - UPPCB",,28.885279999999998,78.7388,12241402,pm25,PM2.5,µg/m³,,,,
270697,"Employment Office, Moradabad - UPPCB",,28.885279999999998,78.7388,1561913,pm25,PM2.5,µg/m³,,,,
270697,"Employment Office, Moradabad - UPPCB",,28.885279999999998,78.7388,1561909,so2,SO₂ mass,µg/m³,,,,
270697,"Employment Office, Moradabad - UPPCB",,28.885279999999998,78.7388,12241404,so2,SO₂,ppb,,,,
270703,"Dada Peer, Sasaram - BSPCB",,24.952822,84.00239599999999,12236774,co,CO,ppb,,,,
270703,"Dada Peer, Sasaram - BSPCB",,24.952822,84.00239599999999,1727801,co,CO mass,µg/m³,,,,
270703,"Dada Peer, Sasaram - BSPCB",,24.952822,84.00239599999999,12236776,no2,NO₂,ppb,,,,
270703,"Dada Peer, Sasaram - BSPCB",,24.952822,84.00239599999999,1561940,no2,NO₂ mass,µg/m³,,,,
270703,"Dada Peer, Sasaram - BSPCB",,24.952822,84.00239599999999,12236777,o3,O₃ mass,µg/m³,,,,
270703,"Dada Peer, Sasaram - BSPCB",,24.952822,84.00239599999999,1561939,o3,O₃ mass,µg/m³,,,,
270703,"Dada Peer, Sasaram - BSPCB",,24.952822,84.00239599999999,1561936,pm10,PM10,µg/m³,,,,
270703,"Dada Peer, Sasaram - BSPCB",,24.952822,84.00239599999999,12236778,pm10,PM10,µg/m³,,,,
270703,"Dada Peer, Sasaram - BSPCB",,24.952822,84.00239599999999,1561938,pm25,PM2.5,µg/m³,,,,
270703,"Dada Peer, Sasaram - BSPCB",,24.952822,84.00239599999999,12236779,pm25,PM2.5,µg/m³,,,,
270703,"Dada Peer, Sasaram - BSPCB",,24.952822,84.00239599999999,1561942,so2,SO₂ mass,µg/m³,,,,
270703,"Dada Peer, Sasaram - BSPCB",,24.952822,84.00239599999999,12236781,so2,SO₂,ppb,,,,
270704,"Town Hall, Munger - BSPCB",,25.376776,86.471523,12236792,co,CO,ppb,,,,
270704,"Town Hall, Munger - BSPCB",,25.376776,86.471523,1561964,co,CO mass,µg/m³,,,,
270704,"Town Hall, Munger - BSPCB",,25.376776,86.471523,1561935,no2,NO₂ mass,µg/m³,,,,
270704,"Town Hall, Munger - BSPCB",,25.376776,86.471523,12236794,no2,NO₂,ppb,,,,
270704,"Town Hall, Munger - BSPCB",,25.376776,86.471523,12236795,o3,O₃ mass,µg/m³,,,,
270704,"Town Hall, Munger - BSPCB",,25.376776,86.471523,1561934,o3,O₃ mass,µg/m³,,,,
270704,"Town Hall, Munger - BSPCB",,25.376776,86.471523,12236796,pm10,PM10,µg/m³,,,,
270704,"Town Hall, Munger - BSPCB",,25.376776,86.471523,1561937,pm10,PM10,µg/m³,,,,
270704,"Town Hall, Munger - BSPCB",,25.376776,86.471523,12236797,pm25,PM2.5,µg/m³,,,,
270704,"Town Hall, Munger - BSPCB",,25.376776,86.471523,1561941,pm25,PM2.5,µg/m³,,,,
270704,"Town Hall, Munger - BSPCB",,25.376776,86.471523,1561933,so2,SO₂ mass,µg/m³,,,,
270704,"Town Hall, Munger - BSPCB",,25.376776,86.471523,12236799,so2,SO₂,ppb,,,,
270708,"Civic Center, Bhilai - Bhilai Steel Plant",,21.185571,81.343175,1561949,co,CO mass,µg/m³,,,,
270708,"Civic Center, Bhilai - Bhilai Steel Plant",,21.185571,81.343175,12236836,co,CO,ppb,,,,
270708,"Civic Center, Bhilai - Bhilai Steel Plant",,21.185571,81.343175,1561952,no2,NO₂ mass,µg/m³,,,,
270708,"Civic Center, Bhilai - Bhilai Steel Plant",,21.185571,81.343175,12236838,no2,NO₂,ppb,,,,
270708,"Civic Center, Bhilai - Bhilai Steel Plant",,21.185571,81.343175,2057519,o3,O₃ mass,µg/m³,,,,
270708,"Civic Center, Bhilai - Bhilai Steel Plant",,21.185571,81.343175,12236839,o3,O₃ mass,µg/m³,,,,
270708,"Civic Center, Bhilai - Bhilai Steel Plant",,21.185571,81.343175,1561951,pm10,PM10,µg/m³,,,,
270708,"Civic Center, Bhilai - Bhilai Steel Plant",,21.185571,81.343175,12236840,pm10,PM10,µg/m³,,,,
270708,"Civic Center, Bhilai - Bhilai Steel Plant",,21.185571,81.343175,1561953,pm25,PM2.5,µg/m³,,,,
270708,"Civic Center, Bhilai - Bhilai Steel Plant",,21.185571,81.343175,12236841,pm25,PM2.5,µg/m³,,,,
270708,"Civic Center, Bhilai - Bhilai Steel Plant",,21.185571,81.343175,1561950,so2,SO₂ mass,µg/m³,,,,
270708,"Civic Center, Bhilai - Bhilai Steel Plant",,21.185571,81.343175,12236842,so2,SO₂,ppb,,,,
270720,"Mirchaibari, Katihar - BSPCB",,25.560083,87.553265,1562045,co,CO mass,µg/m³,,,,
270720,"Mirchaibari, Katihar - BSPCB",,25.560083,87.553265,12236915,co,CO,ppb,,,,
270720,"Mirchaibari, Katihar - BSPCB",,25.560083,87.553265,12236916,no2,NO₂,ppb,,,,
270720,"Mirchaibari, Katihar - BSPCB",,25.560083,87.553265,1561998,no2,NO₂ mass,µg/m³,,,,
270720,"Mirchaibari, Katihar - BSPCB",,25.560083,87.553265,12236917,o3,O₃ mass,µg/m³,,,,
270720,"Mirchaibari, Katihar - BSPCB",,25.560083,87.553265,1562001,o3,O₃ mass,µg/m³,,,,
270720,"Mirchaibari, Katihar - BSPCB",,25.560083,87.553265,12236918,pm10,PM10,µg/m³,,,,
270720,"Mirchaibari, Katihar - BSPCB",,25.560083,87.553265,1562035,pm10,PM10,µg/m³,,,,
270720,"Mirchaibari, Katihar - BSPCB",,25.560083,87.553265,1562041,pm25,PM2.5,µg/m³,,,,
270720,"Mirchaibari, Katihar - BSPCB",,25.560083,87.553265,12236919,pm25,PM2.5,µg/m³,,,,
270720,"Mirchaibari, Katihar - BSPCB",,25.560083,87.553265,1562015,so2,SO₂ mass,µg/m³,,,,
270720,"Mirchaibari, Katihar - BSPCB",,25.560083,87.553265,12236921,so2,SO₂,ppb,,,,
270721,"Mayaganj, Bhagalpur - BSPCB",,25.265194,87.012947,12236870,co,CO,ppb,,,,
270721,"Mayaganj, Bhagalpur - BSPCB",,25.265194,87.012947,1562032,co,CO mass,µg/m³,,,,
270721,"Mayaganj, Bhagalpur - BSPCB",,25.265194,87.012947,12236872,no2,NO₂,ppb,,,,
270721,"Mayaganj, Bhagalpur - BSPCB",,25.265194,87.012947,1562004,no2,NO₂ mass,µg/m³,,,,
270721,"Mayaganj, Bhagalpur - BSPCB",,25.265194,87.012947,1562037,o3,O₃ mass,µg/m³,,,,
270721,"Mayaganj, Bhagalpur - BSPCB",,25.265194,87.012947,12236873,o3,O₃ mass,µg/m³,,,,
270721,"Mayaganj, Bhagalpur - BSPCB",,25.265194,87.012947,1562002,pm10,PM10,µg/m³,,,,
270721,"Mayaganj, Bhagalpur - BSPCB",,25.265194,87.012947,12236874,pm10,PM10,µg/m³,,,,
270721,"Mayaganj, Bhagalpur - BSPCB",,25.265194,87.012947,12236875,pm25,PM2.5,µg/m³,,,,
270721,"Mayaganj, Bhagalpur - BSPCB",,25.265194,87.012947,1562009,pm25,PM2.5,µg/m³,,,,
270721,"Mayaganj, Bhagalpur - BSPCB",,25.265194,87.012947,1562022,so2,SO₂ mass,µg/m³,,,,
270721,"Mayaganj, Bhagalpur - BSPCB",,25.265194,87.012947,12236877,so2,SO₂,ppb,,,,
270722,"Central Jail, Buxar - BSPCB",,25.555605,83.950942,1562020,co,CO mass,µg/m³,,,,
270722,"Central Jail, Buxar - BSPCB",,25.555605,83.950942,1561996,no2,NO₂ mass,µg/m³,,,,
270722,"Central Jail, Buxar - BSPCB",,25.555605,83.950942,1562028,o3,O₃ mass,µg/m³,,,,
270722,"Central Jail, Buxar - BSPCB",,25.555605,83.950942,1562000,pm10,PM10,µg/m³,,,,
270722,"Central Jail, Buxar - BSPCB",,25.555605,83.950942,1561992,pm25,PM2.5,µg/m³,,,,
270722,"Central Jail, Buxar - BSPCB",,25.555605,83.950942,1562043,so2,SO₂ mass,µg/m³,,,,
270723,"DM Office_Kachari Chowk, Bhagalpur - BSPCB",,25.251013,86.989001,12236888,co,CO,ppb,,,,
270723,"DM Office_Kachari Chowk, Bhagalpur - BSPCB",,25.251013,86.989001,1561990,co,CO mass,µg/m³,,,,
270723,"DM Office_Kachari Chowk, Bhagalpur - BSPCB",,25.251013,86.989001,1562040,no2,NO₂ mass,µg/m³,,,,
270723,"DM Office_Kachari Chowk, Bhagalpur - BSPCB",,25.251013,86.989001,12236890,no2,NO₂,ppb,,,,
270723,"DM Office_Kachari Chowk, Bhagalpur - BSPCB",,25.251013,86.989001,1562034,o3,O₃ mass,µg/m³,,,,
270723,"DM Office_Kachari Chowk, Bhagalpur - BSPCB",,25.251013,86.989001,12236891,o3,O₃ mass,µg/m³,,,,
270723,"DM Office_Kachari Chowk, Bhagalpur - BSPCB",,25.251013,86.989001,12236892,pm10,PM10,µg/m³,,,,
270723,"DM Office_Kachari Chowk, Bhagalpur - BSPCB",,25.251013,86.989001,1561997,pm10,PM10,µg/m³,,,,
270723,"DM Office_Kachari Chowk, Bhagalpur - BSPCB",,25.251013,86.989001,12236893,pm25,PM2.5,µg/m³,,,,
270723,"DM Office_Kachari Chowk, Bhagalpur - BSPCB",,25.251013,86.989001,1562011,pm25,PM2.5,µg/m³,,,,
270723,"DM Office_Kachari Chowk, Bhagalpur - BSPCB",,25.251013,86.989001,1562042,so2,SO₂ mass,µg/m³,,,,
270723,"DM Office_Kachari Chowk, Bhagalpur - BSPCB",,25.251013,86.989001,12236895,so2,SO₂,ppb,,,,
270724,"Kareemganj, Gaya - BSPCB",,24.792403,84.992416,1562012,co,CO mass,µg/m³,,,,
270724,"Kareemganj, Gaya - BSPCB",,24.792403,84.992416,12236932,co,CO,ppb,,,,
270724,"Kareemganj, Gaya - BSPCB",,24.792403,84.992416,12236934,no2,NO₂,ppb,,,,
270724,"Kareemganj, Gaya - BSPCB",,24.792403,84.992416,1561988,no2,NO₂ mass,µg/m³,,,,
270724,"Kareemganj, Gaya - BSPCB",,24.792403,84.992416,12236935,o3,O₃ mass,µg/m³,,,,
270724,"Kareemganj, Gaya - BSPCB",,24.792403,84.992416,1562017,o3,O₃ mass,µg/m³,,,,
270724,"Kareemganj, Gaya - BSPCB",,24.792403,84.992416,12236936,pm10,PM10,µg/m³,,,,
270724,"Kareemganj, Gaya - BSPCB",,24.792403,84.992416,1561989,pm10,PM10,µg/m³,,,,
270724,"Kareemganj, Gaya - BSPCB",,24.792403,84.992416,1562024,pm25,PM2.5,µg/m³,,,,
270724,"Kareemganj, Gaya - BSPCB",,24.792403,84.992416,12244847,pm25,PM2.5,µg/m³,,,,
270724,"Kareemganj, Gaya - BSPCB",,24.792403,84.992416,12236938,so2,SO₂,ppb,,,,
270724,"Kareemganj, Gaya - BSPCB",,24.792403,84.992416,1562038,so2,SO₂ mass,µg/m³,,,,
270725,"Mariam Nagar, Purnia - BSPCB",,25.765657,87.466829,12236940,co,CO,ppb,,,,
270725,"Mariam Nagar, Purnia - BSPCB",,25.765657,87.466829,1562003,co,CO mass,µg/m³,,,,
270725,"Mariam Nagar, Purnia - BSPCB",,25.765657,87.466829,1562008,no2,NO₂ mass,µg/m³,,,,
270725,"Mariam Nagar, Purnia - BSPCB",,25.765657,87.466829,12236942,no2,NO₂,ppb,,,,
270725,"Mariam Nagar, Purnia - BSPCB",,25.765657,87.466829,1562039,o3,O₃ mass,µg/m³,,,,
270725,"Mariam Nagar, Purnia - BSPCB",,25.765657,87.466829,12236943,o3,O₃ mass,µg/m³,,,,
270725,"Mariam Nagar, Purnia - BSPCB",,25.765657,87.466829,12236944,pm10,PM10,µg/m³,,,,
270725,"Mariam Nagar, Purnia - BSPCB",,25.765657,87.466829,1562006,pm10,PM10,µg/m³,,,,
270725,"Mariam Nagar, Purnia - BSPCB",,25.765657,87.466829,12236945,pm25,PM2.5,µg/m³,,,,
270725,"Mariam Nagar, Purnia - BSPCB",,25.765657,87.466829,1562023,pm25,PM2.5,µg/m³,,,,
270725,"Mariam Nagar, Purnia - BSPCB",,25.765657,87.466829,1562021,so2,SO₂ mass,µg/m³,,,,
270725,"Mariam Nagar, Purnia - BSPCB",,25.765657,87.466829,12236947,so2,SO₂,ppb,,,,
270726,"Chitragupta Nagar, Siwan - BSPCB",,26.2271665,84.35704270000001,12250378,co,CO,ppb,,,,
270726,"Chitragupta Nagar, Siwan - BSPCB",,26.2271665,84.35704270000001,1582348,co,CO mass,µg/m³,,,,
270726,"Chitragupta Nagar, Siwan - BSPCB",,26.2271665,84.35704270000001,12250380,no2,NO₂,ppb,,,,
270726,"Chitragupta Nagar, Siwan - BSPCB",,26.2271665,84.35704270000001,1562014,no2,NO₂ mass,µg/m³,,,,
270726,"Chitragupta Nagar, Siwan - BSPCB",,26.2271665,84.35704270000001,1561999,o3,O₃ mass,µg/m³,,,,
270726,"Chitragupta Nagar, Siwan - BSPCB",,26.2271665,84.35704270000001,12250381,o3,O₃ mass,µg/m³,,,,
270726,"Chitragupta Nagar, Siwan - BSPCB",,26.2271665,84.35704270000001,12250382,pm10,PM10,µg/m³,,,,
270726,"Chitragupta Nagar, Siwan - BSPCB",,26.2271665,84.35704270000001,1562019,pm10,PM10,µg/m³,,,,
270726,"Chitragupta Nagar, Siwan - BSPCB",,26.2271665,84.35704270000001,12250383,pm25,PM2.5,µg/m³,,,,
270726,"Chitragupta Nagar, Siwan - BSPCB",,26.2271665,84.35704270000001,1561993,pm25,PM2.5,µg/m³,,,,
270726,"Chitragupta Nagar, Siwan - BSPCB",,26.2271665,84.35704270000001,1562029,so2,SO₂ mass,µg/m³,,,,
270726,"Chitragupta Nagar, Siwan - BSPCB",,26.2271665,84.35704270000001,12250385,so2,SO₂,ppb,,,,
270727,"SDM Office_Khagra, Kishanganj - BSPCB",,26.0881305,87.93840336,1562051,co,CO mass,µg/m³,,,,
270727,"SDM Office_Khagra, Kishanganj - BSPCB",,26.0881305,87.93840336,12236923,co,CO,ppb,,,,
270727,"SDM Office_Khagra, Kishanganj - BSPCB",,26.0881305,87.93840336,1562027,no2,NO₂ mass,µg/m³,,,,
270727,"SDM Office_Khagra, Kishanganj - BSPCB",,26.0881305,87.93840336,12236925,no2,NO₂,ppb,,,,
270727,"SDM Office_Khagra, Kishanganj - BSPCB",,26.0881305,87.93840336,12236926,o3,O₃ mass,µg/m³,,,,
270727,"SDM Office_Khagra, Kishanganj - BSPCB",,26.0881305,87.93840336,1562030,o3,O₃ mass,µg/m³,,,,
270727,"SDM Office_Khagra, Kishanganj - BSPCB",,26.0881305,87.93840336,12236927,pm10,PM10,µg/m³,,,,
270727,"SDM Office_Khagra, Kishanganj - BSPCB",,26.0881305,87.93840336,1562025,pm10,PM10,µg/m³,,,,
270727,"SDM Office_Khagra, Kishanganj - BSPCB",,26.0881305,87.93840336,1562036,pm25,PM2.5,µg/m³,,,,
270727,"SDM Office_Khagra, Kishanganj - BSPCB",,26.0881305,87.93840336,12236928,pm25,PM2.5,µg/m³,,,,
270727,"SDM Office_Khagra, Kishanganj - BSPCB",,26.0881305,87.93840336,1562005,so2,SO₂ mass,µg/m³,,,,
270727,"SDM Office_Khagra, Kishanganj - BSPCB",,26.0881305,87.93840336,12236930,so2,SO₂,ppb,,,,
270728,"Police Line, Saharsa - BSPCB",,25.892357,86.590325,12236958,co,CO,ppb,,,,
270728,"Police Line, Saharsa - BSPCB",,25.892357,86.590325,1562096,co,CO mass,µg/m³,,,,
270728,"Police Line, Saharsa - BSPCB",,25.892357,86.590325,12236960,no2,NO₂,ppb,,,,
270728,"Police Line, Saharsa - BSPCB",,25.892357,86.590325,1562033,no2,NO₂ mass,µg/m³,,,,
270728,"Police Line, Saharsa - BSPCB",,25.892357,86.590325,12236961,o3,O₃ mass,µg/m³,,,,
270728,"Police Line, Saharsa - BSPCB",,25.892357,86.590325,1562013,o3,O₃ mass,µg/m³,,,,
270728,"Police Line, Saharsa - BSPCB",,25.892357,86.590325,1562018,pm10,PM10,µg/m³,,,,
270728,"Police Line, Saharsa - BSPCB",,25.892357,86.590325,12236962,pm10,PM10,µg/m³,,,,
270728,"Police Line, Saharsa - BSPCB",,25.892357,86.590325,12236963,pm25,PM2.5,µg/m³,,,,
270728,"Police Line, Saharsa - BSPCB",,25.892357,86.590325,1562010,pm25,PM2.5,µg/m³,,,,
270728,"Police Line, Saharsa - BSPCB",,25.892357,86.590325,12236965,so2,SO₂,ppb,,,,
270728,"Police Line, Saharsa - BSPCB",,25.892357,86.590325,1562016,so2,SO₂ mass,µg/m³,,,,
270729,"Darshan Nagar, Chhapra - BSPCB",,25.780825699999998,84.7446768,12236906,co,CO,ppb,,,,
270729,"Darshan Nagar, Chhapra - BSPCB",,25.780825699999998,84.7446768,1562026,co,CO mass,µg/m³,,,,
270729,"Darshan Nagar, Chhapra - BSPCB",,25.780825699999998,84.7446768,1562031,no2,NO₂ mass,µg/m³,,,,
270729,"Darshan Nagar, Chhapra - BSPCB",,25.780825699999998,84.7446768,12236908,no2,NO₂,ppb,,,,
270729,"Darshan Nagar, Chhapra - BSPCB",,25.780825699999998,84.7446768,12236909,o3,O₃ mass,µg/m³,,,,
270729,"Darshan Nagar, Chhapra - BSPCB",,25.780825699999998,84.7446768,1561991,o3,O₃ mass,µg/m³,,,,
270729,"Darshan Nagar, Chhapra - BSPCB",,25.780825699999998,84.7446768,12236910,pm10,PM10,µg/m³,,,,
270729,"Darshan Nagar, Chhapra - BSPCB",,25.780825699999998,84.7446768,1561995,pm10,PM10,µg/m³,,,,
270729,"Darshan Nagar, Chhapra - BSPCB",,25.780825699999998,84.7446768,1561994,pm25,PM2.5,µg/m³,,,,
270729,"Darshan Nagar, Chhapra - BSPCB",,25.780825699999998,84.7446768,12236911,pm25,PM2.5,µg/m³,,,,
270729,"Darshan Nagar, Chhapra - BSPCB",,25.780825699999998,84.7446768,12236913,so2,SO₂,ppb,,,,
270729,"Darshan Nagar, Chhapra - BSPCB",,25.780825699999998,84.7446768,1562007,so2,SO₂ mass,µg/m³,,,,
270730,"Dangi Tola, Rajgir - BSPCB",,25.0328,85.41948000000001,1732800,co,CO mass,µg/m³,,,,
270730,"Dangi Tola, Rajgir - BSPCB",,25.0328,85.41948000000001,12236783,co,CO,ppb,,,,
270730,"Dangi Tola, Rajgir - BSPCB",,25.0328,85.41948000000001,12236785,no2,NO₂,ppb,,,,
270730,"Dangi Tola, Rajgir - BSPCB",,25.0328,85.41948000000001,1562049,no2,NO₂ mass,µg/m³,,,,
270730,"Dangi Tola, Rajgir - BSPCB",,25.0328,85.41948000000001,12236786,o3,O₃ mass,µg/m³,,,,
270730,"Dangi Tola, Rajgir - BSPCB",,25.0328,85.41948000000001,1562046,o3,O₃ mass,µg/m³,,,,
270730,"Dangi Tola, Rajgir - BSPCB",,25.0328,85.41948000000001,12236787,pm10,PM10,µg/m³,,,,
270730,"Dangi Tola, Rajgir - BSPCB",,25.0328,85.41948000000001,1562050,pm10,PM10,µg/m³,,,,
270730,"Dangi Tola, Rajgir - BSPCB",,25.0328,85.41948000000001,1562047,pm25,PM2.5,µg/m³,,,,
270730,"Dangi Tola, Rajgir - BSPCB",,25.0328,85.41948000000001,12236788,pm25,PM2.5,µg/m³,,,,
270730,"Dangi Tola, Rajgir - BSPCB",,25.0328,85.41948000000001,12236790,so2,SO₂,ppb,,,,
270730,"Dangi Tola, Rajgir - BSPCB",,25.0328,85.41948000000001,1562048,so2,SO₂ mass,µg/m³,,,,
270737,"Forest Rest House, Manguraha - BSPCB",,27.307773,84.529114,1562227,co,CO mass,µg/m³,,,,
270737,"Forest Rest House, Manguraha - BSPCB",,27.307773,84.529114,12236949,co,CO,ppb,,,,
270737,"Forest Rest House, Manguraha - BSPCB",,27.307773,84.529114,1562136,no2,NO₂ mass,µg/m³,,,,
270737,"Forest Rest House, Manguraha - BSPCB",,27.307773,84.529114,12236951,no2,NO₂,ppb,,,,
270737,"Forest Rest House, Manguraha - BSPCB",,27.307773,84.529114,1562102,o3,O₃ mass,µg/m³,,,,
270737,"Forest Rest House, Manguraha - BSPCB",,27.307773,84.529114,12236952,o3,O₃ mass,µg/m³,,,,
270737,"Forest Rest House, Manguraha - BSPCB",,27.307773,84.529114,1562137,pm10,PM10,µg/m³,,,,
270737,"Forest Rest House, Manguraha - BSPCB",,27.307773,84.529114,12236953,pm10,PM10,µg/m³,,,,
270737,"Forest Rest House, Manguraha - BSPCB",,27.307773,84.529114,1562138,pm25,PM2.5,µg/m³,,,,
270737,"Forest Rest House, Manguraha - BSPCB",,27.307773,84.529114,12236954,pm25,PM2.5,µg/m³,,,,
270737,"Forest Rest House, Manguraha - BSPCB",,27.307773,84.529114,1562228,so2,SO₂ mass,µg/m³,,,,
270737,"Forest Rest House, Manguraha - BSPCB",,27.307773,84.529114,12236956,so2,SO₂,ppb,,,,
270771,"Buddhi Vihar, Moradabad - UPPCB",,28.835259999999998,78.7446,1562188,co,CO mass,µg/m³,,,,
270771,"Buddhi Vihar, Moradabad - UPPCB",,28.835259999999998,78.7446,12236976,co,CO,ppb,,,,
270771,"Buddhi Vihar, Moradabad - UPPCB",,28.835259999999998,78.7446,1562184,no2,NO₂ mass,µg/m³,,,,
270771,"Buddhi Vihar, Moradabad - UPPCB",,28.835259999999998,78.7446,12236978,no2,NO₂,ppb,,,,
270771,"Buddhi Vihar, Moradabad - UPPCB",,28.835259999999998,78.7446,1562185,o3,O₃ mass,µg/m³,,,,
270771,"Buddhi Vihar, Moradabad - UPPCB",,28.835259999999998,78.7446,12236979,o3,O₃ mass,µg/m³,,,,
270771,"Buddhi Vihar, Moradabad - UPPCB",,28.835259999999998,78.7446,12236980,pm10,PM10,µg/m³,,,,
270771,"Buddhi Vihar, Moradabad - UPPCB",,28.835259999999998,78.7446,1562186,pm10,PM10,µg/m³,,,,
270771,"Buddhi Vihar, Moradabad - UPPCB",,28.835259999999998,78.7446,1562187,pm25,PM2.5,µg/m³,,,,
270771,"Buddhi Vihar, Moradabad - UPPCB",,28.835259999999998,78.7446,12236981,pm25,PM2.5,µg/m³,,,,
270771,"Buddhi Vihar, Moradabad - UPPCB",,28.835259999999998,78.7446,12236983,so2,SO₂,ppb,,,,
270771,"Buddhi Vihar, Moradabad - UPPCB",,28.835259999999998,78.7446,1562183,so2,SO₂ mass,µg/m³,,,,
270774,"New DM Office, Arrah - BSPCB",,25.5626095,84.663264,1562209,co,CO mass,µg/m³,,,,
270774,"New DM Office, Arrah - BSPCB",,25.5626095,84.663264,12236843,co,CO,ppb,,,,
270774,"New DM Office, Arrah - BSPCB",,25.5626095,84.663264,12236845,no2,NO₂,ppb,,,,
270774,"New DM Office, Arrah - BSPCB",,25.5626095,84.663264,1562211,no2,NO₂ mass,µg/m³,,,,
270774,"New DM Office, Arrah - BSPCB",,25.5626095,84.663264,1562207,o3,O₃ mass,µg/m³,,,,
270774,"New DM Office, Arrah - BSPCB",,25.5626095,84.663264,12236846,o3,O₃ mass,µg/m³,,,,
270774,"New DM Office, Arrah - BSPCB",,25.5626095,84.663264,1562208,pm10,PM10,µg/m³,,,,
270774,"New DM Office, Arrah - BSPCB",,25.5626095,84.663264,12236847,pm10,PM10,µg/m³,,,,
270774,"New DM Office, Arrah - BSPCB",,25.5626095,84.663264,12236848,pm25,PM2.5,µg/m³,,,,
270774,"New DM Office, Arrah - BSPCB",,25.5626095,84.663264,1562210,pm25,PM2.5,µg/m³,,,,
270774,"New DM Office, Arrah - BSPCB",,25.5626095,84.663264,12236850,so2,SO₂,ppb,,,,
270774,"New DM Office, Arrah - BSPCB",,25.5626095,84.663264,1562212,so2,SO₂ mass,µg/m³,,,,
270775,"Kharahiya Basti, Araria - BSPCB",,26.146529,87.454184,1562234,co,CO mass,µg/m³,,,,
270775,"Kharahiya Basti, Araria - BSPCB",,26.146529,87.454184,12236852,co,CO,ppb,,,,
270775,"Kharahiya Basti, Araria - BSPCB",,26.146529,87.454184,1562215,no2,NO₂ mass,µg/m³,,,,
270775,"Kharahiya Basti, Araria - BSPCB",,26.146529,87.454184,12236854,no2,NO₂,ppb,,,,
270775,"Kharahiya Basti, Araria - BSPCB",,26.146529,87.454184,1562217,o3,O₃ mass,µg/m³,,,,
270775,"Kharahiya Basti, Araria - BSPCB",,26.146529,87.454184,12236855,o3,O₃ mass,µg/m³,,,,
270775,"Kharahiya Basti, Araria - BSPCB",,26.146529,87.454184,1562214,pm10,PM10,µg/m³,,,,
270775,"Kharahiya Basti, Araria - BSPCB",,26.146529,87.454184,12236856,pm10,PM10,µg/m³,,,,
270775,"Kharahiya Basti, Araria - BSPCB",,26.146529,87.454184,12236857,pm25,PM2.5,µg/m³,,,,
270775,"Kharahiya Basti, Araria - BSPCB",,26.146529,87.454184,1562216,pm25,PM2.5,µg/m³,,,,
270775,"Kharahiya Basti, Araria - BSPCB",,26.146529,87.454184,12236859,so2,SO₂,ppb,,,,
270775,"Kharahiya Basti, Araria - BSPCB",,26.146529,87.454184,1562213,so2,SO₂ mass,µg/m³,,,,
270777,"Jigar Colony, Moradabad - UPPCB",,28.856664000000002,78.772638,12236985,co,CO,ppb,,,,
270777,"Jigar Colony, Moradabad - UPPCB",,28.856664000000002,78.772638,1562224,co,CO mass,µg/m³,,,,
270777,"Jigar Colony, Moradabad - UPPCB",,28.856664000000002,78.772638,12236987,no2,NO₂,ppb,,,,
270777,"Jigar Colony, Moradabad - UPPCB",,28.856664000000002,78.772638,1562225,no2,NO₂ mass,µg/m³,,,,
270777,"Jigar Colony, Moradabad - UPPCB",,28.856664000000002,78.772638,12236988,o3,O₃ mass,µg/m³,,,,
270777,"Jigar Colony, Moradabad - UPPCB",,28.856664000000002,78.772638,1562222,o3,O₃ mass,µg/m³,,,,
270777,"Jigar Colony, Moradabad - UPPCB",,28.856664000000002,78.772638,12236989,pm10,PM10,µg/m³,,,,
270777,"Jigar Colony, Moradabad - UPPCB",,28.856664000000002,78.772638,1562223,pm10,PM10,µg/m³,,,,
270777,"Jigar Colony, Moradabad - UPPCB",,28.856664000000002,78.772638,12236990,pm25,PM2.5,µg/m³,,,,
270777,"Jigar Colony, Moradabad - UPPCB",,28.856664000000002,78.772638,1562221,pm25,PM2.5,µg/m³,,,,
270777,"Jigar Colony, Moradabad - UPPCB",,28.856664000000002,78.772638,1562226,so2,SO₂ mass,µg/m³,,,,
270777,"Jigar Colony, Moradabad - UPPCB",,28.856664000000002,78.772638,12236992,so2,SO₂,ppb,,,,
270877,"Eco Herbal Park, Moradabad - UPPCB",,28.840739000000003,78.69753100000001,1562625,co,CO mass,µg/m³,,,,
270877,"Eco Herbal Park, Moradabad - UPPCB",,28.840739000000003,78.69753100000001,12236994,co,CO,ppb,,,,
270877,"Eco Herbal Park, Moradabad - UPPCB",,28.840739000000003,78.69753100000001,1562627,no2,NO₂ mass,µg/m³,,,,
270877,"Eco Herbal Park, Moradabad - UPPCB",,28.840739000000003,78.69753100000001,12236996,no2,NO₂,ppb,,,,
270877,"Eco Herbal Park, Moradabad - UPPCB",,28.840739000000003,78.69753100000001,1562626,o3,O₃ mass,µg/m³,,,,
270877,"Eco Herbal Park, Moradabad - UPPCB",,28.840739000000003,78.69753100000001,12236997,o3,O₃ mass,µg/m³,,,,
270877,"Eco Herbal Park, Moradabad - UPPCB",,28.840739000000003,78.69753100000001,12236998,pm10,PM10,µg/m³,,,,
270877,"Eco Herbal Park, Moradabad - UPPCB",,28.840739000000003,78.69753100000001,1562624,pm10,PM10,µg/m³,,,,
270877,"Eco Herbal Park, Moradabad - UPPCB",,28.840739000000003,78.69753100000001,12236999,pm25,PM2.5,µg/m³,,,,
270877,"Eco Herbal Park, Moradabad - UPPCB",,28.840739000000003,78.69753100000001,1562629,pm25,PM2.5,µg/m³,,,,
270877,"Eco Herbal Park, Moradabad - UPPCB",,28.840739000000003,78.69753100000001,1562628,so2,SO₂ mass,µg/m³,,,,
270877,"Eco Herbal Park, Moradabad - UPPCB",,28.840739000000003,78.69753100000001,12237001,so2,SO₂,ppb,,,,
278159,"Rohta, Agra - UPPCB",,27.106972,78.000111,12236747,co,CO,ppb,,,,
278159,"Rohta, Agra - UPPCB",,27.106972,78.000111,1583418,co,CO mass,µg/m³,,,,
278159,"Rohta, Agra - UPPCB",,27.106972,78.000111,1583419,no2,NO₂ mass,µg/m³,,,,
278159,"Rohta, Agra - UPPCB",,27.106972,78.000111,12236749,no2,NO₂,ppb,,,,
278159,"Rohta, Agra - UPPCB",,27.106972,78.000111,1583417,o3,O₃ mass,µg/m³,,,,
278159,"Rohta, Agra - UPPCB",,27.106972,78.000111,12236750,o3,O₃ mass,µg/m³,,,,
278159,"Rohta, Agra - UPPCB",,27.106972,78.000111,1583420,pm10,PM10,µg/m³,,,,
278159,"Rohta, Agra - UPPCB",,27.106972,78.000111,12236751,pm10,PM10,µg/m³,,,,
278159,"Rohta, Agra - UPPCB",,27.106972,78.000111,12236752,pm25,PM2.5,µg/m³,,,,
278159,"Rohta, Agra - UPPCB",,27.106972,78.000111,1583416,pm25,PM2.5,µg/m³,,,,
278159,"Rohta, Agra - UPPCB",,27.106972,78.000111,1583415,so2,SO₂ mass,µg/m³,,,,
278159,"Rohta, Agra - UPPCB",,27.106972,78.000111,12236754,so2,SO₂,ppb,,,,
278418,"Sector-53, Chandigarh - CPCC",,30.719859000000003,76.738637,1584286,co,CO mass,µg/m³,,,,
278418,"Sector-53, Chandigarh - CPCC",,30.719859000000003,76.738637,12237003,co,CO,ppb,,,,
278418,"Sector-53, Chandigarh - CPCC",,30.719859000000003,76.738637,12237005,no2,NO₂,ppb,,,,
278418,"Sector-53, Chandigarh - CPCC",,30.719859000000003,76.738637,1584285,no2,NO₂ mass,µg/m³,,,,
278418,"Sector-53, Chandigarh - CPCC",,30.719859000000003,76.738637,12237006,o3,O₃ mass,µg/m³,,,,
278418,"Sector-53, Chandigarh - CPCC",,30.719859000000003,76.738637,1584287,o3,O₃ mass,µg/m³,,,,
278418,"Sector-53, Chandigarh - CPCC",,30.719859000000003,76.738637,1584283,pm10,PM10,µg/m³,,,,
278418,"Sector-53, Chandigarh - CPCC",,30.719859000000003,76.738637,12237007,pm10,PM10,µg/m³,,,,
278418,"Sector-53, Chandigarh - CPCC",,30.719859000000003,76.738637,12237008,pm25,PM2.5,µg/m³,,,,
278418,"Sector-53, Chandigarh - CPCC",,30.719859000000003,76.738637,1584284,pm25,PM2.5,µg/m³,,,,
278418,"Sector-53, Chandigarh - CPCC",,30.719859000000003,76.738637,12237010,so2,SO₂,ppb,,,,
278418,"Sector-53, Chandigarh - CPCC",,30.719859000000003,76.738637,1584282,so2,SO₂ mass,µg/m³,,,,
278671,"Shivaji Nagar, Jhansi - UPPCB",,25.4547,78.6039,12237012,co,CO,ppb,,,,
278671,"Shivaji Nagar, Jhansi - UPPCB",,25.4547,78.6039,1585302,co,CO mass,µg/m³,,,,
278671,"Shivaji Nagar, Jhansi - UPPCB",,25.4547,78.6039,1585298,no2,NO₂ mass,µg/m³,,,,
278671,"Shivaji Nagar, Jhansi - UPPCB",,25.4547,78.6039,12237014,no2,NO₂,ppb,,,,
278671,"Shivaji Nagar, Jhansi - UPPCB",,25.4547,78.6039,1585301,o3,O₃ mass,µg/m³,,,,
278671,"Shivaji Nagar, Jhansi - UPPCB",,25.4547,78.6039,12237015,o3,O₃ mass,µg/m³,,,,
278671,"Shivaji Nagar, Jhansi - UPPCB",,25.4547,78.6039,12237016,pm10,PM10,µg/m³,,,,
278671,"Shivaji Nagar, Jhansi - UPPCB",,25.4547,78.6039,1585299,pm10,PM10,µg/m³,,,,
278671,"Shivaji Nagar, Jhansi - UPPCB",,25.4547,78.6039,1585300,pm25,PM2.5,µg/m³,,,,
278671,"Shivaji Nagar, Jhansi - UPPCB",,25.4547,78.6039,12237017,pm25,PM2.5,µg/m³,,,,
278671,"Shivaji Nagar, Jhansi - UPPCB",,25.4547,78.6039,12237019,so2,SO₂,ppb,,,,
278671,"Shivaji Nagar, Jhansi - UPPCB",,25.4547,78.6039,1585303,so2,SO₂ mass,µg/m³,,,,
301387,"Raikhad, Ahmedabad - IITM",,23.020509,72.579261,12236544,co,CO,ppb,,,,
301387,"Raikhad, Ahmedabad - IITM",,23.020509,72.579261,1713357,co,CO mass,µg/m³,,,,
301387,"Raikhad, Ahmedabad - IITM",,23.020509,72.579261,12236546,no2,NO₂,ppb,,,,
301387,"Raikhad, Ahmedabad - IITM",,23.020509,72.579261,1713361,no2,NO₂ mass,µg/m³,,,,
301387,"Raikhad, Ahmedabad - IITM",,23.020509,72.579261,1713374,o3,O₃ mass,µg/m³,,,,
301387,"Raikhad, Ahmedabad - IITM",,23.020509,72.579261,12236547,o3,O₃ mass,µg/m³,,,,
301387,"Raikhad, Ahmedabad - IITM",,23.020509,72.579261,12236548,pm10,PM10,µg/m³,,,,
301387,"Raikhad, Ahmedabad - IITM",,23.020509,72.579261,1713376,pm10,PM10,µg/m³,,,,
301387,"Raikhad, Ahmedabad - IITM",,23.020509,72.579261,1713360,pm25,PM2.5,µg/m³,,,,
301387,"Raikhad, Ahmedabad - IITM",,23.020509,72.579261,12236549,pm25,PM2.5,µg/m³,,,,
301387,"Raikhad, Ahmedabad - IITM",,23.020509,72.579261,1713373,so2,SO₂ mass,µg/m³,,,,
301387,"Raikhad, Ahmedabad - IITM",,23.020509,72.579261,12236551,so2,SO₂,ppb,,,,
301388,"Sardar Patel Inter College, Baghpat - UPPCB",,28.964949,77.278761,1854533,co,CO mass,µg/m³,,,,
301388,"Sardar Patel Inter College, Baghpat - UPPCB",,28.964949,77.278761,12237030,co,CO,ppb,,,,
301388,"Sardar Patel Inter College, Baghpat - UPPCB",,28.964949,77.278761,12237032,no2,NO₂,ppb,,,,
301388,"Sardar Patel Inter College, Baghpat - UPPCB",,28.964949,77.278761,1719189,no2,NO₂ mass,µg/m³,,,,
301388,"Sardar Patel Inter College, Baghpat - UPPCB",,28.964949,77.278761,1713356,o3,O₃ mass,µg/m³,,,,
301388,"Sardar Patel Inter College, Baghpat - UPPCB",,28.964949,77.278761,12237033,o3,O₃ mass,µg/m³,,,,
301388,"Sardar Patel Inter College, Baghpat - UPPCB",,28.964949,77.278761,1713358,pm10,PM10,µg/m³,,,,
301388,"Sardar Patel Inter College, Baghpat - UPPCB",,28.964949,77.278761,12237034,pm10,PM10,µg/m³,,,,
301388,"Sardar Patel Inter College, Baghpat - UPPCB",,28.964949,77.278761,1713367,pm25,PM2.5,µg/m³,,,,
301388,"Sardar Patel Inter College, Baghpat - UPPCB",,28.964949,77.278761,12237035,pm25,PM2.5,µg/m³,,,,
301388,"Sardar Patel Inter College, Baghpat - UPPCB",,28.964949,77.278761,1719188,so2,SO₂ mass,µg/m³,,,,
301388,"Sardar Patel Inter College, Baghpat - UPPCB",,28.964949,77.278761,12237037,so2,SO₂,ppb,,,,
301389,"HIMUDA Complex Phase-1, Baddi - HPPCB",,30.943887,76.801991,12237039,co,CO,ppb,,,,
301389,"HIMUDA Complex Phase-1, Baddi - HPPCB",,30.943887,76.801991,1713370,co,CO mass,µg/m³,,,,
301389,"HIMUDA Complex Phase-1, Baddi - HPPCB",,30.943887,76.801991,12237041,no2,NO₂,ppb,,,,
301389,"HIMUDA Complex Phase-1, Baddi - HPPCB",,30.943887,76.801991,1713364,no2,NO₂ mass,µg/m³,,,,
301389,"HIMUDA Complex Phase-1, Baddi - HPPCB",,30.943887,76.801991,12237042,o3,O₃ mass,µg/m³,,,,
301389,"HIMUDA Complex Phase-1, Baddi - HPPCB",,30.943887,76.801991,1719187,o3,O₃ mass,µg/m³,,,,
301389,"HIMUDA Complex Phase-1, Baddi - HPPCB",,30.943887,76.801991,1713362,pm10,PM10,µg/m³,,,,
301389,"HIMUDA Complex Phase-1, Baddi - HPPCB",,30.943887,76.801991,12237043,pm10,PM10,µg/m³,,,,
301389,"HIMUDA Complex Phase-1, Baddi - HPPCB",,30.943887,76.801991,12237044,pm25,PM2.5,µg/m³,,,,
301389,"HIMUDA Complex Phase-1, Baddi - HPPCB",,30.943887,76.801991,1713366,pm25,PM2.5,µg/m³,,,,
301389,"HIMUDA Complex Phase-1, Baddi - HPPCB",,30.943887,76.801991,12237046,so2,SO₂,ppb,,,,
301389,"HIMUDA Complex Phase-1, Baddi - HPPCB",,30.943887,76.801991,1713371,so2,SO₂ mass,µg/m³,,,,
301390,"Bardowali, Agartala - Tripura SPCB",,23.8175497,91.2726974,12237048,co,CO,ppb,,,,
301390,"Bardowali, Agartala - Tripura SPCB",,23.8175497,91.2726974,1713377,co,CO mass,µg/m³,,,,
301390,"Bardowali, Agartala - Tripura SPCB",,23.8175497,91.2726974,12237050,no2,NO₂,ppb,,,,
301390,"Bardowali, Agartala - Tripura SPCB",,23.8175497,91.2726974,1713368,no2,NO₂ mass,µg/m³,,,,
301390,"Bardowali, Agartala - Tripura SPCB",,23.8175497,91.2726974,12237051,o3,O₃ mass,µg/m³,,,,
301390,"Bardowali, Agartala - Tripura SPCB",,23.8175497,91.2726974,1713354,o3,O₃ mass,µg/m³,,,,
301390,"Bardowali, Agartala - Tripura SPCB",,23.8175497,91.2726974,1713375,pm10,PM10,µg/m³,,,,
301390,"Bardowali, Agartala - Tripura SPCB",,23.8175497,91.2726974,12237052,pm10,PM10,µg/m³,,,,
301390,"Bardowali, Agartala - Tripura SPCB",,23.8175497,91.2726974,12237053,pm25,PM2.5,µg/m³,,,,
301390,"Bardowali, Agartala - Tripura SPCB",,23.8175497,91.2726974,1713372,pm25,PM2.5,µg/m³,,,,
301390,"Bardowali, Agartala - Tripura SPCB",,23.8175497,91.2726974,1713369,so2,SO₂ mass,µg/m³,,,,
301390,"Bardowali, Agartala - Tripura SPCB",,23.8175497,91.2726974,12237055,so2,SO₂,ppb,,,,
301391,"DM Office_Kasipur, Samastipur - BSPCB",,25.859655,85.77944000000001,1970469,co,CO mass,µg/m³,,,,
301391,"DM Office_Kasipur, Samastipur - BSPCB",,25.859655,85.77944000000001,12236967,co,CO,ppb,,,,
301391,"DM Office_Kasipur, Samastipur - BSPCB",,25.859655,85.77944000000001,1713359,no2,NO₂ mass,µg/m³,,,,
301391,"DM Office_Kasipur, Samastipur - BSPCB",,25.859655,85.77944000000001,12236969,no2,NO₂,ppb,,,,
301391,"DM Office_Kasipur, Samastipur - BSPCB",,25.859655,85.77944000000001,12236970,o3,O₃ mass,µg/m³,,,,
301391,"DM Office_Kasipur, Samastipur - BSPCB",,25.859655,85.77944000000001,1713363,o3,O₃ mass,µg/m³,,,,
301391,"DM Office_Kasipur, Samastipur - BSPCB",,25.859655,85.77944000000001,12236971,pm10,PM10,µg/m³,,,,
301391,"DM Office_Kasipur, Samastipur - BSPCB",,25.859655,85.77944000000001,1719388,pm10,PM10,µg/m³,,,,
301391,"DM Office_Kasipur, Samastipur - BSPCB",,25.859655,85.77944000000001,1713355,pm25,PM2.5,µg/m³,,,,
301391,"DM Office_Kasipur, Samastipur - BSPCB",,25.859655,85.77944000000001,12236972,pm25,PM2.5,µg/m³,,,,
301391,"DM Office_Kasipur, Samastipur - BSPCB",,25.859655,85.77944000000001,12236974,so2,SO₂,ppb,,,,
301391,"DM Office_Kasipur, Samastipur - BSPCB",,25.859655,85.77944000000001,1713365,so2,SO₂ mass,µg/m³,,,,
301670,"Collector Office, Yadgir - KSPCB",,16.7602,77.1428,12236052,co,CO,ppb,,,,
301670,"Collector Office, Yadgir - KSPCB",,16.7602,77.1428,1715716,co,CO mass,µg/m³,,,,
301670,"Collector Office, Yadgir - KSPCB",,16.7602,77.1428,1715373,no2,NO₂ mass,µg/m³,,,,
301670,"Collector Office, Yadgir - KSPCB",,16.7602,77.1428,12236054,no2,NO₂,ppb,,,,
301670,"Collector Office, Yadgir - KSPCB",,16.7602,77.1428,12236055,o3,O₃ mass,µg/m³,,,,
301670,"Collector Office, Yadgir - KSPCB",,16.7602,77.1428,1714899,o3,O₃ mass,µg/m³,,,,
301670,"Collector Office, Yadgir - KSPCB",,16.7602,77.1428,1715988,pm10,PM10,µg/m³,,,,
301670,"Collector Office, Yadgir - KSPCB",,16.7602,77.1428,12236056,pm10,PM10,µg/m³,,,,
301670,"Collector Office, Yadgir - KSPCB",,16.7602,77.1428,1715831,pm25,PM2.5,µg/m³,,,,
301670,"Collector Office, Yadgir - KSPCB",,16.7602,77.1428,12236057,pm25,PM2.5,µg/m³,,,,
301670,"Collector Office, Yadgir - KSPCB",,16.7602,77.1428,1715584,so2,SO₂ mass,µg/m³,,,,
301670,"Collector Office, Yadgir - KSPCB",,16.7602,77.1428,12236059,so2,SO₂,ppb,,,,
304956,"Gurdeo Nagar, Aurangabad - BSPCB",,24.757460000000002,84.366208,1731285,co,CO mass,µg/m³,,,,
304956,"Gurdeo Nagar, Aurangabad - BSPCB",,24.757460000000002,84.366208,12236897,co,CO,ppb,,,,
304956,"Gurdeo Nagar, Aurangabad - BSPCB",,24.757460000000002,84.366208,12236899,no2,NO₂,ppb,,,,
304956,"Gurdeo Nagar, Aurangabad - BSPCB",,24.757460000000002,84.366208,1731282,no2,NO₂ mass,µg/m³,,,,
304956,"Gurdeo Nagar, Aurangabad - BSPCB",,24.757460000000002,84.366208,12236900,o3,O₃ mass,µg/m³,,,,
304956,"Gurdeo Nagar, Aurangabad - BSPCB",,24.757460000000002,84.366208,1731286,o3,O₃ mass,µg/m³,,,,
304956,"Gurdeo Nagar, Aurangabad - BSPCB",,24.757460000000002,84.366208,12236901,pm10,PM10,µg/m³,,,,
304956,"Gurdeo Nagar, Aurangabad - BSPCB",,24.757460000000002,84.366208,1731284,pm10,PM10,µg/m³,,,,
304956,"Gurdeo Nagar, Aurangabad - BSPCB",,24.757460000000002,84.366208,1731287,pm25,PM2.5,µg/m³,,,,
304956,"Gurdeo Nagar, Aurangabad - BSPCB",,24.757460000000002,84.366208,12236902,pm25,PM2.5,µg/m³,,,,
304956,"Gurdeo Nagar, Aurangabad - BSPCB",,24.757460000000002,84.366208,12236904,so2,SO₂,ppb,,,,
304956,"Gurdeo Nagar, Aurangabad - BSPCB",,24.757460000000002,84.366208,1731283,so2,SO₂ mass,µg/m³,,,,
306252,"DRCC Anandpur, Begusarai - BSPCB",,25.444266,86.140169,1738037,co,CO mass,µg/m³,,,,
306252,"DRCC Anandpur, Begusarai - BSPCB",,25.444266,86.140169,1738038,no2,NO₂ mass,µg/m³,,,,
306252,"DRCC Anandpur, Begusarai - BSPCB",,25.444266,86.140169,1741820,o3,O₃ mass,µg/m³,,,,
306252,"DRCC Anandpur, Begusarai - BSPCB",,25.444266,86.140169,1738039,pm10,PM10,µg/m³,,,,
306252,"DRCC Anandpur, Begusarai - BSPCB",,25.444266,86.140169,1802679,pm25,PM2.5,µg/m³,,,,
306252,"DRCC Anandpur, Begusarai - BSPCB",,25.444266,86.140169,1738040,so2,SO₂ mass,µg/m³,,,,
307463,"Zero Point GICI, Gangtok - SSPCB",,27.338529999999995,88.614099,1744313,co,CO mass,µg/m³,,,,
307463,"Zero Point GICI, Gangtok - SSPCB",,27.338529999999995,88.614099,1744314,no2,NO₂ mass,µg/m³,,,,
307463,"Zero Point GICI, Gangtok - SSPCB",,27.338529999999995,88.614099,1744315,o3,O₃ mass,µg/m³,,,,
307463,"Zero Point GICI, Gangtok - SSPCB",,27.338529999999995,88.614099,1744316,pm10,PM10,µg/m³,,,,
307463,"Zero Point GICI, Gangtok - SSPCB",,27.338529999999995,88.614099,1744312,pm25,PM2.5,µg/m³,,,,
307463,"Zero Point GICI, Gangtok - SSPCB",,27.338529999999995,88.614099,1744317,so2,SO₂ mass,µg/m³,,,,
309803,"Ashwini Nagar, Haveri - KSPCB",,14.7918,75.38959999999999,1757430,co,CO mass,µg/m³,,,,
309803,"Ashwini Nagar, Haveri - KSPCB",,14.7918,75.38959999999999,1757425,no2,NO₂ mass,µg/m³,,,,
309803,"Ashwini Nagar, Haveri - KSPCB",,14.7918,75.38959999999999,1757428,o3,O₃ mass,µg/m³,,,,
309803,"Ashwini Nagar, Haveri - KSPCB",,14.7918,75.38959999999999,1757427,pm10,PM10,µg/m³,,,,
309803,"Ashwini Nagar, Haveri - KSPCB",,14.7918,75.38959999999999,1757429,pm25,PM2.5,µg/m³,,,,
309803,"Ashwini Nagar, Haveri - KSPCB",,14.7918,75.38959999999999,1757426,so2,SO₂ mass,µg/m³,,,,
313410,"DM College of Science, Imphal - Manipur PCB",,24.8207389,93.94230849999998,1776514,co,CO mass,µg/m³,,,,
313410,"DM College of Science, Imphal - Manipur PCB",,24.8207389,93.94230849999998,1776520,no2,NO₂ mass,µg/m³,,,,
313410,"DM College of Science, Imphal - Manipur PCB",,24.8207389,93.94230849999998,1776521,o3,O₃ mass,µg/m³,,,,
313410,"DM College of Science, Imphal - Manipur PCB",,24.8207389,93.94230849999998,1776518,pm10,PM10,µg/m³,,,,
313410,"DM College of Science, Imphal - Manipur PCB",,24.8207389,93.94230849999998,1776524,pm25,PM2.5,µg/m³,,,,
313410,"DM College of Science, Imphal - Manipur PCB",,24.8207389,93.94230849999998,1776519,so2,SO₂ mass,µg/m³,,,,
313411,"JN Stadium, Shillong - Meghalaya PCB",,25.5803419,91.8942571,12403013,co,CO,ppb,,,,
313411,"JN Stadium, Shillong - Meghalaya PCB",,25.5803419,91.8942571,1776517,co,CO mass,µg/m³,,,,
313411,"JN Stadium, Shillong - Meghalaya PCB",,25.5803419,91.8942571,1776525,no2,NO₂ mass,µg/m³,,,,
313411,"JN Stadium, Shillong - Meghalaya PCB",,25.5803419,91.8942571,12403015,no2,NO₂,ppb,,,,
313411,"JN Stadium, Shillong - Meghalaya PCB",,25.5803419,91.8942571,12403016,o3,O₃ mass,µg/m³,,,,
313411,"JN Stadium, Shillong - Meghalaya PCB",,25.5803419,91.8942571,1776515,o3,O₃ mass,µg/m³,,,,
313411,"JN Stadium, Shillong - Meghalaya PCB",,25.5803419,91.8942571,12403017,pm10,PM10,µg/m³,,,,
313411,"JN Stadium, Shillong - Meghalaya PCB",,25.5803419,91.8942571,1776522,pm10,PM10,µg/m³,,,,
313411,"JN Stadium, Shillong - Meghalaya PCB",,25.5803419,91.8942571,1776523,pm25,PM2.5,µg/m³,,,,
313411,"JN Stadium, Shillong - Meghalaya PCB",,25.5803419,91.8942571,12403018,pm25,PM2.5,µg/m³,,,,
313411,"JN Stadium, Shillong - Meghalaya PCB",,25.5803419,91.8942571,1776516,so2,SO₂ mass,µg/m³,,,,
313411,"JN Stadium, Shillong - Meghalaya PCB",,25.5803419,91.8942571,12403020,so2,SO₂,ppb,,,,
313923,"Manipur University, Imphal - Manipur PCB",,24.7524239,93.92862179999999,1779958,co,CO mass,µg/m³,,,,
313923,"Manipur University, Imphal - Manipur PCB",,24.7524239,93.92862179999999,1779956,no2,NO₂ mass,µg/m³,,,,
313923,"Manipur University, Imphal - Manipur PCB",,24.7524239,93.92862179999999,1779959,o3,O₃ mass,µg/m³,,,,
313923,"Manipur University, Imphal - Manipur PCB",,24.7524239,93.92862179999999,1779954,pm10,PM10,µg/m³,,,,
313923,"Manipur University, Imphal - Manipur PCB",,24.7524239,93.92862179999999,1779955,pm25,PM2.5,µg/m³,,,,
313923,"Manipur University, Imphal - Manipur PCB",,24.7524239,93.92862179999999,1779957,so2,SO₂ mass,µg/m³,,,,
317035,"Doon University, Dehradun - UKPCB",,30.269444,78.044167,1799318,co,CO mass,µg/m³,,,,
317035,"Doon University, Dehradun - UKPCB",,30.269444,78.044167,12237075,co,CO,ppb,,,,
317035,"Doon University, Dehradun - UKPCB",,30.269444,78.044167,12237077,no2,NO₂,ppb,,,,
317035,"Doon University, Dehradun - UKPCB",,30.269444,78.044167,1799320,no2,NO₂ mass,µg/m³,,,,
317035,"Doon University, Dehradun - UKPCB",,30.269444,78.044167,12237078,o3,O₃ mass,µg/m³,,,,
317035,"Doon University, Dehradun - UKPCB",,30.269444,78.044167,1799315,o3,O₃ mass,µg/m³,,,,
317035,"Doon University, Dehradun - UKPCB",,30.269444,78.044167,12237079,pm10,PM10,µg/m³,,,,
317035,"Doon University, Dehradun - UKPCB",,30.269444,78.044167,1799317,pm10,PM10,µg/m³,,,,
317035,"Doon University, Dehradun - UKPCB",,30.269444,78.044167,1799316,pm25,PM2.5,µg/m³,,,,
317035,"Doon University, Dehradun - UKPCB",,30.269444,78.044167,12237080,pm25,PM2.5,µg/m³,,,,
317035,"Doon University, Dehradun - UKPCB",,30.269444,78.044167,12237082,so2,SO₂,ppb,,,,
317035,"Doon University, Dehradun - UKPCB",,30.269444,78.044167,1799319,so2,SO₂ mass,µg/m³,,,,
330021,"Vibhab Nagar, Firozabad - UPPCB",,27.1594,78.3953,12237021,co,CO,ppb,,,,
330021,"Vibhab Nagar, Firozabad - UPPCB",,27.1594,78.3953,1877854,co,CO mass,µg/m³,,,,
330021,"Vibhab Nagar, Firozabad - UPPCB",,27.1594,78.3953,1877852,no2,NO₂ mass,µg/m³,,,,
330021,"Vibhab Nagar, Firozabad - UPPCB",,27.1594,78.3953,12237023,no2,NO₂,ppb,,,,
330021,"Vibhab Nagar, Firozabad - UPPCB",,27.1594,78.3953,12237024,o3,O₃ mass,µg/m³,,,,
330021,"Vibhab Nagar, Firozabad - UPPCB",,27.1594,78.3953,1877853,o3,O₃ mass,µg/m³,,,,
330021,"Vibhab Nagar, Firozabad - UPPCB",,27.1594,78.3953,1877855,pm10,PM10,µg/m³,,,,
330021,"Vibhab Nagar, Firozabad - UPPCB",,27.1594,78.3953,12237025,pm10,PM10,µg/m³,,,,
330021,"Vibhab Nagar, Firozabad - UPPCB",,27.1594,78.3953,1877851,pm25,PM2.5,µg/m³,,,,
330021,"Vibhab Nagar, Firozabad - UPPCB",,27.1594,78.3953,12237026,pm25,PM2.5,µg/m³,,,,
330021,"Vibhab Nagar, Firozabad - UPPCB",,27.1594,78.3953,12237028,so2,SO₂,ppb,,,,
330021,"Vibhab Nagar, Firozabad - UPPCB",,27.1594,78.3953,1877856,so2,SO₂ mass,µg/m³,,,,
344103,"ECIL Kapra, Hyderabad - TSPCB",,17.470431,78.566959,1960397,co,CO mass,µg/m³,,,,
344103,"ECIL Kapra, Hyderabad - TSPCB",,17.470431,78.566959,12237093,co,CO,ppb,,,,
344103,"ECIL Kapra, Hyderabad - TSPCB",,17.470431,78.566959,1960403,no2,NO₂ mass,µg/m³,,,,
344103,"ECIL Kapra, Hyderabad - TSPCB",,17.470431,78.566959,12237095,no2,NO₂,ppb,,,,
344103,"ECIL Kapra, Hyderabad - TSPCB",,17.470431,78.566959,12237096,o3,O₃ mass,µg/m³,,,,
344103,"ECIL Kapra, Hyderabad - TSPCB",,17.470431,78.566959,1960395,o3,O₃ mass,µg/m³,,,,
344103,"ECIL Kapra, Hyderabad - TSPCB",,17.470431,78.566959,1960400,pm10,PM10,µg/m³,,,,
344103,"ECIL Kapra, Hyderabad - TSPCB",,17.470431,78.566959,12237097,pm10,PM10,µg/m³,,,,
344103,"ECIL Kapra, Hyderabad - TSPCB",,17.470431,78.566959,1960399,pm25,PM2.5,µg/m³,,,,
344103,"ECIL Kapra, Hyderabad - TSPCB",,17.470431,78.566959,12237098,pm25,PM2.5,µg/m³,,,,
344103,"ECIL Kapra, Hyderabad - TSPCB",,17.470431,78.566959,1960401,so2,SO₂ mass,µg/m³,,,,
344103,"ECIL Kapra, Hyderabad - TSPCB",,17.470431,78.566959,12237100,so2,SO₂,ppb,,,,
344104,"Kompally Municipal Office, Hyderabad - TSPCB",,17.544898999999997,78.486949,1960396,co,CO mass,µg/m³,,,,
344104,"Kompally Municipal Office, Hyderabad - TSPCB",,17.544898999999997,78.486949,12237120,co,CO,ppb,,,,
344104,"Kompally Municipal Office, Hyderabad - TSPCB",,17.544898999999997,78.486949,1960398,no2,NO₂ mass,µg/m³,,,,
344104,"Kompally Municipal Office, Hyderabad - TSPCB",,17.544898999999997,78.486949,12237122,no2,NO₂,ppb,,,,
344104,"Kompally Municipal Office, Hyderabad - TSPCB",,17.544898999999997,78.486949,12237123,o3,O₃ mass,µg/m³,,,,
344104,"Kompally Municipal Office, Hyderabad - TSPCB",,17.544898999999997,78.486949,1960402,o3,O₃ mass,µg/m³,,,,
344104,"Kompally Municipal Office, Hyderabad - TSPCB",,17.544898999999997,78.486949,1960404,pm10,PM10,µg/m³,,,,
344104,"Kompally Municipal Office, Hyderabad - TSPCB",,17.544898999999997,78.486949,12237124,pm10,PM10,µg/m³,,,,
344104,"Kompally Municipal Office, Hyderabad - TSPCB",,17.544898999999997,78.486949,12237125,pm25,PM2.5,µg/m³,,,,
344104,"Kompally Municipal Office, Hyderabad - TSPCB",,17.544898999999997,78.486949,1960394,pm25,PM2.5,µg/m³,,,,
344104,"Kompally Municipal Office, Hyderabad - TSPCB",,17.544898999999997,78.486949,1960405,so2,SO₂ mass,µg/m³,,,,
344104,"Kompally Municipal Office, Hyderabad - TSPCB",,17.544898999999997,78.486949,12237127,so2,SO₂,ppb,,,,
344140,"Somajiguda, Hyderabad - TSPCB",,17.417094,78.457437,12237111,co,CO,ppb,,,,
344140,"Somajiguda, Hyderabad - TSPCB",,17.417094,78.457437,1960604,co,CO mass,µg/m³,,,,
344140,"Somajiguda, Hyderabad - TSPCB",,17.417094,78.457437,1960586,no2,NO₂ mass,µg/m³,,,,
344140,"Somajiguda, Hyderabad - TSPCB",,17.417094,78.457437,12237113,no2,NO₂,ppb,,,,
344140,"Somajiguda, Hyderabad - TSPCB",,17.417094,78.457437,12237114,o3,O₃ mass,µg/m³,,,,
344140,"Somajiguda, Hyderabad - TSPCB",,17.417094,78.457437,1960600,o3,O₃ mass,µg/m³,,,,
344140,"Somajiguda, Hyderabad - TSPCB",,17.417094,78.457437,12237115,pm10,PM10,µg/m³,,,,
344140,"Somajiguda, Hyderabad - TSPCB",,17.417094,78.457437,1960606,pm10,PM10,µg/m³,,,,
344140,"Somajiguda, Hyderabad - TSPCB",,17.417094,78.457437,12237116,pm25,PM2.5,µg/m³,,,,
344140,"Somajiguda, Hyderabad - TSPCB",,17.417094,78.457437,1960587,pm25,PM2.5,µg/m³,,,,
344140,"Somajiguda, Hyderabad - TSPCB",,17.417094,78.457437,12237118,so2,SO₂,ppb,,,,
344140,"Somajiguda, Hyderabad - TSPCB",,17.417094,78.457437,1960599,so2,SO₂ mass,µg/m³,,,,
344142,"Nacharam_TSIIC IALA, Hyderabad - TSPCB",,17.429398,78.569354,12237129,co,CO,ppb,,,,
344142,"Nacharam_TSIIC IALA, Hyderabad - TSPCB",,17.429398,78.569354,1960601,co,CO mass,µg/m³,,,,
344142,"Nacharam_TSIIC IALA, Hyderabad - TSPCB",,17.429398,78.569354,12237131,no2,NO₂,ppb,,,,
344142,"Nacharam_TSIIC IALA, Hyderabad - TSPCB",,17.429398,78.569354,1960613,no2,NO₂ mass,µg/m³,,,,
344142,"Nacharam_TSIIC IALA, Hyderabad - TSPCB",,17.429398,78.569354,12237132,o3,O₃ mass,µg/m³,,,,
344142,"Nacharam_TSIIC IALA, Hyderabad - TSPCB",,17.429398,78.569354,1960594,o3,O₃ mass,µg/m³,,,,
344142,"Nacharam_TSIIC IALA, Hyderabad - TSPCB",,17.429398,78.569354,12237133,pm10,PM10,µg/m³,,,,
344142,"Nacharam_TSIIC IALA, Hyderabad - TSPCB",,17.429398,78.569354,1960597,pm10,PM10,µg/m³,,,,
344142,"Nacharam_TSIIC IALA, Hyderabad - TSPCB",,17.429398,78.569354,1960609,pm25,PM2.5,µg/m³,,,,
344142,"Nacharam_TSIIC IALA, Hyderabad - TSPCB",,17.429398,78.569354,12237134,pm25,PM2.5,µg/m³,,,,
344142,"Nacharam_TSIIC IALA, Hyderabad - TSPCB",,17.429398,78.569354,12237136,so2,SO₂,ppb,,,,
344142,"Nacharam_TSIIC IALA, Hyderabad - TSPCB",,17.429398,78.569354,1960596,so2,SO₂ mass,µg/m³,,,,
344144,"IITH Kandi, Hyderabad - TSPCB",,17.585704999999997,78.126199,12237102,co,CO,ppb,,,,
344144,"IITH Kandi, Hyderabad - TSPCB",,17.585704999999997,78.126199,1960591,co,CO mass,µg/m³,,,,
344144,"IITH Kandi, Hyderabad - TSPCB",,17.585704999999997,78.126199,12237104,no2,NO₂,ppb,,,,
344144,"IITH Kandi, Hyderabad - TSPCB",,17.585704999999997,78.126199,1960589,no2,NO₂ mass,µg/m³,,,,
344144,"IITH Kandi, Hyderabad - TSPCB",,17.585704999999997,78.126199,12237105,o3,O₃ mass,µg/m³,,,,
344144,"IITH Kandi, Hyderabad - TSPCB",,17.585704999999997,78.126199,1960612,o3,O₃ mass,µg/m³,,,,
344144,"IITH Kandi, Hyderabad - TSPCB",,17.585704999999997,78.126199,1960603,pm10,PM10,µg/m³,,,,
344144,"IITH Kandi, Hyderabad - TSPCB",,17.585704999999997,78.126199,12237106,pm10,PM10,µg/m³,,,,
344144,"IITH Kandi, Hyderabad - TSPCB",,17.585704999999997,78.126199,12237107,pm25,PM2.5,µg/m³,,,,
344144,"IITH Kandi, Hyderabad - TSPCB",,17.585704999999997,78.126199,1960590,pm25,PM2.5,µg/m³,,,,
344144,"IITH Kandi, Hyderabad - TSPCB",,17.585704999999997,78.126199,1960593,so2,SO₂ mass,µg/m³,,,,
344144,"IITH Kandi, Hyderabad - TSPCB",,17.585704999999997,78.126199,12237109,so2,SO₂,ppb,,,,
346257,"Ramachandrapuram, Hyderabad - TSPCB",,17.528544,78.28619499999999,12242159,co,CO,ppb,,,,
346257,"Ramachandrapuram, Hyderabad - TSPCB",,17.528544,78.28619499999999,1970972,co,CO mass,µg/m³,,,,
346257,"Ramachandrapuram, Hyderabad - TSPCB",,17.528544,78.28619499999999,1970971,no2,NO₂ mass,µg/m³,,,,
346257,"Ramachandrapuram, Hyderabad - TSPCB",,17.528544,78.28619499999999,12242161,no2,NO₂,ppb,,,,
346257,"Ramachandrapuram, Hyderabad - TSPCB",,17.528544,78.28619499999999,1970974,o3,O₃ mass,µg/m³,,,,
346257,"Ramachandrapuram, Hyderabad - TSPCB",,17.528544,78.28619499999999,12242162,o3,O₃ mass,µg/m³,,,,
346257,"Ramachandrapuram, Hyderabad - TSPCB",,17.528544,78.28619499999999,12242163,pm10,PM10,µg/m³,,,,
346257,"Ramachandrapuram, Hyderabad - TSPCB",,17.528544,78.28619499999999,1970973,pm10,PM10,µg/m³,,,,
346257,"Ramachandrapuram, Hyderabad - TSPCB",,17.528544,78.28619499999999,12242164,pm25,PM2.5,µg/m³,,,,
346257,"Ramachandrapuram, Hyderabad - TSPCB",,17.528544,78.28619499999999,1970968,pm25,PM2.5,µg/m³,,,,
346257,"Ramachandrapuram, Hyderabad - TSPCB",,17.528544,78.28619499999999,1970965,so2,SO₂ mass,µg/m³,,,,
346257,"Ramachandrapuram, Hyderabad - TSPCB",,17.528544,78.28619499999999,12242166,so2,SO₂,ppb,,,,
346258,"Kokapet, Hyderabad - TSPCB",,17.393559,78.33919399999999,12237156,co,CO,ppb,,,,
346258,"Kokapet, Hyderabad - TSPCB",,17.393559,78.33919399999999,1970967,co,CO mass,µg/m³,,,,
346258,"Kokapet, Hyderabad - TSPCB",,17.393559,78.33919399999999,1970969,no2,NO₂ mass,µg/m³,,,,
346258,"Kokapet, Hyderabad - TSPCB",,17.393559,78.33919399999999,12237158,no2,NO₂,ppb,,,,
346258,"Kokapet, Hyderabad - TSPCB",,17.393559,78.33919399999999,12237159,o3,O₃ mass,µg/m³,,,,
346258,"Kokapet, Hyderabad - TSPCB",,17.393559,78.33919399999999,1970966,pm10,PM10,µg/m³,,,,
346258,"Kokapet, Hyderabad - TSPCB",,17.393559,78.33919399999999,12237160,pm10,PM10,µg/m³,,,,
346258,"Kokapet, Hyderabad - TSPCB",,17.393559,78.33919399999999,1970970,pm25,PM2.5,µg/m³,,,,
346258,"Kokapet, Hyderabad - TSPCB",,17.393559,78.33919399999999,12237161,pm25,PM2.5,µg/m³,,,,
346258,"Kokapet, Hyderabad - TSPCB",,17.393559,78.33919399999999,12237163,so2,SO₂,ppb,,,,
346258,"Kokapet, Hyderabad - TSPCB",,17.393559,78.33919399999999,1970975,so2,SO₂ mass,µg/m³,,,,
346438,"Rajendra Nagar, Bareilly - UPPCB",,28.38910936,79.42963708,1971906,co,CO mass,µg/m³,,,,
346438,"Rajendra Nagar, Bareilly - UPPCB",,28.38910936,79.42963708,12237138,co,CO,ppb,,,,
346438,"Rajendra Nagar, Bareilly - UPPCB",,28.38910936,79.42963708,12237140,no2,NO₂,ppb,,,,
346438,"Rajendra Nagar, Bareilly - UPPCB",,28.38910936,79.42963708,1971909,no2,NO₂ mass,µg/m³,,,,
346438,"Rajendra Nagar, Bareilly - UPPCB",,28.38910936,79.42963708,1971902,o3,O₃ mass,µg/m³,,,,
346438,"Rajendra Nagar, Bareilly - UPPCB",,28.38910936,79.42963708,12237141,o3,O₃ mass,µg/m³,,,,
346438,"Rajendra Nagar, Bareilly - UPPCB",,28.38910936,79.42963708,1971905,pm10,PM10,µg/m³,,,,
346438,"Rajendra Nagar, Bareilly - UPPCB",,28.38910936,79.42963708,12237142,pm10,PM10,µg/m³,,,,
346438,"Rajendra Nagar, Bareilly - UPPCB",,28.38910936,79.42963708,1971907,pm25,PM2.5,µg/m³,,,,
346438,"Rajendra Nagar, Bareilly - UPPCB",,28.38910936,79.42963708,12237143,pm25,PM2.5,µg/m³,,,,
346438,"Rajendra Nagar, Bareilly - UPPCB",,28.38910936,79.42963708,12237145,so2,SO₂,ppb,,,,
346438,"Rajendra Nagar, Bareilly - UPPCB",,28.38910936,79.42963708,1971903,so2,SO₂ mass,µg/m³,,,,
346439,"Kalindi Kunj, Khurja - UPPCB",,28.234892699999996,77.8683002,1971899,co,CO mass,µg/m³,,,,
346439,"Kalindi Kunj, Khurja - UPPCB",,28.234892699999996,77.8683002,12237147,co,CO,ppb,,,,
346439,"Kalindi Kunj, Khurja - UPPCB",,28.234892699999996,77.8683002,12237149,no2,NO₂,ppb,,,,
346439,"Kalindi Kunj, Khurja - UPPCB",,28.234892699999996,77.8683002,1971910,no2,NO₂ mass,µg/m³,,,,
346439,"Kalindi Kunj, Khurja - UPPCB",,28.234892699999996,77.8683002,12237150,o3,O₃ mass,µg/m³,,,,
346439,"Kalindi Kunj, Khurja - UPPCB",,28.234892699999996,77.8683002,1971901,o3,O₃ mass,µg/m³,,,,
346439,"Kalindi Kunj, Khurja - UPPCB",,28.234892699999996,77.8683002,1971904,pm10,PM10,µg/m³,,,,
346439,"Kalindi Kunj, Khurja - UPPCB",,28.234892699999996,77.8683002,12237151,pm10,PM10,µg/m³,,,,
346439,"Kalindi Kunj, Khurja - UPPCB",,28.234892699999996,77.8683002,1971908,pm25,PM2.5,µg/m³,,,,
346439,"Kalindi Kunj, Khurja - UPPCB",,28.234892699999996,77.8683002,12237152,pm25,PM2.5,µg/m³,,,,
346439,"Kalindi Kunj, Khurja - UPPCB",,28.234892699999996,77.8683002,1971900,so2,SO₂ mass,µg/m³,,,,
346439,"Kalindi Kunj, Khurja - UPPCB",,28.234892699999996,77.8683002,12237154,so2,SO₂,ppb,,,,
352465,"New Malakpet, Hyderabad - TSPCB",,17.37206,78.50864,12237084,co,CO,ppb,,,,
352465,"New Malakpet, Hyderabad - TSPCB",,17.37206,78.50864,2002324,co,CO mass,µg/m³,,,,
352465,"New Malakpet, Hyderabad - TSPCB",,17.37206,78.50864,2002328,no2,NO₂ mass,µg/m³,,,,
352465,"New Malakpet, Hyderabad - TSPCB",,17.37206,78.50864,12237086,no2,NO₂,ppb,,,,
352465,"New Malakpet, Hyderabad - TSPCB",,17.37206,78.50864,2002325,o3,O₃ mass,µg/m³,,,,
352465,"New Malakpet, Hyderabad - TSPCB",,17.37206,78.50864,12237087,o3,O₃ mass,µg/m³,,,,
352465,"New Malakpet, Hyderabad - TSPCB",,17.37206,78.50864,12237088,pm10,PM10,µg/m³,,,,
352465,"New Malakpet, Hyderabad - TSPCB",,17.37206,78.50864,2002329,pm10,PM10,µg/m³,,,,
352465,"New Malakpet, Hyderabad - TSPCB",,17.37206,78.50864,2002327,pm25,PM2.5,µg/m³,,,,
352465,"New Malakpet, Hyderabad - TSPCB",,17.37206,78.50864,12237089,pm25,PM2.5,µg/m³,,,,
352465,"New Malakpet, Hyderabad - TSPCB",,17.37206,78.50864,12237091,so2,SO₂,ppb,,,,
352465,"New Malakpet, Hyderabad - TSPCB",,17.37206,78.50864,2002326,so2,SO₂ mass,µg/m³,,,,
352777,"Kashiram Nagar, Moradabad - UPPCB",,28.849399,78.742362,2003327,co,CO mass,µg/m³,,,,
352777,"Kashiram Nagar, Moradabad - UPPCB",,28.849399,78.742362,12237266,co,CO,ppb,,,,
352777,"Kashiram Nagar, Moradabad - UPPCB",,28.849399,78.742362,2003323,no2,NO₂ mass,µg/m³,,,,
352777,"Kashiram Nagar, Moradabad - UPPCB",,28.849399,78.742362,12237268,no2,NO₂,ppb,,,,
352777,"Kashiram Nagar, Moradabad - UPPCB",,28.849399,78.742362,2003325,o3,O₃ mass,µg/m³,,,,
352777,"Kashiram Nagar, Moradabad - UPPCB",,28.849399,78.742362,12237269,o3,O₃ mass,µg/m³,,,,
352777,"Kashiram Nagar, Moradabad - UPPCB",,28.849399,78.742362,12237270,pm10,PM10,µg/m³,,,,
352777,"Kashiram Nagar, Moradabad - UPPCB",,28.849399,78.742362,2003328,pm10,PM10,µg/m³,,,,
352777,"Kashiram Nagar, Moradabad - UPPCB",,28.849399,78.742362,12237271,pm25,PM2.5,µg/m³,,,,
352777,"Kashiram Nagar, Moradabad - UPPCB",,28.849399,78.742362,2003326,pm25,PM2.5,µg/m³,,,,
352777,"Kashiram Nagar, Moradabad - UPPCB",,28.849399,78.742362,12237273,so2,SO₂,ppb,,,,
352777,"Kashiram Nagar, Moradabad - UPPCB",,28.849399,78.742362,2003324,so2,SO₂ mass,µg/m³,,,,
353715,"Transport Nagar, Moradabad - UPPCB",,28.802625,78.75372800000001,2007704,co,CO mass,µg/m³,,,,
353715,"Transport Nagar, Moradabad - UPPCB",,28.802625,78.75372800000001,12237215,co,CO,ppb,,,,
353715,"Transport Nagar, Moradabad - UPPCB",,28.802625,78.75372800000001,12237217,no2,NO₂,ppb,,,,
353715,"Transport Nagar, Moradabad - UPPCB",,28.802625,78.75372800000001,2007702,no2,NO₂ mass,µg/m³,,,,
353715,"Transport Nagar, Moradabad - UPPCB",,28.802625,78.75372800000001,2007706,o3,O₃ mass,µg/m³,,,,
353715,"Transport Nagar, Moradabad - UPPCB",,28.802625,78.75372800000001,12237218,o3,O₃ mass,µg/m³,,,,
353715,"Transport Nagar, Moradabad - UPPCB",,28.802625,78.75372800000001,12237219,pm10,PM10,µg/m³,,,,
353715,"Transport Nagar, Moradabad - UPPCB",,28.802625,78.75372800000001,2007701,pm10,PM10,µg/m³,,,,
353715,"Transport Nagar, Moradabad - UPPCB",,28.802625,78.75372800000001,2007707,pm25,PM2.5,µg/m³,,,,
353715,"Transport Nagar, Moradabad - UPPCB",,28.802625,78.75372800000001,12237220,pm25,PM2.5,µg/m³,,,,
353715,"Transport Nagar, Moradabad - UPPCB",,28.802625,78.75372800000001,12237222,so2,SO₂,ppb,,,,
353715,"Transport Nagar, Moradabad - UPPCB",,28.802625,78.75372800000001,2007705,so2,SO₂ mass,µg/m³,,,,
358448,"Kumaran College, Tirupur - TNPCB",,11.0973603,77.3228673,2028393,co,CO mass,µg/m³,,,,
358448,"Kumaran College, Tirupur - TNPCB",,11.0973603,77.3228673,12237175,co,CO,ppb,,,,
358448,"Kumaran College, Tirupur - TNPCB",,11.0973603,77.3228673,2028392,no2,NO₂ mass,µg/m³,,,,
358448,"Kumaran College, Tirupur - TNPCB",,11.0973603,77.3228673,12237177,no2,NO₂,ppb,,,,
358448,"Kumaran College, Tirupur - TNPCB",,11.0973603,77.3228673,2028389,o3,O₃ mass,µg/m³,,,,
358448,"Kumaran College, Tirupur - TNPCB",,11.0973603,77.3228673,12255215,o3,O₃ mass,µg/m³,,,,
358448,"Kumaran College, Tirupur - TNPCB",,11.0973603,77.3228673,12237178,pm10,PM10,µg/m³,,,,
358448,"Kumaran College, Tirupur - TNPCB",,11.0973603,77.3228673,2028394,pm10,PM10,µg/m³,,,,
358448,"Kumaran College, Tirupur - TNPCB",,11.0973603,77.3228673,2028391,pm25,PM2.5,µg/m³,,,,
358448,"Kumaran College, Tirupur - TNPCB",,11.0973603,77.3228673,12237179,pm25,PM2.5,µg/m³,,,,
358448,"Kumaran College, Tirupur - TNPCB",,11.0973603,77.3228673,12237181,so2,SO₂,ppb,,,,
358448,"Kumaran College, Tirupur - TNPCB",,11.0973603,77.3228673,2028390,so2,SO₂ mass,µg/m³,,,,
358450,"Bombay Castel, Ooty - TNPCB",,11.4068288,76.7138973,2028427,co,CO mass,µg/m³,,,,
358450,"Bombay Castel, Ooty - TNPCB",,11.4068288,76.7138973,12237286,co,CO,ppb,,,,
358450,"Bombay Castel, Ooty - TNPCB",,11.4068288,76.7138973,12237288,no2,NO₂,ppb,,,,
358450,"Bombay Castel, Ooty - TNPCB",,11.4068288,76.7138973,2028415,no2,NO₂ mass,µg/m³,,,,
358450,"Bombay Castel, Ooty - TNPCB",,11.4068288,76.7138973,12237289,o3,O₃ mass,µg/m³,,,,
358450,"Bombay Castel, Ooty - TNPCB",,11.4068288,76.7138973,2028441,o3,O₃ mass,µg/m³,,,,
358450,"Bombay Castel, Ooty - TNPCB",,11.4068288,76.7138973,12237290,pm10,PM10,µg/m³,,,,
358450,"Bombay Castel, Ooty - TNPCB",,11.4068288,76.7138973,2028410,pm10,PM10,µg/m³,,,,
358450,"Bombay Castel, Ooty - TNPCB",,11.4068288,76.7138973,2028436,pm25,PM2.5,µg/m³,,,,
358450,"Bombay Castel, Ooty - TNPCB",,11.4068288,76.7138973,12237291,pm25,PM2.5,µg/m³,,,,
358450,"Bombay Castel, Ooty - TNPCB",,11.4068288,76.7138973,12237293,so2,SO₂,ppb,,,,
358450,"Bombay Castel, Ooty - TNPCB",,11.4068288,76.7138973,2028402,so2,SO₂ mass,µg/m³,,,,
358451,"Vasanthapuram, Vellore - TNPCB",,12.909494,79.131861,2028420,co,CO mass,µg/m³,,,,
358451,"Vasanthapuram, Vellore - TNPCB",,12.909494,79.131861,2028424,no2,NO₂ mass,µg/m³,,,,
358451,"Vasanthapuram, Vellore - TNPCB",,12.909494,79.131861,2028396,o3,O₃ mass,µg/m³,,,,
358451,"Vasanthapuram, Vellore - TNPCB",,12.909494,79.131861,2028421,pm10,PM10,µg/m³,,,,
358451,"Vasanthapuram, Vellore - TNPCB",,12.909494,79.131861,2028400,pm25,PM2.5,µg/m³,,,,
358451,"Vasanthapuram, Vellore - TNPCB",,12.909494,79.131861,2028406,so2,SO₂ mass,µg/m³,,,,
358452,"Chalai Bazaar, Ramanathapuram - TNPCB",,9.36399,78.831977,12237295,co,CO,ppb,,,,
358452,"Chalai Bazaar, Ramanathapuram - TNPCB",,9.36399,78.831977,2028426,co,CO mass,µg/m³,,,,
358452,"Chalai Bazaar, Ramanathapuram - TNPCB",,9.36399,78.831977,2028445,no2,NO₂ mass,µg/m³,,,,
358452,"Chalai Bazaar, Ramanathapuram - TNPCB",,9.36399,78.831977,12237297,no2,NO₂,ppb,,,,
358452,"Chalai Bazaar, Ramanathapuram - TNPCB",,9.36399,78.831977,2028418,o3,O₃ mass,µg/m³,,,,
358452,"Chalai Bazaar, Ramanathapuram - TNPCB",,9.36399,78.831977,12237298,o3,O₃ mass,µg/m³,,,,
358452,"Chalai Bazaar, Ramanathapuram - TNPCB",,9.36399,78.831977,12237299,pm10,PM10,µg/m³,,,,
358452,"Chalai Bazaar, Ramanathapuram - TNPCB",,9.36399,78.831977,2028408,pm10,PM10,µg/m³,,,,
358452,"Chalai Bazaar, Ramanathapuram - TNPCB",,9.36399,78.831977,12237300,pm25,PM2.5,µg/m³,,,,
358452,"Chalai Bazaar, Ramanathapuram - TNPCB",,9.36399,78.831977,2028437,pm25,PM2.5,µg/m³,,,,
358452,"Chalai Bazaar, Ramanathapuram - TNPCB",,9.36399,78.831977,12237302,so2,SO₂,ppb,,,,
358452,"Chalai Bazaar, Ramanathapuram - TNPCB",,9.36399,78.831977,2028443,so2,SO₂ mass,µg/m³,,,,
358453,"Mendonsa Colony, Dindigul - TNPCB",,10.358535,77.984321,2028412,co,CO mass,µg/m³,,,,
358453,"Mendonsa Colony, Dindigul - TNPCB",,10.358535,77.984321,12237183,co,CO,ppb,,,,
358453,"Mendonsa Colony, Dindigul - TNPCB",,10.358535,77.984321,2028397,no2,NO₂ mass,µg/m³,,,,
358453,"Mendonsa Colony, Dindigul - TNPCB",,10.358535,77.984321,12237185,no2,NO₂,ppb,,,,
358453,"Mendonsa Colony, Dindigul - TNPCB",,10.358535,77.984321,2028398,o3,O₃ mass,µg/m³,,,,
358453,"Mendonsa Colony, Dindigul - TNPCB",,10.358535,77.984321,12237186,o3,O₃ mass,µg/m³,,,,
358453,"Mendonsa Colony, Dindigul - TNPCB",,10.358535,77.984321,2028447,pm10,PM10,µg/m³,,,,
358453,"Mendonsa Colony, Dindigul - TNPCB",,10.358535,77.984321,12237187,pm10,PM10,µg/m³,,,,
358453,"Mendonsa Colony, Dindigul - TNPCB",,10.358535,77.984321,2028449,pm25,PM2.5,µg/m³,,,,
358453,"Mendonsa Colony, Dindigul - TNPCB",,10.358535,77.984321,12237188,pm25,PM2.5,µg/m³,,,,
358453,"Mendonsa Colony, Dindigul - TNPCB",,10.358535,77.984321,2028442,so2,SO₂ mass,µg/m³,,,,
358453,"Mendonsa Colony, Dindigul - TNPCB",,10.358535,77.984321,12237190,so2,SO₂,ppb,,,,
358454,"SIPCOT Phase-1, Hosur - TNPCB",,12.746998,77.813811,2028414,co,CO mass,µg/m³,,,,
358454,"SIPCOT Phase-1, Hosur - TNPCB",,12.746998,77.813811,2028409,no2,NO₂ mass,µg/m³,,,,
358454,"SIPCOT Phase-1, Hosur - TNPCB",,12.746998,77.813811,2028413,o3,O₃ mass,µg/m³,,,,
358454,"SIPCOT Phase-1, Hosur - TNPCB",,12.746998,77.813811,2028446,pm10,PM10,µg/m³,,,,
358454,"SIPCOT Phase-1, Hosur - TNPCB",,12.746998,77.813811,2028423,pm25,PM2.5,µg/m³,,,,
358454,"SIPCOT Phase-1, Hosur - TNPCB",,12.746998,77.813811,2028428,so2,SO₂ mass,µg/m³,,,,
358455,"Sona College of Technology, Salem - TNPCB",,11.679111,78.125052,2028422,co,CO mass,µg/m³,,,,
358455,"Sona College of Technology, Salem - TNPCB",,11.679111,78.125052,2028435,no2,NO₂ mass,µg/m³,,,,
358455,"Sona College of Technology, Salem - TNPCB",,11.679111,78.125052,2028439,o3,O₃ mass,µg/m³,,,,
358455,"Sona College of Technology, Salem - TNPCB",,11.679111,78.125052,2028429,pm10,PM10,µg/m³,,,,
358455,"Sona College of Technology, Salem - TNPCB",,11.679111,78.125052,2028434,pm25,PM2.5,µg/m³,,,,
358455,"Sona College of Technology, Salem - TNPCB",,11.679111,78.125052,2028430,so2,SO₂ mass,µg/m³,,,,
358456,"Gulzarpet, Anantapur - APPCB",,14.675885999999998,77.593027,2028433,co,CO mass,µg/m³,,,,
358456,"Gulzarpet, Anantapur - APPCB",,14.675885999999998,77.593027,12237335,co,CO,ppb,,,,
358456,"Gulzarpet, Anantapur - APPCB",,14.675885999999998,77.593027,12237337,no2,NO₂,ppb,,,,
358456,"Gulzarpet, Anantapur - APPCB",,14.675885999999998,77.593027,2028399,no2,NO₂ mass,µg/m³,,,,
358456,"Gulzarpet, Anantapur - APPCB",,14.675885999999998,77.593027,2028419,o3,O₃ mass,µg/m³,,,,
358456,"Gulzarpet, Anantapur - APPCB",,14.675885999999998,77.593027,12237338,o3,O₃ mass,µg/m³,,,,
358456,"Gulzarpet, Anantapur - APPCB",,14.675885999999998,77.593027,12237339,pm10,PM10,µg/m³,,,,
358456,"Gulzarpet, Anantapur - APPCB",,14.675885999999998,77.593027,2028438,pm10,PM10,µg/m³,,,,
358456,"Gulzarpet, Anantapur - APPCB",,14.675885999999998,77.593027,12237340,pm25,PM2.5,µg/m³,,,,
358456,"Gulzarpet, Anantapur - APPCB",,14.675885999999998,77.593027,2028432,pm25,PM2.5,µg/m³,,,,
358456,"Gulzarpet, Anantapur - APPCB",,14.675885999999998,77.593027,12237342,so2,SO₂,ppb,,,,
358456,"Gulzarpet, Anantapur - APPCB",,14.675885999999998,77.593027,2028403,so2,SO₂ mass,µg/m³,,,,
358457,"PSG College of Arts and Science, Coimbatore - TNPCB",,11.0328,77.0349,13146094,co,CO,ppb,,,,
358457,"PSG College of Arts and Science, Coimbatore - TNPCB",,11.0328,77.0349,2028405,co,CO mass,µg/m³,,,,
358457,"PSG College of Arts and Science, Coimbatore - TNPCB",,11.0328,77.0349,2028425,no2,NO₂ mass,µg/m³,,,,
358457,"PSG College of Arts and Science, Coimbatore - TNPCB",,11.0328,77.0349,12244858,no2,NO₂,ppb,,,,
358457,"PSG College of Arts and Science, Coimbatore - TNPCB",,11.0328,77.0349,12244859,o3,O₃ mass,µg/m³,,,,
358457,"PSG College of Arts and Science, Coimbatore - TNPCB",,11.0328,77.0349,2028401,o3,O₃ mass,µg/m³,,,,
358457,"PSG College of Arts and Science, Coimbatore - TNPCB",,11.0328,77.0349,2028411,pm10,PM10,µg/m³,,,,
358457,"PSG College of Arts and Science, Coimbatore - TNPCB",,11.0328,77.0349,12354707,pm10,PM10,µg/m³,,,,
358457,"PSG College of Arts and Science, Coimbatore - TNPCB",,11.0328,77.0349,12262466,pm25,PM2.5,µg/m³,,,,
358457,"PSG College of Arts and Science, Coimbatore - TNPCB",,11.0328,77.0349,2028431,pm25,PM2.5,µg/m³,,,,
358457,"PSG College of Arts and Science, Coimbatore - TNPCB",,11.0328,77.0349,12253614,so2,SO₂,ppb,,,,
358457,"PSG College of Arts and Science, Coimbatore - TNPCB",,11.0328,77.0349,2028407,so2,SO₂ mass,µg/m³,,,,
358467,"Civil Lines, Bareilly - UPPCB",,28.359581,79.414455,2028471,co,CO mass,µg/m³,,,,
358467,"Civil Lines, Bareilly - UPPCB",,28.359581,79.414455,12237320,co,CO,ppb,,,,
358467,"Civil Lines, Bareilly - UPPCB",,28.359581,79.414455,2028490,no2,NO₂ mass,µg/m³,,,,
358467,"Civil Lines, Bareilly - UPPCB",,28.359581,79.414455,12237322,no2,NO₂,ppb,,,,
358467,"Civil Lines, Bareilly - UPPCB",,28.359581,79.414455,12237323,o3,O₃ mass,µg/m³,,,,
358467,"Civil Lines, Bareilly - UPPCB",,28.359581,79.414455,2028470,o3,O₃ mass,µg/m³,,,,
358467,"Civil Lines, Bareilly - UPPCB",,28.359581,79.414455,2028462,pm10,PM10,µg/m³,,,,
358467,"Civil Lines, Bareilly - UPPCB",,28.359581,79.414455,12237324,pm10,PM10,µg/m³,,,,
358467,"Civil Lines, Bareilly - UPPCB",,28.359581,79.414455,12237325,pm25,PM2.5,µg/m³,,,,
358467,"Civil Lines, Bareilly - UPPCB",,28.359581,79.414455,2028498,pm25,PM2.5,µg/m³,,,,
358467,"Civil Lines, Bareilly - UPPCB",,28.359581,79.414455,2028455,so2,SO₂ mass,µg/m³,,,,
358467,"Civil Lines, Bareilly - UPPCB",,28.359581,79.414455,12237327,so2,SO₂,ppb,,,,
358627,"Crescent University, Chengalpattu - TNPCB",,12.877731599999999,80.08348070000001,2029320,co,CO mass,µg/m³,,,,
358627,"Crescent University, Chengalpattu - TNPCB",,12.877731599999999,80.08348070000001,12322823,co,CO,ppb,,,,
358627,"Crescent University, Chengalpattu - TNPCB",,12.877731599999999,80.08348070000001,12322825,no2,NO₂,ppb,,,,
358627,"Crescent University, Chengalpattu - TNPCB",,12.877731599999999,80.08348070000001,2029324,no2,NO₂ mass,µg/m³,,,,
358627,"Crescent University, Chengalpattu - TNPCB",,12.877731599999999,80.08348070000001,12322826,o3,O₃ mass,µg/m³,,,,
358627,"Crescent University, Chengalpattu - TNPCB",,12.877731599999999,80.08348070000001,2029321,o3,O₃ mass,µg/m³,,,,
358627,"Crescent University, Chengalpattu - TNPCB",,12.877731599999999,80.08348070000001,12237165,pm10,PM10,µg/m³,,,,
358627,"Crescent University, Chengalpattu - TNPCB",,12.877731599999999,80.08348070000001,2029323,pm10,PM10,µg/m³,,,,
358627,"Crescent University, Chengalpattu - TNPCB",,12.877731599999999,80.08348070000001,2029325,pm25,PM2.5,µg/m³,,,,
358627,"Crescent University, Chengalpattu - TNPCB",,12.877731599999999,80.08348070000001,12237166,pm25,PM2.5,µg/m³,,,,
358627,"Crescent University, Chengalpattu - TNPCB",,12.877731599999999,80.08348070000001,12322827,so2,SO₂,ppb,,,,
358627,"Crescent University, Chengalpattu - TNPCB",,12.877731599999999,80.08348070000001,2029322,so2,SO₂ mass,µg/m³,,,,
358665,"Ramteerth Nagar, Belgaum - KSPCB",,15.888653,74.541751,12261792,co,CO,ppb,,,,
358665,"Ramteerth Nagar, Belgaum - KSPCB",,15.888653,74.541751,2029500,co,CO mass,µg/m³,,,,
358665,"Ramteerth Nagar, Belgaum - KSPCB",,15.888653,74.541751,12261794,no2,NO₂,ppb,,,,
358665,"Ramteerth Nagar, Belgaum - KSPCB",,15.888653,74.541751,2029499,no2,NO₂ mass,µg/m³,,,,
358665,"Ramteerth Nagar, Belgaum - KSPCB",,15.888653,74.541751,12261795,o3,O₃ mass,µg/m³,,,,
358665,"Ramteerth Nagar, Belgaum - KSPCB",,15.888653,74.541751,2029502,o3,O₃ mass,µg/m³,,,,
358665,"Ramteerth Nagar, Belgaum - KSPCB",,15.888653,74.541751,2029501,pm10,PM10,µg/m³,,,,
358665,"Ramteerth Nagar, Belgaum - KSPCB",,15.888653,74.541751,12261796,pm10,PM10,µg/m³,,,,
358665,"Ramteerth Nagar, Belgaum - KSPCB",,15.888653,74.541751,2029503,pm25,PM2.5,µg/m³,,,,
358665,"Ramteerth Nagar, Belgaum - KSPCB",,15.888653,74.541751,12261797,pm25,PM2.5,µg/m³,,,,
358665,"Ramteerth Nagar, Belgaum - KSPCB",,15.888653,74.541751,12261799,so2,SO₂,ppb,,,,
358665,"Ramteerth Nagar, Belgaum - KSPCB",,15.888653,74.541751,2029504,so2,SO₂ mass,µg/m³,,,,
361378,"Paryavaran Parisar, Bhopal - MPPCB",,23.210494,77.425409,12237353,co,CO,ppb,,,,
361378,"Paryavaran Parisar, Bhopal - MPPCB",,23.210494,77.425409,2042942,co,CO mass,µg/m³,,,,
361378,"Paryavaran Parisar, Bhopal - MPPCB",,23.210494,77.425409,12237355,no2,NO₂,ppb,,,,
361378,"Paryavaran Parisar, Bhopal - MPPCB",,23.210494,77.425409,2042811,no2,NO₂ mass,µg/m³,,,,
361378,"Paryavaran Parisar, Bhopal - MPPCB",,23.210494,77.425409,12237356,o3,O₃ mass,µg/m³,,,,
361378,"Paryavaran Parisar, Bhopal - MPPCB",,23.210494,77.425409,2042810,o3,O₃ mass,µg/m³,,,,
361378,"Paryavaran Parisar, Bhopal - MPPCB",,23.210494,77.425409,2042813,pm10,PM10,µg/m³,,,,
361378,"Paryavaran Parisar, Bhopal - MPPCB",,23.210494,77.425409,12237357,pm10,PM10,µg/m³,,,,
361378,"Paryavaran Parisar, Bhopal - MPPCB",,23.210494,77.425409,2042812,pm25,PM2.5,µg/m³,,,,
361378,"Paryavaran Parisar, Bhopal - MPPCB",,23.210494,77.425409,12237358,pm25,PM2.5,µg/m³,,,,
361378,"Paryavaran Parisar, Bhopal - MPPCB",,23.210494,77.425409,2042814,so2,SO₂ mass,µg/m³,,,,
361378,"Paryavaran Parisar, Bhopal - MPPCB",,23.210494,77.425409,12237360,so2,SO₂,ppb,,,,
361411,"IITG, Guwahati - PCBA",,26.2028636,91.70046436,2042941,co,CO mass,µg/m³,,,,
361411,"IITG, Guwahati - PCBA",,26.2028636,91.70046436,2042937,no2,NO₂ mass,µg/m³,,,,
361411,"IITG, Guwahati - PCBA",,26.2028636,91.70046436,2042940,o3,O₃ mass,µg/m³,,,,
361411,"IITG, Guwahati - PCBA",,26.2028636,91.70046436,2042939,pm10,PM10,µg/m³,,,,
361411,"IITG, Guwahati - PCBA",,26.2028636,91.70046436,2042938,pm25,PM2.5,µg/m³,,,,
361411,"IITG, Guwahati - PCBA",,26.2028636,91.70046436,2042943,so2,SO₂ mass,µg/m³,,,,
363601,"Girls College, Sivasagar - PCBA",,26.987634000000003,94.636574,2053705,co,CO mass,µg/m³,,,,
363601,"Girls College, Sivasagar - PCBA",,26.987634000000003,94.636574,12237407,co,CO,ppb,,,,
363601,"Girls College, Sivasagar - PCBA",,26.987634000000003,94.636574,12237409,no2,NO₂,ppb,,,,
363601,"Girls College, Sivasagar - PCBA",,26.987634000000003,94.636574,2053703,no2,NO₂ mass,µg/m³,,,,
363601,"Girls College, Sivasagar - PCBA",,26.987634000000003,94.636574,2053701,o3,O₃ mass,µg/m³,,,,
363601,"Girls College, Sivasagar - PCBA",,26.987634000000003,94.636574,12237410,o3,O₃ mass,µg/m³,,,,
363601,"Girls College, Sivasagar - PCBA",,26.987634000000003,94.636574,2053702,pm10,PM10,µg/m³,,,,
363601,"Girls College, Sivasagar - PCBA",,26.987634000000003,94.636574,12237411,pm10,PM10,µg/m³,,,,
363601,"Girls College, Sivasagar - PCBA",,26.987634000000003,94.636574,2053704,pm25,PM2.5,µg/m³,,,,
363601,"Girls College, Sivasagar - PCBA",,26.987634000000003,94.636574,12237412,pm25,PM2.5,µg/m³,,,,
363601,"Girls College, Sivasagar - PCBA",,26.987634000000003,94.636574,12237414,so2,SO₂,ppb,,,,
363601,"Girls College, Sivasagar - PCBA",,26.987634000000003,94.636574,2053700,so2,SO₂ mass,µg/m³,,,,
1236037,Dhopagachi,,22.3743,88.415,11714939,pm10,PM10,µg/m³,,,,
1236037,Dhopagachi,,22.3743,88.415,6530267,pm25,PM2.5,µg/m³,,,,
1285345,SPARTAN - IIT Kanpur,Kanpur,26.5128,80.2316,6566245,pm25,PM2.5,µg/m³,,,,
2498781,SiriJaya,,12.909153635368195,77.52476183092863,7971081,pm10,PM10,µg/m³,,,,
2498781,SiriJaya,,12.909153635368195,77.52476183092863,7979259,pm10,PM10,µg/m³,,,,
2498781,SiriJaya,,12.909153635368195,77.52476183092863,7951363,pm25,PM2.5,µg/m³,,,,
2860223,GK1 (Oberoi Terrace),,28.5500047,77.2431058,9320368,pm10,PM10,µg/m³,,,,
2860223,GK1 (Oberoi Terrace),,28.5500047,77.2431058,9320367,pm25,PM2.5,µg/m³,,,,
3024966,NASA GSFC Rutgers Calib. N8,,28.31733,76.91603,10326358,pm25,PM2.5,µg/m³,,,,
3174188,Malav,,22.70763,75.85257,11056922,co,CO,ppb,,,,
3174188,Malav,,22.70763,75.85257,11056921,pm25,PM2.5,µg/m³,,,,
3174189,Bicholi Hapsi,,22.71771,75.93739,11056913,pm25,PM2.5,µg/m³,,,,
3174190,Musakhedi,,22.6967,75.89488,11056917,pm25,PM2.5,µg/m³,,,,
3409309,"Lajpat Nagar, Moradabad - UPPCB",,28.825341,78.7213009,13857024,co,CO,ppb,,,,
3409309,"Lajpat Nagar, Moradabad - UPPCB",,28.825341,78.7213009,13857026,no2,NO₂,ppb,,,,
3409309,"Lajpat Nagar, Moradabad - UPPCB",,28.825341,78.7213009,13857027,o3,O₃ mass,µg/m³,,,,
3409309,"Lajpat Nagar, Moradabad - UPPCB",,28.825341,78.7213009,13857028,pm10,PM10,µg/m³,,,,
3409309,"Lajpat Nagar, Moradabad - UPPCB",,28.825341,78.7213009,13857029,pm25,PM2.5,µg/m³,,,,
3409309,"Lajpat Nagar, Moradabad - UPPCB",,28.825341,78.7213009,13857031,so2,SO₂,ppb,,,,
3409312,"BWSSB Kadabesanahalli, Bengaluru - CPCB",,12.9352049,77.6814488,14406990,co,CO,ppb,,,,
3409312,"BWSSB Kadabesanahalli, Bengaluru - CPCB",,12.9352049,77.6814488,14406992,no2,NO₂,ppb,,,,
3409312,"BWSSB Kadabesanahalli, Bengaluru - CPCB",,12.9352049,77.6814488,14406994,o3,O₃ mass,µg/m³,,,,
3409312,"BWSSB Kadabesanahalli, Bengaluru - CPCB",,12.9352049,77.6814488,14411592,pm10,PM10,µg/m³,,,,
3409312,"BWSSB Kadabesanahalli, Bengaluru - CPCB",,12.9352049,77.6814488,14406995,pm25,PM2.5,µg/m³,,,,
3409312,"BWSSB Kadabesanahalli, Bengaluru - CPCB",,12.9352049,77.6814488,14406996,so2,SO₂,ppb,,,,
3409317,"Chauhan Colony, Chandrapur - MPCB",,19.9629,79.298714,12235464,co,CO,ppb,,,,
3409317,"Chauhan Colony, Chandrapur - MPCB",,19.9629,79.298714,12235466,no2,NO₂,ppb,,,,
3409317,"Chauhan Colony, Chandrapur - MPCB",,19.9629,79.298714,12235467,o3,O₃ mass,µg/m³,,,,
3409317,"Chauhan Colony, Chandrapur - MPCB",,19.9629,79.298714,12235468,pm10,PM10,µg/m³,,,,
3409317,"Chauhan Colony, Chandrapur - MPCB",,19.9629,79.298714,12235469,pm25,PM2.5,µg/m³,,,,
3409317,"Chauhan Colony, Chandrapur - MPCB",,19.9629,79.298714,12235471,so2,SO₂,ppb,,,,
3409318,"Central School, Lucknow - CPCB",,26.8821003,80.9302753,12235473,co,CO,ppb,,,,
3409318,"Central School, Lucknow - CPCB",,26.8821003,80.9302753,12235475,no2,NO₂,ppb,,,,
3409318,"Central School, Lucknow - CPCB",,26.8821003,80.9302753,12235476,o3,O₃ mass,µg/m³,,,,
3409318,"Central School, Lucknow - CPCB",,26.8821003,80.9302753,12235477,pm10,PM10,µg/m³,,,,
3409318,"Central School, Lucknow - CPCB",,26.8821003,80.9302753,12235478,pm25,PM2.5,µg/m³,,,,
3409318,"Central School, Lucknow - CPCB",,26.8821003,80.9302753,12235480,so2,SO₂,ppb,,,,
3409319,"Alandur Bus Depot, Chennai - CPCB",,12.9099161,80.1076538,12235544,co,CO,ppb,,,,
3409319,"Alandur Bus Depot, Chennai - CPCB",,12.9099161,80.1076538,12235546,no2,NO₂,ppb,,,,
3409319,"Alandur Bus Depot, Chennai - CPCB",,12.9099161,80.1076538,12235547,o3,O₃ mass,µg/m³,,,,
3409319,"Alandur Bus Depot, Chennai - CPCB",,12.9099161,80.1076538,12235548,pm10,PM10,µg/m³,,,,
3409319,"Alandur Bus Depot, Chennai - CPCB",,12.9099161,80.1076538,12235549,pm25,PM2.5,µg/m³,,,,
3409319,"Alandur Bus Depot, Chennai - CPCB",,12.9099161,80.1076538,12235550,so2,SO₂,ppb,,,,
3409320,"Rabindra Bharati University, Kolkata - WBPCB",,22.627875,88.3804,12235560,co,CO,ppb,,,,
3409320,"Rabindra Bharati University, Kolkata - WBPCB",,22.627875,88.3804,12235562,no2,NO₂,ppb,,,,
3409320,"Rabindra Bharati University, Kolkata - WBPCB",,22.627875,88.3804,12235563,o3,O₃ mass,µg/m³,,,,
3409320,"Rabindra Bharati University, Kolkata - WBPCB",,22.627875,88.3804,12235564,pm10,PM10,µg/m³,,,,
3409320,"Rabindra Bharati University, Kolkata - WBPCB",,22.627875,88.3804,12235565,pm25,PM2.5,µg/m³,,,,
3409320,"Rabindra Bharati University, Kolkata - WBPCB",,22.627875,88.3804,12235567,so2,SO₂,ppb,,,,
3409321,Haldia - WBSPCB,,22.06047,88.109737,12235596,co,CO,ppb,,,,
3409321,Haldia - WBSPCB,,22.06047,88.109737,12235598,no2,NO₂,ppb,,,,
3409321,Haldia - WBSPCB,,22.06047,88.109737,12235599,o3,O₃ mass,µg/m³,,,,
3409321,Haldia - WBSPCB,,22.06047,88.109737,12235600,pm10,PM10,µg/m³,,,,
3409321,Haldia - WBSPCB,,22.06047,88.109737,12235601,pm25,PM2.5,µg/m³,,,,
3409321,Haldia - WBSPCB,,22.06047,88.109737,12235603,so2,SO₂,ppb,,,,
3409322,"Pimpleshwar Mandir, Thane - MPCB",,19.192056,72.9585188,12235639,co,CO,ppb,,,,
3409322,"Pimpleshwar Mandir, Thane - MPCB",,19.192056,72.9585188,12235641,no2,NO₂,ppb,,,,
3409322,"Pimpleshwar Mandir, Thane - MPCB",,19.192056,72.9585188,12235642,o3,O₃ mass,µg/m³,,,,
3409322,"Pimpleshwar Mandir, Thane - MPCB",,19.192056,72.9585188,12235643,pm10,PM10,µg/m³,,,,
3409322,"Pimpleshwar Mandir, Thane - MPCB",,19.192056,72.9585188,12235644,pm25,PM2.5,µg/m³,,,,
3409322,"Pimpleshwar Mandir, Thane - MPCB",,19.192056,72.9585188,12235646,so2,SO₂,ppb,,,,
3409323,"Worli, Mumbai - MPCB",,18.9936162,72.8128113,12235909,co,CO,ppb,,,,
3409323,"Worli, Mumbai - MPCB",,18.9936162,72.8128113,12235911,no2,NO₂,ppb,,,,
3409323,"Worli, Mumbai - MPCB",,18.9936162,72.8128113,12235912,o3,O₃ mass,µg/m³,,,,
3409323,"Worli, Mumbai - MPCB",,18.9936162,72.8128113,12235913,pm10,PM10,µg/m³,,,,
3409323,"Worli, Mumbai - MPCB",,18.9936162,72.8128113,12235914,pm25,PM2.5,µg/m³,,,,
3409323,"Worli, Mumbai - MPCB",,18.9936162,72.8128113,12235916,so2,SO₂,ppb,,,,
3409327,"Kunjaban, Agartala - Tripura SPCB",,23.8628276,91.2887362,16453541,co,CO,ppb,,,,
3409327,"Kunjaban, Agartala - Tripura SPCB",,23.8628276,91.2887362,16453543,no2,NO₂,ppb,,,,
3409327,"Kunjaban, Agartala - Tripura SPCB",,23.8628276,91.2887362,16453545,o3,O₃ mass,µg/m³,,,,
3409327,"Kunjaban, Agartala - Tripura SPCB",,23.8628276,91.2887362,16453546,pm10,PM10,µg/m³,,,,
3409327,"Kunjaban, Agartala - Tripura SPCB",,23.8628276,91.2887362,16453547,pm25,PM2.5,µg/m³,,,,
3409327,"Kunjaban, Agartala - Tripura SPCB",,23.8628276,91.2887362,16453548,so2,SO₂,ppb,,,,
3409328,"Bandra Kurla Complex, Mumbai - IITM",,19.0627,72.84614,12708241,co,CO,ppb,,,,
3409328,"Bandra Kurla Complex, Mumbai - IITM",,19.0627,72.84614,12708243,no2,NO₂,ppb,,,,
3409328,"Bandra Kurla Complex, Mumbai - IITM",,19.0627,72.84614,12708244,o3,O₃ mass,µg/m³,,,,
3409328,"Bandra Kurla Complex, Mumbai - IITM",,19.0627,72.84614,12708245,pm10,PM10,µg/m³,,,,
3409328,"Bandra Kurla Complex, Mumbai - IITM",,19.0627,72.84614,12708246,pm25,PM2.5,µg/m³,,,,
3409328,"Bandra Kurla Complex, Mumbai - IITM",,19.0627,72.84614,12708248,so2,SO₂,ppb,,,,
3409329,"Deonar, Mumbai - IITM",,19.04946,72.923,12236380,co,CO,ppb,,,,
3409329,"Deonar, Mumbai - IITM",,19.04946,72.923,12236382,no2,NO₂,ppb,,,,
3409329,"Deonar, Mumbai - IITM",,19.04946,72.923,12236383,o3,O₃ mass,µg/m³,,,,
3409329,"Deonar, Mumbai - IITM",,19.04946,72.923,12236384,pm10,PM10,µg/m³,,,,
3409329,"Deonar, Mumbai - IITM",,19.04946,72.923,12236385,pm25,PM2.5,µg/m³,,,,
3409329,"Deonar, Mumbai - IITM",,19.04946,72.923,12236387,so2,SO₂,ppb,,,,
3409330,"Sector-19A Nerul, Navi Mumbai - IITM",,19.044,73.0325,14230326,no2,NO₂,ppb,,,,
3409330,"Sector-19A Nerul, Navi Mumbai - IITM",,19.044,73.0325,14230327,pm10,PM10,µg/m³,,,,
3409331,"Bhosari, Pune - IITM",,18.640051,73.848956,12304610,co,CO,ppb,,,,
3409331,"Bhosari, Pune - IITM",,18.640051,73.848956,12304612,no2,NO₂,ppb,,,,
3409331,"Bhosari, Pune - IITM",,18.640051,73.848956,12304613,o3,O₃ mass,µg/m³,,,,
3409331,"Bhosari, Pune - IITM",,18.640051,73.848956,12304614,pm10,PM10,µg/m³,,,,
3409331,"Bhosari, Pune - IITM",,18.640051,73.848956,12304615,pm25,PM2.5,µg/m³,,,,
3409334,"Ashwini Nagar, Haveri - KSPCB",,14.7918,75.3896,12291458,co,CO,ppb,,,,
3409334,"Ashwini Nagar, Haveri - KSPCB",,14.7918,75.3896,12291460,no2,NO₂,ppb,,,,
3409334,"Ashwini Nagar, Haveri - KSPCB",,14.7918,75.3896,12292444,o3,O₃ mass,µg/m³,,,,
3409334,"Ashwini Nagar, Haveri - KSPCB",,14.7918,75.3896,12291461,pm10,PM10,µg/m³,,,,
3409334,"Ashwini Nagar, Haveri - KSPCB",,14.7918,75.3896,12291462,pm25,PM2.5,µg/m³,,,,
3409334,"Ashwini Nagar, Haveri - KSPCB",,14.7918,75.3896,12291464,so2,SO₂,ppb,,,,
3409335,"B.Katihalli, Hassan - KSPCB",,13.008556,76.125258,12236508,co,CO,ppb,,,,
3409335,"B.Katihalli, Hassan - KSPCB",,13.008556,76.125258,12236510,no2,NO₂,ppb,,,,
3409335,"B.Katihalli, Hassan - KSPCB",,13.008556,76.125258,12236511,o3,O₃ mass,µg/m³,,,,
3409335,"B.Katihalli, Hassan - KSPCB",,13.008556,76.125258,12236512,pm10,PM10,µg/m³,,,,
3409335,"B.Katihalli, Hassan - KSPCB",,13.008556,76.125258,12236513,pm25,PM2.5,µg/m³,,,,
3409335,"B.Katihalli, Hassan - KSPCB",,13.008556,76.125258,12236515,so2,SO₂,ppb,,,,
3409336,"GIFT City, Gandhinagar - IITM",,23.163798,72.677768,12236598,co,CO,ppb,,,,
3409336,"GIFT City, Gandhinagar - IITM",,23.163798,72.677768,12236600,no2,NO₂,ppb,,,,
3409336,"GIFT City, Gandhinagar - IITM",,23.163798,72.677768,12236601,o3,O₃ mass,µg/m³,,,,
3409336,"GIFT City, Gandhinagar - IITM",,23.163798,72.677768,12236602,pm10,PM10,µg/m³,,,,
3409336,"GIFT City, Gandhinagar - IITM",,23.163798,72.677768,12236603,pm25,PM2.5,µg/m³,,,,
3409336,"GIFT City, Gandhinagar - IITM",,23.163798,72.677768,12236605,so2,SO₂,ppb,,,,
3409338,"DRCC Anandpur, Begusarai - BSPCB",,25.444266,86.140169,12236861,co,CO,ppb,,,,
3409338,"DRCC Anandpur, Begusarai - BSPCB",,25.444266,86.140169,12236863,no2,NO₂,ppb,,,,
3409338,"DRCC Anandpur, Begusarai - BSPCB",,25.444266,86.140169,12236864,o3,O₃ mass,µg/m³,,,,
3409338,"DRCC Anandpur, Begusarai - BSPCB",,25.444266,86.140169,12236865,pm10,PM10,µg/m³,,,,
3409338,"DRCC Anandpur, Begusarai - BSPCB",,25.444266,86.140169,12236866,pm25,PM2.5,µg/m³,,,,
3409338,"DRCC Anandpur, Begusarai - BSPCB",,25.444266,86.140169,12236868,so2,SO₂,ppb,,,,
3409339,"Central Jail, Buxar - BSPCB",,25.555605,83.950942,12236879,co,CO,ppb,,,,
3409339,"Central Jail, Buxar - BSPCB",,25.555605,83.950942,12236881,no2,NO₂,ppb,,,,
3409339,"Central Jail, Buxar - BSPCB",,25.555605,83.950942,12236882,o3,O₃ mass,µg/m³,,,,
3409339,"Central Jail, Buxar - BSPCB",,25.555605,83.950942,12236883,pm10,PM10,µg/m³,,,,
3409339,"Central Jail, Buxar - BSPCB",,25.555605,83.950942,12236884,pm25,PM2.5,µg/m³,,,,
3409339,"Central Jail, Buxar - BSPCB",,25.555605,83.950942,12236886,so2,SO₂,ppb,,,,
3409340,"Zero Point GICI, Gangtok - SSPCB",,27.33853,88.614099,12237057,co,CO,ppb,,,,
3409340,"Zero Point GICI, Gangtok - SSPCB",,27.33853,88.614099,12237059,no2,NO₂,ppb,,,,
3409340,"Zero Point GICI, Gangtok - SSPCB",,27.33853,88.614099,12237060,o3,O₃ mass,µg/m³,,,,
3409340,"Zero Point GICI, Gangtok - SSPCB",,27.33853,88.614099,12237061,pm10,PM10,µg/m³,,,,
3409340,"Zero Point GICI, Gangtok - SSPCB",,27.33853,88.614099,12237062,pm25,PM2.5,µg/m³,,,,
3409340,"Zero Point GICI, Gangtok - SSPCB",,27.33853,88.614099,12237064,so2,SO₂,ppb,,,,
3409341,"Manipur University, Imphal - Manipur PCB",,24.752423899999997,93.9286218,12237066,co,CO,ppb,,,,
3409341,"Manipur University, Imphal - Manipur PCB",,24.752423899999997,93.9286218,12237068,no2,NO₂,ppb,,,,
3409341,"Manipur University, Imphal - Manipur PCB",,24.752423899999997,93.9286218,12237069,o3,O₃ mass,µg/m³,,,,
3409341,"Manipur University, Imphal - Manipur PCB",,24.752423899999997,93.9286218,12237070,pm10,PM10,µg/m³,,,,
3409341,"Manipur University, Imphal - Manipur PCB",,24.752423899999997,93.9286218,12237071,pm25,PM2.5,µg/m³,,,,
3409341,"Manipur University, Imphal - Manipur PCB",,24.752423899999997,93.9286218,12237073,so2,SO₂,ppb,,,,
3409342,"DM College of Science, Imphal - Manipur PCB",,24.8207389,93.9423085,12242150,co,CO,ppb,,,,
3409342,"DM College of Science, Imphal - Manipur PCB",,24.8207389,93.9423085,12242152,no2,NO₂,ppb,,,,
3409342,"DM College of Science, Imphal - Manipur PCB",,24.8207389,93.9423085,12242153,o3,O₃ mass,µg/m³,,,,
3409342,"DM College of Science, Imphal - Manipur PCB",,24.8207389,93.9423085,12242154,pm10,PM10,µg/m³,,,,
3409342,"DM College of Science, Imphal - Manipur PCB",,24.8207389,93.9423085,12242155,pm25,PM2.5,µg/m³,,,,
3409342,"DM College of Science, Imphal - Manipur PCB",,24.8207389,93.9423085,12242157,so2,SO₂,ppb,,,,
3409343,"Keelapalur, Ariyalur - TNPCB",,11.06825,79.07033,12237168,no2,NO₂,ppb,,,,
3409343,"Keelapalur, Ariyalur - TNPCB",,11.06825,79.07033,12237169,o3,O₃ mass,µg/m³,,,,
3409343,"Keelapalur, Ariyalur - TNPCB",,11.06825,79.07033,12237170,pm10,PM10,µg/m³,,,,
3409343,"Keelapalur, Ariyalur - TNPCB",,11.06825,79.07033,12237171,pm25,PM2.5,µg/m³,,,,
3409343,"Keelapalur, Ariyalur - TNPCB",,11.06825,79.07033,12237173,so2,SO₂,ppb,,,,
3409344,"Municipal Corporation Office, Tirunelveli - TNPCB",,8.728442,77.6962,12237192,co,CO,ppb,,,,
3409344,"Municipal Corporation Office, Tirunelveli - TNPCB",,8.728442,77.6962,12237194,no2,NO₂,ppb,,,,
3409344,"Municipal Corporation Office, Tirunelveli - TNPCB",,8.728442,77.6962,12237195,o3,O₃ mass,µg/m³,,,,
3409344,"Municipal Corporation Office, Tirunelveli - TNPCB",,8.728442,77.6962,12237196,pm10,PM10,µg/m³,,,,
3409344,"Municipal Corporation Office, Tirunelveli - TNPCB",,8.728442,77.6962,12237197,pm25,PM2.5,µg/m³,,,,
3409344,"Municipal Corporation Office, Tirunelveli - TNPCB",,8.728442,77.6962,12237199,so2,SO₂,ppb,,,,
3409345,"Parisutham Nagar, Thanjavur - TNPCB",,10.7654824,79.1389968,12237201,co,CO,ppb,,,,
3409345,"Parisutham Nagar, Thanjavur - TNPCB",,10.7654824,79.1389968,12237203,no2,NO₂,ppb,,,,
3409345,"Parisutham Nagar, Thanjavur - TNPCB",,10.7654824,79.1389968,12237204,o3,O₃ mass,µg/m³,,,,
3409345,"Parisutham Nagar, Thanjavur - TNPCB",,10.7654824,79.1389968,12237205,pm10,PM10,µg/m³,,,,
3409345,"Parisutham Nagar, Thanjavur - TNPCB",,10.7654824,79.1389968,12237206,pm25,PM2.5,µg/m³,,,,
3409345,"Parisutham Nagar, Thanjavur - TNPCB",,10.7654824,79.1389968,12237208,so2,SO₂,ppb,,,,
3409346,"Semmandalam, Cuddalore - TNPCB",,11.7637683,79.7499835,16385293,co,CO,ppb,,,,
3409346,"Semmandalam, Cuddalore - TNPCB",,11.7637683,79.7499835,12237211,no2,NO₂,ppb,,,,
3409346,"Semmandalam, Cuddalore - TNPCB",,11.7637683,79.7499835,12237212,o3,O₃ mass,µg/m³,,,,
3409346,"Semmandalam, Cuddalore - TNPCB",,11.7637683,79.7499835,12237213,pm10,PM10,µg/m³,,,,
3409346,"Semmandalam, Cuddalore - TNPCB",,11.7637683,79.7499835,12237214,pm25,PM2.5,µg/m³,,,,
3409347,"SIPCOT Phase-1, Hosur - TNPCB",,12.746998,77.813811,12475178,co,CO,ppb,,,,
3409347,"SIPCOT Phase-1, Hosur - TNPCB",,12.746998,77.813811,12475180,no2,NO₂,ppb,,,,
3409347,"SIPCOT Phase-1, Hosur - TNPCB",,12.746998,77.813811,12475181,o3,O₃ mass,µg/m³,,,,
3409347,"SIPCOT Phase-1, Hosur - TNPCB",,12.746998,77.813811,12475182,pm10,PM10,µg/m³,,,,
3409347,"SIPCOT Phase-1, Hosur - TNPCB",,12.746998,77.813811,12475183,pm25,PM2.5,µg/m³,,,,
3409347,"SIPCOT Phase-1, Hosur - TNPCB",,12.746998,77.813811,12475185,so2,SO₂,ppb,,,,
3409348,"Uchapatti, Madurai - TNPCB",,9.865935,78.022669,12237224,co,CO,ppb,,,,
3409348,"Uchapatti, Madurai - TNPCB",,9.865935,78.022669,12237226,no2,NO₂,ppb,,,,
3409348,"Uchapatti, Madurai - TNPCB",,9.865935,78.022669,12237227,o3,O₃ mass,µg/m³,,,,
3409348,"Uchapatti, Madurai - TNPCB",,9.865935,78.022669,12237228,pm10,PM10,µg/m³,,,,
3409348,"Uchapatti, Madurai - TNPCB",,9.865935,78.022669,12237229,pm25,PM2.5,µg/m³,,,,
3409348,"Uchapatti, Madurai - TNPCB",,9.865935,78.022669,12237231,so2,SO₂,ppb,,,,
3409349,"Vasanthapuram, Vellore - TNPCB",,12.909494,79.131861,12237233,co,CO,ppb,,,,
3409349,"Vasanthapuram, Vellore - TNPCB",,12.909494,79.131861,12237235,no2,NO₂,ppb,,,,
3409349,"Vasanthapuram, Vellore - TNPCB",,12.909494,79.131861,12237236,o3,O₃ mass,µg/m³,,,,
3409349,"Vasanthapuram, Vellore - TNPCB",,12.909494,79.131861,12237237,pm10,PM10,µg/m³,,,,
3409349,"Vasanthapuram, Vellore - TNPCB",,12.909494,79.131861,12237238,pm25,PM2.5,µg/m³,,,,
3409349,"Vasanthapuram, Vellore - TNPCB",,12.909494,79.131861,12237240,so2,SO₂,ppb,,,,
3409350,"Velippalayam, Nagapattinam - TNPCB",,10.798548,79.838212,12237242,co,CO,ppb,,,,
3409350,"Velippalayam, Nagapattinam - TNPCB",,10.798548,79.838212,12237244,no2,NO₂,ppb,,,,
3409350,"Velippalayam, Nagapattinam - TNPCB",,10.798548,79.838212,12237245,o3,O₃ mass,µg/m³,,,,
3409350,"Velippalayam, Nagapattinam - TNPCB",,10.798548,79.838212,12237246,pm10,PM10,µg/m³,,,,
3409350,"Velippalayam, Nagapattinam - TNPCB",,10.798548,79.838212,12237247,pm25,PM2.5,µg/m³,,,,
3409350,"Velippalayam, Nagapattinam - TNPCB",,10.798548,79.838212,12237249,so2,SO₂,ppb,,,,
3409351,"VOC Nagar_SIPCOT, Ranipet - TNPCB",,12.952707,79.30394,12243943,co,CO,ppb,,,,
3409351,"VOC Nagar_SIPCOT, Ranipet - TNPCB",,12.952707,79.30394,12237252,no2,NO₂,ppb,,,,
3409351,"VOC Nagar_SIPCOT, Ranipet - TNPCB",,12.952707,79.30394,12237253,o3,O₃ mass,µg/m³,,,,
3409351,"VOC Nagar_SIPCOT, Ranipet - TNPCB",,12.952707,79.30394,12237254,pm10,PM10,µg/m³,,,,
3409351,"VOC Nagar_SIPCOT, Ranipet - TNPCB",,12.952707,79.30394,12237255,pm25,PM2.5,µg/m³,,,,
3409351,"VOC Nagar_SIPCOT, Ranipet - TNPCB",,12.952707,79.30394,12237257,so2,SO₂,ppb,,,,
3409353,"Kilambi, Kanchipuram - TNPCB",,12.864618,79.659968,12237259,co,CO,ppb,,,,
3409353,"Kilambi, Kanchipuram - TNPCB",,12.864618,79.659968,12237261,no2,NO₂,ppb,,,,
3409353,"Kilambi, Kanchipuram - TNPCB",,12.864618,79.659968,12237262,o3,O₃ mass,µg/m³,,,,
3409353,"Kilambi, Kanchipuram - TNPCB",,12.864618,79.659968,12237263,pm10,PM10,µg/m³,,,,
3409353,"Kilambi, Kanchipuram - TNPCB",,12.864618,79.659968,12237264,pm25,PM2.5,µg/m³,,,,
3409353,"Kilambi, Kanchipuram - TNPCB",,12.864618,79.659968,12237265,so2,SO₂,ppb,,,,
3409354,"Kudikadu, Cuddalore - TNPCB",,11.6829898,79.7532099,12244848,co,CO,ppb,,,,
3409354,"Kudikadu, Cuddalore - TNPCB",,11.6829898,79.7532099,12244850,no2,NO₂,ppb,,,,
3409354,"Kudikadu, Cuddalore - TNPCB",,11.6829898,79.7532099,12244851,o3,O₃ mass,µg/m³,,,,
3409354,"Kudikadu, Cuddalore - TNPCB",,11.6829898,79.7532099,12244852,pm10,PM10,µg/m³,,,,
3409354,"Kudikadu, Cuddalore - TNPCB",,11.6829898,79.7532099,12244853,pm25,PM2.5,µg/m³,,,,
3409354,"Kudikadu, Cuddalore - TNPCB",,11.6829898,79.7532099,12244855,so2,SO₂,ppb,,,,
3409355,"Sona College of Technology, Salem - TNPCB",,11.679111,78.125052,12237275,co,CO,ppb,,,,
3409355,"Sona College of Technology, Salem - TNPCB",,11.679111,78.125052,12237277,no2,NO₂,ppb,,,,
3409355,"Sona College of Technology, Salem - TNPCB",,11.679111,78.125052,12237278,o3,O₃ mass,µg/m³,,,,
3409355,"Sona College of Technology, Salem - TNPCB",,11.679111,78.125052,12237279,pm10,PM10,µg/m³,,,,
3409355,"Sona College of Technology, Salem - TNPCB",,11.679111,78.125052,12237280,pm25,PM2.5,µg/m³,,,,
3409355,"Sona College of Technology, Salem - TNPCB",,11.679111,78.125052,12237282,so2,SO₂,ppb,,,,
3409356,"Bharathidasan University, Palkalaiperur - TNPCB",,10.681158,78.74174599999999,12237304,co,CO,ppb,,,,
3409356,"Bharathidasan University, Palkalaiperur - TNPCB",,10.681158,78.74174599999999,12237306,no2,NO₂,ppb,,,,
3409356,"Bharathidasan University, Palkalaiperur - TNPCB",,10.681158,78.74174599999999,12580495,o3,O₃ mass,µg/m³,,,,
3409356,"Bharathidasan University, Palkalaiperur - TNPCB",,10.681158,78.74174599999999,12237307,pm10,PM10,µg/m³,,,,
3409356,"Bharathidasan University, Palkalaiperur - TNPCB",,10.681158,78.74174599999999,12237308,pm25,PM2.5,µg/m³,,,,
3409356,"Bharathidasan University, Palkalaiperur - TNPCB",,10.681158,78.74174599999999,12580496,so2,SO₂,ppb,,,,
3409357,"Kamadenu Nagar, Karur - TNPCB",,10.96782,78.080882,12237311,co,CO,ppb,,,,
3409357,"Kamadenu Nagar, Karur - TNPCB",,10.96782,78.080882,12237313,no2,NO₂,ppb,,,,
3409357,"Kamadenu Nagar, Karur - TNPCB",,10.96782,78.080882,12237314,o3,O₃ mass,µg/m³,,,,
3409357,"Kamadenu Nagar, Karur - TNPCB",,10.96782,78.080882,12237315,pm10,PM10,µg/m³,,,,
3409357,"Kamadenu Nagar, Karur - TNPCB",,10.96782,78.080882,12237316,pm25,PM2.5,µg/m³,,,,
3409357,"Kamadenu Nagar, Karur - TNPCB",,10.96782,78.080882,12237318,so2,SO₂,ppb,,,,
3409358,"St Joseph College, Tiruchirappalli - TNPCB",,10.830158,78.691849,12239611,co,CO,ppb,,,,
3409358,"St Joseph College, Tiruchirappalli - TNPCB",,10.830158,78.691849,12237330,no2,NO₂,ppb,,,,
3409358,"St Joseph College, Tiruchirappalli - TNPCB",,10.830158,78.691849,12332103,o3,O₃ mass,µg/m³,,,,
3409358,"St Joseph College, Tiruchirappalli - TNPCB",,10.830158,78.691849,12237331,pm10,PM10,µg/m³,,,,
3409358,"St Joseph College, Tiruchirappalli - TNPCB",,10.830158,78.691849,12237332,pm25,PM2.5,µg/m³,,,,
3409358,"St Joseph College, Tiruchirappalli - TNPCB",,10.830158,78.691849,12332104,so2,SO₂,ppb,,,,
3409359,"Kalabhavan, Dharwad - KSPCB",,15.459706,75.008381,12237344,co,CO,ppb,,,,
3409359,"Kalabhavan, Dharwad - KSPCB",,15.459706,75.008381,12237346,no2,NO₂,ppb,,,,
3409359,"Kalabhavan, Dharwad - KSPCB",,15.459706,75.008381,12237347,o3,O₃ mass,µg/m³,,,,
3409359,"Kalabhavan, Dharwad - KSPCB",,15.459706,75.008381,12237348,pm10,PM10,µg/m³,,,,
3409359,"Kalabhavan, Dharwad - KSPCB",,15.459706,75.008381,12237349,pm25,PM2.5,µg/m³,,,,
3409359,"Kalabhavan, Dharwad - KSPCB",,15.459706,75.008381,12237351,so2,SO₂,ppb,,,,
3409360,"IITG, Guwahati - PCBA",,26.202863600000004,91.70046436,12237362,co,CO,ppb,,,,
3409360,"IITG, Guwahati - PCBA",,26.202863600000004,91.70046436,12237364,no2,NO₂,ppb,,,,
3409360,"IITG, Guwahati - PCBA",,26.202863600000004,91.70046436,12237365,o3,O₃ mass,µg/m³,,,,
3409360,"IITG, Guwahati - PCBA",,26.202863600000004,91.70046436,12237366,pm10,PM10,µg/m³,,,,
3409360,"IITG, Guwahati - PCBA",,26.202863600000004,91.70046436,12237367,pm25,PM2.5,µg/m³,,,,
3409360,"IITG, Guwahati - PCBA",,26.202863600000004,91.70046436,12237369,so2,SO₂,ppb,,,,
3409361,"AIIMS, Raipur - CECB",,21.258815,81.578979,12237371,co,CO,ppb,,,,
3409361,"AIIMS, Raipur - CECB",,21.258815,81.578979,12237373,no2,NO₂,ppb,,,,
3409361,"AIIMS, Raipur - CECB",,21.258815,81.578979,12237374,o3,O₃ mass,µg/m³,,,,
3409361,"AIIMS, Raipur - CECB",,21.258815,81.578979,12237375,pm10,PM10,µg/m³,,,,
3409361,"AIIMS, Raipur - CECB",,21.258815,81.578979,12237376,pm25,PM2.5,µg/m³,,,,
3409361,"AIIMS, Raipur - CECB",,21.258815,81.578979,12237378,so2,SO₂,ppb,,,,
3409362,"Siltara Phase-II, Raipur - CECB",,21.371751,81.664929,12237380,co,CO,ppb,,,,
3409362,"Siltara Phase-II, Raipur - CECB",,21.371751,81.664929,12237382,no2,NO₂,ppb,,,,
3409362,"Siltara Phase-II, Raipur - CECB",,21.371751,81.664929,12237383,o3,O₃ mass,µg/m³,,,,
3409362,"Siltara Phase-II, Raipur - CECB",,21.371751,81.664929,12237384,pm10,PM10,µg/m³,,,,
3409362,"Siltara Phase-II, Raipur - CECB",,21.371751,81.664929,12237385,pm25,PM2.5,µg/m³,,,,
3409362,"Siltara Phase-II, Raipur - CECB",,21.371751,81.664929,12237387,so2,SO₂,ppb,,,,
3409363,"Krishak Nagar, Raipur - CECB",,21.237755,81.705301,12237389,co,CO,ppb,,,,
3409363,"Krishak Nagar, Raipur - CECB",,21.237755,81.705301,12237391,no2,NO₂,ppb,,,,
3409363,"Krishak Nagar, Raipur - CECB",,21.237755,81.705301,12237392,o3,O₃ mass,µg/m³,,,,
3409363,"Krishak Nagar, Raipur - CECB",,21.237755,81.705301,12237393,pm10,PM10,µg/m³,,,,
3409363,"Krishak Nagar, Raipur - CECB",,21.237755,81.705301,12237394,pm25,PM2.5,µg/m³,,,,
3409363,"Krishak Nagar, Raipur - CECB",,21.237755,81.705301,12237396,so2,SO₂,ppb,,,,
3409364,"Bhatagaon New ISBT, Raipur - CECB",,21.219665,81.630094,12263426,co,CO,ppb,,,,
3409364,"Bhatagaon New ISBT, Raipur - CECB",,21.219665,81.630094,12263428,no2,NO₂,ppb,,,,
3409364,"Bhatagaon New ISBT, Raipur - CECB",,21.219665,81.630094,12263429,o3,O₃ mass,µg/m³,,,,
3409364,"Bhatagaon New ISBT, Raipur - CECB",,21.219665,81.630094,12263430,pm10,PM10,µg/m³,,,,
3409364,"Bhatagaon New ISBT, Raipur - CECB",,21.219665,81.630094,12263431,pm25,PM2.5,µg/m³,,,,
3409364,"Bhatagaon New ISBT, Raipur - CECB",,21.219665,81.630094,12263433,so2,SO₂,ppb,,,,
3409365,"Rampur, Korba - CECB",,22.368195,82.746431,12242168,co,CO,ppb,,,,
3409365,"Rampur, Korba - CECB",,22.368195,82.746431,12242170,no2,NO₂,ppb,,,,
3409365,"Rampur, Korba - CECB",,22.368195,82.746431,12242171,o3,O₃ mass,µg/m³,,,,
3409365,"Rampur, Korba - CECB",,22.368195,82.746431,12242172,pm10,PM10,µg/m³,,,,
3409365,"Rampur, Korba - CECB",,22.368195,82.746431,12242173,pm25,PM2.5,µg/m³,,,,
3409365,"Rampur, Korba - CECB",,22.368195,82.746431,12242175,so2,SO₂,ppb,,,,
3409366,"Urja Nagar, Korba - CECB",,22.348441,82.549611,12237398,co,CO,ppb,,,,
3409366,"Urja Nagar, Korba - CECB",,22.348441,82.549611,12237400,no2,NO₂,ppb,,,,
3409366,"Urja Nagar, Korba - CECB",,22.348441,82.549611,12237401,o3,O₃ mass,µg/m³,,,,
3409366,"Urja Nagar, Korba - CECB",,22.348441,82.549611,12237402,pm10,PM10,µg/m³,,,,
3409366,"Urja Nagar, Korba - CECB",,22.348441,82.549611,12237403,pm25,PM2.5,µg/m³,,,,
3409366,"Urja Nagar, Korba - CECB",,22.348441,82.549611,12237405,so2,SO₂,ppb,,,,
3409367,"Hathkhoj, Bhilai - CECB",,21.224231,81.40835,12237416,co,CO,ppb,,,,
3409367,"Hathkhoj, Bhilai - CECB",,21.224231,81.40835,12237418,no2,NO₂,ppb,,,,
3409367,"Hathkhoj, Bhilai - CECB",,21.224231,81.40835,12237419,o3,O₃ mass,µg/m³,,,,
3409367,"Hathkhoj, Bhilai - CECB",,21.224231,81.40835,12237420,pm10,PM10,µg/m³,,,,
3409367,"Hathkhoj, Bhilai - CECB",,21.224231,81.40835,12237421,pm25,PM2.5,µg/m³,,,,
3409367,"Hathkhoj, Bhilai - CECB",,21.224231,81.40835,12237423,so2,SO₂,ppb,,,,
3409368,"32Bungalows, Bhilai - CECB",,21.194815,81.31477,12237425,co,CO,ppb,,,,
3409368,"32Bungalows, Bhilai - CECB",,21.194815,81.31477,12237427,no2,NO₂,ppb,,,,
3409368,"32Bungalows, Bhilai - CECB",,21.194815,81.31477,12237428,o3,O₃ mass,µg/m³,,,,
3409368,"32Bungalows, Bhilai - CECB",,21.194815,81.31477,12237429,pm10,PM10,µg/m³,,,,
3409368,"32Bungalows, Bhilai - CECB",,21.194815,81.31477,12237430,pm25,PM2.5,µg/m³,,,,
3409368,"32Bungalows, Bhilai - CECB",,21.194815,81.31477,12237432,so2,SO₂,ppb,,,,
3409369,"Maharaj Bada, Gwalior - MPPCB",,26.200388,78.14771400000001,12239612,co,CO,ppb,,,,
3409369,"Maharaj Bada, Gwalior - MPPCB",,26.200388,78.14771400000001,12237435,no2,NO₂,ppb,,,,
3409369,"Maharaj Bada, Gwalior - MPPCB",,26.200388,78.14771400000001,12237436,o3,O₃ mass,µg/m³,,,,
3409369,"Maharaj Bada, Gwalior - MPPCB",,26.200388,78.14771400000001,12237437,pm10,PM10,µg/m³,,,,
3409369,"Maharaj Bada, Gwalior - MPPCB",,26.200388,78.14771400000001,12237438,pm25,PM2.5,µg/m³,,,,
3409369,"Maharaj Bada, Gwalior - MPPCB",,26.200388,78.14771400000001,12237440,so2,SO₂,ppb,,,,
3409370,"Civil Lines, Sagar - MPPCB",,23.838586,78.759431,12237442,co,CO,ppb,,,,
3409370,"Civil Lines, Sagar - MPPCB",,23.838586,78.759431,12237444,no2,NO₂,ppb,,,,
3409370,"Civil Lines, Sagar - MPPCB",,23.838586,78.759431,12237445,o3,O₃ mass,µg/m³,,,,
3409370,"Civil Lines, Sagar - MPPCB",,23.838586,78.759431,12237446,pm10,PM10,µg/m³,,,,
3409370,"Civil Lines, Sagar - MPPCB",,23.838586,78.759431,12237447,pm25,PM2.5,µg/m³,,,,
3409370,"Civil Lines, Sagar - MPPCB",,23.838586,78.759431,12237449,so2,SO₂,ppb,,,,
3409371,"Science Center, Surat - SMC",,21.170046,72.795405,12237451,co,CO,ppb,,,,
3409371,"Science Center, Surat - SMC",,21.170046,72.795405,12237453,no2,NO₂,ppb,,,,
3409371,"Science Center, Surat - SMC",,21.170046,72.795405,12237454,pm10,PM10,µg/m³,,,,
3409371,"Science Center, Surat - SMC",,21.170046,72.795405,12237455,pm25,PM2.5,µg/m³,,,,
3409371,"Science Center, Surat - SMC",,21.170046,72.795405,12237457,so2,SO₂,ppb,,,,
3409372,"Gangineni Cheruvu, Chittoor - APPCB",,13.20488,79.097889,12239613,co,CO,ppb,,,,
3409372,"Gangineni Cheruvu, Chittoor - APPCB",,13.20488,79.097889,12239614,no2,NO₂,ppb,,,,
3409372,"Gangineni Cheruvu, Chittoor - APPCB",,13.20488,79.097889,12239615,o3,O₃ mass,µg/m³,,,,
3409372,"Gangineni Cheruvu, Chittoor - APPCB",,13.20488,79.097889,12237460,pm10,PM10,µg/m³,,,,
3409372,"Gangineni Cheruvu, Chittoor - APPCB",,13.20488,79.097889,12237461,pm25,PM2.5,µg/m³,,,,
3409372,"Gangineni Cheruvu, Chittoor - APPCB",,13.20488,79.097889,12239617,so2,SO₂,ppb,,,,
3409373,"Vaikuntapuram, Tirupathi - APPCB",,13.615387,79.40923000000001,12237462,co,CO,ppb,,,,
3409373,"Vaikuntapuram, Tirupathi - APPCB",,13.615387,79.40923000000001,12237464,no2,NO₂,ppb,,,,
3409373,"Vaikuntapuram, Tirupathi - APPCB",,13.615387,79.40923000000001,12237465,o3,O₃ mass,µg/m³,,,,
3409373,"Vaikuntapuram, Tirupathi - APPCB",,13.615387,79.40923000000001,12237466,pm10,PM10,µg/m³,,,,
3409373,"Vaikuntapuram, Tirupathi - APPCB",,13.615387,79.40923000000001,12237467,pm25,PM2.5,µg/m³,,,,
3409373,"Vaikuntapuram, Tirupathi - APPCB",,13.615387,79.40923000000001,12237469,so2,SO₂,ppb,,,,
3409374,"Deen Dayal Nagar, Gwalior - MPPCB",,26.259241999999997,78.216432,12237471,co,CO,ppb,,,,
3409374,"Deen Dayal Nagar, Gwalior - MPPCB",,26.259241999999997,78.216432,12237473,no2,NO₂,ppb,,,,
3409374,"Deen Dayal Nagar, Gwalior - MPPCB",,26.259241999999997,78.216432,12237474,o3,O₃ mass,µg/m³,,,,
3409374,"Deen Dayal Nagar, Gwalior - MPPCB",,26.259241999999997,78.216432,12237475,pm10,PM10,µg/m³,,,,
3409374,"Deen Dayal Nagar, Gwalior - MPPCB",,26.259241999999997,78.216432,12237476,pm25,PM2.5,µg/m³,,,,
3409374,"Deen Dayal Nagar, Gwalior - MPPCB",,26.259241999999997,78.216432,12237478,so2,SO₂,ppb,,,,
3409375,"Bata Chowk, Nalbari - PCBA",,26.446912,91.43905699999999,12237480,co,CO,ppb,,,,
3409375,"Bata Chowk, Nalbari - PCBA",,26.446912,91.43905699999999,12237482,no2,NO₂,ppb,,,,
3409375,"Bata Chowk, Nalbari - PCBA",,26.446912,91.43905699999999,12237483,o3,O₃ mass,µg/m³,,,,
3409375,"Bata Chowk, Nalbari - PCBA",,26.446912,91.43905699999999,12237484,pm10,PM10,µg/m³,,,,
3409375,"Bata Chowk, Nalbari - PCBA",,26.446912,91.43905699999999,12237485,pm25,PM2.5,µg/m³,,,,
3409375,"Bata Chowk, Nalbari - PCBA",,26.446912,91.43905699999999,12237487,so2,SO₂,ppb,,,,
3409376,"Central Academy for SFS, Byrnihat - PCBA",,26.071317999999998,91.87488,12237489,co,CO,ppb,,,,
3409376,"Central Academy for SFS, Byrnihat - PCBA",,26.071317999999998,91.87488,12237491,no2,NO₂,ppb,,,,
3409376,"Central Academy for SFS, Byrnihat - PCBA",,26.071317999999998,91.87488,12237492,o3,O₃ mass,µg/m³,,,,
3409376,"Central Academy for SFS, Byrnihat - PCBA",,26.071317999999998,91.87488,12237493,pm10,PM10,µg/m³,,,,
3409376,"Central Academy for SFS, Byrnihat - PCBA",,26.071317999999998,91.87488,12237494,pm25,PM2.5,µg/m³,,,,
3409376,"Central Academy for SFS, Byrnihat - PCBA",,26.071317999999998,91.87488,12237496,so2,SO₂,ppb,,,,
3409377,"Meher Colony, Baripada - OSPCB",,21.941841,86.728318,12237498,co,CO,ppb,,,,
3409377,"Meher Colony, Baripada - OSPCB",,21.941841,86.728318,12237500,no2,NO₂,ppb,,,,
3409377,"Meher Colony, Baripada - OSPCB",,21.941841,86.728318,12237501,o3,O₃ mass,µg/m³,,,,
3409377,"Meher Colony, Baripada - OSPCB",,21.941841,86.728318,12237502,pm10,PM10,µg/m³,,,,
3409377,"Meher Colony, Baripada - OSPCB",,21.941841,86.728318,12237503,pm25,PM2.5,µg/m³,,,,
3409377,"Meher Colony, Baripada - OSPCB",,21.941841,86.728318,12237504,so2,SO₂,ppb,,,,
3409378,"Jagamohanpur, Keonjhar - OSPCB",,21.6439,85.599355,12237506,co,CO,ppb,,,,
3409378,"Jagamohanpur, Keonjhar - OSPCB",,21.6439,85.599355,12237508,no2,NO₂,ppb,,,,
3409378,"Jagamohanpur, Keonjhar - OSPCB",,21.6439,85.599355,12237509,o3,O₃ mass,µg/m³,,,,
3409378,"Jagamohanpur, Keonjhar - OSPCB",,21.6439,85.599355,12237510,pm10,PM10,µg/m³,,,,
3409378,"Jagamohanpur, Keonjhar - OSPCB",,21.6439,85.599355,12237511,pm25,PM2.5,µg/m³,,,,
3409378,"Jagamohanpur, Keonjhar - OSPCB",,21.6439,85.599355,12237513,so2,SO₂,ppb,,,,
3409379,"Divisional Forest Office, Rairangpur - OSPCB",,22.265816,86.174829,12237515,co,CO,ppb,,,,
3409379,"Divisional Forest Office, Rairangpur - OSPCB",,22.265816,86.174829,12237517,no2,NO₂,ppb,,,,
3409379,"Divisional Forest Office, Rairangpur - OSPCB",,22.265816,86.174829,12237518,o3,O₃ mass,µg/m³,,,,
3409379,"Divisional Forest Office, Rairangpur - OSPCB",,22.265816,86.174829,12237519,pm10,PM10,µg/m³,,,,
3409379,"Divisional Forest Office, Rairangpur - OSPCB",,22.265816,86.174829,12237520,pm25,PM2.5,µg/m³,,,,
3409379,"Divisional Forest Office, Rairangpur - OSPCB",,22.265816,86.174829,12237522,so2,SO₂,ppb,,,,
3409380,"Tata Township, Bileipada - OSPCB",,22.06156703,85.47409613,12237524,co,CO,ppb,,,,
3409380,"Tata Township, Bileipada - OSPCB",,22.06156703,85.47409613,12237526,no2,NO₂,ppb,,,,
3409380,"Tata Township, Bileipada - OSPCB",,22.06156703,85.47409613,12237527,o3,O₃ mass,µg/m³,,,,
3409380,"Tata Township, Bileipada - OSPCB",,22.06156703,85.47409613,12237528,pm10,PM10,µg/m³,,,,
3409380,"Tata Township, Bileipada - OSPCB",,22.06156703,85.47409613,12237529,pm25,PM2.5,µg/m³,,,,
3409380,"Tata Township, Bileipada - OSPCB",,22.06156703,85.47409613,12237531,so2,SO₂,ppb,,,,
3409381,"Dabuna, Nayagarh - OSPCB",,21.847279,85.416905,12237533,co,CO,ppb,,,,
3409381,"Dabuna, Nayagarh - OSPCB",,21.847279,85.416905,12237535,no2,NO₂,ppb,,,,
3409381,"Dabuna, Nayagarh - OSPCB",,21.847279,85.416905,12237536,o3,O₃ mass,µg/m³,,,,
3409381,"Dabuna, Nayagarh - OSPCB",,21.847279,85.416905,12237537,pm10,PM10,µg/m³,,,,
3409381,"Dabuna, Nayagarh - OSPCB",,21.847279,85.416905,12237538,pm25,PM2.5,µg/m³,,,,
3409381,"Dabuna, Nayagarh - OSPCB",,21.847279,85.416905,12237539,so2,SO₂,ppb,,,,
3409382,"Raghunathpali, Rourkela - OSPCB",,22.220833,84.809444,12237541,co,CO,ppb,,,,
3409382,"Raghunathpali, Rourkela - OSPCB",,22.220833,84.809444,12237543,no2,NO₂,ppb,,,,
3409382,"Raghunathpali, Rourkela - OSPCB",,22.220833,84.809444,12237544,o3,O₃ mass,µg/m³,,,,
3409382,"Raghunathpali, Rourkela - OSPCB",,22.220833,84.809444,12237545,pm10,PM10,µg/m³,,,,
3409382,"Raghunathpali, Rourkela - OSPCB",,22.220833,84.809444,12237546,pm25,PM2.5,µg/m³,,,,
3409382,"Raghunathpali, Rourkela - OSPCB",,22.220833,84.809444,12237548,so2,SO₂,ppb,,,,
3409383,"OMC Colony, Suakati - OSPCB",,21.606865,85.510538,12237550,co,CO,ppb,,,,
3409383,"OMC Colony, Suakati - OSPCB",,21.606865,85.510538,12237552,no2,NO₂,ppb,,,,
3409383,"OMC Colony, Suakati - OSPCB",,21.606865,85.510538,12237553,o3,O₃ mass,µg/m³,,,,
3409383,"OMC Colony, Suakati - OSPCB",,21.606865,85.510538,12237554,pm10,PM10,µg/m³,,,,
3409383,"OMC Colony, Suakati - OSPCB",,21.606865,85.510538,12237555,pm25,PM2.5,µg/m³,,,,
3409383,"OMC Colony, Suakati - OSPCB",,21.606865,85.510538,12237557,so2,SO₂,ppb,,,,
3409384,"Barsua Iron Ore Mines, Tensa - OSPCB",,21.869985,85.167016,12237559,co,CO,ppb,,,,
3409384,"Barsua Iron Ore Mines, Tensa - OSPCB",,21.869985,85.167016,12237561,no2,NO₂,ppb,,,,
3409384,"Barsua Iron Ore Mines, Tensa - OSPCB",,21.869985,85.167016,12237562,o3,O₃ mass,µg/m³,,,,
3409384,"Barsua Iron Ore Mines, Tensa - OSPCB",,21.869985,85.167016,12237563,pm10,PM10,µg/m³,,,,
3409384,"Barsua Iron Ore Mines, Tensa - OSPCB",,21.869985,85.167016,12237564,pm25,PM2.5,µg/m³,,,,
3409384,"Barsua Iron Ore Mines, Tensa - OSPCB",,21.869985,85.167016,12237566,so2,SO₂,ppb,,,,
3409385,"RVCE-Mailasandra, Bengaluru - KSPCB",,12.921418,77.502466,12237568,co,CO,ppb,,,,
3409385,"RVCE-Mailasandra, Bengaluru - KSPCB",,12.921418,77.502466,12237570,no2,NO₂,ppb,,,,
3409385,"RVCE-Mailasandra, Bengaluru - KSPCB",,12.921418,77.502466,12237571,o3,O₃ mass,µg/m³,,,,
3409385,"RVCE-Mailasandra, Bengaluru - KSPCB",,12.921418,77.502466,12237572,pm10,PM10,µg/m³,,,,
3409385,"RVCE-Mailasandra, Bengaluru - KSPCB",,12.921418,77.502466,12237573,pm25,PM2.5,µg/m³,,,,
3409385,"RVCE-Mailasandra, Bengaluru - KSPCB",,12.921418,77.502466,12237575,so2,SO₂,ppb,,,,
3409386,"Mahatma Basaveswar Colony, Kalaburgi - KSPCB",,17.336318,76.847397,12237577,co,CO,ppb,,,,
3409386,"Mahatma Basaveswar Colony, Kalaburgi - KSPCB",,17.336318,76.847397,12237579,no2,NO₂,ppb,,,,
3409386,"Mahatma Basaveswar Colony, Kalaburgi - KSPCB",,17.336318,76.847397,12237580,o3,O₃ mass,µg/m³,,,,
3409386,"Mahatma Basaveswar Colony, Kalaburgi - KSPCB",,17.336318,76.847397,12237581,pm10,PM10,µg/m³,,,,
3409386,"Mahatma Basaveswar Colony, Kalaburgi - KSPCB",,17.336318,76.847397,12237582,pm25,PM2.5,µg/m³,,,,
3409386,"Mahatma Basaveswar Colony, Kalaburgi - KSPCB",,17.336318,76.847397,12237584,so2,SO₂,ppb,,,,
3409387,"Lingaraj Nagar, Hubballi - KSPCB",,15.3714823,75.1160168,12237586,co,CO,ppb,,,,
3409387,"Lingaraj Nagar, Hubballi - KSPCB",,15.3714823,75.1160168,12237588,no2,NO₂,ppb,,,,
3409387,"Lingaraj Nagar, Hubballi - KSPCB",,15.3714823,75.1160168,12237589,o3,O₃ mass,µg/m³,,,,
3409387,"Lingaraj Nagar, Hubballi - KSPCB",,15.3714823,75.1160168,12237590,pm10,PM10,µg/m³,,,,
3409387,"Lingaraj Nagar, Hubballi - KSPCB",,15.3714823,75.1160168,12237591,pm25,PM2.5,µg/m³,,,,
3409387,"Lingaraj Nagar, Hubballi - KSPCB",,15.3714823,75.1160168,12237593,so2,SO₂,ppb,,,,
3409388,"Kasturi Nagar, Bengaluru - KSPCB",,13.003872,77.664217,12237595,co,CO,ppb,,,,
3409388,"Kasturi Nagar, Bengaluru - KSPCB",,13.003872,77.664217,12237597,no2,NO₂,ppb,,,,
3409388,"Kasturi Nagar, Bengaluru - KSPCB",,13.003872,77.664217,12237598,o3,O₃ mass,µg/m³,,,,
3409388,"Kasturi Nagar, Bengaluru - KSPCB",,13.003872,77.664217,12237599,pm10,PM10,µg/m³,,,,
3409388,"Kasturi Nagar, Bengaluru - KSPCB",,13.003872,77.664217,12237600,pm25,PM2.5,µg/m³,,,,
3409388,"Kasturi Nagar, Bengaluru - KSPCB",,13.003872,77.664217,12237602,so2,SO₂,ppb,,,,
3409389,"Thimmalapura, Tumakuru - KSPCB",,13.377516,77.09907199999999,12237604,co,CO,ppb,,,,
3409389,"Thimmalapura, Tumakuru - KSPCB",,13.377516,77.09907199999999,12237606,no2,NO₂,ppb,,,,
3409389,"Thimmalapura, Tumakuru - KSPCB",,13.377516,77.09907199999999,12237607,o3,O₃ mass,µg/m³,,,,
3409389,"Thimmalapura, Tumakuru - KSPCB",,13.377516,77.09907199999999,12237608,pm10,PM10,µg/m³,,,,
3409389,"Thimmalapura, Tumakuru - KSPCB",,13.377516,77.09907199999999,12237609,pm25,PM2.5,µg/m³,,,,
3409389,"Thimmalapura, Tumakuru - KSPCB",,13.377516,77.09907199999999,12237611,so2,SO₂,ppb,,,,
3409390,"LGBI Airport, Guwahati - PCBA",,26.10887,91.58954399999999,12237613,co,CO,ppb,,,,
3409390,"LGBI Airport, Guwahati - PCBA",,26.10887,91.58954399999999,12237615,no2,NO₂,ppb,,,,
3409390,"LGBI Airport, Guwahati - PCBA",,26.10887,91.58954399999999,12237616,o3,O₃ mass,µg/m³,,,,
3409390,"LGBI Airport, Guwahati - PCBA",,26.10887,91.58954399999999,12237617,pm10,PM10,µg/m³,,,,
3409390,"LGBI Airport, Guwahati - PCBA",,26.10887,91.58954399999999,12237618,pm25,PM2.5,µg/m³,,,,
3409390,"LGBI Airport, Guwahati - PCBA",,26.10887,91.58954399999999,12237620,so2,SO₂,ppb,,,,
3409391,"Tarapur, Silchar - PCBA",,24.82827,92.79525,12237622,co,CO,ppb,,,,
3409391,"Tarapur, Silchar - PCBA",,24.82827,92.79525,12237624,no2,NO₂,ppb,,,,
3409391,"Tarapur, Silchar - PCBA",,24.82827,92.79525,12237625,o3,O₃ mass,µg/m³,,,,
3409391,"Tarapur, Silchar - PCBA",,24.82827,92.79525,12237626,pm10,PM10,µg/m³,,,,
3409391,"Tarapur, Silchar - PCBA",,24.82827,92.79525,12237627,pm25,PM2.5,µg/m³,,,,
3409391,"Tarapur, Silchar - PCBA",,24.82827,92.79525,12237629,so2,SO₂,ppb,,,,
3409392,"Kanuru, Vijayawada - APPCB",,16.486692,80.69943599999999,12237631,co,CO,ppb,,,,
3409392,"Kanuru, Vijayawada - APPCB",,16.486692,80.69943599999999,12237633,no2,NO₂,ppb,,,,
3409392,"Kanuru, Vijayawada - APPCB",,16.486692,80.69943599999999,12237634,o3,O₃ mass,µg/m³,,,,
3409392,"Kanuru, Vijayawada - APPCB",,16.486692,80.69943599999999,12237635,pm10,PM10,µg/m³,,,,
3409392,"Kanuru, Vijayawada - APPCB",,16.486692,80.69943599999999,12237636,pm25,PM2.5,µg/m³,,,,
3409392,"Kanuru, Vijayawada - APPCB",,16.486692,80.69943599999999,12237638,so2,SO₂,ppb,,,,
3409393,"Shivapura_Peenya, Bengaluru - KSPCB",,13.0246342,77.5080115,12237640,co,CO,ppb,,,,
3409393,"Shivapura_Peenya, Bengaluru - KSPCB",,13.0246342,77.5080115,12237642,no2,NO₂,ppb,,,,
3409393,"Shivapura_Peenya, Bengaluru - KSPCB",,13.0246342,77.5080115,12237643,o3,O₃ mass,µg/m³,,,,
3409393,"Shivapura_Peenya, Bengaluru - KSPCB",,13.0246342,77.5080115,12237644,pm10,PM10,µg/m³,,,,
3409393,"Shivapura_Peenya, Bengaluru - KSPCB",,13.0246342,77.5080115,12237645,pm25,PM2.5,µg/m³,,,,
3409393,"Shivapura_Peenya, Bengaluru - KSPCB",,13.0246342,77.5080115,12237647,so2,SO₂,ppb,,,,
3409394,"Fertilizer Township, Rourkela - OSPCB",,22.18972222,84.86277778,12237649,co,CO,ppb,,,,
3409394,"Fertilizer Township, Rourkela - OSPCB",,22.18972222,84.86277778,12237651,no2,NO₂,ppb,,,,
3409394,"Fertilizer Township, Rourkela - OSPCB",,22.18972222,84.86277778,12237652,o3,O₃ mass,µg/m³,,,,
3409394,"Fertilizer Township, Rourkela - OSPCB",,22.18972222,84.86277778,12237653,pm10,PM10,µg/m³,,,,
3409394,"Fertilizer Township, Rourkela - OSPCB",,22.18972222,84.86277778,12237654,pm25,PM2.5,µg/m³,,,,
3409394,"Fertilizer Township, Rourkela - OSPCB",,22.18972222,84.86277778,12237655,so2,SO₂,ppb,,,,
3409395,"Sector-2, Rourkela - OSPCB",,22.245,84.88111111,12237656,co,CO,ppb,,,,
3409395,"Sector-2, Rourkela - OSPCB",,22.245,84.88111111,12237658,no2,NO₂,ppb,,,,
3409395,"Sector-2, Rourkela - OSPCB",,22.245,84.88111111,12237659,pm10,PM10,µg/m³,,,,
3409395,"Sector-2, Rourkela - OSPCB",,22.245,84.88111111,12237660,pm25,PM2.5,µg/m³,,,,
3409395,"Sector-2, Rourkela - OSPCB",,22.245,84.88111111,12237661,so2,SO₂,ppb,,,,
3409396,"Nawapara SECL Colony, Chhal - CECB",,22.118125,83.140608,12237662,co,CO,ppb,,,,
3409396,"Nawapara SECL Colony, Chhal - CECB",,22.118125,83.140608,12237664,no2,NO₂,ppb,,,,
3409396,"Nawapara SECL Colony, Chhal - CECB",,22.118125,83.140608,12237665,o3,O₃ mass,µg/m³,,,,
3409396,"Nawapara SECL Colony, Chhal - CECB",,22.118125,83.140608,12237666,pm10,PM10,µg/m³,,,,
3409396,"Nawapara SECL Colony, Chhal - CECB",,22.118125,83.140608,12237667,pm25,PM2.5,µg/m³,,,,
3409396,"Nawapara SECL Colony, Chhal - CECB",,22.118125,83.140608,12237669,so2,SO₂,ppb,,,,
3409397,"OP Jindal School, Kunjemura - CECB",,22.12665,83.483212,12237671,co,CO,ppb,,,,
3409397,"OP Jindal School, Kunjemura - CECB",,22.12665,83.483212,12237673,no2,NO₂,ppb,,,,
3409397,"OP Jindal School, Kunjemura - CECB",,22.12665,83.483212,12237674,o3,O₃ mass,µg/m³,,,,
3409397,"OP Jindal School, Kunjemura - CECB",,22.12665,83.483212,12237675,pm10,PM10,µg/m³,,,,
3409397,"OP Jindal School, Kunjemura - CECB",,22.12665,83.483212,12237676,pm25,PM2.5,µg/m³,,,,
3409397,"OP Jindal School, Kunjemura - CECB",,22.12665,83.483212,12237678,so2,SO₂,ppb,,,,
3409398,"Govt. Higher Secondary School, Milupara - CECB",,22.191017199999997,83.5197009,12237680,co,CO,ppb,,,,
3409398,"Govt. Higher Secondary School, Milupara - CECB",,22.191017199999997,83.5197009,12237682,no2,NO₂,ppb,,,,
3409398,"Govt. Higher Secondary School, Milupara - CECB",,22.191017199999997,83.5197009,12237683,o3,O₃ mass,µg/m³,,,,
3409398,"Govt. Higher Secondary School, Milupara - CECB",,22.191017199999997,83.5197009,12237684,pm10,PM10,µg/m³,,,,
3409398,"Govt. Higher Secondary School, Milupara - CECB",,22.191017199999997,83.5197009,12237685,pm25,PM2.5,µg/m³,,,,
3409398,"Govt. Higher Secondary School, Milupara - CECB",,22.191017199999997,83.5197009,12237687,so2,SO₂,ppb,,,,
3409399,"OP Jindal Industrial Park, Tumidih - CECB",,22.06631475,83.33820077,12237689,co,CO,ppb,,,,
3409399,"OP Jindal Industrial Park, Tumidih - CECB",,22.06631475,83.33820077,12237691,no2,NO₂,ppb,,,,
3409399,"OP Jindal Industrial Park, Tumidih - CECB",,22.06631475,83.33820077,12237692,o3,O₃ mass,µg/m³,,,,
3409399,"OP Jindal Industrial Park, Tumidih - CECB",,22.06631475,83.33820077,12237693,pm10,PM10,µg/m³,,,,
3409399,"OP Jindal Industrial Park, Tumidih - CECB",,22.06631475,83.33820077,12237694,pm25,PM2.5,µg/m³,,,,
3409399,"OP Jindal Industrial Park, Tumidih - CECB",,22.06631475,83.33820077,12237696,so2,SO₂,ppb,,,,
3409400,"Yerramukkapalli, Kadapa - APPCB",,14.465051999999998,78.824187,12237698,co,CO,ppb,,,,
3409400,"Yerramukkapalli, Kadapa - APPCB",,14.465051999999998,78.824187,12237700,no2,NO₂,ppb,,,,
3409400,"Yerramukkapalli, Kadapa - APPCB",,14.465051999999998,78.824187,12237701,o3,O₃ mass,µg/m³,,,,
3409400,"Yerramukkapalli, Kadapa - APPCB",,14.465051999999998,78.824187,12237702,pm10,PM10,µg/m³,,,,
3409400,"Yerramukkapalli, Kadapa - APPCB",,14.465051999999998,78.824187,12237703,pm25,PM2.5,µg/m³,,,,
3409400,"Yerramukkapalli, Kadapa - APPCB",,14.465051999999998,78.824187,12237705,so2,SO₂,ppb,,,,
3409401,"Samrat Ashok Udhyan, Jodhpur - RSPCB",,26.253384000000004,72.97657099999999,12237707,co,CO,ppb,,,,
3409401,"Samrat Ashok Udhyan, Jodhpur - RSPCB",,26.253384000000004,72.97657099999999,12237709,no2,NO₂,ppb,,,,
3409401,"Samrat Ashok Udhyan, Jodhpur - RSPCB",,26.253384000000004,72.97657099999999,12237710,o3,O₃ mass,µg/m³,,,,
3409401,"Samrat Ashok Udhyan, Jodhpur - RSPCB",,26.253384000000004,72.97657099999999,12237711,pm10,PM10,µg/m³,,,,
3409401,"Samrat Ashok Udhyan, Jodhpur - RSPCB",,26.253384000000004,72.97657099999999,12237712,pm25,PM2.5,µg/m³,,,,
3409401,"Samrat Ashok Udhyan, Jodhpur - RSPCB",,26.253384000000004,72.97657099999999,12237714,so2,SO₂,ppb,,,,
3409402,"Krishna Nagar, Bharatpur - RSPCB",,27.215415000000004,77.50873,12237716,co,CO,ppb,,,,
3409402,"Krishna Nagar, Bharatpur - RSPCB",,27.215415000000004,77.50873,12237718,no2,NO₂,ppb,,,,
3409402,"Krishna Nagar, Bharatpur - RSPCB",,27.215415000000004,77.50873,12237719,o3,O₃ mass,µg/m³,,,,
3409402,"Krishna Nagar, Bharatpur - RSPCB",,27.215415000000004,77.50873,12237720,pm10,PM10,µg/m³,,,,
3409402,"Krishna Nagar, Bharatpur - RSPCB",,27.215415000000004,77.50873,12237721,pm25,PM2.5,µg/m³,,,,
3409402,"Krishna Nagar, Bharatpur - RSPCB",,27.215415000000004,77.50873,12237723,so2,SO₂,ppb,,,,
3409403,"MM Ground, Bikaner - RSPCB",,28.018791999999998,73.29265799999999,12237725,co,CO,ppb,,,,
3409403,"MM Ground, Bikaner - RSPCB",,28.018791999999998,73.29265799999999,12237727,no2,NO₂,ppb,,,,
3409403,"MM Ground, Bikaner - RSPCB",,28.018791999999998,73.29265799999999,12237728,o3,O₃ mass,µg/m³,,,,
3409403,"MM Ground, Bikaner - RSPCB",,28.018791999999998,73.29265799999999,12237729,pm10,PM10,µg/m³,,,,
3409403,"MM Ground, Bikaner - RSPCB",,28.018791999999998,73.29265799999999,12237730,pm25,PM2.5,µg/m³,,,,
3409403,"MM Ground, Bikaner - RSPCB",,28.018791999999998,73.29265799999999,12237732,so2,SO₂,ppb,,,,
3409404,"Subash Chowk, Churu - RSPCB",,28.296139,74.96169599999999,12237734,co,CO,ppb,,,,
3409404,"Subash Chowk, Churu - RSPCB",,28.296139,74.96169599999999,12237736,no2,NO₂,ppb,,,,
3409404,"Subash Chowk, Churu - RSPCB",,28.296139,74.96169599999999,12237737,o3,O₃ mass,µg/m³,,,,
3409404,"Subash Chowk, Churu - RSPCB",,28.296139,74.96169599999999,12237738,pm10,PM10,µg/m³,,,,
3409404,"Subash Chowk, Churu - RSPCB",,28.296139,74.96169599999999,12237739,pm25,PM2.5,µg/m³,,,,
3409404,"Subash Chowk, Churu - RSPCB",,28.296139,74.96169599999999,12237741,so2,SO₂,ppb,,,,
3409405,"Raja Ganj, Dholpur - RSPCB",,26.699557000000002,77.898881,12237743,co,CO,ppb,,,,
3409405,"Raja Ganj, Dholpur - RSPCB",,26.699557000000002,77.898881,12237745,no2,NO₂,ppb,,,,
3409405,"Raja Ganj, Dholpur - RSPCB",,26.699557000000002,77.898881,12237746,o3,O₃ mass,µg/m³,,,,
3409405,"Raja Ganj, Dholpur - RSPCB",,26.699557000000002,77.898881,12237747,pm10,PM10,µg/m³,,,,
3409405,"Raja Ganj, Dholpur - RSPCB",,26.699557000000002,77.898881,12237748,pm25,PM2.5,µg/m³,,,,
3409405,"Raja Ganj, Dholpur - RSPCB",,26.699557000000002,77.898881,12237750,so2,SO₂,ppb,,,,
3409406,"Nayapura, Kota - RSPCB",,25.196023999999998,75.85566800000001,12237752,co,CO,ppb,,,,
3409406,"Nayapura, Kota - RSPCB",,25.196023999999998,75.85566800000001,12237754,no2,NO₂,ppb,,,,
3409406,"Nayapura, Kota - RSPCB",,25.196023999999998,75.85566800000001,12237755,o3,O₃ mass,µg/m³,,,,
3409406,"Nayapura, Kota - RSPCB",,25.196023999999998,75.85566800000001,12237756,pm10,PM10,µg/m³,,,,
3409406,"Nayapura, Kota - RSPCB",,25.196023999999998,75.85566800000001,12237757,pm25,PM2.5,µg/m³,,,,
3409406,"Nayapura, Kota - RSPCB",,25.196023999999998,75.85566800000001,12237759,so2,SO₂,ppb,,,,
3409407,"Shastri Nagar, Tonk - RSPCB",,26.159933,75.780517,12237761,co,CO,ppb,,,,
3409407,"Shastri Nagar, Tonk - RSPCB",,26.159933,75.780517,12237763,no2,NO₂,ppb,,,,
3409407,"Shastri Nagar, Tonk - RSPCB",,26.159933,75.780517,12237764,o3,O₃ mass,µg/m³,,,,
3409407,"Shastri Nagar, Tonk - RSPCB",,26.159933,75.780517,12237765,pm10,PM10,µg/m³,,,,
3409407,"Shastri Nagar, Tonk - RSPCB",,26.159933,75.780517,12237766,pm25,PM2.5,µg/m³,,,,
3409407,"Shastri Nagar, Tonk - RSPCB",,26.159933,75.780517,12237768,so2,SO₂,ppb,,,,
3409408,"Shivaji Nagar, Rishikesh - UKPCB",,30.075910999999998,78.2859547,12237770,co,CO,ppb,,,,
3409408,"Shivaji Nagar, Rishikesh - UKPCB",,30.075910999999998,78.2859547,12237772,no2,NO₂,ppb,,,,
3409408,"Shivaji Nagar, Rishikesh - UKPCB",,30.075910999999998,78.2859547,12237773,o3,O₃ mass,µg/m³,,,,
3409408,"Shivaji Nagar, Rishikesh - UKPCB",,30.075910999999998,78.2859547,12237774,pm10,PM10,µg/m³,,,,
3409408,"Shivaji Nagar, Rishikesh - UKPCB",,30.075910999999998,78.2859547,12237775,pm25,PM2.5,µg/m³,,,,
3409408,"Shivaji Nagar, Rishikesh - UKPCB",,30.075910999999998,78.2859547,12237777,so2,SO₂,ppb,,,,
3409409,"Govt. Girls Inter College, Kashipur - UKPCB",,29.2124114,78.96117530000001,12242987,co,CO,ppb,,,,
3409409,"Govt. Girls Inter College, Kashipur - UKPCB",,29.2124114,78.96117530000001,12242989,no2,NO₂,ppb,,,,
3409409,"Govt. Girls Inter College, Kashipur - UKPCB",,29.2124114,78.96117530000001,12242990,o3,O₃ mass,µg/m³,,,,
3409409,"Govt. Girls Inter College, Kashipur - UKPCB",,29.2124114,78.96117530000001,12242991,pm10,PM10,µg/m³,,,,
3409409,"Govt. Girls Inter College, Kashipur - UKPCB",,29.2124114,78.96117530000001,12242992,pm25,PM2.5,µg/m³,,,,
3409409,"Govt. Girls Inter College, Kashipur - UKPCB",,29.2124114,78.96117530000001,12242994,so2,SO₂,ppb,,,,
3409410,"Vedhaynath Colony, Sirohi - RSPCB",,24.885261,72.857549,12237779,co,CO,ppb,,,,
3409410,"Vedhaynath Colony, Sirohi - RSPCB",,24.885261,72.857549,12237781,no2,NO₂,ppb,,,,
3409410,"Vedhaynath Colony, Sirohi - RSPCB",,24.885261,72.857549,12237782,o3,O₃ mass,µg/m³,,,,
3409410,"Vedhaynath Colony, Sirohi - RSPCB",,24.885261,72.857549,12237783,pm10,PM10,µg/m³,,,,
3409410,"Vedhaynath Colony, Sirohi - RSPCB",,24.885261,72.857549,12237784,pm25,PM2.5,µg/m³,,,,
3409410,"Vedhaynath Colony, Sirohi - RSPCB",,24.885261,72.857549,12237786,so2,SO₂,ppb,,,,
3409411,"Christianpatty, Nagaon - PCBA",,26.349082,92.68449,12237788,co,CO,ppb,,,,
3409411,"Christianpatty, Nagaon - PCBA",,26.349082,92.68449,12237790,no2,NO₂,ppb,,,,
3409411,"Christianpatty, Nagaon - PCBA",,26.349082,92.68449,12237791,o3,O₃ mass,µg/m³,,,,
3409411,"Christianpatty, Nagaon - PCBA",,26.349082,92.68449,12237792,pm10,PM10,µg/m³,,,,
3409411,"Christianpatty, Nagaon - PCBA",,26.349082,92.68449,12237793,pm25,PM2.5,µg/m³,,,,
3409411,"Christianpatty, Nagaon - PCBA",,26.349082,92.68449,12237795,so2,SO₂,ppb,,,,
3409412,"Dhanmandi, Kota - RSPCB",,25.164089999999998,75.858137,12237797,co,CO,ppb,,,,
3409412,"Dhanmandi, Kota - RSPCB",,25.164089999999998,75.858137,12237799,no2,NO₂,ppb,,,,
3409412,"Dhanmandi, Kota - RSPCB",,25.164089999999998,75.858137,12237800,o3,O₃ mass,µg/m³,,,,
3409412,"Dhanmandi, Kota - RSPCB",,25.164089999999998,75.858137,12237801,pm10,PM10,µg/m³,,,,
3409412,"Dhanmandi, Kota - RSPCB",,25.164089999999998,75.858137,12237802,pm25,PM2.5,µg/m³,,,,
3409412,"Dhanmandi, Kota - RSPCB",,25.164089999999998,75.858137,12237804,so2,SO₂,ppb,,,,
3409413,"Idgah Hills, Bhopal - MPPCB",,23.264758999999998,77.381568,12237806,co,CO,ppb,,,,
3409413,"Idgah Hills, Bhopal - MPPCB",,23.264758999999998,77.381568,12237808,no2,NO₂,ppb,,,,
3409413,"Idgah Hills, Bhopal - MPPCB",,23.264758999999998,77.381568,12237809,o3,O₃ mass,µg/m³,,,,
3409413,"Idgah Hills, Bhopal - MPPCB",,23.264758999999998,77.381568,12237810,pm10,PM10,µg/m³,,,,
3409413,"Idgah Hills, Bhopal - MPPCB",,23.264758999999998,77.381568,12237811,pm25,PM2.5,µg/m³,,,,
3409413,"Idgah Hills, Bhopal - MPPCB",,23.264758999999998,77.381568,12237813,so2,SO₂,ppb,,,,
3409414,"Vijay Nagar Scheme-78, Indore - Glenmark",,22.76726,75.8871,12237816,no2,NO₂,ppb,,,,
3409414,"Vijay Nagar Scheme-78, Indore - Glenmark",,22.76726,75.8871,12237817,pm10,PM10,µg/m³,,,,
3409414,"Vijay Nagar Scheme-78, Indore - Glenmark",,22.76726,75.8871,12237818,pm25,PM2.5,µg/m³,,,,
3409414,"Vijay Nagar Scheme-78, Indore - Glenmark",,22.76726,75.8871,12237819,so2,SO₂,ppb,,,,
3409415,"Sardar Patel Nagar, Dhanbad - JSPCB",,23.80569,86.44268000000001,12242996,co,CO,ppb,,,,
3409415,"Sardar Patel Nagar, Dhanbad - JSPCB",,23.80569,86.44268000000001,12242998,no2,NO₂,ppb,,,,
3409415,"Sardar Patel Nagar, Dhanbad - JSPCB",,23.80569,86.44268000000001,12242999,o3,O₃ mass,µg/m³,,,,
3409415,"Sardar Patel Nagar, Dhanbad - JSPCB",,23.80569,86.44268000000001,12243000,pm10,PM10,µg/m³,,,,
3409415,"Sardar Patel Nagar, Dhanbad - JSPCB",,23.80569,86.44268000000001,12243001,pm25,PM2.5,µg/m³,,,,
3409415,"Sardar Patel Nagar, Dhanbad - JSPCB",,23.80569,86.44268000000001,12243002,so2,SO₂,ppb,,,,
3409416,"Rati Talai, Banswara - RSPCB",,23.55519,74.44001,12237820,co,CO,ppb,,,,
3409416,"Rati Talai, Banswara - RSPCB",,23.55519,74.44001,12237822,no2,NO₂,ppb,,,,
3409416,"Rati Talai, Banswara - RSPCB",,23.55519,74.44001,12237823,o3,O₃ mass,µg/m³,,,,
3409416,"Rati Talai, Banswara - RSPCB",,23.55519,74.44001,12237824,pm10,PM10,µg/m³,,,,
3409416,"Rati Talai, Banswara - RSPCB",,23.55519,74.44001,12237825,pm25,PM2.5,µg/m³,,,,
3409416,"Rati Talai, Banswara - RSPCB",,23.55519,74.44001,12237827,so2,SO₂,ppb,,,,
3409417,"Shastri Nagar, Chittorgarh - RSPCB",,24.892047,74.623527,12237829,co,CO,ppb,,,,
3409417,"Shastri Nagar, Chittorgarh - RSPCB",,24.892047,74.623527,12237831,no2,NO₂,ppb,,,,
3409417,"Shastri Nagar, Chittorgarh - RSPCB",,24.892047,74.623527,12237832,o3,O₃ mass,µg/m³,,,,
3409417,"Shastri Nagar, Chittorgarh - RSPCB",,24.892047,74.623527,12237833,pm10,PM10,µg/m³,,,,
3409417,"Shastri Nagar, Chittorgarh - RSPCB",,24.892047,74.623527,12237834,pm25,PM2.5,µg/m³,,,,
3409417,"Shastri Nagar, Chittorgarh - RSPCB",,24.892047,74.623527,12237836,so2,SO₂,ppb,,,,
3409418,"Khatikan Mohalla, Dausa - RSPCB",,26.895552000000002,76.334753,12237838,co,CO,ppb,,,,
3409418,"Khatikan Mohalla, Dausa - RSPCB",,26.895552000000002,76.334753,12237840,no2,NO₂,ppb,,,,
3409418,"Khatikan Mohalla, Dausa - RSPCB",,26.895552000000002,76.334753,12237841,o3,O₃ mass,µg/m³,,,,
3409418,"Khatikan Mohalla, Dausa - RSPCB",,26.895552000000002,76.334753,12237842,pm10,PM10,µg/m³,,,,
3409418,"Khatikan Mohalla, Dausa - RSPCB",,26.895552000000002,76.334753,12237843,pm25,PM2.5,µg/m³,,,,
3409418,"Khatikan Mohalla, Dausa - RSPCB",,26.895552000000002,76.334753,12237845,so2,SO₂,ppb,,,,
3409419,"Railway Colony, Barmer - RSPCB",,25.747298999999998,71.393989,12237847,co,CO,ppb,,,,
3409419,"Railway Colony, Barmer - RSPCB",,25.747298999999998,71.393989,12237849,no2,NO₂,ppb,,,,
3409419,"Railway Colony, Barmer - RSPCB",,25.747298999999998,71.393989,12237850,o3,O₃ mass,µg/m³,,,,
3409419,"Railway Colony, Barmer - RSPCB",,25.747298999999998,71.393989,12237851,pm10,PM10,µg/m³,,,,
3409419,"Railway Colony, Barmer - RSPCB",,25.747298999999998,71.393989,12237852,pm25,PM2.5,µg/m³,,,,
3409419,"Railway Colony, Barmer - RSPCB",,25.747298999999998,71.393989,12237854,so2,SO₂,ppb,,,,
3409420,"Housing Board, Hanumangarh - RSPCB",,29.61075,74.283608,12237856,co,CO,ppb,,,,
3409420,"Housing Board, Hanumangarh - RSPCB",,29.61075,74.283608,12237858,no2,NO₂,ppb,,,,
3409420,"Housing Board, Hanumangarh - RSPCB",,29.61075,74.283608,12237859,o3,O₃ mass,µg/m³,,,,
3409420,"Housing Board, Hanumangarh - RSPCB",,29.61075,74.283608,12237860,pm10,PM10,µg/m³,,,,
3409420,"Housing Board, Hanumangarh - RSPCB",,29.61075,74.283608,12237861,pm25,PM2.5,µg/m³,,,,
3409420,"Housing Board, Hanumangarh - RSPCB",,29.61075,74.283608,12237863,so2,SO₂,ppb,,,,
3409421,"Sahu Nagar, Sawai Madhopur - RSPCB",,26.031443,76.35932700000001,12237865,co,CO,ppb,,,,
3409421,"Sahu Nagar, Sawai Madhopur - RSPCB",,26.031443,76.35932700000001,12237867,no2,NO₂,ppb,,,,
3409421,"Sahu Nagar, Sawai Madhopur - RSPCB",,26.031443,76.35932700000001,12237868,o3,O₃ mass,µg/m³,,,,
3409421,"Sahu Nagar, Sawai Madhopur - RSPCB",,26.031443,76.35932700000001,12237869,pm10,PM10,µg/m³,,,,
3409421,"Sahu Nagar, Sawai Madhopur - RSPCB",,26.031443,76.35932700000001,12237870,pm25,PM2.5,µg/m³,,,,
3409421,"Sahu Nagar, Sawai Madhopur - RSPCB",,26.031443,76.35932700000001,12237872,so2,SO₂,ppb,,,,
3409422,"Indra Nagar, Jhunjhunu - RSPCB",,28.108988,75.386577,12237874,co,CO,ppb,,,,
3409422,"Indra Nagar, Jhunjhunu - RSPCB",,28.108988,75.386577,12237876,no2,NO₂,ppb,,,,
3409422,"Indra Nagar, Jhunjhunu - RSPCB",,28.108988,75.386577,12237877,o3,O₃ mass,µg/m³,,,,
3409422,"Indra Nagar, Jhunjhunu - RSPCB",,28.108988,75.386577,12237878,pm10,PM10,µg/m³,,,,
3409422,"Indra Nagar, Jhunjhunu - RSPCB",,28.108988,75.386577,12237879,pm25,PM2.5,µg/m³,,,,
3409422,"Indra Nagar, Jhunjhunu - RSPCB",,28.108988,75.386577,12237881,so2,SO₂,ppb,,,,
3409423,"Dhoinda, Rajsamand - RSPCB",,25.036360000000002,73.88350200000001,12237883,co,CO,ppb,,,,
3409423,"Dhoinda, Rajsamand - RSPCB",,25.036360000000002,73.88350200000001,12237885,no2,NO₂,ppb,,,,
3409423,"Dhoinda, Rajsamand - RSPCB",,25.036360000000002,73.88350200000001,12237886,o3,O₃ mass,µg/m³,,,,
3409423,"Dhoinda, Rajsamand - RSPCB",,25.036360000000002,73.88350200000001,12237887,pm10,PM10,µg/m³,,,,
3409423,"Dhoinda, Rajsamand - RSPCB",,25.036360000000002,73.88350200000001,12237888,pm25,PM2.5,µg/m³,,,,
3409423,"Dhoinda, Rajsamand - RSPCB",,25.036360000000002,73.88350200000001,12237890,so2,SO₂,ppb,,,,
3409424,"Old City, Sri Ganganagar - RSPCB",,29.931624,73.864511,12237892,co,CO,ppb,,,,
3409424,"Old City, Sri Ganganagar - RSPCB",,29.931624,73.864511,12237894,no2,NO₂,ppb,,,,
3409424,"Old City, Sri Ganganagar - RSPCB",,29.931624,73.864511,12237895,o3,O₃ mass,µg/m³,,,,
3409424,"Old City, Sri Ganganagar - RSPCB",,29.931624,73.864511,12237896,pm10,PM10,µg/m³,,,,
3409424,"Old City, Sri Ganganagar - RSPCB",,29.931624,73.864511,12237897,pm25,PM2.5,µg/m³,,,,
3409424,"Old City, Sri Ganganagar - RSPCB",,29.931624,73.864511,12237899,so2,SO₂,ppb,,,,
3409425,"Jhalamand, Jodhpur - RSPCB",,26.215415000000004,73.07015600000001,12237901,co,CO,ppb,,,,
3409425,"Jhalamand, Jodhpur - RSPCB",,26.215415000000004,73.07015600000001,12237903,no2,NO₂,ppb,,,,
3409425,"Jhalamand, Jodhpur - RSPCB",,26.215415000000004,73.07015600000001,12237904,o3,O₃ mass,µg/m³,,,,
3409425,"Jhalamand, Jodhpur - RSPCB",,26.215415000000004,73.07015600000001,12237905,pm10,PM10,µg/m³,,,,
3409425,"Jhalamand, Jodhpur - RSPCB",,26.215415000000004,73.07015600000001,12237906,pm25,PM2.5,µg/m³,,,,
3409425,"Jhalamand, Jodhpur - RSPCB",,26.215415000000004,73.07015600000001,12237908,so2,SO₂,ppb,,,,
3409426,"Pragati Nagar, Pratapgarh - RSPCB",,24.041198,74.780702,12237910,co,CO,ppb,,,,
3409426,"Pragati Nagar, Pratapgarh - RSPCB",,24.041198,74.780702,12237912,no2,NO₂,ppb,,,,
3409426,"Pragati Nagar, Pratapgarh - RSPCB",,24.041198,74.780702,12237913,o3,O₃ mass,µg/m³,,,,
3409426,"Pragati Nagar, Pratapgarh - RSPCB",,24.041198,74.780702,12237914,pm10,PM10,µg/m³,,,,
3409426,"Pragati Nagar, Pratapgarh - RSPCB",,24.041198,74.780702,12237915,pm25,PM2.5,µg/m³,,,,
3409426,"Pragati Nagar, Pratapgarh - RSPCB",,24.041198,74.780702,12237917,so2,SO₂,ppb,,,,
3409427,"Radhakishan Pura, Sikar - RSPCB",,27.608912,75.153302,12237919,co,CO,ppb,,,,
3409427,"Radhakishan Pura, Sikar - RSPCB",,27.608912,75.153302,12237921,no2,NO₂,ppb,,,,
3409427,"Radhakishan Pura, Sikar - RSPCB",,27.608912,75.153302,12237922,o3,O₃ mass,µg/m³,,,,
3409427,"Radhakishan Pura, Sikar - RSPCB",,27.608912,75.153302,12237923,pm10,PM10,µg/m³,,,,
3409427,"Radhakishan Pura, Sikar - RSPCB",,27.608912,75.153302,12237924,pm25,PM2.5,µg/m³,,,,
3409427,"Radhakishan Pura, Sikar - RSPCB",,27.608912,75.153302,12237926,so2,SO₂,ppb,,,,
3409428,"Satyawati Vihar, Karauli - RSPCB",,26.506177,77.025989,12237928,co,CO,ppb,,,,
3409428,"Satyawati Vihar, Karauli - RSPCB",,26.506177,77.025989,12237930,no2,NO₂,ppb,,,,
3409428,"Satyawati Vihar, Karauli - RSPCB",,26.506177,77.025989,12237931,o3,O₃ mass,µg/m³,,,,
3409428,"Satyawati Vihar, Karauli - RSPCB",,26.506177,77.025989,12237932,pm10,PM10,µg/m³,,,,
3409428,"Satyawati Vihar, Karauli - RSPCB",,26.506177,77.025989,12237933,pm25,PM2.5,µg/m³,,,,
3409428,"Satyawati Vihar, Karauli - RSPCB",,26.506177,77.025989,12237935,so2,SO₂,ppb,,,,
3409429,"Rajlaxmi Nagar, Jhalawar - RSPCB",,24.588397,76.172782,12237937,co,CO,ppb,,,,
3409429,"Rajlaxmi Nagar, Jhalawar - RSPCB",,24.588397,76.172782,12237939,no2,NO₂,ppb,,,,
3409429,"Rajlaxmi Nagar, Jhalawar - RSPCB",,24.588397,76.172782,12237940,o3,O₃ mass,µg/m³,,,,
3409429,"Rajlaxmi Nagar, Jhalawar - RSPCB",,24.588397,76.172782,12237941,pm10,PM10,µg/m³,,,,
3409429,"Rajlaxmi Nagar, Jhalawar - RSPCB",,24.588397,76.172782,12237942,pm25,PM2.5,µg/m³,,,,
3409429,"Rajlaxmi Nagar, Jhalawar - RSPCB",,24.588397,76.172782,12237944,so2,SO₂,ppb,,,,
3409430,"Mansarovar Sector-12, Jaipur - RSPCB",,26.843698,75.766894,12237946,co,CO,ppb,,,,
3409430,"Mansarovar Sector-12, Jaipur - RSPCB",,26.843698,75.766894,12237948,no2,NO₂,ppb,,,,
3409430,"Mansarovar Sector-12, Jaipur - RSPCB",,26.843698,75.766894,12237949,o3,O₃ mass,µg/m³,,,,
3409430,"Mansarovar Sector-12, Jaipur - RSPCB",,26.843698,75.766894,12237950,pm10,PM10,µg/m³,,,,
3409430,"Mansarovar Sector-12, Jaipur - RSPCB",,26.843698,75.766894,12237951,pm25,PM2.5,µg/m³,,,,
3409430,"Mansarovar Sector-12, Jaipur - RSPCB",,26.843698,75.766894,12237953,so2,SO₂,ppb,,,,
3409431,"Digari Kalan, Jodhpur - RSPCB",,26.295809999999996,73.08228299999999,12237955,co,CO,ppb,,,,
3409431,"Digari Kalan, Jodhpur - RSPCB",,26.295809999999996,73.08228299999999,12237957,no2,NO₂,ppb,,,,
3409431,"Digari Kalan, Jodhpur - RSPCB",,26.295809999999996,73.08228299999999,12237958,o3,O₃ mass,µg/m³,,,,
3409431,"Digari Kalan, Jodhpur - RSPCB",,26.295809999999996,73.08228299999999,12237959,pm10,PM10,µg/m³,,,,
3409431,"Digari Kalan, Jodhpur - RSPCB",,26.295809999999996,73.08228299999999,12237960,pm25,PM2.5,µg/m³,,,,
3409431,"Digari Kalan, Jodhpur - RSPCB",,26.295809999999996,73.08228299999999,12237962,so2,SO₂,ppb,,,,
3409432,"Sector-2 Murlipura, Jaipur - RSPCB",,26.960669,75.771817,12237964,co,CO,ppb,,,,
3409432,"Sector-2 Murlipura, Jaipur - RSPCB",,26.960669,75.771817,12237966,no2,NO₂,ppb,,,,
3409432,"Sector-2 Murlipura, Jaipur - RSPCB",,26.960669,75.771817,12237967,o3,O₃ mass,µg/m³,,,,
3409432,"Sector-2 Murlipura, Jaipur - RSPCB",,26.960669,75.771817,12237968,pm10,PM10,µg/m³,,,,
3409432,"Sector-2 Murlipura, Jaipur - RSPCB",,26.960669,75.771817,12237969,pm25,PM2.5,µg/m³,,,,
3409432,"Sector-2 Murlipura, Jaipur - RSPCB",,26.960669,75.771817,12237971,so2,SO₂,ppb,,,,
3409433,"RIICO Sitapura, Jaipur - RSPCB",,26.786682,75.827928,12237973,co,CO,ppb,,,,
3409433,"RIICO Sitapura, Jaipur - RSPCB",,26.786682,75.827928,12237975,no2,NO₂,ppb,,,,
3409433,"RIICO Sitapura, Jaipur - RSPCB",,26.786682,75.827928,12237976,o3,O₃ mass,µg/m³,,,,
3409433,"RIICO Sitapura, Jaipur - RSPCB",,26.786682,75.827928,12237977,pm10,PM10,µg/m³,,,,
3409433,"RIICO Sitapura, Jaipur - RSPCB",,26.786682,75.827928,12237978,pm25,PM2.5,µg/m³,,,,
3409433,"RIICO Sitapura, Jaipur - RSPCB",,26.786682,75.827928,12237980,so2,SO₂,ppb,,,,
3409434,"Jigani, Bengaluru - KSPCB",,12.7816279,77.6299145,12243003,co,CO,ppb,,,,
3409434,"Jigani, Bengaluru - KSPCB",,12.7816279,77.6299145,12243005,no2,NO₂,ppb,,,,
3409434,"Jigani, Bengaluru - KSPCB",,12.7816279,77.6299145,12243006,o3,O₃ mass,µg/m³,,,,
3409434,"Jigani, Bengaluru - KSPCB",,12.7816279,77.6299145,12243007,pm10,PM10,µg/m³,,,,
3409434,"Jigani, Bengaluru - KSPCB",,12.7816279,77.6299145,12243008,pm25,PM2.5,µg/m³,,,,
3409434,"Jigani, Bengaluru - KSPCB",,12.7816279,77.6299145,12243010,so2,SO₂,ppb,,,,
3409435,"Gavalinagar, Pimpri Chinchwad - MPCB",,18.63673,73.82487,12237982,co,CO,ppb,,,,
3409435,"Gavalinagar, Pimpri Chinchwad - MPCB",,18.63673,73.82487,12237984,no2,NO₂,ppb,,,,
3409435,"Gavalinagar, Pimpri Chinchwad - MPCB",,18.63673,73.82487,12237985,o3,O₃ mass,µg/m³,,,,
3409435,"Gavalinagar, Pimpri Chinchwad - MPCB",,18.63673,73.82487,12237986,pm10,PM10,µg/m³,,,,
3409435,"Gavalinagar, Pimpri Chinchwad - MPCB",,18.63673,73.82487,12237987,pm25,PM2.5,µg/m³,,,,
3409435,"Gavalinagar, Pimpri Chinchwad - MPCB",,18.63673,73.82487,12237989,so2,SO₂,ppb,,,,
3409436,"Park Street Wakad, Pimpri Chinchwad - MPCB",,18.59051,73.77946,12237991,co,CO,ppb,,,,
3409436,"Park Street Wakad, Pimpri Chinchwad - MPCB",,18.59051,73.77946,12237993,no2,NO₂,ppb,,,,
3409436,"Park Street Wakad, Pimpri Chinchwad - MPCB",,18.59051,73.77946,12237994,o3,O₃ mass,µg/m³,,,,
3409436,"Park Street Wakad, Pimpri Chinchwad - MPCB",,18.59051,73.77946,12237995,pm10,PM10,µg/m³,,,,
3409436,"Park Street Wakad, Pimpri Chinchwad - MPCB",,18.59051,73.77946,12237996,pm25,PM2.5,µg/m³,,,,
3409436,"Park Street Wakad, Pimpri Chinchwad - MPCB",,18.59051,73.77946,12237998,so2,SO₂,ppb,,,,
3409437,"Thergaon, Pimpri Chinchwad - MPCB",,18.616318,73.765797,12243012,co,CO,ppb,,,,
3409437,"Thergaon, Pimpri Chinchwad - MPCB",,18.616318,73.765797,12243014,no2,NO₂,ppb,,,,
3409437,"Thergaon, Pimpri Chinchwad - MPCB",,18.616318,73.765797,12243015,o3,O₃ mass,µg/m³,,,,
3409437,"Thergaon, Pimpri Chinchwad - MPCB",,18.616318,73.765797,12243016,pm10,PM10,µg/m³,,,,
3409437,"Thergaon, Pimpri Chinchwad - MPCB",,18.616318,73.765797,12243017,pm25,PM2.5,µg/m³,,,,
3409437,"Thergaon, Pimpri Chinchwad - MPCB",,18.616318,73.765797,12243019,so2,SO₂,ppb,,,,
3409438,"Katraj Dairy, Pune - MPCB",,18.45445,73.854155,12248365,co,CO,ppb,,,,
3409438,"Katraj Dairy, Pune - MPCB",,18.45445,73.854155,12248367,no2,NO₂,ppb,,,,
3409438,"Katraj Dairy, Pune - MPCB",,18.45445,73.854155,12248368,o3,O₃ mass,µg/m³,,,,
3409438,"Katraj Dairy, Pune - MPCB",,18.45445,73.854155,12248369,pm10,PM10,µg/m³,,,,
3409438,"Katraj Dairy, Pune - MPCB",,18.45445,73.854155,12248370,pm25,PM2.5,µg/m³,,,,
3409438,"Katraj Dairy, Pune - MPCB",,18.45445,73.854155,12248372,so2,SO₂,ppb,,,,
3409439,"Savitribai Phule Pune University, Pune - MPCB",,18.547056,73.826908,12238000,co,CO,ppb,,,,
3409439,"Savitribai Phule Pune University, Pune - MPCB",,18.547056,73.826908,12238002,no2,NO₂,ppb,,,,
3409439,"Savitribai Phule Pune University, Pune - MPCB",,18.547056,73.826908,12238003,o3,O₃ mass,µg/m³,,,,
3409439,"Savitribai Phule Pune University, Pune - MPCB",,18.547056,73.826908,12238004,pm10,PM10,µg/m³,,,,
3409439,"Savitribai Phule Pune University, Pune - MPCB",,18.547056,73.826908,12238005,pm25,PM2.5,µg/m³,,,,
3409439,"Savitribai Phule Pune University, Pune - MPCB",,18.547056,73.826908,12238007,so2,SO₂,ppb,,,,
3409440,"Shivaji University, Kolhapur - MPCB",,16.6870449,74.2505872,12238009,co,CO,ppb,,,,
3409440,"Shivaji University, Kolhapur - MPCB",,16.6870449,74.2505872,12238011,no2,NO₂,ppb,,,,
3409440,"Shivaji University, Kolhapur - MPCB",,16.6870449,74.2505872,12238012,o3,O₃ mass,µg/m³,,,,
3409440,"Shivaji University, Kolhapur - MPCB",,16.6870449,74.2505872,12238013,pm10,PM10,µg/m³,,,,
3409440,"Shivaji University, Kolhapur - MPCB",,16.6870449,74.2505872,12238014,pm25,PM2.5,µg/m³,,,,
3409440,"Shivaji University, Kolhapur - MPCB",,16.6870449,74.2505872,12238016,so2,SO₂,ppb,,,,
3409441,"Sinchan Bhavan, Kolhapur - MPCB",,16.7143745,74.2426398,12238018,co,CO,ppb,,,,
3409441,"Sinchan Bhavan, Kolhapur - MPCB",,16.7143745,74.2426398,12238020,no2,NO₂,ppb,,,,
3409441,"Sinchan Bhavan, Kolhapur - MPCB",,16.7143745,74.2426398,12238021,o3,O₃ mass,µg/m³,,,,
3409441,"Sinchan Bhavan, Kolhapur - MPCB",,16.7143745,74.2426398,12238022,pm10,PM10,µg/m³,,,,
3409441,"Sinchan Bhavan, Kolhapur - MPCB",,16.7143745,74.2426398,12238023,pm25,PM2.5,µg/m³,,,,
3409441,"Sinchan Bhavan, Kolhapur - MPCB",,16.7143745,74.2426398,12238025,so2,SO₂,ppb,,,,
3409442,"Pratap Nagar, Bhilwara - RSPCB",,25.339605,74.618883,12238027,co,CO,ppb,,,,
3409442,"Pratap Nagar, Bhilwara - RSPCB",,25.339605,74.618883,12238029,no2,NO₂,ppb,,,,
3409442,"Pratap Nagar, Bhilwara - RSPCB",,25.339605,74.618883,12238030,o3,O₃ mass,µg/m³,,,,
3409442,"Pratap Nagar, Bhilwara - RSPCB",,25.339605,74.618883,12238031,pm10,PM10,µg/m³,,,,
3409442,"Pratap Nagar, Bhilwara - RSPCB",,25.339605,74.618883,12238032,pm25,PM2.5,µg/m³,,,,
3409442,"Pratap Nagar, Bhilwara - RSPCB",,25.339605,74.618883,12238034,so2,SO₂,ppb,,,,
3409443,"New Colony, Bundi - RSPCB",,25.435774,75.644272,12238036,co,CO,ppb,,,,
3409443,"New Colony, Bundi - RSPCB",,25.435774,75.644272,12238038,no2,NO₂,ppb,,,,
3409443,"New Colony, Bundi - RSPCB",,25.435774,75.644272,12238039,o3,O₃ mass,µg/m³,,,,
3409443,"New Colony, Bundi - RSPCB",,25.435774,75.644272,12238040,pm10,PM10,µg/m³,,,,
3409443,"New Colony, Bundi - RSPCB",,25.435774,75.644272,12238041,pm25,PM2.5,µg/m³,,,,
3409443,"New Colony, Bundi - RSPCB",,25.435774,75.644272,12238043,so2,SO₂,ppb,,,,
3409444,"Sadar Bazar, Jaisalmer - RSPCB",,26.912329,70.909168,12238045,co,CO,ppb,,,,
3409444,"Sadar Bazar, Jaisalmer - RSPCB",,26.912329,70.909168,12238047,no2,NO₂,ppb,,,,
3409444,"Sadar Bazar, Jaisalmer - RSPCB",,26.912329,70.909168,12238048,o3,O₃ mass,µg/m³,,,,
3409444,"Sadar Bazar, Jaisalmer - RSPCB",,26.912329,70.909168,12238049,pm10,PM10,µg/m³,,,,
3409444,"Sadar Bazar, Jaisalmer - RSPCB",,26.912329,70.909168,12238050,pm25,PM2.5,µg/m³,,,,
3409444,"Sadar Bazar, Jaisalmer - RSPCB",,26.912329,70.909168,12238052,so2,SO₂,ppb,,,,
3409445,"Mandor, Jodhpur - RSPCB",,26.358805,73.047444,12238054,co,CO,ppb,,,,
3409445,"Mandor, Jodhpur - RSPCB",,26.358805,73.047444,12238056,no2,NO₂,ppb,,,,
3409445,"Mandor, Jodhpur - RSPCB",,26.358805,73.047444,12238057,o3,O₃ mass,µg/m³,,,,
3409445,"Mandor, Jodhpur - RSPCB",,26.358805,73.047444,12238058,pm10,PM10,µg/m³,,,,
3409445,"Mandor, Jodhpur - RSPCB",,26.358805,73.047444,12238059,pm25,PM2.5,µg/m³,,,,
3409445,"Mandor, Jodhpur - RSPCB",,26.358805,73.047444,12238061,so2,SO₂,ppb,,,,
3409446,"Vijay Nagar, Sangli - MPCB",,16.843813,74.615091,12238063,co,CO,ppb,,,,
3409446,"Vijay Nagar, Sangli - MPCB",,16.843813,74.615091,12238065,no2,NO₂,ppb,,,,
3409446,"Vijay Nagar, Sangli - MPCB",,16.843813,74.615091,12238066,o3,O₃ mass,µg/m³,,,,
3409446,"Vijay Nagar, Sangli - MPCB",,16.843813,74.615091,12238067,pm10,PM10,µg/m³,,,,
3409446,"Vijay Nagar, Sangli - MPCB",,16.843813,74.615091,12238068,pm25,PM2.5,µg/m³,,,,
3409446,"Vijay Nagar, Sangli - MPCB",,16.843813,74.615091,12238070,so2,SO₂,ppb,,,,
3409447,"Bamboliya, Baran - RSPCB",,25.106006,76.469948,12238072,co,CO,ppb,,,,
3409447,"Bamboliya, Baran - RSPCB",,25.106006,76.469948,12238074,no2,NO₂,ppb,,,,
3409447,"Bamboliya, Baran - RSPCB",,25.106006,76.469948,12238075,o3,O₃ mass,µg/m³,,,,
3409447,"Bamboliya, Baran - RSPCB",,25.106006,76.469948,12238076,pm10,PM10,µg/m³,,,,
3409447,"Bamboliya, Baran - RSPCB",,25.106006,76.469948,12238077,pm25,PM2.5,µg/m³,,,,
3409447,"Bamboliya, Baran - RSPCB",,25.106006,76.469948,12238079,so2,SO₂,ppb,,,,
3409448,"Ratandeep Housing Society, Solapur - MPCB",,17.65439,75.90649,12238081,co,CO,ppb,,,,
3409448,"Ratandeep Housing Society, Solapur - MPCB",,17.65439,75.90649,12238083,no2,NO₂,ppb,,,,
3409448,"Ratandeep Housing Society, Solapur - MPCB",,17.65439,75.90649,12238084,o3,O₃ mass,µg/m³,,,,
3409448,"Ratandeep Housing Society, Solapur - MPCB",,17.65439,75.90649,12238085,pm10,PM10,µg/m³,,,,
3409448,"Ratandeep Housing Society, Solapur - MPCB",,17.65439,75.90649,12238086,pm25,PM2.5,µg/m³,,,,
3409448,"Ratandeep Housing Society, Solapur - MPCB",,17.65439,75.90649,12238088,so2,SO₂,ppb,,,,
3409449,"Dnyaneshwar Nagar, Solapur - MPCB",,17.6336264,75.9132495,12238090,co,CO,ppb,,,,
3409449,"Dnyaneshwar Nagar, Solapur - MPCB",,17.6336264,75.9132495,12238092,no2,NO₂,ppb,,,,
3409449,"Dnyaneshwar Nagar, Solapur - MPCB",,17.6336264,75.9132495,12238093,o3,O₃ mass,µg/m³,,,,
3409449,"Dnyaneshwar Nagar, Solapur - MPCB",,17.6336264,75.9132495,12238094,pm10,PM10,µg/m³,,,,
3409449,"Dnyaneshwar Nagar, Solapur - MPCB",,17.6336264,75.9132495,12238095,pm25,PM2.5,µg/m³,,,,
3409449,"Dnyaneshwar Nagar, Solapur - MPCB",,17.6336264,75.9132495,12238097,so2,SO₂,ppb,,,,
3409450,"Karni Colony, Nagaur - RSPCB",,27.213494,73.734444,12238099,co,CO,ppb,,,,
3409450,"Karni Colony, Nagaur - RSPCB",,27.213494,73.734444,12238101,no2,NO₂,ppb,,,,
3409450,"Karni Colony, Nagaur - RSPCB",,27.213494,73.734444,12238102,o3,O₃ mass,µg/m³,,,,
3409450,"Karni Colony, Nagaur - RSPCB",,27.213494,73.734444,12238103,pm10,PM10,µg/m³,,,,
3409450,"Karni Colony, Nagaur - RSPCB",,27.213494,73.734444,12238104,pm25,PM2.5,µg/m³,,,,
3409450,"Karni Colony, Nagaur - RSPCB",,27.213494,73.734444,12238106,so2,SO₂,ppb,,,,
3409451,"Pandav Nagari, Nashik - MPCB",,19.9591346,73.7788008,12241407,co,CO,ppb,,,,
3409451,"Pandav Nagari, Nashik - MPCB",,19.9591346,73.7788008,12238109,no2,NO₂,ppb,,,,
3409451,"Pandav Nagari, Nashik - MPCB",,19.9591346,73.7788008,12238110,o3,O₃ mass,µg/m³,,,,
3409451,"Pandav Nagari, Nashik - MPCB",,19.9591346,73.7788008,12238111,pm10,PM10,µg/m³,,,,
3409451,"Pandav Nagari, Nashik - MPCB",,19.9591346,73.7788008,12238112,pm25,PM2.5,µg/m³,,,,
3409451,"Pandav Nagari, Nashik - MPCB",,19.9591346,73.7788008,12238114,so2,SO₂,ppb,,,,
3409452,"Sawe Wadi, Latur - MPCB",,18.39963,76.57452,12238116,co,CO,ppb,,,,
3409452,"Sawe Wadi, Latur - MPCB",,18.39963,76.57452,12238118,no2,NO₂,ppb,,,,
3409452,"Sawe Wadi, Latur - MPCB",,18.39963,76.57452,12238119,o3,O₃ mass,µg/m³,,,,
3409452,"Sawe Wadi, Latur - MPCB",,18.39963,76.57452,12238120,pm10,PM10,µg/m³,,,,
3409452,"Sawe Wadi, Latur - MPCB",,18.39963,76.57452,12238121,pm25,PM2.5,µg/m³,,,,
3409452,"Sawe Wadi, Latur - MPCB",,18.39963,76.57452,12238123,so2,SO₂,ppb,,,,
3409453,"MIDC Ambad, Nashik - MPCB",,19.95022,73.73148,12238125,co,CO,ppb,,,,
3409453,"MIDC Ambad, Nashik - MPCB",,19.95022,73.73148,12238127,no2,NO₂,ppb,,,,
3409453,"MIDC Ambad, Nashik - MPCB",,19.95022,73.73148,12238128,o3,O₃ mass,µg/m³,,,,
3409453,"MIDC Ambad, Nashik - MPCB",,19.95022,73.73148,12238129,pm10,PM10,µg/m³,,,,
3409453,"MIDC Ambad, Nashik - MPCB",,19.95022,73.73148,12238130,pm25,PM2.5,µg/m³,,,,
3409453,"MIDC Ambad, Nashik - MPCB",,19.95022,73.73148,12238132,so2,SO₂,ppb,,,,
3409454,"Hirawadi, Nashik - MPCB",,20.021503,73.813844,12238134,co,CO,ppb,,,,
3409454,"Hirawadi, Nashik - MPCB",,20.021503,73.813844,12238136,no2,NO₂,ppb,,,,
3409454,"Hirawadi, Nashik - MPCB",,20.021503,73.813844,12238137,o3,O₃ mass,µg/m³,,,,
3409454,"Hirawadi, Nashik - MPCB",,20.021503,73.813844,12238138,pm10,PM10,µg/m³,,,,
3409454,"Hirawadi, Nashik - MPCB",,20.021503,73.813844,12238139,pm25,PM2.5,µg/m³,,,,
3409454,"Hirawadi, Nashik - MPCB",,20.021503,73.813844,12238141,so2,SO₂,ppb,,,,
3409455,"Kamble Tarf Birwadi, Mahad - MPCB",,18.1023399,73.4783687,12238143,co,CO,ppb,,,,
3409455,"Kamble Tarf Birwadi, Mahad - MPCB",,18.1023399,73.4783687,12238145,no2,NO₂,ppb,,,,
3409455,"Kamble Tarf Birwadi, Mahad - MPCB",,18.1023399,73.4783687,12238146,o3,O₃ mass,µg/m³,,,,
3409455,"Kamble Tarf Birwadi, Mahad - MPCB",,18.1023399,73.4783687,12238147,pm10,PM10,µg/m³,,,,
3409455,"Kamble Tarf Birwadi, Mahad - MPCB",,18.1023399,73.4783687,12238148,pm25,PM2.5,µg/m³,,,,
3409455,"Kamble Tarf Birwadi, Mahad - MPCB",,18.1023399,73.4783687,12238150,so2,SO₂,ppb,,,,
3409456,"Ramdaspeth, Akola - MPCB",,20.719516,77.000253,12238152,co,CO,ppb,,,,
3409456,"Ramdaspeth, Akola - MPCB",,20.719516,77.000253,12238154,no2,NO₂,ppb,,,,
3409456,"Ramdaspeth, Akola - MPCB",,20.719516,77.000253,12238155,o3,O₃ mass,µg/m³,,,,
3409456,"Ramdaspeth, Akola - MPCB",,20.719516,77.000253,12238156,pm10,PM10,µg/m³,,,,
3409456,"Ramdaspeth, Akola - MPCB",,20.719516,77.000253,12238157,pm25,PM2.5,µg/m³,,,,
3409456,"Ramdaspeth, Akola - MPCB",,20.719516,77.000253,12238159,so2,SO₂,ppb,,,,
3409457,"Tarakpur, Ahmednagar - MPCB",,19.10122,74.73339,12241408,co,CO,ppb,,,,
3409457,"Tarakpur, Ahmednagar - MPCB",,19.10122,74.73339,12241410,no2,NO₂,ppb,,,,
3409457,"Tarakpur, Ahmednagar - MPCB",,19.10122,74.73339,12241411,o3,O₃ mass,µg/m³,,,,
3409457,"Tarakpur, Ahmednagar - MPCB",,19.10122,74.73339,12238161,pm10,PM10,µg/m³,,,,
3409457,"Tarakpur, Ahmednagar - MPCB",,19.10122,74.73339,12238162,pm25,PM2.5,µg/m³,,,,
3409457,"Tarakpur, Ahmednagar - MPCB",,19.10122,74.73339,12241413,so2,SO₂,ppb,,,,
3409458,"Shivneri Colony, Amravati - MPCB",,20.9402359,77.7895248,12238163,co,CO,ppb,,,,
3409458,"Shivneri Colony, Amravati - MPCB",,20.9402359,77.7895248,12238165,no2,NO₂,ppb,,,,
3409458,"Shivneri Colony, Amravati - MPCB",,20.9402359,77.7895248,12238166,o3,O₃ mass,µg/m³,,,,
3409458,"Shivneri Colony, Amravati - MPCB",,20.9402359,77.7895248,12238167,pm10,PM10,µg/m³,,,,
3409458,"Shivneri Colony, Amravati - MPCB",,20.9402359,77.7895248,12238168,pm25,PM2.5,µg/m³,,,,
3409458,"Shivneri Colony, Amravati - MPCB",,20.9402359,77.7895248,12238170,so2,SO₂,ppb,,,,
3409459,"Shri Shivaji Science College, Amaravati - MPCB",,20.939198,77.765701,12238172,co,CO,ppb,,,,
3409459,"Shri Shivaji Science College, Amaravati - MPCB",,20.939198,77.765701,12238174,no2,NO₂,ppb,,,,
3409459,"Shri Shivaji Science College, Amaravati - MPCB",,20.939198,77.765701,12238175,o3,O₃ mass,µg/m³,,,,
3409459,"Shri Shivaji Science College, Amaravati - MPCB",,20.939198,77.765701,12238176,pm10,PM10,µg/m³,,,,
3409459,"Shri Shivaji Science College, Amaravati - MPCB",,20.939198,77.765701,12238177,pm25,PM2.5,µg/m³,,,,
3409459,"Shri Shivaji Science College, Amaravati - MPCB",,20.939198,77.765701,12238179,so2,SO₂,ppb,,,,
3409460,"MIDC Chilkalthana, Aurangabad - MPCB",,19.87562,75.38731,12238181,co,CO,ppb,,,,
3409460,"MIDC Chilkalthana, Aurangabad - MPCB",,19.87562,75.38731,12238183,no2,NO₂,ppb,,,,
3409460,"MIDC Chilkalthana, Aurangabad - MPCB",,19.87562,75.38731,12238184,o3,O₃ mass,µg/m³,,,,
3409460,"MIDC Chilkalthana, Aurangabad - MPCB",,19.87562,75.38731,12238185,pm10,PM10,µg/m³,,,,
3409460,"MIDC Chilkalthana, Aurangabad - MPCB",,19.87562,75.38731,12238186,pm25,PM2.5,µg/m³,,,,
3409460,"MIDC Chilkalthana, Aurangabad - MPCB",,19.87562,75.38731,12238188,so2,SO₂,ppb,,,,
3409461,"Rachnakar Colony, Aurangabad - MPCB",,19.863756,75.321188,12238190,co,CO,ppb,,,,
3409461,"Rachnakar Colony, Aurangabad - MPCB",,19.863756,75.321188,12238192,no2,NO₂,ppb,,,,
3409461,"Rachnakar Colony, Aurangabad - MPCB",,19.863756,75.321188,12238193,o3,O₃ mass,µg/m³,,,,
3409461,"Rachnakar Colony, Aurangabad - MPCB",,19.863756,75.321188,12238194,pm10,PM10,µg/m³,,,,
3409461,"Rachnakar Colony, Aurangabad - MPCB",,19.863756,75.321188,12238195,pm25,PM2.5,µg/m³,,,,
3409461,"Rachnakar Colony, Aurangabad - MPCB",,19.863756,75.321188,12238197,so2,SO₂,ppb,,,,
3409462,"Prabhat Colony, Jalgaon - MPCB",,21.001264,75.565602,12238199,co,CO,ppb,,,,
3409462,"Prabhat Colony, Jalgaon - MPCB",,21.001264,75.565602,12238201,no2,NO₂,ppb,,,,
3409462,"Prabhat Colony, Jalgaon - MPCB",,21.001264,75.565602,12238202,o3,O₃ mass,µg/m³,,,,
3409462,"Prabhat Colony, Jalgaon - MPCB",,21.001264,75.565602,12238203,pm10,PM10,µg/m³,,,,
3409462,"Prabhat Colony, Jalgaon - MPCB",,21.001264,75.565602,12238204,pm25,PM2.5,µg/m³,,,,
3409462,"Prabhat Colony, Jalgaon - MPCB",,21.001264,75.565602,12238206,so2,SO₂,ppb,,,,
3409463,"Old MIDC, Jalna - MPCB",,19.854616,75.905894,12250387,co,CO,ppb,,,,
3409463,"Old MIDC, Jalna - MPCB",,19.854616,75.905894,12250389,no2,NO₂,ppb,,,,
3409463,"Old MIDC, Jalna - MPCB",,19.854616,75.905894,12250390,o3,O₃ mass,µg/m³,,,,
3409463,"Old MIDC, Jalna - MPCB",,19.854616,75.905894,12250391,pm10,PM10,µg/m³,,,,
3409463,"Old MIDC, Jalna - MPCB",,19.854616,75.905894,12250392,pm25,PM2.5,µg/m³,,,,
3409463,"Old MIDC, Jalna - MPCB",,19.854616,75.905894,12250394,so2,SO₂,ppb,,,,
3409464,"Ambazari, Nagpur - MPCB",,21.121801,79.04952,12238208,co,CO,ppb,,,,
3409464,"Ambazari, Nagpur - MPCB",,21.121801,79.04952,12238210,no2,NO₂,ppb,,,,
3409464,"Ambazari, Nagpur - MPCB",,21.121801,79.04952,12238211,o3,O₃ mass,µg/m³,,,,
3409464,"Ambazari, Nagpur - MPCB",,21.121801,79.04952,12238212,pm10,PM10,µg/m³,,,,
3409464,"Ambazari, Nagpur - MPCB",,21.121801,79.04952,12238213,pm25,PM2.5,µg/m³,,,,
3409464,"Ambazari, Nagpur - MPCB",,21.121801,79.04952,12238215,so2,SO₂,ppb,,,,
3409465,"Ram Nagar, Nagpur - MPCB",,21.143383,79.048912,12238217,co,CO,ppb,,,,
3409465,"Ram Nagar, Nagpur - MPCB",,21.143383,79.048912,12238219,no2,NO₂,ppb,,,,
3409465,"Ram Nagar, Nagpur - MPCB",,21.143383,79.048912,12238220,o3,O₃ mass,µg/m³,,,,
3409465,"Ram Nagar, Nagpur - MPCB",,21.143383,79.048912,12238221,pm10,PM10,µg/m³,,,,
3409465,"Ram Nagar, Nagpur - MPCB",,21.143383,79.048912,12238222,pm25,PM2.5,µg/m³,,,,
3409465,"Ram Nagar, Nagpur - MPCB",,21.143383,79.048912,12238224,so2,SO₂,ppb,,,,
3409466,"Masoom Colony, Parbhani - MPCB",,19.265594,76.761463,12238226,co,CO,ppb,,,,
3409466,"Masoom Colony, Parbhani - MPCB",,19.265594,76.761463,12238228,no2,NO₂,ppb,,,,
3409466,"Masoom Colony, Parbhani - MPCB",,19.265594,76.761463,12238229,o3,O₃ mass,µg/m³,,,,
3409466,"Masoom Colony, Parbhani - MPCB",,19.265594,76.761463,12238230,pm10,PM10,µg/m³,,,,
3409466,"Masoom Colony, Parbhani - MPCB",,19.265594,76.761463,12238231,pm25,PM2.5,µg/m³,,,,
3409466,"Masoom Colony, Parbhani - MPCB",,19.265594,76.761463,12238233,so2,SO₂,ppb,,,,
3409467,"Sneh Nagar, Nanded - MPCB",,19.173852,77.296291,12238235,co,CO,ppb,,,,
3409467,"Sneh Nagar, Nanded - MPCB",,19.173852,77.296291,12238237,no2,NO₂,ppb,,,,
3409467,"Sneh Nagar, Nanded - MPCB",,19.173852,77.296291,12238238,o3,O₃ mass,µg/m³,,,,
3409467,"Sneh Nagar, Nanded - MPCB",,19.173852,77.296291,12238239,pm10,PM10,µg/m³,,,,
3409467,"Sneh Nagar, Nanded - MPCB",,19.173852,77.296291,12238240,pm25,PM2.5,µg/m³,,,,
3409467,"Sneh Nagar, Nanded - MPCB",,19.173852,77.296291,12238242,so2,SO₂,ppb,,,,
3409468,"Mahal, Nagpur - MPCB",,21.14472,79.107595,12238244,co,CO,ppb,,,,
3409468,"Mahal, Nagpur - MPCB",,21.14472,79.107595,12238246,no2,NO₂,ppb,,,,
3409468,"Mahal, Nagpur - MPCB",,21.14472,79.107595,12238247,o3,O₃ mass,µg/m³,,,,
3409468,"Mahal, Nagpur - MPCB",,21.14472,79.107595,12238248,pm10,PM10,µg/m³,,,,
3409468,"Mahal, Nagpur - MPCB",,21.14472,79.107595,12238249,pm25,PM2.5,µg/m³,,,,
3409468,"Mahal, Nagpur - MPCB",,21.14472,79.107595,12238251,so2,SO₂,ppb,,,,
3409469,"Kasarvadavali, Thane - MPCB",,19.26777,72.97182,12238253,co,CO,ppb,,,,
3409469,"Kasarvadavali, Thane - MPCB",,19.26777,72.97182,12238255,no2,NO₂,ppb,,,,
3409469,"Kasarvadavali, Thane - MPCB",,19.26777,72.97182,12238256,o3,O₃ mass,µg/m³,,,,
3409469,"Kasarvadavali, Thane - MPCB",,19.26777,72.97182,12238257,pm10,PM10,µg/m³,,,,
3409469,"Kasarvadavali, Thane - MPCB",,19.26777,72.97182,12238258,pm25,PM2.5,µg/m³,,,,
3409469,"Kasarvadavali, Thane - MPCB",,19.26777,72.97182,12238260,so2,SO₂,ppb,,,,
3409470,"Katrap, Badlapur - MPCB",,19.16485,73.23409,12238262,co,CO,ppb,,,,
3409470,"Katrap, Badlapur - MPCB",,19.16485,73.23409,12238264,no2,NO₂,ppb,,,,
3409470,"Katrap, Badlapur - MPCB",,19.16485,73.23409,12238265,o3,O₃ mass,µg/m³,,,,
3409470,"Katrap, Badlapur - MPCB",,19.16485,73.23409,12238266,pm10,PM10,µg/m³,,,,
3409470,"Katrap, Badlapur - MPCB",,19.16485,73.23409,12238267,pm25,PM2.5,µg/m³,,,,
3409470,"Katrap, Badlapur - MPCB",,19.16485,73.23409,12238269,so2,SO₂,ppb,,,,
3409471,"Sector-2E Kalamboli, Navi Mumbai - MPCB",,19.02579,73.10297,12238271,co,CO,ppb,,,,
3409471,"Sector-2E Kalamboli, Navi Mumbai - MPCB",,19.02579,73.10297,12238273,no2,NO₂,ppb,,,,
3409471,"Sector-2E Kalamboli, Navi Mumbai - MPCB",,19.02579,73.10297,12238274,o3,O₃ mass,µg/m³,,,,
3409471,"Sector-2E Kalamboli, Navi Mumbai - MPCB",,19.02579,73.10297,12238275,pm10,PM10,µg/m³,,,,
3409471,"Sector-2E Kalamboli, Navi Mumbai - MPCB",,19.02579,73.10297,12238276,pm25,PM2.5,µg/m³,,,,
3409471,"Sector-2E Kalamboli, Navi Mumbai - MPCB",,19.02579,73.10297,12238278,so2,SO₂,ppb,,,,
3409472,"Upvan Fort, Thane - MPCB",,19.222279,72.957979,12238280,co,CO,ppb,,,,
3409472,"Upvan Fort, Thane - MPCB",,19.222279,72.957979,12238282,no2,NO₂,ppb,,,,
3409472,"Upvan Fort, Thane - MPCB",,19.222279,72.957979,12238283,o3,O₃ mass,µg/m³,,,,
3409472,"Upvan Fort, Thane - MPCB",,19.222279,72.957979,12238284,pm10,PM10,µg/m³,,,,
3409472,"Upvan Fort, Thane - MPCB",,19.222279,72.957979,12238285,pm25,PM2.5,µg/m³,,,,
3409472,"Upvan Fort, Thane - MPCB",,19.222279,72.957979,12238287,so2,SO₂,ppb,,,,
3409473,"Deopur, Dhule - MPCB",,20.918946,74.776388,12238289,co,CO,ppb,,,,
3409473,"Deopur, Dhule - MPCB",,20.918946,74.776388,12238291,no2,NO₂,ppb,,,,
3409473,"Deopur, Dhule - MPCB",,20.918946,74.776388,12238292,o3,O₃ mass,µg/m³,,,,
3409473,"Deopur, Dhule - MPCB",,20.918946,74.776388,12238293,pm10,PM10,µg/m³,,,,
3409473,"Deopur, Dhule - MPCB",,20.918946,74.776388,12238294,pm25,PM2.5,µg/m³,,,,
3409473,"Deopur, Dhule - MPCB",,20.918946,74.776388,12238296,so2,SO₂,ppb,,,,
3409474,"Mahesh Nagar, Malegaon - MPCB",,20.555712,74.529236,12238298,co,CO,ppb,,,,
3409474,"Mahesh Nagar, Malegaon - MPCB",,20.555712,74.529236,12238300,no2,NO₂,ppb,,,,
3409474,"Mahesh Nagar, Malegaon - MPCB",,20.555712,74.529236,12238301,o3,O₃ mass,µg/m³,,,,
3409474,"Mahesh Nagar, Malegaon - MPCB",,20.555712,74.529236,12238302,pm10,PM10,µg/m³,,,,
3409474,"Mahesh Nagar, Malegaon - MPCB",,20.555712,74.529236,12238303,pm25,PM2.5,µg/m³,,,,
3409474,"Mahesh Nagar, Malegaon - MPCB",,20.555712,74.529236,12238305,so2,SO₂,ppb,,,,
3409475,"Tondare-Taloja, Navi Mumbai - MPCB",,19.063,73.1209,12238307,co,CO,ppb,,,,
3409475,"Tondare-Taloja, Navi Mumbai - MPCB",,19.063,73.1209,12238309,no2,NO₂,ppb,,,,
3409475,"Tondare-Taloja, Navi Mumbai - MPCB",,19.063,73.1209,12238310,o3,O₃ mass,µg/m³,,,,
3409475,"Tondare-Taloja, Navi Mumbai - MPCB",,19.063,73.1209,12238311,pm10,PM10,µg/m³,,,,
3409475,"Tondare-Taloja, Navi Mumbai - MPCB",,19.063,73.1209,12238312,pm25,PM2.5,µg/m³,,,,
3409475,"Tondare-Taloja, Navi Mumbai - MPCB",,19.063,73.1209,12238314,so2,SO₂,ppb,,,,
3409476,"CBD Belapur, Belapur - MPCB",,19.0243902,73.0406721,12238316,co,CO,ppb,,,,
3409476,"CBD Belapur, Belapur - MPCB",,19.0243902,73.0406721,12238318,no2,NO₂,ppb,,,,
3409476,"CBD Belapur, Belapur - MPCB",,19.0243902,73.0406721,12238319,o3,O₃ mass,µg/m³,,,,
3409476,"CBD Belapur, Belapur - MPCB",,19.0243902,73.0406721,12238320,pm10,PM10,µg/m³,,,,
3409476,"CBD Belapur, Belapur - MPCB",,19.0243902,73.0406721,12238321,pm25,PM2.5,µg/m³,,,,
3409476,"CBD Belapur, Belapur - MPCB",,19.0243902,73.0406721,12238323,so2,SO₂,ppb,,,,
3409477,"Kopripada-Vashi, Navi Mumbai - MPCB",,19.090337,73.014232,12238325,co,CO,ppb,,,,
3409477,"Kopripada-Vashi, Navi Mumbai - MPCB",,19.090337,73.014232,12238327,no2,NO₂,ppb,,,,
3409477,"Kopripada-Vashi, Navi Mumbai - MPCB",,19.090337,73.014232,12238328,o3,O₃ mass,µg/m³,,,,
3409477,"Kopripada-Vashi, Navi Mumbai - MPCB",,19.090337,73.014232,12238329,pm10,PM10,µg/m³,,,,
3409477,"Kopripada-Vashi, Navi Mumbai - MPCB",,19.090337,73.014232,12238330,pm25,PM2.5,µg/m³,,,,
3409477,"Kopripada-Vashi, Navi Mumbai - MPCB",,19.090337,73.014232,12238332,so2,SO₂,ppb,,,,
3409478,"Bhayandar West, Mira-Bhayandar - MPCB",,19.296481,72.840923,12238334,co,CO,ppb,,,,
3409478,"Bhayandar West, Mira-Bhayandar - MPCB",,19.296481,72.840923,12238336,no2,NO₂,ppb,,,,
3409478,"Bhayandar West, Mira-Bhayandar - MPCB",,19.296481,72.840923,12238337,o3,O₃ mass,µg/m³,,,,
3409478,"Bhayandar West, Mira-Bhayandar - MPCB",,19.296481,72.840923,12238338,pm10,PM10,µg/m³,,,,
3409478,"Bhayandar West, Mira-Bhayandar - MPCB",,19.296481,72.840923,12238339,pm25,PM2.5,µg/m³,,,,
3409478,"Bhayandar West, Mira-Bhayandar - MPCB",,19.296481,72.840923,12238341,so2,SO₂,ppb,,,,
3409479,"Mindspace-Malad West, Mumbai - MPCB",,19.1878657,72.8304069,12238343,co,CO,ppb,,,,
3409479,"Mindspace-Malad West, Mumbai - MPCB",,19.1878657,72.8304069,12238345,no2,NO₂,ppb,,,,
3409479,"Mindspace-Malad West, Mumbai - MPCB",,19.1878657,72.8304069,12238346,o3,O₃ mass,µg/m³,,,,
3409479,"Mindspace-Malad West, Mumbai - MPCB",,19.1878657,72.8304069,12238347,pm10,PM10,µg/m³,,,,
3409479,"Mindspace-Malad West, Mumbai - MPCB",,19.1878657,72.8304069,12238348,pm25,PM2.5,µg/m³,,,,
3409479,"Mindspace-Malad West, Mumbai - MPCB",,19.1878657,72.8304069,12238350,so2,SO₂,ppb,,,,
3409480,"Bolinj, Virar - MPCB",,19.445821,72.7988231,12238352,co,CO,ppb,,,,
3409480,"Bolinj, Virar - MPCB",,19.445821,72.7988231,12238354,no2,NO₂,ppb,,,,
3409480,"Bolinj, Virar - MPCB",,19.445821,72.7988231,12238355,o3,O₃ mass,µg/m³,,,,
3409480,"Bolinj, Virar - MPCB",,19.445821,72.7988231,12238356,pm10,PM10,µg/m³,,,,
3409480,"Bolinj, Virar - MPCB",,19.445821,72.7988231,12238357,pm25,PM2.5,µg/m³,,,,
3409480,"Bolinj, Virar - MPCB",,19.445821,72.7988231,12238359,so2,SO₂,ppb,,,,
3409481,"Khaira, Boisar - MPCB",,19.786089,72.757971,12238361,co,CO,ppb,,,,
3409481,"Khaira, Boisar - MPCB",,19.786089,72.757971,12238363,no2,NO₂,ppb,,,,
3409481,"Khaira, Boisar - MPCB",,19.786089,72.757971,12238364,o3,O₃ mass,µg/m³,,,,
3409481,"Khaira, Boisar - MPCB",,19.786089,72.757971,12238365,pm10,PM10,µg/m³,,,,
3409481,"Khaira, Boisar - MPCB",,19.786089,72.757971,12238366,pm25,PM2.5,µg/m³,,,,
3409481,"Khaira, Boisar - MPCB",,19.786089,72.757971,12238368,so2,SO₂,ppb,,,,
3409482,"Bandra Kurla Complex, Mumbai - MPCB",,19.065931,72.862131,12238370,co,CO,ppb,,,,
3409482,"Bandra Kurla Complex, Mumbai - MPCB",,19.065931,72.862131,12238372,no2,NO₂,ppb,,,,
3409482,"Bandra Kurla Complex, Mumbai - MPCB",,19.065931,72.862131,12238373,o3,O₃ mass,µg/m³,,,,
3409482,"Bandra Kurla Complex, Mumbai - MPCB",,19.065931,72.862131,12238374,pm10,PM10,µg/m³,,,,
3409482,"Bandra Kurla Complex, Mumbai - MPCB",,19.065931,72.862131,12238375,pm25,PM2.5,µg/m³,,,,
3409482,"Bandra Kurla Complex, Mumbai - MPCB",,19.065931,72.862131,12238377,so2,SO₂,ppb,,,,
3409483,"Chembur, Mumbai - MPCB",,19.0364585,72.8954371,12238379,co,CO,ppb,,,,
3409483,"Chembur, Mumbai - MPCB",,19.0364585,72.8954371,12238381,no2,NO₂,ppb,,,,
3409483,"Chembur, Mumbai - MPCB",,19.0364585,72.8954371,12238382,o3,O₃ mass,µg/m³,,,,
3409483,"Chembur, Mumbai - MPCB",,19.0364585,72.8954371,12238383,pm10,PM10,µg/m³,,,,
3409483,"Chembur, Mumbai - MPCB",,19.0364585,72.8954371,12238384,pm25,PM2.5,µg/m³,,,,
3409483,"Chembur, Mumbai - MPCB",,19.0364585,72.8954371,12238386,so2,SO₂,ppb,,,,
3409484,"Sidhi Vinayak Nagar, Ulhasnagar - MPCB",,19.235581,73.159121,12238388,co,CO,ppb,,,,
3409484,"Sidhi Vinayak Nagar, Ulhasnagar - MPCB",,19.235581,73.159121,12238390,no2,NO₂,ppb,,,,
3409484,"Sidhi Vinayak Nagar, Ulhasnagar - MPCB",,19.235581,73.159121,12238391,o3,O₃ mass,µg/m³,,,,
3409484,"Sidhi Vinayak Nagar, Ulhasnagar - MPCB",,19.235581,73.159121,12238392,pm10,PM10,µg/m³,,,,
3409484,"Sidhi Vinayak Nagar, Ulhasnagar - MPCB",,19.235581,73.159121,12238393,pm25,PM2.5,µg/m³,,,,
3409484,"Sidhi Vinayak Nagar, Ulhasnagar - MPCB",,19.235581,73.159121,12238395,so2,SO₂,ppb,,,,
3409485,"Gokul Nagar, Bhiwandi - MPCB",,19.309073,73.057223,12238397,co,CO,ppb,,,,
3409485,"Gokul Nagar, Bhiwandi - MPCB",,19.309073,73.057223,12238399,no2,NO₂,ppb,,,,
3409485,"Gokul Nagar, Bhiwandi - MPCB",,19.309073,73.057223,12238400,o3,O₃ mass,µg/m³,,,,
3409485,"Gokul Nagar, Bhiwandi - MPCB",,19.309073,73.057223,12238401,pm10,PM10,µg/m³,,,,
3409485,"Gokul Nagar, Bhiwandi - MPCB",,19.309073,73.057223,12238402,pm25,PM2.5,µg/m³,,,,
3409485,"Gokul Nagar, Bhiwandi - MPCB",,19.309073,73.057223,12238404,so2,SO₂,ppb,,,,
3409486,"Kherwadi_Bandra East, Mumbai - MPCB",,19.0632143,72.8456324,12238406,co,CO,ppb,,,,
3409486,"Kherwadi_Bandra East, Mumbai - MPCB",,19.0632143,72.8456324,12238408,no2,NO₂,ppb,,,,
3409486,"Kherwadi_Bandra East, Mumbai - MPCB",,19.0632143,72.8456324,12238409,o3,O₃ mass,µg/m³,,,,
3409486,"Kherwadi_Bandra East, Mumbai - MPCB",,19.0632143,72.8456324,12238410,pm10,PM10,µg/m³,,,,
3409486,"Kherwadi_Bandra East, Mumbai - MPCB",,19.0632143,72.8456324,12238411,pm25,PM2.5,µg/m³,,,,
3409486,"Kherwadi_Bandra East, Mumbai - MPCB",,19.0632143,72.8456324,12238413,so2,SO₂,ppb,,,,
3409487,"Sanpada, Navi Mumbai - MPCB",,19.0575752,73.0151367,12243944,co,CO,ppb,,,,
3409487,"Sanpada, Navi Mumbai - MPCB",,19.0575752,73.0151367,12243946,no2,NO₂,ppb,,,,
3409487,"Sanpada, Navi Mumbai - MPCB",,19.0575752,73.0151367,12243947,o3,O₃ mass,µg/m³,,,,
3409487,"Sanpada, Navi Mumbai - MPCB",,19.0575752,73.0151367,12243948,pm10,PM10,µg/m³,,,,
3409487,"Sanpada, Navi Mumbai - MPCB",,19.0575752,73.0151367,12243949,pm25,PM2.5,µg/m³,,,,
3409487,"Sanpada, Navi Mumbai - MPCB",,19.0575752,73.0151367,12243951,so2,SO₂,ppb,,,,
3409488,"Suhagi, Jabalpur - JMC",,23.218135,79.95777,12238415,co,CO,ppb,,,,
3409488,"Suhagi, Jabalpur - JMC",,23.218135,79.95777,12238417,no2,NO₂,ppb,,,,
3409488,"Suhagi, Jabalpur - JMC",,23.218135,79.95777,12238418,o3,O₃ mass,µg/m³,,,,
3409488,"Suhagi, Jabalpur - JMC",,23.218135,79.95777,12238419,pm10,PM10,µg/m³,,,,
3409488,"Suhagi, Jabalpur - JMC",,23.218135,79.95777,12238420,pm25,PM2.5,µg/m³,,,,
3409488,"Suhagi, Jabalpur - JMC",,23.218135,79.95777,12238422,so2,SO₂,ppb,,,,
3409489,"Gupteshwar, Jabalpur - JMC",,23.142888,79.916147,12238424,co,CO,ppb,,,,
3409489,"Gupteshwar, Jabalpur - JMC",,23.142888,79.916147,12238426,no2,NO₂,ppb,,,,
3409489,"Gupteshwar, Jabalpur - JMC",,23.142888,79.916147,12238427,o3,O₃ mass,µg/m³,,,,
3409489,"Gupteshwar, Jabalpur - JMC",,23.142888,79.916147,12238428,pm10,PM10,µg/m³,,,,
3409489,"Gupteshwar, Jabalpur - JMC",,23.142888,79.916147,12238429,pm25,PM2.5,µg/m³,,,,
3409489,"Gupteshwar, Jabalpur - JMC",,23.142888,79.916147,12238431,so2,SO₂,ppb,,,,
3409492,"HB Colony, Vijayawada - APPCB",,16.536107,80.594233,12238433,co,CO,ppb,,,,
3409492,"HB Colony, Vijayawada - APPCB",,16.536107,80.594233,12238435,no2,NO₂,ppb,,,,
3409492,"HB Colony, Vijayawada - APPCB",,16.536107,80.594233,12238436,o3,O₃ mass,µg/m³,,,,
3409492,"HB Colony, Vijayawada - APPCB",,16.536107,80.594233,12238437,pm10,PM10,µg/m³,,,,
3409492,"HB Colony, Vijayawada - APPCB",,16.536107,80.594233,12238438,pm25,PM2.5,µg/m³,,,,
3409492,"HB Colony, Vijayawada - APPCB",,16.536107,80.594233,12238440,so2,SO₂,ppb,,,,
3409493,"Rajiv Gandhi Park, Vijayawada - APPCB",,16.509717,80.612222,12238442,co,CO,ppb,,,,
3409493,"Rajiv Gandhi Park, Vijayawada - APPCB",,16.509717,80.612222,12238444,no2,NO₂,ppb,,,,
3409493,"Rajiv Gandhi Park, Vijayawada - APPCB",,16.509717,80.612222,12238445,o3,O₃ mass,µg/m³,,,,
3409493,"Rajiv Gandhi Park, Vijayawada - APPCB",,16.509717,80.612222,12238446,pm10,PM10,µg/m³,,,,
3409493,"Rajiv Gandhi Park, Vijayawada - APPCB",,16.509717,80.612222,12238447,pm25,PM2.5,µg/m³,,,,
3409493,"Rajiv Gandhi Park, Vijayawada - APPCB",,16.509717,80.612222,12238449,so2,SO₂,ppb,,,,
3409494,"Bhoiwada, Dungarpur - RSPCB",,23.837789,73.714926,12238451,co,CO,ppb,,,,
3409494,"Bhoiwada, Dungarpur - RSPCB",,23.837789,73.714926,12238453,no2,NO₂,ppb,,,,
3409494,"Bhoiwada, Dungarpur - RSPCB",,23.837789,73.714926,12238454,o3,O₃ mass,µg/m³,,,,
3409494,"Bhoiwada, Dungarpur - RSPCB",,23.837789,73.714926,12238455,pm10,PM10,µg/m³,,,,
3409494,"Bhoiwada, Dungarpur - RSPCB",,23.837789,73.714926,12238456,pm25,PM2.5,µg/m³,,,,
3409494,"Bhoiwada, Dungarpur - RSPCB",,23.837789,73.714926,12238458,so2,SO₂,ppb,,,,
3409495,"Mudtra Sili, Jalore - RSPCB",,25.344694,72.626208,12238460,co,CO,ppb,,,,
3409495,"Mudtra Sili, Jalore - RSPCB",,25.344694,72.626208,12238462,no2,NO₂,ppb,,,,
3409495,"Mudtra Sili, Jalore - RSPCB",,25.344694,72.626208,12238463,o3,O₃ mass,µg/m³,,,,
3409495,"Mudtra Sili, Jalore - RSPCB",,25.344694,72.626208,12238464,pm10,PM10,µg/m³,,,,
3409495,"Mudtra Sili, Jalore - RSPCB",,25.344694,72.626208,12238465,pm25,PM2.5,µg/m³,,,,
3409495,"Mudtra Sili, Jalore - RSPCB",,25.344694,72.626208,12238467,so2,SO₂,ppb,,,,
3409496,"New Moti Bagh, Delhi - MHUA",,28.57834,77.184,15646331,co,CO,ppb,,,,
3409496,"New Moti Bagh, Delhi - MHUA",,28.57834,77.184,15646333,no2,NO₂,ppb,,,,
3409496,"New Moti Bagh, Delhi - MHUA",,28.57834,77.184,15646335,pm25,PM2.5,µg/m³,,,,
3409497,"KHB Colony, Karwar - KSPCB",,14.816666,74.141003,12275154,co,CO,ppb,,,,
3409497,"KHB Colony, Karwar - KSPCB",,14.816666,74.141003,12361760,no2,NO₂,ppb,,,,
3409497,"KHB Colony, Karwar - KSPCB",,14.816666,74.141003,16803819,o3,O₃ mass,µg/m³,,,,
3409497,"KHB Colony, Karwar - KSPCB",,14.816666,74.141003,12238469,pm10,PM10,µg/m³,,,,
3409497,"KHB Colony, Karwar - KSPCB",,14.816666,74.141003,12238470,pm25,PM2.5,µg/m³,,,,
3409497,"KHB Colony, Karwar - KSPCB",,14.816666,74.141003,12238471,so2,SO₂,ppb,,,,
3409498,"Residency Area, Indore - IMC",,22.7084,75.8815,12238472,co,CO,ppb,,,,
3409498,"Residency Area, Indore - IMC",,22.7084,75.8815,12238474,no2,NO₂,ppb,,,,
3409498,"Residency Area, Indore - IMC",,22.7084,75.8815,12238475,o3,O₃ mass,µg/m³,,,,
3409498,"Residency Area, Indore - IMC",,22.7084,75.8815,12238476,pm10,PM10,µg/m³,,,,
3409498,"Residency Area, Indore - IMC",,22.7084,75.8815,12238477,pm25,PM2.5,µg/m³,,,,
3409498,"Residency Area, Indore - IMC",,22.7084,75.8815,12238479,so2,SO₂,ppb,,,,
3409499,"Regional Park, Indore - MPPCB",,22.678,75.8559,12238481,co,CO,ppb,,,,
3409499,"Regional Park, Indore - MPPCB",,22.678,75.8559,12238483,no2,NO₂,ppb,,,,
3409499,"Regional Park, Indore - MPPCB",,22.678,75.8559,12238484,o3,O₃ mass,µg/m³,,,,
3409499,"Regional Park, Indore - MPPCB",,22.678,75.8559,12238485,pm10,PM10,µg/m³,,,,
3409499,"Regional Park, Indore - MPPCB",,22.678,75.8559,12238486,pm25,PM2.5,µg/m³,,,,
3409499,"Regional Park, Indore - MPPCB",,22.678,75.8559,12238488,so2,SO₂,ppb,,,,
3409500,"Maguda Nagar, Indore - IMC",,22.7524,75.8872,12815117,co,CO,ppb,,,,
3409500,"Maguda Nagar, Indore - IMC",,22.7524,75.8872,12815119,no2,NO₂,ppb,,,,
3409500,"Maguda Nagar, Indore - IMC",,22.7524,75.8872,12815120,o3,O₃ mass,µg/m³,,,,
3409500,"Maguda Nagar, Indore - IMC",,22.7524,75.8872,12815121,pm10,PM10,µg/m³,,,,
3409500,"Maguda Nagar, Indore - IMC",,22.7524,75.8872,12815122,pm25,PM2.5,µg/m³,,,,
3409500,"Maguda Nagar, Indore - IMC",,22.7524,75.8872,12815124,so2,SO₂,ppb,,,,
3409501,"Airport Area, Indore - IMC",,22.7289,75.8076,12238490,co,CO,ppb,,,,
3409501,"Airport Area, Indore - IMC",,22.7289,75.8076,12238492,no2,NO₂,ppb,,,,
3409501,"Airport Area, Indore - IMC",,22.7289,75.8076,12238493,o3,O₃ mass,µg/m³,,,,
3409501,"Airport Area, Indore - IMC",,22.7289,75.8076,12238494,pm10,PM10,µg/m³,,,,
3409501,"Airport Area, Indore - IMC",,22.7289,75.8076,12238495,pm25,PM2.5,µg/m³,,,,
3409501,"Airport Area, Indore - IMC",,22.7289,75.8076,12238497,so2,SO₂,ppb,,,,
3409502,"Kalidaspur, Balasore - OSPCB",,21.51161,86.89088,12243021,co,CO,ppb,,,,
3409502,"Kalidaspur, Balasore - OSPCB",,21.51161,86.89088,12243023,no2,NO₂,ppb,,,,
3409502,"Kalidaspur, Balasore - OSPCB",,21.51161,86.89088,12243024,o3,O₃ mass,µg/m³,,,,
3409502,"Kalidaspur, Balasore - OSPCB",,21.51161,86.89088,12243025,pm10,PM10,µg/m³,,,,
3409502,"Kalidaspur, Balasore - OSPCB",,21.51161,86.89088,12243026,pm25,PM2.5,µg/m³,,,,
3409502,"Kalidaspur, Balasore - OSPCB",,21.51161,86.89088,12243028,so2,SO₂,ppb,,,,
3409503,"Forest Office, Barbil - OSPCB",,22.1166054,85.3945546,12238499,co,CO,ppb,,,,
3409503,"Forest Office, Barbil - OSPCB",,22.1166054,85.3945546,12238501,no2,NO₂,ppb,,,,
3409503,"Forest Office, Barbil - OSPCB",,22.1166054,85.3945546,12238502,o3,O₃ mass,µg/m³,,,,
3409503,"Forest Office, Barbil - OSPCB",,22.1166054,85.3945546,12238503,pm10,PM10,µg/m³,,,,
3409503,"Forest Office, Barbil - OSPCB",,22.1166054,85.3945546,12238504,pm25,PM2.5,µg/m³,,,,
3409503,"Forest Office, Barbil - OSPCB",,22.1166054,85.3945546,12238506,so2,SO₂,ppb,,,,
3409504,"Hakimapada, Angul - OSPCB",,20.832874,85.104082,12238508,co,CO,ppb,,,,
3409504,"Hakimapada, Angul - OSPCB",,20.832874,85.104082,12238510,no2,NO₂,ppb,,,,
3409504,"Hakimapada, Angul - OSPCB",,20.832874,85.104082,12238511,o3,O₃ mass,µg/m³,,,,
3409504,"Hakimapada, Angul - OSPCB",,20.832874,85.104082,12238512,pm10,PM10,µg/m³,,,,
3409504,"Hakimapada, Angul - OSPCB",,20.832874,85.104082,12238513,pm25,PM2.5,µg/m³,,,,
3409504,"Hakimapada, Angul - OSPCB",,20.832874,85.104082,12238515,so2,SO₂,ppb,,,,
3409505,"Lingraj Mandir, Bhubaneswar - OSPCB",,20.24079,85.836784,12238517,co,CO,ppb,,,,
3409505,"Lingraj Mandir, Bhubaneswar - OSPCB",,20.24079,85.836784,12238519,no2,NO₂,ppb,,,,
3409505,"Lingraj Mandir, Bhubaneswar - OSPCB",,20.24079,85.836784,12238520,o3,O₃ mass,µg/m³,,,,
3409505,"Lingraj Mandir, Bhubaneswar - OSPCB",,20.24079,85.836784,12238521,pm10,PM10,µg/m³,,,,
3409505,"Lingraj Mandir, Bhubaneswar - OSPCB",,20.24079,85.836784,12238522,pm25,PM2.5,µg/m³,,,,
3409505,"Lingraj Mandir, Bhubaneswar - OSPCB",,20.24079,85.836784,12238524,so2,SO₂,ppb,,,,
3409506,"CDA Area, Cuttack - OSPCB",,20.48891,85.84768,12238526,co,CO,ppb,,,,
3409506,"CDA Area, Cuttack - OSPCB",,20.48891,85.84768,12238528,no2,NO₂,ppb,,,,
3409506,"CDA Area, Cuttack - OSPCB",,20.48891,85.84768,12238529,o3,O₃ mass,µg/m³,,,,
3409506,"CDA Area, Cuttack - OSPCB",,20.48891,85.84768,12238530,pm10,PM10,µg/m³,,,,
3409506,"CDA Area, Cuttack - OSPCB",,20.48891,85.84768,12238531,pm25,PM2.5,µg/m³,,,,
3409506,"CDA Area, Cuttack - OSPCB",,20.48891,85.84768,12238533,so2,SO₂,ppb,,,,
3409507,"Ferro Chrome Colony, Byasanagar - OSPCB",,20.94185,86.1151,12238535,co,CO,ppb,,,,
3409507,"Ferro Chrome Colony, Byasanagar - OSPCB",,20.94185,86.1151,12238537,no2,NO₂,ppb,,,,
3409507,"Ferro Chrome Colony, Byasanagar - OSPCB",,20.94185,86.1151,12238538,o3,O₃ mass,µg/m³,,,,
3409507,"Ferro Chrome Colony, Byasanagar - OSPCB",,20.94185,86.1151,12238539,pm10,PM10,µg/m³,,,,
3409507,"Ferro Chrome Colony, Byasanagar - OSPCB",,20.94185,86.1151,12238540,pm25,PM2.5,µg/m³,,,,
3409507,"Ferro Chrome Colony, Byasanagar - OSPCB",,20.94185,86.1151,12238542,so2,SO₂,ppb,,,,
3409508,"Patia, Bhubaneswar - OSPCB",,20.34652,85.8163,12238544,co,CO,ppb,,,,
3409508,"Patia, Bhubaneswar - OSPCB",,20.34652,85.8163,12238546,no2,NO₂,ppb,,,,
3409508,"Patia, Bhubaneswar - OSPCB",,20.34652,85.8163,12238547,o3,O₃ mass,µg/m³,,,,
3409508,"Patia, Bhubaneswar - OSPCB",,20.34652,85.8163,12238548,pm10,PM10,µg/m³,,,,
3409508,"Patia, Bhubaneswar - OSPCB",,20.34652,85.8163,12238549,pm25,PM2.5,µg/m³,,,,
3409508,"Patia, Bhubaneswar - OSPCB",,20.34652,85.8163,12238551,so2,SO₂,ppb,,,,
3409509,"SVSPA Campus, Barrackpore - WBPCB",,22.7605581,88.3617589,12238553,co,CO,ppb,,,,
3409509,"SVSPA Campus, Barrackpore - WBPCB",,22.7605581,88.3617589,12238555,no2,NO₂,ppb,,,,
3409509,"SVSPA Campus, Barrackpore - WBPCB",,22.7605581,88.3617589,12238556,o3,O₃ mass,µg/m³,,,,
3409509,"SVSPA Campus, Barrackpore - WBPCB",,22.7605581,88.3617589,12238557,pm10,PM10,µg/m³,,,,
3409509,"SVSPA Campus, Barrackpore - WBPCB",,22.7605581,88.3617589,12238558,pm25,PM2.5,µg/m³,,,,
3409509,"SVSPA Campus, Barrackpore - WBPCB",,22.7605581,88.3617589,12238560,so2,SO₂,ppb,,,,
3409510,"Byculla, Mumbai - BMC",,18.9767,72.838,12238562,co,CO,ppb,,,,
3409510,"Byculla, Mumbai - BMC",,18.9767,72.838,12238564,no2,NO₂,ppb,,,,
3409510,"Byculla, Mumbai - BMC",,18.9767,72.838,12238565,o3,O₃ mass,µg/m³,,,,
3409510,"Byculla, Mumbai - BMC",,18.9767,72.838,12238566,pm10,PM10,µg/m³,,,,
3409510,"Byculla, Mumbai - BMC",,18.9767,72.838,12238567,pm25,PM2.5,µg/m³,,,,
3409510,"Byculla, Mumbai - BMC",,18.9767,72.838,12238569,so2,SO₂,ppb,,,,
3409511,"Shivaji Nagar, Mumbai - BMC",,19.060498,72.923356,12238571,co,CO,ppb,,,,
3409511,"Shivaji Nagar, Mumbai - BMC",,19.060498,72.923356,12238573,no2,NO₂,ppb,,,,
3409511,"Shivaji Nagar, Mumbai - BMC",,19.060498,72.923356,12238574,o3,O₃ mass,µg/m³,,,,
3409511,"Shivaji Nagar, Mumbai - BMC",,19.060498,72.923356,12238575,pm10,PM10,µg/m³,,,,
3409511,"Shivaji Nagar, Mumbai - BMC",,19.060498,72.923356,12238576,pm25,PM2.5,µg/m³,,,,
3409511,"Shivaji Nagar, Mumbai - BMC",,19.060498,72.923356,12238578,so2,SO₂,ppb,,,,
3409512,"Kandivali West, Mumbai - BMC",,19.215859,72.831718,12238580,co,CO,ppb,,,,
3409512,"Kandivali West, Mumbai - BMC",,19.215859,72.831718,12238582,no2,NO₂,ppb,,,,
3409512,"Kandivali West, Mumbai - BMC",,19.215859,72.831718,12238583,o3,O₃ mass,µg/m³,,,,
3409512,"Kandivali West, Mumbai - BMC",,19.215859,72.831718,12238584,pm10,PM10,µg/m³,,,,
3409512,"Kandivali West, Mumbai - BMC",,19.215859,72.831718,12238585,pm25,PM2.5,µg/m³,,,,
3409512,"Kandivali West, Mumbai - BMC",,19.215859,72.831718,12238587,so2,SO₂,ppb,,,,
3409513,"Sewri, Mumbai - BMC",,19.000084,72.85673,12238589,co,CO,ppb,,,,
3409513,"Sewri, Mumbai - BMC",,19.000084,72.85673,12238591,no2,NO₂,ppb,,,,
3409513,"Sewri, Mumbai - BMC",,19.000084,72.85673,12238592,o3,O₃ mass,µg/m³,,,,
3409513,"Sewri, Mumbai - BMC",,19.000084,72.85673,12238593,pm10,PM10,µg/m³,,,,
3409513,"Sewri, Mumbai - BMC",,19.000084,72.85673,12238594,pm25,PM2.5,µg/m³,,,,
3409513,"Sewri, Mumbai - BMC",,19.000084,72.85673,12238596,so2,SO₂,ppb,,,,
3409514,"Ghatkopar, Mumbai - BMC",,19.083694,72.920967,12238598,co,CO,ppb,,,,
3409514,"Ghatkopar, Mumbai - BMC",,19.083694,72.920967,12238600,no2,NO₂,ppb,,,,
3409514,"Ghatkopar, Mumbai - BMC",,19.083694,72.920967,12238601,o3,O₃ mass,µg/m³,,,,
3409514,"Ghatkopar, Mumbai - BMC",,19.083694,72.920967,12238602,pm10,PM10,µg/m³,,,,
3409514,"Ghatkopar, Mumbai - BMC",,19.083694,72.920967,12238603,pm25,PM2.5,µg/m³,,,,
3409514,"Ghatkopar, Mumbai - BMC",,19.083694,72.920967,12238605,so2,SO₂,ppb,,,,
3409515,"Govindh Bhavan Colony, Jabalpur - MPPCB",,23.163174,79.973061,12238607,co,CO,ppb,,,,
3409515,"Govindh Bhavan Colony, Jabalpur - MPPCB",,23.163174,79.973061,12238609,no2,NO₂,ppb,,,,
3409515,"Govindh Bhavan Colony, Jabalpur - MPPCB",,23.163174,79.973061,12238610,o3,O₃ mass,µg/m³,,,,
3409515,"Govindh Bhavan Colony, Jabalpur - MPPCB",,23.163174,79.973061,12238611,pm10,PM10,µg/m³,,,,
3409515,"Govindh Bhavan Colony, Jabalpur - MPPCB",,23.163174,79.973061,12238612,pm25,PM2.5,µg/m³,,,,
3409515,"Govindh Bhavan Colony, Jabalpur - MPPCB",,23.163174,79.973061,12238614,so2,SO₂,ppb,,,,
3409516,"SIPCOT Nathampannai, Pudukottai - TNPCB",,10.423417,78.784889,12239620,no2,NO₂,ppb,,,,
3409516,"SIPCOT Nathampannai, Pudukottai - TNPCB",,10.423417,78.784889,12250396,pm10,PM10,µg/m³,,,,
3409516,"SIPCOT Nathampannai, Pudukottai - TNPCB",,10.423417,78.784889,12250397,pm25,PM2.5,µg/m³,,,,
3409516,"SIPCOT Nathampannai, Pudukottai - TNPCB",,10.423417,78.784889,12315058,so2,SO₂,ppb,,,,
3409517,"Collectorate Office, Virudhunagar - TNPCB",,9.559382,77.948828,12238618,co,CO,ppb,,,,
3409517,"Collectorate Office, Virudhunagar - TNPCB",,9.559382,77.948828,12238620,no2,NO₂,ppb,,,,
3409517,"Collectorate Office, Virudhunagar - TNPCB",,9.559382,77.948828,12244860,o3,O₃ mass,µg/m³,,,,
3409517,"Collectorate Office, Virudhunagar - TNPCB",,9.559382,77.948828,12238621,pm10,PM10,µg/m³,,,,
3409517,"Collectorate Office, Virudhunagar - TNPCB",,9.559382,77.948828,12238622,pm25,PM2.5,µg/m³,,,,
3409517,"Collectorate Office, Virudhunagar - TNPCB",,9.559382,77.948828,12238624,so2,SO₂,ppb,,,,
3409518,"Rajiv Nagar, Vijayawada - APPCB",,16.554731,80.64911,12238626,co,CO,ppb,,,,
3409518,"Rajiv Nagar, Vijayawada - APPCB",,16.554731,80.64911,12238628,no2,NO₂,ppb,,,,
3409518,"Rajiv Nagar, Vijayawada - APPCB",,16.554731,80.64911,12238629,o3,O₃ mass,µg/m³,,,,
3409518,"Rajiv Nagar, Vijayawada - APPCB",,16.554731,80.64911,12238630,pm10,PM10,µg/m³,,,,
3409518,"Rajiv Nagar, Vijayawada - APPCB",,16.554731,80.64911,12238631,pm25,PM2.5,µg/m³,,,,
3409518,"Rajiv Nagar, Vijayawada - APPCB",,16.554731,80.64911,12238633,so2,SO₂,ppb,,,,
3409519,"Vasundhara Nagar_UIT, Bhiwadi - RSPCB",,28.207266,76.829265,12238635,co,CO,ppb,,,,
3409519,"Vasundhara Nagar_UIT, Bhiwadi - RSPCB",,28.207266,76.829265,12238637,no2,NO₂,ppb,,,,
3409519,"Vasundhara Nagar_UIT, Bhiwadi - RSPCB",,28.207266,76.829265,12238638,o3,O₃ mass,µg/m³,,,,
3409519,"Vasundhara Nagar_UIT, Bhiwadi - RSPCB",,28.207266,76.829265,12238639,pm10,PM10,µg/m³,,,,
3409519,"Vasundhara Nagar_UIT, Bhiwadi - RSPCB",,28.207266,76.829265,12238640,pm25,PM2.5,µg/m³,,,,
3409519,"Vasundhara Nagar_UIT, Bhiwadi - RSPCB",,28.207266,76.829265,12238642,so2,SO₂,ppb,,,,
3409520,"PCBL Residential Complex, Durgapur - WBPCB",,23.508764,87.35444,12238644,co,CO,ppb,,,,
3409520,"PCBL Residential Complex, Durgapur - WBPCB",,23.508764,87.35444,12238646,no2,NO₂,ppb,,,,
3409520,"PCBL Residential Complex, Durgapur - WBPCB",,23.508764,87.35444,12238647,o3,O₃ mass,µg/m³,,,,
3409520,"PCBL Residential Complex, Durgapur - WBPCB",,23.508764,87.35444,12238648,pm10,PM10,µg/m³,,,,
3409520,"PCBL Residential Complex, Durgapur - WBPCB",,23.508764,87.35444,12238649,pm25,PM2.5,µg/m³,,,,
3409520,"PCBL Residential Complex, Durgapur - WBPCB",,23.508764,87.35444,12238651,so2,SO₂,ppb,,,,
3409521,"Evelyn Lodge, Asansol - WBPCB",,23.697936,86.944395,12238653,co,CO,ppb,,,,
3409521,"Evelyn Lodge, Asansol - WBPCB",,23.697936,86.944395,12238655,no2,NO₂,ppb,,,,
3409521,"Evelyn Lodge, Asansol - WBPCB",,23.697936,86.944395,12238656,o3,O₃ mass,µg/m³,,,,
3409521,"Evelyn Lodge, Asansol - WBPCB",,23.697936,86.944395,12238657,pm10,PM10,µg/m³,,,,
3409521,"Evelyn Lodge, Asansol - WBPCB",,23.697936,86.944395,12238658,pm25,PM2.5,µg/m³,,,,
3409521,"Evelyn Lodge, Asansol - WBPCB",,23.697936,86.944395,12238660,so2,SO₂,ppb,,,,
3409522,"Mahabir Colliery, Asansol - WBPCB",,23.618183,87.105718,12238662,co,CO,ppb,,,,
3409522,"Mahabir Colliery, Asansol - WBPCB",,23.618183,87.105718,12238664,no2,NO₂,ppb,,,,
3409522,"Mahabir Colliery, Asansol - WBPCB",,23.618183,87.105718,12238665,o3,O₃ mass,µg/m³,,,,
3409522,"Mahabir Colliery, Asansol - WBPCB",,23.618183,87.105718,12238666,pm10,PM10,µg/m³,,,,
3409522,"Mahabir Colliery, Asansol - WBPCB",,23.618183,87.105718,12238667,pm25,PM2.5,µg/m³,,,,
3409522,"Mahabir Colliery, Asansol - WBPCB",,23.618183,87.105718,12238669,so2,SO₂,ppb,,,,
3409523,"Bhumkar Nagar, Pune - IITM",,18.60577,73.749976,12238671,co,CO,ppb,,,,
3409523,"Bhumkar Nagar, Pune - IITM",,18.60577,73.749976,12238673,no2,NO₂,ppb,,,,
3409523,"Bhumkar Nagar, Pune - IITM",,18.60577,73.749976,12238674,o3,O₃ mass,µg/m³,,,,
3409523,"Bhumkar Nagar, Pune - IITM",,18.60577,73.749976,12238675,pm10,PM10,µg/m³,,,,
3409523,"Bhumkar Nagar, Pune - IITM",,18.60577,73.749976,12238676,pm25,PM2.5,µg/m³,,,,
3409524,"Botanical Garden, Howrah - WBPCB",,22.554954,88.292568,12243953,co,CO,ppb,,,,
3409524,"Botanical Garden, Howrah - WBPCB",,22.554954,88.292568,12243955,no2,NO₂,ppb,,,,
3409524,"Botanical Garden, Howrah - WBPCB",,22.554954,88.292568,12243956,o3,O₃ mass,µg/m³,,,,
3409524,"Botanical Garden, Howrah - WBPCB",,22.554954,88.292568,12243957,pm10,PM10,µg/m³,,,,
3409524,"Botanical Garden, Howrah - WBPCB",,22.554954,88.292568,12243958,pm25,PM2.5,µg/m³,,,,
3409524,"Botanical Garden, Howrah - WBPCB",,22.554954,88.292568,12243960,so2,SO₂,ppb,,,,
3409525,"Trivenidevi Bhalotia College, Asansol - WBPCB",,23.616515,87.119133,12238679,co,CO,ppb,,,,
3409525,"Trivenidevi Bhalotia College, Asansol - WBPCB",,23.616515,87.119133,12238681,no2,NO₂,ppb,,,,
3409525,"Trivenidevi Bhalotia College, Asansol - WBPCB",,23.616515,87.119133,12238682,o3,O₃ mass,µg/m³,,,,
3409525,"Trivenidevi Bhalotia College, Asansol - WBPCB",,23.616515,87.119133,12238683,pm10,PM10,µg/m³,,,,
3409525,"Trivenidevi Bhalotia College, Asansol - WBPCB",,23.616515,87.119133,12238684,pm25,PM2.5,µg/m³,,,,
3409525,"Trivenidevi Bhalotia College, Asansol - WBPCB",,23.616515,87.119133,12238686,so2,SO₂,ppb,,,,
3409526,"Panchawati_Pashan, Pune - IITM",,18.536457,73.805454,12238688,co,CO,ppb,,,,
3409526,"Panchawati_Pashan, Pune - IITM",,18.536457,73.805454,12238690,no2,NO₂,ppb,,,,
3409526,"Panchawati_Pashan, Pune - IITM",,18.536457,73.805454,12238691,o3,O₃ mass,µg/m³,,,,
3409526,"Panchawati_Pashan, Pune - IITM",,18.536457,73.805454,12238692,pm10,PM10,µg/m³,,,,
3409526,"Panchawati_Pashan, Pune - IITM",,18.536457,73.805454,12238693,pm25,PM2.5,µg/m³,,,,
3409527,"SIPCOT Industrial Park, Perundurai - TNPCB",,11.258242,77.552761,12238696,co,CO,ppb,,,,
3409527,"SIPCOT Industrial Park, Perundurai - TNPCB",,11.258242,77.552761,12238698,no2,NO₂,ppb,,,,
3409527,"SIPCOT Industrial Park, Perundurai - TNPCB",,11.258242,77.552761,12238699,o3,O₃ mass,µg/m³,,,,
3409527,"SIPCOT Industrial Park, Perundurai - TNPCB",,11.258242,77.552761,12238700,pm10,PM10,µg/m³,,,,
3409527,"SIPCOT Industrial Park, Perundurai - TNPCB",,11.258242,77.552761,12238701,pm25,PM2.5,µg/m³,,,,
3409527,"SIPCOT Industrial Park, Perundurai - TNPCB",,11.258242,77.552761,12238703,so2,SO₂,ppb,,,,
3409528,"Savta Mali Nagar, Pimpri-Chinchwad - IITM",,18.614767,73.799516,12238705,co,CO,ppb,,,,
3409528,"Savta Mali Nagar, Pimpri-Chinchwad - IITM",,18.614767,73.799516,12238707,no2,NO₂,ppb,,,,
3409528,"Savta Mali Nagar, Pimpri-Chinchwad - IITM",,18.614767,73.799516,12238708,o3,O₃ mass,µg/m³,,,,
3409528,"Savta Mali Nagar, Pimpri-Chinchwad - IITM",,18.614767,73.799516,12238709,pm10,PM10,µg/m³,,,,
3409528,"Savta Mali Nagar, Pimpri-Chinchwad - IITM",,18.614767,73.799516,12238710,pm25,PM2.5,µg/m³,,,,
3409529,"Mahishkapur Road_B-Zone, Durgapur - WBPCB",,23.567923,87.306843,12243030,co,CO,ppb,,,,
3409529,"Mahishkapur Road_B-Zone, Durgapur - WBPCB",,23.567923,87.306843,12243032,no2,NO₂,ppb,,,,
3409529,"Mahishkapur Road_B-Zone, Durgapur - WBPCB",,23.567923,87.306843,12243033,o3,O₃ mass,µg/m³,,,,
3409529,"Mahishkapur Road_B-Zone, Durgapur - WBPCB",,23.567923,87.306843,12243034,pm10,PM10,µg/m³,,,,
3409529,"Mahishkapur Road_B-Zone, Durgapur - WBPCB",,23.567923,87.306843,12243035,pm25,PM2.5,µg/m³,,,,
3409529,"Mahishkapur Road_B-Zone, Durgapur - WBPCB",,23.567923,87.306843,12243037,so2,SO₂,ppb,,,,
3409530,"Dasnagar, Howrah - WBPCB",,22.6025571,88.3105664,12244861,co,CO,ppb,,,,
3409530,"Dasnagar, Howrah - WBPCB",,22.6025571,88.3105664,12244863,no2,NO₂,ppb,,,,
3409530,"Dasnagar, Howrah - WBPCB",,22.6025571,88.3105664,12244864,o3,O₃ mass,µg/m³,,,,
3409530,"Dasnagar, Howrah - WBPCB",,22.6025571,88.3105664,12244865,pm10,PM10,µg/m³,,,,
3409530,"Dasnagar, Howrah - WBPCB",,22.6025571,88.3105664,12244866,pm25,PM2.5,µg/m³,,,,
3409530,"Dasnagar, Howrah - WBPCB",,22.6025571,88.3105664,12244868,so2,SO₂,ppb,,,,
3410003,"Police Line, Sri Vijaya Puram - ANPCC",,11.654054,92.734055,12238711,co,CO,ppb,,,,
3410003,"Police Line, Sri Vijaya Puram - ANPCC",,11.654054,92.734055,12238713,no2,NO₂,ppb,,,,
3410003,"Police Line, Sri Vijaya Puram - ANPCC",,11.654054,92.734055,12238714,o3,O₃ mass,µg/m³,,,,
3410003,"Police Line, Sri Vijaya Puram - ANPCC",,11.654054,92.734055,12238715,pm10,PM10,µg/m³,,,,
3410003,"Police Line, Sri Vijaya Puram - ANPCC",,11.654054,92.734055,12238716,pm25,PM2.5,µg/m³,,,,
3410003,"Police Line, Sri Vijaya Puram - ANPCC",,11.654054,92.734055,12238718,so2,SO₂,ppb,,,,
3410004,"Amity University, Panchgaon - IITM",,28.3153,76.9143,12238720,co,CO,ppb,,,,
3410004,"Amity University, Panchgaon - IITM",,28.3153,76.9143,12238722,no2,NO₂,ppb,,,,
3410004,"Amity University, Panchgaon - IITM",,28.3153,76.9143,12238723,o3,O₃ mass,µg/m³,,,,
3410004,"Amity University, Panchgaon - IITM",,28.3153,76.9143,12238724,pm10,PM10,µg/m³,,,,
3410004,"Amity University, Panchgaon - IITM",,28.3153,76.9143,12238725,pm25,PM2.5,µg/m³,,,,
3410004,"Amity University, Panchgaon - IITM",,28.3153,76.9143,12238727,so2,SO₂,ppb,,,,
3410005,"Dhankawadi, Pune - IITM",,18.459883,73.852193,12238729,co,CO,ppb,,,,
3410005,"Dhankawadi, Pune - IITM",,18.459883,73.852193,12238731,no2,NO₂,ppb,,,,
3410005,"Dhankawadi, Pune - IITM",,18.459883,73.852193,12238732,o3,O₃ mass,µg/m³,,,,
3410005,"Dhankawadi, Pune - IITM",,18.459883,73.852193,12238733,pm10,PM10,µg/m³,,,,
3410005,"Dhankawadi, Pune - IITM",,18.459883,73.852193,12238734,pm25,PM2.5,µg/m³,,,,
3774726,"Ponnusamy Nagar, Namakkal - TNPCB",,11.273992,78.163545,12532519,co,CO,ppb,,,,
3774726,"Ponnusamy Nagar, Namakkal - TNPCB",,11.273992,78.163545,12532521,no2,NO₂,ppb,,,,
3774726,"Ponnusamy Nagar, Namakkal - TNPCB",,11.273992,78.163545,12532522,o3,O₃ mass,µg/m³,,,,
3774726,"Ponnusamy Nagar, Namakkal - TNPCB",,11.273992,78.163545,12532523,pm10,PM10,µg/m³,,,,
3774726,"Ponnusamy Nagar, Namakkal - TNPCB",,11.273992,78.163545,12532524,pm25,PM2.5,µg/m³,,,,
3774726,"Ponnusamy Nagar, Namakkal - TNPCB",,11.273992,78.163545,12532526,so2,SO₂,ppb,,,,
4512170,"Altair's Home - Bemina, Srinagar",,34.0702669,74.7754688,13135297,pm25,PM2.5,µg/m³,,,,
4663956,"Santushti Apartments, Vasant Kunj",,28.5266,77.1493,13273790,pm25,PM2.5,µg/m³,,,,
4712609,Air Check,,28.623056,77.234167,15289075,pm25,PM2.5,µg/m³,,,,
4720578,Hyderabad,,17.492676,78.405394,13317467,pm25,PM2.5,µg/m³,,,,
4916349,CURAJ,,26.6236,75.0273,13478101,pm25,PM2.5,µg/m³,,,,
5057509,IIMA Ventures,,23.034568596154394,72.53287536498033,13587481,pm25,PM2.5,µg/m³,,,,
5728639,"Bemina, Srinagar",,34.07023554237501,74.77548492160591,14077538,pm25,PM2.5,µg/m³,,,,
5929186,Psychopath Studios,,34.0584621,74.8324004,14224273,pm25,PM2.5,µg/m³,,,,
6003651,SVNIT Surat,,21.7653,72.7855,14278510,pm25,PM2.5,µg/m³,,,,
6013125,Kanipora,,34.0132271,74.8398961,14285557,pm25,PM2.5,µg/m³,,,,
6061085,JKPCB,,34.067893918880145,74.81864018646164,14320782,pm25,PM2.5,µg/m³,,,,
6105800,"Sector 1, Noida extension",,28.583491,77.431714,14453757,pm25,PM2.5,µg/m³,,,,
6112064,VNIT NAGPUR,,21.123229,79.052856,14499369,pm25,PM2.5,µg/m³,,,,
6119271,Kumaraswamy Layout,,12.9044,77.5649,14551750,pm25,PM2.5,µg/m³,,,,
6119272,"Sector - 5, Vasundhara, Ghaziabad, Uttar Pradesh ",,28.658398,77.3780531,14551755,pm25,PM2.5,µg/m³,,,,
6125489,"Uptitude Cloud Pvt Ltd - Sector 62, GGN",,28.40240847053802,77.08477464826682,14598776,pm25,PM2.5,µg/m³,,,,
6145551,Anand Lok,,28.5587,77.21886,14745878,pm25,PM2.5,µg/m³,,,,
6146655,Bellandur,,12.9178128,77.6955288,14754075,pm25,PM2.5,µg/m³,,,,
6146812,Araria,,26.137989,87.457768,14755255,pm25,PM2.5,µg/m³,,,,
6148686,"IIT Delhi, Delhi - IITM",,28.54246,77.191651,14769468,co,CO,ppb,,,,
6148686,"IIT Delhi, Delhi - IITM",,28.54246,77.191651,14769470,no2,NO₂,ppb,,,,
6148686,"IIT Delhi, Delhi - IITM",,28.54246,77.191651,14769472,o3,O₃ mass,µg/m³,,,,
6148686,"IIT Delhi, Delhi - IITM",,28.54246,77.191651,14769473,pm10,PM10,µg/m³,,,,
6148686,"IIT Delhi, Delhi - IITM",,28.54246,77.191651,14769474,pm25,PM2.5,µg/m³,,,,
6167193,"Khunmoh, Srinagar - JKPCC",,34.06313,74.96017,14908693,no2,NO₂,ppb,,,,
6167193,"Khunmoh, Srinagar - JKPCC",,34.06313,74.96017,14908695,pm10,PM10,µg/m³,,,,
6167193,"Khunmoh, Srinagar - JKPCC",,34.06313,74.96017,14908696,pm25,PM2.5,µg/m³,,,,
6167193,"Khunmoh, Srinagar - JKPCC",,34.06313,74.96017,14908698,so2,SO₂,ppb,,,,
6167988,"Khrew, Pampore - JKPCC",,34.031606,75.009712,14914377,no2,NO₂,ppb,,,,
6167988,"Khrew, Pampore - JKPCC",,34.031606,75.009712,14914379,pm10,PM10,µg/m³,,,,
6167988,"Khrew, Pampore - JKPCC",,34.031606,75.009712,14914380,pm25,PM2.5,µg/m³,,,,
6167988,"Khrew, Pampore - JKPCC",,34.031606,75.009712,14914382,so2,SO₂,ppb,,,,
6193521,Maitreye Weather Station,,12.0000374,79.8180856,15105824,pm25,PM2.5,µg/m³,,,,
6194938,"Mahashweta Nagar, Ujjain - MPPCB",,23.1633321,75.800225,15115533,co,CO,ppb,,,,
6194938,"Mahashweta Nagar, Ujjain - MPPCB",,23.1633321,75.800225,15116295,no2,NO₂,ppb,,,,
6194938,"Mahashweta Nagar, Ujjain - MPPCB",,23.1633321,75.800225,15115534,o3,O₃ mass,µg/m³,,,,
6194938,"Mahashweta Nagar, Ujjain - MPPCB",,23.1633321,75.800225,15115535,pm10,PM10,µg/m³,,,,
6194938,"Mahashweta Nagar, Ujjain - MPPCB",,23.1633321,75.800225,15115536,pm25,PM2.5,µg/m³,,,,
6194938,"Mahashweta Nagar, Ujjain - MPPCB",,23.1633321,75.800225,15115538,so2,SO₂,ppb,,,,
6203210,Talab Tillo Jammu,,32.740106329099916,74.83177768465765,15175974,pm25,PM2.5,µg/m³,,,,
6206921,Koramangala,,12.9370223,77.6115928,15203555,pm25,PM2.5,µg/m³,,,,
6217492,"Vidhyanagar, Bhavnagar - Nexteng Enviro",,21.755417,72.139056,15280434,co,CO,ppb,,,,
6217492,"Vidhyanagar, Bhavnagar - Nexteng Enviro",,21.755417,72.139056,15280436,no2,NO₂,ppb,,,,
6217492,"Vidhyanagar, Bhavnagar - Nexteng Enviro",,21.755417,72.139056,15280438,o3,O₃ mass,µg/m³,,,,
6217492,"Vidhyanagar, Bhavnagar - Nexteng Enviro",,21.755417,72.139056,15280439,pm10,PM10,µg/m³,,,,
6217492,"Vidhyanagar, Bhavnagar - Nexteng Enviro",,21.755417,72.139056,15280440,pm25,PM2.5,µg/m³,,,,
6217492,"Vidhyanagar, Bhavnagar - Nexteng Enviro",,21.755417,72.139056,15280442,so2,SO₂,ppb,,,,
6221294,"Bapunagar, Vadodara - Nexteng Enviro",,22.320153,73.216285,15308612,co,CO,ppb,,,,
6221294,"Bapunagar, Vadodara - Nexteng Enviro",,22.320153,73.216285,15308614,no2,NO₂,ppb,,,,
6221294,"Bapunagar, Vadodara - Nexteng Enviro",,22.320153,73.216285,15308616,o3,O₃ mass,µg/m³,,,,
6221294,"Bapunagar, Vadodara - Nexteng Enviro",,22.320153,73.216285,15308617,pm10,PM10,µg/m³,,,,
6221294,"Bapunagar, Vadodara - Nexteng Enviro",,22.320153,73.216285,15308618,pm25,PM2.5,µg/m³,,,,
6221294,"Bapunagar, Vadodara - Nexteng Enviro",,22.320153,73.216285,15308620,so2,SO₂,ppb,,,,
6221295,"Katargam, Surat - Nexteng Enviro",,21.217779,72.834787,15308624,co,CO,ppb,,,,
6221295,"Katargam, Surat - Nexteng Enviro",,21.217779,72.834787,15308626,no2,NO₂,ppb,,,,
6221295,"Katargam, Surat - Nexteng Enviro",,21.217779,72.834787,15308628,o3,O₃ mass,µg/m³,,,,
6221295,"Katargam, Surat - Nexteng Enviro",,21.217779,72.834787,15308629,pm10,PM10,µg/m³,,,,
6221295,"Katargam, Surat - Nexteng Enviro",,21.217779,72.834787,15308630,pm25,PM2.5,µg/m³,,,,
6221295,"Katargam, Surat - Nexteng Enviro",,21.217779,72.834787,15308632,so2,SO₂,ppb,,,,
6221395,"Sadanand Nagar, Mehsana - Nexteng Enviro",,23.59315,72.372792,15309401,co,CO,ppb,,,,
6221395,"Sadanand Nagar, Mehsana - Nexteng Enviro",,23.59315,72.372792,15309403,no2,NO₂,ppb,,,,
6221395,"Sadanand Nagar, Mehsana - Nexteng Enviro",,23.59315,72.372792,15309405,o3,O₃ mass,µg/m³,,,,
6221395,"Sadanand Nagar, Mehsana - Nexteng Enviro",,23.59315,72.372792,15309406,pm10,PM10,µg/m³,,,,
6221395,"Sadanand Nagar, Mehsana - Nexteng Enviro",,23.59315,72.372792,15309407,pm25,PM2.5,µg/m³,,,,
6221395,"Sadanand Nagar, Mehsana - Nexteng Enviro",,23.59315,72.372792,15309409,so2,SO₂,ppb,,,,
6221396,"Mavdi, Rajkot - Nexteng Enviro",,22.248853,70.776774,15309413,co,CO,ppb,,,,
6221396,"Mavdi, Rajkot - Nexteng Enviro",,22.248853,70.776774,15309415,no2,NO₂,ppb,,,,
6221396,"Mavdi, Rajkot - Nexteng Enviro",,22.248853,70.776774,15309417,o3,O₃ mass,µg/m³,,,,
6221396,"Mavdi, Rajkot - Nexteng Enviro",,22.248853,70.776774,15309418,pm10,PM10,µg/m³,,,,
6221396,"Mavdi, Rajkot - Nexteng Enviro",,22.248853,70.776774,15309419,pm25,PM2.5,µg/m³,,,,
6221396,"Mavdi, Rajkot - Nexteng Enviro",,22.248853,70.776774,15309421,so2,SO₂,ppb,,,,
6229179,Nardani Jammu,,32.80803,74.816769,15365153,pm25,PM2.5,µg/m³,,,,
6230603,Rajouri Jammu,,33.380775,74.314353,15375655,pm25,PM2.5,µg/m³,,,,
6231999,Gandhi Nagar,,32.701576,74.859108,15385944,pm25,PM2.5,µg/m³,,,,
6244030,Auroville,,12.000079,79.818104,15475537,pm25,PM2.5,µg/m³,,,,
6250050,Agya Enterprises,,23.258543,77.454474,15520291,pm25,PM2.5,µg/m³,,,,
6250953,"Elamkulam, Malappuram - Kerala ELWOIC",,10.89235897883435,76.23440154833858,15527049,pm25,PM2.5,µg/m³,,,,
6251997,"Indira Nagar, Raebareli - NTPC Unchahar",,26.207781,81.245571,15534756,co,CO,ppb,,,,
6251997,"Indira Nagar, Raebareli - NTPC Unchahar",,26.207781,81.245571,15534758,no2,NO₂,ppb,,,,
6251997,"Indira Nagar, Raebareli - NTPC Unchahar",,26.207781,81.245571,15534760,o3,O₃ mass,µg/m³,,,,
6251997,"Indira Nagar, Raebareli - NTPC Unchahar",,26.207781,81.245571,15534761,pm10,PM10,µg/m³,,,,
6251997,"Indira Nagar, Raebareli - NTPC Unchahar",,26.207781,81.245571,15534762,pm25,PM2.5,µg/m³,,,,
6251997,"Indira Nagar, Raebareli - NTPC Unchahar",,26.207781,81.245571,15534764,so2,SO₂,ppb,,,,
6254594,"Talkatora Garden, Delhi - DPCC",,28.62181,77.1944633,15554202,co,CO,ppb,,,,
6254594,"Talkatora Garden, Delhi - DPCC",,28.62181,77.1944633,15554204,no2,NO₂,ppb,,,,
6254594,"Talkatora Garden, Delhi - DPCC",,28.62181,77.1944633,15554206,o3,O₃ mass,µg/m³,,,,
6254594,"Talkatora Garden, Delhi - DPCC",,28.62181,77.1944633,15554207,pm10,PM10,µg/m³,,,,
6254594,"Talkatora Garden, Delhi - DPCC",,28.62181,77.1944633,15554208,pm25,PM2.5,µg/m³,,,,
6254594,"Talkatora Garden, Delhi - DPCC",,28.62181,77.1944633,15554210,so2,SO₂,ppb,,,,
6254663,"JNU, Delhi - DPCC",,28.540721,77.168544,15554698,co,CO,ppb,,,,
6254663,"JNU, Delhi - DPCC",,28.540721,77.168544,15554700,no2,NO₂,ppb,,,,
6254663,"JNU, Delhi - DPCC",,28.540721,77.168544,15554702,o3,O₃ mass,µg/m³,,,,
6254663,"JNU, Delhi - DPCC",,28.540721,77.168544,15554703,pm10,PM10,µg/m³,,,,
6254663,"JNU, Delhi - DPCC",,28.540721,77.168544,15554704,pm25,PM2.5,µg/m³,,,,
6254663,"JNU, Delhi - DPCC",,28.540721,77.168544,15554706,so2,SO₂,ppb,,,,
6254664,"NSUT Jaffarpur, Delhi - DPCC",,28.594004,76.909423,15554710,co,CO,ppb,,,,
6254664,"NSUT Jaffarpur, Delhi - DPCC",,28.594004,76.909423,15554712,no2,NO₂,ppb,,,,
6254664,"NSUT Jaffarpur, Delhi - DPCC",,28.594004,76.909423,15554714,o3,O₃ mass,µg/m³,,,,
6254664,"NSUT Jaffarpur, Delhi - DPCC",,28.594004,76.909423,15554715,pm10,PM10,µg/m³,,,,
6254664,"NSUT Jaffarpur, Delhi - DPCC",,28.594004,76.909423,15554716,pm25,PM2.5,µg/m³,,,,
6254664,"NSUT Jaffarpur, Delhi - DPCC",,28.594004,76.909423,15554718,so2,SO₂,ppb,,,,
6254665,"Commonwealth Sports Complex, Delhi - DPCC",,28.615828,77.271992,15554722,co,CO,ppb,,,,
6254665,"Commonwealth Sports Complex, Delhi - DPCC",,28.615828,77.271992,15554724,no2,NO₂,ppb,,,,
6254665,"Commonwealth Sports Complex, Delhi - DPCC",,28.615828,77.271992,15554726,o3,O₃ mass,µg/m³,,,,
6254665,"Commonwealth Sports Complex, Delhi - DPCC",,28.615828,77.271992,15554727,pm10,PM10,µg/m³,,,,
6254665,"Commonwealth Sports Complex, Delhi - DPCC",,28.615828,77.271992,15554728,pm25,PM2.5,µg/m³,,,,
6254665,"Commonwealth Sports Complex, Delhi - DPCC",,28.615828,77.271992,15554730,so2,SO₂,ppb,,,,
6254666,"IGNOU_Maidan Garhi, Delhi - DPCC",,28.493624,77.201159,15554734,co,CO,ppb,,,,
6254666,"IGNOU_Maidan Garhi, Delhi - DPCC",,28.493624,77.201159,15554736,no2,NO₂,ppb,,,,
6254666,"IGNOU_Maidan Garhi, Delhi - DPCC",,28.493624,77.201159,15554738,o3,O₃ mass,µg/m³,,,,
6254666,"IGNOU_Maidan Garhi, Delhi - DPCC",,28.493624,77.201159,15554739,pm10,PM10,µg/m³,,,,
6254666,"IGNOU_Maidan Garhi, Delhi - DPCC",,28.493624,77.201159,15554740,pm25,PM2.5,µg/m³,,,,
6254666,"IGNOU_Maidan Garhi, Delhi - DPCC",,28.493624,77.201159,15554742,so2,SO₂,ppb,,,,
6257818,"Cantonment Area, Delhi - DPCC",,28.594169,77.1251,15578285,co,CO,ppb,,,,
6257818,"Cantonment Area, Delhi - DPCC",,28.594169,77.1251,15578287,no2,NO₂,ppb,,,,
6257818,"Cantonment Area, Delhi - DPCC",,28.594169,77.1251,15578289,o3,O₃ mass,µg/m³,,,,
6257818,"Cantonment Area, Delhi - DPCC",,28.594169,77.1251,15578290,pm10,PM10,µg/m³,,,,
6257818,"Cantonment Area, Delhi - DPCC",,28.594169,77.1251,15578291,pm25,PM2.5,µg/m³,,,,
6257818,"Cantonment Area, Delhi - DPCC",,28.594169,77.1251,15578293,so2,SO₂,ppb,,,,
6258871,"Vithalwadi, Ulhasnagar - MPCB",,19.2307571,73.155192,15586068,co,CO,ppb,,,,
6258871,"Vithalwadi, Ulhasnagar - MPCB",,19.2307571,73.155192,15586069,no2,NO₂,ppb,,,,
6258871,"Vithalwadi, Ulhasnagar - MPCB",,19.2307571,73.155192,15586071,o3,O₃ mass,µg/m³,,,,
6258871,"Vithalwadi, Ulhasnagar - MPCB",,19.2307571,73.155192,15586072,pm10,PM10,µg/m³,,,,
6258871,"Vithalwadi, Ulhasnagar - MPCB",,19.2307571,73.155192,15586073,pm25,PM2.5,µg/m³,,,,
6258871,"Vithalwadi, Ulhasnagar - MPCB",,19.2307571,73.155192,15645520,so2,SO₂,ppb,,,,
6266792,"Bir, Beed - MPCB",,18.988474,75.753873,15645471,co,CO,ppb,,,,
6266792,"Bir, Beed - MPCB",,18.988474,75.753873,15645473,no2,NO₂,ppb,,,,
6266792,"Bir, Beed - MPCB",,18.988474,75.753873,15645475,o3,O₃ mass,µg/m³,,,,
6266792,"Bir, Beed - MPCB",,18.988474,75.753873,15645476,pm10,PM10,µg/m³,,,,
6266792,"Bir, Beed - MPCB",,18.988474,75.753873,15645477,pm25,PM2.5,µg/m³,,,,
6266792,"Bir, Beed - MPCB",,18.988474,75.753873,15645479,so2,SO₂,ppb,,,,
6266793,"Ashta Vinayak Nagar, Hingoli - MPCB",,19.710842,77.151824,15645483,co,CO,ppb,,,,
6266793,"Ashta Vinayak Nagar, Hingoli - MPCB",,19.710842,77.151824,15645485,no2,NO₂,ppb,,,,
6266793,"Ashta Vinayak Nagar, Hingoli - MPCB",,19.710842,77.151824,15645487,o3,O₃ mass,µg/m³,,,,
6266793,"Ashta Vinayak Nagar, Hingoli - MPCB",,19.710842,77.151824,15645488,pm10,PM10,µg/m³,,,,
6266793,"Ashta Vinayak Nagar, Hingoli - MPCB",,19.710842,77.151824,15645489,pm25,PM2.5,µg/m³,,,,
6266793,"Ashta Vinayak Nagar, Hingoli - MPCB",,19.710842,77.151824,15645491,so2,SO₂,ppb,,,,
6266794,"Chinchpada, Ambernath - MPCB",,19.215784,73.199781,15645495,co,CO,ppb,,,,
6266794,"Chinchpada, Ambernath - MPCB",,19.215784,73.199781,15645497,no2,NO₂,ppb,,,,
6266794,"Chinchpada, Ambernath - MPCB",,19.215784,73.199781,15645499,o3,O₃ mass,µg/m³,,,,
6266794,"Chinchpada, Ambernath - MPCB",,19.215784,73.199781,15645500,pm10,PM10,µg/m³,,,,
6266794,"Chinchpada, Ambernath - MPCB",,19.215784,73.199781,15645501,pm25,PM2.5,µg/m³,,,,
6266794,"Chinchpada, Ambernath - MPCB",,19.215784,73.199781,15645503,so2,SO₂,ppb,,,,
6266795,"Kalu Nagar, Dombivli - MPCB",,19.2268427,73.0788456,15645507,co,CO,ppb,,,,
6266795,"Kalu Nagar, Dombivli - MPCB",,19.2268427,73.0788456,15645509,no2,NO₂,ppb,,,,
6266795,"Kalu Nagar, Dombivli - MPCB",,19.2268427,73.0788456,15645511,o3,O₃ mass,µg/m³,,,,
6266795,"Kalu Nagar, Dombivli - MPCB",,19.2268427,73.0788456,15645512,pm10,PM10,µg/m³,,,,
6266795,"Kalu Nagar, Dombivli - MPCB",,19.2268427,73.0788456,15645513,pm25,PM2.5,µg/m³,,,,
6266795,"Kalu Nagar, Dombivli - MPCB",,19.2268427,73.0788456,15645515,so2,SO₂,ppb,,,,
6267806,"Rajendra Nagar North, Guntur - APPCB",,16.316553,80.413302,15658713,co,CO,ppb,,,,
6267806,"Rajendra Nagar North, Guntur - APPCB",,16.316553,80.413302,15658715,no2,NO₂,ppb,,,,
6267806,"Rajendra Nagar North, Guntur - APPCB",,16.316553,80.413302,15658716,o3,O₃ mass,µg/m³,,,,
6267806,"Rajendra Nagar North, Guntur - APPCB",,16.316553,80.413302,15653083,pm10,PM10,µg/m³,,,,
6267806,"Rajendra Nagar North, Guntur - APPCB",,16.316553,80.413302,15653084,pm25,PM2.5,µg/m³,,,,
6267806,"Rajendra Nagar North, Guntur - APPCB",,16.316553,80.413302,15658718,so2,SO₂,ppb,,,,
6267807,"Srinivas Nagar Colony, Machilipatnam - APPCB",,16.186555,81.13219,15653086,co,CO,ppb,,,,
6267807,"Srinivas Nagar Colony, Machilipatnam - APPCB",,16.186555,81.13219,15653088,no2,NO₂,ppb,,,,
6267807,"Srinivas Nagar Colony, Machilipatnam - APPCB",,16.186555,81.13219,15653090,o3,O₃ mass,µg/m³,,,,
6267807,"Srinivas Nagar Colony, Machilipatnam - APPCB",,16.186555,81.13219,15653091,pm10,PM10,µg/m³,,,,
6267807,"Srinivas Nagar Colony, Machilipatnam - APPCB",,16.186555,81.13219,15653092,pm25,PM2.5,µg/m³,,,,
6267807,"Srinivas Nagar Colony, Machilipatnam - APPCB",,16.186555,81.13219,15653094,so2,SO₂,ppb,,,,
6267808,"District Court, Eluru - APPCB",,16.711754,81.092095,15653098,co,CO,ppb,,,,
6267808,"District Court, Eluru - APPCB",,16.711754,81.092095,15653100,no2,NO₂,ppb,,,,
6267808,"District Court, Eluru - APPCB",,16.711754,81.092095,15653102,o3,O₃ mass,µg/m³,,,,
6267808,"District Court, Eluru - APPCB",,16.711754,81.092095,15653103,pm10,PM10,µg/m³,,,,
6267808,"District Court, Eluru - APPCB",,16.711754,81.092095,15653104,pm25,PM2.5,µg/m³,,,,
6267808,"District Court, Eluru - APPCB",,16.711754,81.092095,15653106,so2,SO₂,ppb,,,,
6276317,"Ambedkar Nagar, Nellore - APPCB",,14.438164,79.966814,15716121,co,CO,ppb,,,,
6276317,"Ambedkar Nagar, Nellore - APPCB",,14.438164,79.966814,15716123,no2,NO₂,ppb,,,,
6276317,"Ambedkar Nagar, Nellore - APPCB",,14.438164,79.966814,15716125,o3,O₃ mass,µg/m³,,,,
6276317,"Ambedkar Nagar, Nellore - APPCB",,14.438164,79.966814,15716126,pm10,PM10,µg/m³,,,,
6276317,"Ambedkar Nagar, Nellore - APPCB",,14.438164,79.966814,15716127,pm25,PM2.5,µg/m³,,,,
6276317,"Ambedkar Nagar, Nellore - APPCB",,14.438164,79.966814,15716129,so2,SO₂,ppb,,,,
6290075,"15th Mile-Nongthymmai, Byrnihat - Meghalaya PCB",,26.079047,91.875185,15818168,co,CO,ppb,,,,
6290075,"15th Mile-Nongthymmai, Byrnihat - Meghalaya PCB",,26.079047,91.875185,15818170,no2,NO₂,ppb,,,,
6290075,"15th Mile-Nongthymmai, Byrnihat - Meghalaya PCB",,26.079047,91.875185,15818172,pm10,PM10,µg/m³,,,,
6290075,"15th Mile-Nongthymmai, Byrnihat - Meghalaya PCB",,26.079047,91.875185,15818173,pm25,PM2.5,µg/m³,,,,
6290075,"15th Mile-Nongthymmai, Byrnihat - Meghalaya PCB",,26.079047,91.875185,15818175,so2,SO₂,ppb,,,,
6297968,Gandhi Nagar,,32.7014,74.8596,15877266,pm25,PM2.5,µg/m³,,,,
6299494,"Prashant Garden, Khora - UPPCB",,28.61119,77.34206,15888912,co,CO,ppb,,,,
6299494,"Prashant Garden, Khora - UPPCB",,28.61119,77.34206,15888914,no2,NO₂,ppb,,,,
6299494,"Prashant Garden, Khora - UPPCB",,28.61119,77.34206,15888916,o3,O₃ mass,µg/m³,,,,
6299494,"Prashant Garden, Khora - UPPCB",,28.61119,77.34206,15888917,pm10,PM10,µg/m³,,,,
6299494,"Prashant Garden, Khora - UPPCB",,28.61119,77.34206,15888918,pm25,PM2.5,µg/m³,,,,
6299494,"Prashant Garden, Khora - UPPCB",,28.61119,77.34206,15888920,so2,SO₂,ppb,,,,
6299603,"SRM University, Modinagar - UPPCB",,28.798171,77.540243,15889764,co,CO,ppb,,,,
6299603,"SRM University, Modinagar - UPPCB",,28.798171,77.540243,15889766,no2,NO₂,ppb,,,,
6299603,"SRM University, Modinagar - UPPCB",,28.798171,77.540243,15889768,o3,O₃ mass,µg/m³,,,,
6299603,"SRM University, Modinagar - UPPCB",,28.798171,77.540243,15889769,pm10,PM10,µg/m³,,,,
6299603,"SRM University, Modinagar - UPPCB",,28.798171,77.540243,15889770,pm25,PM2.5,µg/m³,,,,
6299603,"SRM University, Modinagar - UPPCB",,28.798171,77.540243,15889772,so2,SO₂,ppb,,,,
6299678,"Ved Vihar-Loni, Ghaziabad - UPPCB",,28.739153,77.273668,15890335,co,CO,ppb,,,,
6299678,"Ved Vihar-Loni, Ghaziabad - UPPCB",,28.739153,77.273668,15890337,no2,NO₂,ppb,,,,
6299678,"Ved Vihar-Loni, Ghaziabad - UPPCB",,28.739153,77.273668,15890339,o3,O₃ mass,µg/m³,,,,
6299678,"Ved Vihar-Loni, Ghaziabad - UPPCB",,28.739153,77.273668,15890340,pm10,PM10,µg/m³,,,,
6299678,"Ved Vihar-Loni, Ghaziabad - UPPCB",,28.739153,77.273668,15890341,pm25,PM2.5,µg/m³,,,,
6299678,"Ved Vihar-Loni, Ghaziabad - UPPCB",,28.739153,77.273668,15890343,so2,SO₂,ppb,,,,
6311324,"Govindpuram, Ghaziabad - UPPCB",,28.694528,77.494705,15978427,co,CO,ppb,,,,
6311324,"Govindpuram, Ghaziabad - UPPCB",,28.694528,77.494705,15978429,no2,NO₂,ppb,,,,
6311324,"Govindpuram, Ghaziabad - UPPCB",,28.694528,77.494705,15978431,o3,O₃ mass,µg/m³,,,,
6311324,"Govindpuram, Ghaziabad - UPPCB",,28.694528,77.494705,15978432,pm10,PM10,µg/m³,,,,
6311324,"Govindpuram, Ghaziabad - UPPCB",,28.694528,77.494705,15978433,pm25,PM2.5,µg/m³,,,,
6311324,"Govindpuram, Ghaziabad - UPPCB",,28.694528,77.494705,15978435,so2,SO₂,ppb,,,,
6311325,"MIET College, Meerut - UPPCB",,28.972677,77.641018,15978439,co,CO,ppb,,,,
6311325,"MIET College, Meerut - UPPCB",,28.972677,77.641018,15978441,no2,NO₂,ppb,,,,
6311325,"MIET College, Meerut - UPPCB",,28.972677,77.641018,15978443,o3,O₃ mass,µg/m³,,,,
6311325,"MIET College, Meerut - UPPCB",,28.972677,77.641018,15978444,pm10,PM10,µg/m³,,,,
6311325,"MIET College, Meerut - UPPCB",,28.972677,77.641018,15978445,pm25,PM2.5,µg/m³,,,,
6311325,"MIET College, Meerut - UPPCB",,28.972677,77.641018,15978447,so2,SO₂,ppb,,,,
6314877,"Koyana Nagar, Satara - MPCB",,17.696651,74.003387,16005654,co,CO,ppb,,,,
6314877,"Koyana Nagar, Satara - MPCB",,17.696651,74.003387,16005656,no2,NO₂,ppb,,,,
6314877,"Koyana Nagar, Satara - MPCB",,17.696651,74.003387,16005658,o3,O₃ mass,µg/m³,,,,
6314877,"Koyana Nagar, Satara - MPCB",,17.696651,74.003387,16005659,pm10,PM10,µg/m³,,,,
6314877,"Koyana Nagar, Satara - MPCB",,17.696651,74.003387,16005660,pm25,PM2.5,µg/m³,,,,
6314877,"Koyana Nagar, Satara - MPCB",,17.696651,74.003387,16007338,so2,SO₂,ppb,,,,
6356035,Palm City,,27.20289,80.39693,16311975,pm25,PM2.5,µg/m³,,,,
6401376,Channi Himmat,,32.689777,74.886016,16606024,pm25,PM2.5,µg/m³,,,,
6404322,"New Anaj Mandi, Khairthal - RSPCB",,27.8015617,76.6365217,16627835,co,CO,ppb,,,,
6404322,"New Anaj Mandi, Khairthal - RSPCB",,27.8015617,76.6365217,16627837,no2,NO₂,ppb,,,,
6404322,"New Anaj Mandi, Khairthal - RSPCB",,27.8015617,76.6365217,16627839,o3,O₃ mass,µg/m³,,,,
6404322,"New Anaj Mandi, Khairthal - RSPCB",,27.8015617,76.6365217,16627840,pm10,PM10,µg/m³,,,,
6404322,"New Anaj Mandi, Khairthal - RSPCB",,27.8015617,76.6365217,16627841,pm25,PM2.5,µg/m³,,,,
6404322,"New Anaj Mandi, Khairthal - RSPCB",,27.8015617,76.6365217,16627843,so2,SO₂,ppb,,,,
6404323,"Pali Dungra, Mathura - UPPCB",,27.410954,77.550619,16627847,co,CO,ppb,,,,
6404323,"Pali Dungra, Mathura - UPPCB",,27.410954,77.550619,16627849,no2,NO₂,ppb,,,,
6404323,"Pali Dungra, Mathura - UPPCB",,27.410954,77.550619,16627851,o3,O₃ mass,µg/m³,,,,
6404323,"Pali Dungra, Mathura - UPPCB",,27.410954,77.550619,16627852,pm10,PM10,µg/m³,,,,
6404323,"Pali Dungra, Mathura - UPPCB",,27.410954,77.550619,16627853,pm25,PM2.5,µg/m³,,,,
6404323,"Pali Dungra, Mathura - UPPCB",,27.410954,77.550619,16627855,so2,SO₂,ppb,,,,
6418671,"Dadupura, Fatehpur Sikri - UPPCB",,27.097694,77.671335,16733572,co,CO,ppb,,,,
6418671,"Dadupura, Fatehpur Sikri - UPPCB",,27.097694,77.671335,16733574,no2,NO₂,ppb,,,,
6418671,"Dadupura, Fatehpur Sikri - UPPCB",,27.097694,77.671335,16733576,o3,O₃ mass,µg/m³,,,,
6418671,"Dadupura, Fatehpur Sikri - UPPCB",,27.097694,77.671335,16733577,pm10,PM10,µg/m³,,,,
6418671,"Dadupura, Fatehpur Sikri - UPPCB",,27.097694,77.671335,16733578,pm25,PM2.5,µg/m³,,,,
6418671,"Dadupura, Fatehpur Sikri - UPPCB",,27.097694,77.671335,16733580,so2,SO₂,ppb,,,,
6425298,"Sita Rama Nagar, Kurnool - APPCB",,15.83411,78.028546,16782730,co,CO,ppb,,,,
6425298,"Sita Rama Nagar, Kurnool - APPCB",,15.83411,78.028546,16782732,no2,NO₂,ppb,,,,
6425298,"Sita Rama Nagar, Kurnool - APPCB",,15.83411,78.028546,16782734,o3,O₃ mass,µg/m³,,,,
6425298,"Sita Rama Nagar, Kurnool - APPCB",,15.83411,78.028546,16782735,pm10,PM10,µg/m³,,,,
6425298,"Sita Rama Nagar, Kurnool - APPCB",,15.83411,78.028546,16782736,pm25,PM2.5,µg/m³,,,,
6425298,"Sita Rama Nagar, Kurnool - APPCB",,15.83411,78.028546,16782738,so2,SO₂,ppb,,,,
6431234,"Nowshera, Rajouri",,33.162408,74.23779,16845218,pm25,PM2.5,µg/m³,,,,
6434075,"Ahamshrief, Bandipora",,34.4494,74.6635,16847534,pm25,PM2.5,µg/m³,,,,
6434209,"Anand Nagar, Raebareli - UPPCB",,26.219512,81.237648,16848516,co,CO,ppb,,,,
6434209,"Anand Nagar, Raebareli - UPPCB",,26.219512,81.237648,16848518,no2,NO₂,ppb,,,,
6434209,"Anand Nagar, Raebareli - UPPCB",,26.219512,81.237648,16848520,o3,O₃ mass,µg/m³,,,,
6434209,"Anand Nagar, Raebareli - UPPCB",,26.219512,81.237648,16848521,pm10,PM10,µg/m³,,,,
6434209,"Anand Nagar, Raebareli - UPPCB",,26.219512,81.237648,16848522,pm25,PM2.5,µg/m³,,,,
6434209,"Anand Nagar, Raebareli - UPPCB",,26.219512,81.237648,16848524,so2,SO₂,ppb,,,,
6435505,"New Tehsil, Shamli - UPPCB",,29.4603683,77.3410291,16858112,co,CO,ppb,,,,
6435505,"New Tehsil, Shamli - UPPCB",,29.4603683,77.3410291,16858114,no2,NO₂,ppb,,,,
6435505,"New Tehsil, Shamli - UPPCB",,29.4603683,77.3410291,16858116,o3,O₃ mass,µg/m³,,,,
6435505,"New Tehsil, Shamli - UPPCB",,29.4603683,77.3410291,16858117,pm10,PM10,µg/m³,,,,
6435505,"New Tehsil, Shamli - UPPCB",,29.4603683,77.3410291,16858118,pm25,PM2.5,µg/m³,,,,
6435505,"New Tehsil, Shamli - UPPCB",,29.4603683,77.3410291,16858120,so2,SO₂,ppb,,,,
6441402,"Kashtigarh, Doda",,33.1567,75.4517,16902418,pm25,PM2.5,µg/m³,,,,
6442612,Udhampur,,32.9165,75.1326,16911076,pm25,PM2.5,µg/m³,,,,
6444829,"Leh, Ladakh",,34.14554,77.563278,16925425,pm25,PM2.5,µg/m³,,,,
6452286,Vijaypur ,,32.566932,75.019868,16979604,pm25,PM2.5,µg/m³,,,,
6452644,"Vigyan Nagar, Alwar - RSPCB",,27.598796,76.63861,16982242,co,CO,ppb,,,,
6452644,"Vigyan Nagar, Alwar - RSPCB",,27.598796,76.63861,16982244,no2,NO₂,ppb,,,,
6452644,"Vigyan Nagar, Alwar - RSPCB",,27.598796,76.63861,16982246,o3,O₃ mass,µg/m³,,,,
6452644,"Vigyan Nagar, Alwar - RSPCB",,27.598796,76.63861,16982247,pm10,PM10,µg/m³,,,,
6452644,"Vigyan Nagar, Alwar - RSPCB",,27.598796,76.63861,16982248,pm25,PM2.5,µg/m³,,,,
6452644,"Vigyan Nagar, Alwar - RSPCB",,27.598796,76.63861,16982250,so2,SO₂,ppb,,,,
6456616,Applied Informatics Headquarters ,,34.123633,74.83279,17011382,pm25,PM2.5,µg/m³,,,,
6458518,"Chinna Bharatham Colony, Srikakulam - APPCB",,18.292191,83.897173,17025392,co,CO,ppb,,,,
6458518,"Chinna Bharatham Colony, Srikakulam - APPCB",,18.292191,83.897173,17025394,no2,NO₂,ppb,,,,
6458518,"Chinna Bharatham Colony, Srikakulam - APPCB",,18.292191,83.897173,17025396,o3,O₃ mass,µg/m³,,,,
6458518,"Chinna Bharatham Colony, Srikakulam - APPCB",,18.292191,83.897173,17025397,pm10,PM10,µg/m³,,,,
6458518,"Chinna Bharatham Colony, Srikakulam - APPCB",,18.292191,83.897173,17025398,pm25,PM2.5,µg/m³,,,,
6458518,"Chinna Bharatham Colony, Srikakulam - APPCB",,18.292191,83.897173,17025400,so2,SO₂,ppb,,,,
6458519,"Rama Rao Peta, Kakinada - APPCB",,16.962488,82.229513,17025404,co,CO,ppb,,,,
6458519,"Rama Rao Peta, Kakinada - APPCB",,16.962488,82.229513,17025406,no2,NO₂,ppb,,,,
6458519,"Rama Rao Peta, Kakinada - APPCB",,16.962488,82.229513,17025408,o3,O₃ mass,µg/m³,,,,
6458519,"Rama Rao Peta, Kakinada - APPCB",,16.962488,82.229513,17025409,pm10,PM10,µg/m³,,,,
6458519,"Rama Rao Peta, Kakinada - APPCB",,16.962488,82.229513,17025410,pm25,PM2.5,µg/m³,,,,
6458519,"Rama Rao Peta, Kakinada - APPCB",,16.962488,82.229513,17025412,so2,SO₂,ppb,,,,
6458520,"Wave City, Ghaziabad - UPPCB",,28.646675,77.489049,17025416,co,CO,ppb,,,,
6458520,"Wave City, Ghaziabad - UPPCB",,28.646675,77.489049,17025418,no2,NO₂,ppb,,,,
6458520,"Wave City, Ghaziabad - UPPCB",,28.646675,77.489049,17025420,o3,O₃ mass,µg/m³,,,,
6458520,"Wave City, Ghaziabad - UPPCB",,28.646675,77.489049,17025421,pm10,PM10,µg/m³,,,,
6458520,"Wave City, Ghaziabad - UPPCB",,28.646675,77.489049,17025422,pm25,PM2.5,µg/m³,,,,
6458520,"Wave City, Ghaziabad - UPPCB",,28.646675,77.489049,17025423,so2,SO₂,ppb,,,,
6458521,"Rajanpur, Gajraula - UPPCB",,28.829109,78.248796,17025424,co,CO,ppb,,,,
6458521,"Rajanpur, Gajraula - UPPCB",,28.829109,78.248796,17025426,no2,NO₂,ppb,,,,
6458521,"Rajanpur, Gajraula - UPPCB",,28.829109,78.248796,17025428,o3,O₃ mass,µg/m³,,,,
6458521,"Rajanpur, Gajraula - UPPCB",,28.829109,78.248796,17025429,pm10,PM10,µg/m³,,,,
6458521,"Rajanpur, Gajraula - UPPCB",,28.829109,78.248796,17025430,pm25,PM2.5,µg/m³,,,,
6458521,"Rajanpur, Gajraula - UPPCB",,28.829109,78.248796,17025432,so2,SO₂,ppb,,,,
6465605,"Jeelanabad, Batpora, Srinagar",,34.159,74.8402,17076899,pm25,PM2.5,µg/m³,,,,
6476827,Reasi Town Centre,,33.0800963,74.8398673,17158857,pm25,PM2.5,µg/m³,,,,
6482404,"Skara Yokma, Leh - LPCC",,34.147096,77.55709,17199940,co,CO,ppb,,,,
6482404,"Skara Yokma, Leh - LPCC",,34.147096,77.55709,17199943,o3,O₃ mass,µg/m³,,,,
6482404,"Skara Yokma, Leh - LPCC",,34.147096,77.55709,17199944,pm10,PM10,µg/m³,,,,
6482404,"Skara Yokma, Leh - LPCC",,34.147096,77.55709,17199945,pm25,PM2.5,µg/m³,,,,
6482404,"Skara Yokma, Leh - LPCC",,34.147096,77.55709,17199947,so2,SO₂,ppb,,,,
6487074,"Nagar Palika Parishad, Baraut - UPPCB",,29.09956,77.26235,17234108,co,CO,ppb,,,,
6487074,"Nagar Palika Parishad, Baraut - UPPCB",,29.09956,77.26235,17234110,no2,NO₂,ppb,,,,
6487074,"Nagar Palika Parishad, Baraut - UPPCB",,29.09956,77.26235,17234112,o3,O₃ mass,µg/m³,,,,
6487074,"Nagar Palika Parishad, Baraut - UPPCB",,29.09956,77.26235,17234113,pm10,PM10,µg/m³,,,,
6487074,"Nagar Palika Parishad, Baraut - UPPCB",,29.09956,77.26235,17234114,pm25,PM2.5,µg/m³,,,,
6487074,"Nagar Palika Parishad, Baraut - UPPCB",,29.09956,77.26235,17234115,so2,SO₂,ppb,,,,
6514356,"Malleswaram, Bangalore ",,13.00074,77.56952,17434361,pm25,PM2.5,µg/m³,,,,
6514728,"Kargil, Ladakh",,34.55897462058039,76.12613928874369,17437085,pm25,PM2.5,µg/m³,,,,
6530248,"Nua Sandhakuda, Paradeep - OSPCB",,20.258828,86.665185,17552538,co,CO,ppb,,,,
6530248,"Nua Sandhakuda, Paradeep - OSPCB",,20.258828,86.665185,17552540,no2,NO₂,ppb,,,,
6530248,"Nua Sandhakuda, Paradeep - OSPCB",,20.258828,86.665185,17552542,o3,O₃ mass,µg/m³,,,,
6530248,"Nua Sandhakuda, Paradeep - OSPCB",,20.258828,86.665185,17552543,pm10,PM10,µg/m³,,,,
6530248,"Nua Sandhakuda, Paradeep - OSPCB",,20.258828,86.665185,17552544,pm25,PM2.5,µg/m³,,,,
6530248,"Nua Sandhakuda, Paradeep - OSPCB",,20.258828,86.665185,17552546,so2,SO₂,ppb,,,,
6530249,"Chhatikara, Vrindavan - UPPCB",,27.57194,77.62346,17552550,co,CO,ppb,,,,
6530249,"Chhatikara, Vrindavan - UPPCB",,27.57194,77.62346,17552552,no2,NO₂,ppb,,,,
6530249,"Chhatikara, Vrindavan - UPPCB",,27.57194,77.62346,17552554,o3,O₃ mass,µg/m³,,,,
6530249,"Chhatikara, Vrindavan - UPPCB",,27.57194,77.62346,17552555,pm10,PM10,µg/m³,,,,
6530249,"Chhatikara, Vrindavan - UPPCB",,27.57194,77.62346,17552556,pm25,PM2.5,µg/m³,,,,
6530249,"Chhatikara, Vrindavan - UPPCB",,27.57194,77.62346,17552558,so2,SO₂,ppb,,,,
6543594,"Bemina, Srinagar",,34.07031,74.77562,17649020,pm25,PM2.5,µg/m³,,,,
